{
  "sensor_address": "0x40",
  "date_of_report": "260515_205645",
  "calibrated_range_T": [
    289.96525697113776,
    312.24648628226055
  ],
  "calibrated_range_R": [
    12813.0,
    30128.0
  ],
  "coeffs": [
    0.0005994694840252941,
    0.00026969473117880154,
    6.180946405067913e-08
  ],
  "rmse": 0.07454684922989915,
  "data_sources": [
    "calibration_260511\\260511_151804_1_ramp_up.txt",
    "calibration_260511\\260512_185755_1_ramp_up.txt",
    "calibration_260511\\260512_185755_2_ramp_down.txt",
    "calibration_260511\\260512_185755_3_ramp_up.txt"
  ]
}