{
  "sensor_address": "0x41",
  "date_of_report": "260515_205645",
  "calibrated_range_T": [
    289.94042235052746,
    312.2292830338841
  ],
  "calibrated_range_R": [
    12948.0,
    30504.0
  ],
  "coeffs": [
    0.0005555145919645152,
    0.0002761847446532507,
    3.787178095214804e-08
  ],
  "rmse": 0.0810268466241074,
  "data_sources": [
    "calibration_260511\\260511_151804_1_ramp_up.txt",
    "calibration_260511\\260512_185755_1_ramp_up.txt",
    "calibration_260511\\260512_185755_2_ramp_down.txt",
    "calibration_260511\\260512_185755_3_ramp_up.txt"
  ]
}