Sensors: ['0x40', '0x41', '0x44', '0x45']
Die temperature enabled: 1
Time [s]	PT104 [°C]	R_0 [Ω]	I_0 [A]	V_0 [V]	T_die_0 [°C]	R_1 [Ω]	I_1 [A]	V_1 [V]	T_die_1 [°C]	R_2 [Ω]	I_2 [A]	V_2 [V]	T_die_2 [°C]	R_3 [Ω]	I_3 [A]	V_3 [V]	T_die_3 [°C]
5528.380	nan	27681	1.19660e-04	3.31230	21.2	26785	1.23700e-04	3.31328	21.0	27665	1.19710e-04	3.31172	18.0	27419	1.20780e-04	3.31152	19.0
5529.568	nan	27653	1.19770e-04	3.31191	21.2	26764	1.23790e-04	3.31309	21.0	27685	1.19610e-04	3.31152	18.0	27410	1.20810e-04	3.31152	19.0
5530.757	nan	27723	1.19480e-04	3.31250	21.2	26784	1.23710e-04	3.31328	21.0	27639	1.19820e-04	3.31172	18.0	27423	1.20760e-04	3.31172	19.0
5531.945	nan	27658	1.19760e-04	3.31230	21.2	26746	1.23880e-04	3.31328	21.0	27695	1.19590e-04	3.31191	18.0	27412	1.20810e-04	3.31172	19.0
5533.133	nan	27691	1.19620e-04	3.31230	21.2	26786	1.23690e-04	3.31309	21.0	27675	1.19670e-04	3.31172	18.0	27425	1.20750e-04	3.31152	19.0
5534.321	nan	27682	1.19660e-04	3.31230	21.2	26776	1.23740e-04	3.31328	21.0	27678	1.19650e-04	3.31172	18.0	27437	1.20700e-04	3.31172	19.0
5535.509	nan	27794	1.19170e-04	3.31230	21.2	26822	1.23530e-04	3.31328	21.0	27734	1.19400e-04	3.31152	18.0	27445	1.20670e-04	3.31172	19.0
5536.698	nan	27810	1.19110e-04	3.31230	21.2	26846	1.23410e-04	3.31309	21.0	27797	1.19140e-04	3.31172	18.0	27533	1.20280e-04	3.31172	19.0
5537.886	nan	27767	1.19300e-04	3.31250	21.3	26926	1.23050e-04	3.31328	21.0	27706	1.19530e-04	3.31172	18.0	27496	1.20440e-04	3.31152	19.0
5539.074	nan	27834	1.19000e-04	3.31230	21.3	26940	1.22980e-04	3.31309	21.0	27717	1.19480e-04	3.31172	18.0	27456	1.20630e-04	3.31191	19.0
5540.262	nan	27838	1.18980e-04	3.31230	21.3	26950	1.22930e-04	3.31289	21.0	27737	1.19400e-04	3.31172	18.0	27468	1.20560e-04	3.31152	19.0
5541.450	nan	27773	1.19260e-04	3.31230	21.3	26937	1.23010e-04	3.31348	21.0	27735	1.19410e-04	3.31172	18.0	27509	1.20380e-04	3.31152	19.0
5542.639	nan	27813	1.19090e-04	3.31230	21.3	26930	1.23030e-04	3.31328	21.0	27758	1.19300e-04	3.31152	18.0	27474	1.20540e-04	3.31172	19.0
5543.827	nan	27803	1.19130e-04	3.31211	21.3	26907	1.23130e-04	3.31309	21.0	27704	1.19540e-04	3.31172	18.0	27478	1.20520e-04	3.31172	19.0
5545.015	nan	27820	1.19050e-04	3.31211	21.3	26962	1.22880e-04	3.31309	21.0	27770	1.19260e-04	3.31172	18.0	27464	1.20580e-04	3.31152	19.0
5546.203	nan	27830	1.19020e-04	3.31230	21.2	26940	1.22980e-04	3.31309	21.0	27770	1.19250e-04	3.31152	18.0	27480	1.20510e-04	3.31172	19.0
5547.392	nan	27851	1.18920e-04	3.31211	21.2	26906	1.23140e-04	3.31309	21.0	27711	1.19510e-04	3.31172	18.0	27491	1.20470e-04	3.31172	19.0
5548.580	nan	27778	1.19230e-04	3.31211	21.2	26913	1.23100e-04	3.31309	21.0	27698	1.19560e-04	3.31152	18.1	27485	1.20480e-04	3.31152	19.0
5549.768	nan	27827	1.19020e-04	3.31191	21.2	26921	1.23060e-04	3.31289	21.0	27711	1.19500e-04	3.31152	18.1	27496	1.20440e-04	3.31152	19.0
5550.956	nan	27830	1.19000e-04	3.31191	21.2	26864	1.23320e-04	3.31289	21.0	27700	1.19550e-04	3.31152	18.1	27475	1.20520e-04	3.31133	19.0
5552.145	nan	27876	1.18810e-04	3.31191	21.2	26845	1.23390e-04	3.31250	21.0	27669	1.19670e-04	3.31133	18.1	27491	1.20460e-04	3.31152	19.0
5553.333	nan	27895	1.18750e-04	3.31250	21.2	26824	1.23520e-04	3.31348	21.0	27676	1.19650e-04	3.31152	18.1	27488	1.20470e-04	3.31152	19.0
5554.522	nan	27885	1.18770e-04	3.31191	21.2	26809	1.23570e-04	3.31289	21.0	27656	1.19750e-04	3.31172	18.1	27498	1.20430e-04	3.31172	19.0
5555.710	nan	27881	1.18790e-04	3.31191	21.2	26802	1.23610e-04	3.31309	21.0	27649	1.19760e-04	3.31133	18.1	27452	1.20630e-04	3.31152	19.0
5556.898	nan	27915	1.18640e-04	3.31191	21.2	26784	1.23690e-04	3.31289	21.0	27642	1.19800e-04	3.31152	18.1	27497	1.20430e-04	3.31152	19.0
5558.086	nan	27921	1.18630e-04	3.31230	21.2	26750	1.23850e-04	3.31289	21.0	27626	1.19860e-04	3.31113	18.1	27452	1.20620e-04	3.31133	19.0
5559.274	nan	27950	1.18490e-04	3.31191	21.2	26731	1.23940e-04	3.31309	21.0	27612	1.19930e-04	3.31152	18.1	27458	1.20590e-04	3.31113	19.0
5560.463	nan	27969	1.18410e-04	3.31191	21.2	26652	1.24290e-04	3.31270	21.0	27618	1.19900e-04	3.31152	18.1	27452	1.20620e-04	3.31133	19.0
5561.651	nan	27924	1.18620e-04	3.31230	21.2	26618	1.24470e-04	3.31309	21.0	27588	1.20030e-04	3.31133	18.1	27437	1.20690e-04	3.31133	19.0
5562.839	nan	27949	1.18520e-04	3.31250	21.2	26621	1.24480e-04	3.31367	21.0	27548	1.20210e-04	3.31172	18.1	27425	1.20750e-04	3.31172	19.1
5564.027	nan	27972	1.18410e-04	3.31211	21.2	26580	1.24630e-04	3.31270	21.0	27565	1.20150e-04	3.31191	18.1	27412	1.20820e-04	3.31191	19.0
5565.216	nan	27995	1.18320e-04	3.31230	21.2	26568	1.24730e-04	3.31367	21.0	27502	1.20410e-04	3.31152	18.1	27376	1.20970e-04	3.31152	19.1
5566.404	nan	28013	1.18210e-04	3.31152	21.2	26529	1.24880e-04	3.31289	21.1	27548	1.20210e-04	3.31152	18.2	27409	1.20810e-04	3.31133	19.1
5567.592	nan	28023	1.18190e-04	3.31211	21.2	26559	1.24720e-04	3.31250	21.1	27535	1.20250e-04	3.31113	18.2	27401	1.20830e-04	3.31094	19.1
5568.781	nan	28034	1.18130e-04	3.31172	21.2	26537	1.24860e-04	3.31328	21.1	27511	1.20370e-04	3.31152	18.2	27378	1.20980e-04	3.31211	19.1
5569.968	nan	28043	1.18110e-04	3.31230	21.2	26547	1.24780e-04	3.31250	21.1	27534	1.20250e-04	3.31094	18.2	27385	1.20900e-04	3.31094	19.1
5571.157	nan	28104	1.17850e-04	3.31211	21.2	26523	1.24900e-04	3.31289	21.1	27494	1.20450e-04	3.31172	18.2	27399	1.20860e-04	3.31152	19.1
5572.345	nan	28110	1.17810e-04	3.31152	21.2	26500	1.25030e-04	3.31328	21.1	27507	1.20400e-04	3.31172	18.2	27400	1.20870e-04	3.31172	19.1
5573.533	nan	28044	1.18090e-04	3.31172	21.2	26533	1.24850e-04	3.31250	21.1	27514	1.20340e-04	3.31094	18.2	27404	1.20830e-04	3.31113	19.1
5574.721	nan	28059	1.18050e-04	3.31230	21.2	26536	1.24850e-04	3.31289	21.1	27487	1.20470e-04	3.31133	18.2	27411	1.20800e-04	3.31133	19.1
5575.910	nan	28092	1.17880e-04	3.31152	21.2	26501	1.25010e-04	3.31289	21.1	27471	1.20550e-04	3.31152	18.2	27409	1.20820e-04	3.31152	19.1
5577.098	nan	28082	1.17930e-04	3.31172	21.2	26532	1.24830e-04	3.31191	21.1	27487	1.20450e-04	3.31094	18.2	27427	1.20710e-04	3.31074	19.1
5578.287	nan	28109	1.17840e-04	3.31250	21.2	26539	1.24840e-04	3.31309	21.1	27483	1.20480e-04	3.31113	18.2	27432	1.20700e-04	3.31113	19.1
5579.474	nan	28135	1.17710e-04	3.31172	21.1	26537	1.24840e-04	3.31289	21.1	27502	1.20420e-04	3.31172	18.2	27426	1.20750e-04	3.31172	19.1
5580.663	nan	28158	1.17600e-04	3.31152	21.1	26533	1.24850e-04	3.31270	21.1	27484	1.20480e-04	3.31113	18.2	27432	1.20700e-04	3.31113	19.1
5581.851	nan	28144	1.17680e-04	3.31191	21.1	26516	1.24930e-04	3.31270	21.2	27482	1.20480e-04	3.31094	18.2	27453	1.20600e-04	3.31094	19.1
5583.040	nan	28156	1.17610e-04	3.31133	21.1	26539	1.24810e-04	3.31230	21.2	27486	1.20470e-04	3.31133	18.2	27474	1.20520e-04	3.31113	19.1
5584.228	nan	28177	1.17520e-04	3.31133	21.1	26563	1.24690e-04	3.31211	21.2	27461	1.20560e-04	3.31074	18.2	27426	1.20720e-04	3.31094	19.1
5585.416	nan	28170	1.17580e-04	3.31211	21.1	26522	1.24910e-04	3.31289	21.2	27472	1.20520e-04	3.31094	18.2	27472	1.20520e-04	3.31094	19.1
5586.604	nan	28161	1.17590e-04	3.31133	21.1	26517	1.24920e-04	3.31250	21.2	27480	1.20500e-04	3.31133	18.2	27429	1.20710e-04	3.31094	19.1
5587.793	nan	28181	1.17510e-04	3.31172	21.1	26530	1.24840e-04	3.31211	21.2	27478	1.20490e-04	3.31074	18.2	27437	1.20670e-04	3.31074	19.1
5588.981	nan	28216	1.17380e-04	3.31191	21.1	26537	1.24840e-04	3.31289	21.2	27453	1.20610e-04	3.31113	18.2	27458	1.20590e-04	3.31113	19.1
5590.169	nan	28241	1.17260e-04	3.31152	21.1	26508	1.24950e-04	3.31230	21.2	27502	1.20400e-04	3.31113	18.2	27427	1.20730e-04	3.31113	19.1
5591.357	nan	28173	1.17530e-04	3.31113	21.1	26522	1.24890e-04	3.31230	21.2	27437	1.20670e-04	3.31074	18.2	27450	1.20590e-04	3.31035	19.1
5592.545	nan	28196	1.17460e-04	3.31191	21.1	26502	1.25000e-04	3.31270	21.2	27446	1.20630e-04	3.31074	18.2	27408	1.20800e-04	3.31094	19.1
5593.734	nan	28273	1.17100e-04	3.31094	21.1	26517	1.24910e-04	3.31230	21.2	27434	1.20700e-04	3.31133	18.2	27423	1.20750e-04	3.31133	19.1
5594.922	nan	28218	1.17350e-04	3.31152	21.1	26545	1.24770e-04	3.31211	21.2	27480	1.20470e-04	3.31055	18.2	27418	1.20740e-04	3.31055	19.1
5596.110	nan	28227	1.17310e-04	3.31133	21.1	26528	1.24860e-04	3.31230	21.3	27448	1.20620e-04	3.31094	18.2	27444	1.20640e-04	3.31074	19.1
5597.298	nan	28222	1.17320e-04	3.31094	21.1	26503	1.24960e-04	3.31191	21.3	27442	1.20640e-04	3.31074	18.2	27469	1.20510e-04	3.31035	19.1
5598.487	nan	28223	1.17330e-04	3.31152	21.1	26523	1.24880e-04	3.31211	21.3	27452	1.20590e-04	3.31035	18.2	27420	1.20730e-04	3.31035	19.1
5599.675	nan	28276	1.17120e-04	3.31152	21.1	26524	1.24890e-04	3.31270	21.3	27435	1.20690e-04	3.31113	18.2	27446	1.20640e-04	3.31113	19.1
5600.863	nan	28259	1.17150e-04	3.31055	21.1	26546	1.24760e-04	3.31191	21.3	27452	1.20600e-04	3.31074	18.2	27435	1.20680e-04	3.31074	19.1
5602.052	nan	28267	1.17160e-04	3.31172	21.1	26539	1.24810e-04	3.31230	21.3	27455	1.20570e-04	3.31016	18.2	27462	1.20540e-04	3.31016	19.1
5603.240	nan	28252	1.17200e-04	3.31113	21.1	26511	1.24940e-04	3.31230	21.3	27457	1.20600e-04	3.31133	18.2	27443	1.20650e-04	3.31113	19.1
5604.428	nan	28303	1.16990e-04	3.31113	21.1	26546	1.24760e-04	3.31191	21.3	27458	1.20570e-04	3.31074	18.2	27458	1.20570e-04	3.31055	19.1
5605.616	nan	28271	1.17140e-04	3.31172	21.1	26522	1.24900e-04	3.31250	21.3	27442	1.20640e-04	3.31055	18.2	27434	1.20670e-04	3.31055	19.0
5606.805	nan	28286	1.17050e-04	3.31094	21.1	26539	1.24800e-04	3.31211	21.3	27410	1.20800e-04	3.31113	18.2	27448	1.20630e-04	3.31094	19.0
5607.993	nan	28310	1.16950e-04	3.31094	21.1	26537	1.24800e-04	3.31172	21.3	27446	1.20620e-04	3.31055	18.2	27441	1.20630e-04	3.31016	19.0
5609.181	nan	28304	1.17000e-04	3.31152	21.1	26542	1.24790e-04	3.31211	21.3	27439	1.20650e-04	3.31055	18.2	27463	1.20550e-04	3.31074	19.0
5610.369	nan	28321	1.16910e-04	3.31094	21.1	26522	1.24880e-04	3.31191	21.3	27421	1.20740e-04	3.31074	18.2	27465	1.20540e-04	3.31074	19.0
5611.557	nan	28308	1.16970e-04	3.31113	21.1	26515	1.24910e-04	3.31191	21.3	27426	1.20700e-04	3.31035	18.2	27482	1.20450e-04	3.31016	19.0
5612.746	nan	28356	1.16770e-04	3.31113	21.0	26546	1.24770e-04	3.31211	21.4	27452	1.20600e-04	3.31074	18.2	27474	1.20510e-04	3.31094	19.0
5613.934	nan	28348	1.16790e-04	3.31074	21.0	26542	1.24780e-04	3.31191	21.4	27458	1.20570e-04	3.31055	18.2	27428	1.20690e-04	3.31035	19.0
5615.123	nan	28349	1.16800e-04	3.31113	21.0	26544	1.24770e-04	3.31191	21.4	27443	1.20620e-04	3.31016	18.2	27450	1.20590e-04	3.31016	19.0
5616.311	nan	28315	1.16940e-04	3.31113	21.0	26521	1.24880e-04	3.31211	21.4	27446	1.20620e-04	3.31055	18.2	27474	1.20500e-04	3.31074	19.0
5617.499	nan	28317	1.16920e-04	3.31074	21.0	26552	1.24730e-04	3.31191	21.4	27455	1.20580e-04	3.31055	18.2	27460	1.20540e-04	3.31016	19.0
5618.687	nan	28364	1.16750e-04	3.31152	21.0	26524	1.24870e-04	3.31191	21.4	27444	1.20620e-04	3.31016	18.2	27443	1.20630e-04	3.31035	19.0
5619.875	nan	28378	1.16660e-04	3.31074	21.0	26584	1.24590e-04	3.31211	21.4	27471	1.20520e-04	3.31074	18.2	27483	1.20470e-04	3.31074	19.0
5621.063	nan	28378	1.16670e-04	3.31074	21.0	26536	1.24800e-04	3.31172	21.4	27432	1.20670e-04	3.31016	18.2	27492	1.20400e-04	3.31016	19.0
5622.252	nan	28339	1.16850e-04	3.31133	21.0	26546	1.24760e-04	3.31191	21.4	27416	1.20750e-04	3.31035	18.2	27484	1.20440e-04	3.31016	19.0
5623.440	nan	28331	1.16870e-04	3.31113	21.0	26526	1.24870e-04	3.31230	21.4	27444	1.20640e-04	3.31074	18.2	27446	1.20640e-04	3.31113	19.0
5624.628	nan	28397	1.16600e-04	3.31113	21.0	26529	1.24830e-04	3.31172	21.4	27441	1.20640e-04	3.31035	18.2	27486	1.20440e-04	3.31035	19.0
5625.816	nan	28376	1.16690e-04	3.31133	21.0	26559	1.24710e-04	3.31211	21.4	27412	1.20770e-04	3.31055	18.2	27454	1.20590e-04	3.31055	19.0
5627.005	nan	28374	1.16680e-04	3.31074	21.0	26587	1.24570e-04	3.31211	21.4	27436	1.20660e-04	3.31055	18.2	27455	1.20580e-04	3.31055	19.0
5628.193	nan	28391	1.16610e-04	3.31074	21.0	26546	1.24750e-04	3.31152	21.4	27447	1.20600e-04	3.31016	18.2	27456	1.20560e-04	3.31016	19.0
5629.381	nan	28389	1.16650e-04	3.31152	21.0	26565	1.24670e-04	3.31191	21.4	27439	1.20640e-04	3.31016	18.2	27463	1.20540e-04	3.31035	19.0
5630.570	nan	28381	1.16660e-04	3.31094	21.0	26539	1.24800e-04	3.31211	21.4	27442	1.20650e-04	3.31094	18.1	27496	1.20410e-04	3.31074	19.0
5631.758	nan	28387	1.16640e-04	3.31094	21.0	26577	1.24610e-04	3.31172	21.4	27433	1.20670e-04	3.31035	18.1	27453	1.20570e-04	3.30996	19.0
5632.946	nan	28411	1.16540e-04	3.31113	21.0	26562	1.24690e-04	3.31191	21.4	27451	1.20590e-04	3.31035	18.1	27483	1.20470e-04	3.31074	19.0
5634.134	nan	28374	1.16690e-04	3.31094	20.9	26563	1.24680e-04	3.31191	21.4	27461	1.20550e-04	3.31035	18.1	27469	1.20520e-04	3.31055	19.0
5635.323	nan	28386	1.16640e-04	3.31094	20.9	26545	1.24750e-04	3.31152	21.4	27420	1.20720e-04	3.31016	18.1	27486	1.20440e-04	3.31035	19.0
5636.511	nan	28452	1.16370e-04	3.31094	20.9	26591	1.24560e-04	3.31211	21.4	27437	1.20660e-04	3.31055	18.1	27488	1.20430e-04	3.31035	19.0
5637.699	nan	28381	1.16660e-04	3.31094	20.9	26598	1.24510e-04	3.31172	21.4	27451	1.20600e-04	3.31055	18.1	27496	1.20400e-04	3.31055	19.0
5638.887	nan	28429	1.16460e-04	3.31094	20.9	26560	1.24690e-04	3.31191	21.4	27454	1.20570e-04	3.31016	18.1	27489	1.20420e-04	3.31035	19.0
5640.076	nan	28409	1.16540e-04	3.31074	20.9	26604	1.24490e-04	3.31191	21.4	27477	1.20470e-04	3.31016	18.1	27508	1.20340e-04	3.31035	19.0
5641.264	nan	28424	1.16480e-04	3.31074	20.9	26610	1.24440e-04	3.31152	21.4	27457	1.20560e-04	3.31016	18.1	27494	1.20390e-04	3.30996	19.0
5642.452	nan	28404	1.16560e-04	3.31074	20.9	26600	1.24490e-04	3.31152	21.4	27460	1.20540e-04	3.31016	18.1	27504	1.20350e-04	3.30996	19.0
5643.641	nan	28435	1.16440e-04	3.31094	20.9	26587	1.24560e-04	3.31172	21.4	27457	1.20560e-04	3.31016	18.1	27501	1.20370e-04	3.31035	19.0
5644.829	nan	28439	1.16420e-04	3.31094	20.9	26575	1.24620e-04	3.31172	21.4	27466	1.20520e-04	3.31035	18.1	27463	1.20530e-04	3.31016	19.0
5646.017	nan	28440	1.16400e-04	3.31055	20.9	26588	1.24560e-04	3.31172	21.5	27460	1.20550e-04	3.31035	18.1	27526	1.20260e-04	3.31016	19.0
5647.205	nan	28414	1.16510e-04	3.31035	20.9	26572	1.24620e-04	3.31152	21.5	27454	1.20570e-04	3.31016	18.1	27469	1.20500e-04	3.30996	19.0
5648.393	nan	28436	1.16430e-04	3.31074	20.9	26581	1.24570e-04	3.31133	21.5	27449	1.20590e-04	3.30996	18.1	27490	1.20410e-04	3.30996	19.0
5649.582	nan	28392	1.16610e-04	3.31094	20.9	26607	1.24460e-04	3.31152	21.5	27425	1.20700e-04	3.31016	18.1	27488	1.20410e-04	3.30996	19.0
5650.770	nan	28422	1.16480e-04	3.31074	20.9	26588	1.24560e-04	3.31191	21.5	27478	1.20470e-04	3.31035	18.1	27490	1.20410e-04	3.31016	19.0
5651.958	nan	28476	1.16260e-04	3.31074	20.9	26630	1.24360e-04	3.31172	21.5	27450	1.20590e-04	3.31035	18.1	27471	1.20490e-04	3.31016	19.0
5653.147	nan	28440	1.16410e-04	3.31074	20.9	26631	1.24350e-04	3.31152	21.5	27425	1.20690e-04	3.30996	18.1	27491	1.20410e-04	3.31016	19.0
5654.335	nan	28423	1.16470e-04	3.31055	20.9	26632	1.24340e-04	3.31152	21.5	27470	1.20500e-04	3.31016	18.1	27453	1.20570e-04	3.30996	19.0
5655.523	nan	28466	1.16300e-04	3.31055	20.9	26606	1.24460e-04	3.31133	21.5	27457	1.20550e-04	3.30996	18.1	27476	1.20460e-04	3.30977	19.0
5656.711	nan	28471	1.16290e-04	3.31074	20.8	26626	1.24390e-04	3.31191	21.5	27461	1.20540e-04	3.31016	18.1	27482	1.20440e-04	3.30996	19.0
5657.899	nan	28451	1.16360e-04	3.31055	20.8	26626	1.24360e-04	3.31133	21.5	27495	1.20380e-04	3.30996	18.1	27496	1.20390e-04	3.31016	19.0
5659.088	nan	28403	1.16560e-04	3.31055	20.8	26620	1.24400e-04	3.31152	21.5	27477	1.20470e-04	3.31016	18.1	27507	1.20330e-04	3.30996	19.0
5660.276	nan	28425	1.16470e-04	3.31074	20.8	26651	1.24260e-04	3.31152	21.5	27446	1.20590e-04	3.30977	18.1	27498	1.20370e-04	3.30996	19.0
5661.464	nan	28417	1.16500e-04	3.31055	20.8	26625	1.24370e-04	3.31133	21.5	27450	1.20580e-04	3.30996	18.1	27498	1.20360e-04	3.30977	19.0
5662.652	nan	28476	1.16250e-04	3.31035	20.8	26637	1.24300e-04	3.31113	21.5	27480	1.20460e-04	3.31016	18.1	27495	1.20380e-04	3.30996	19.0
5663.841	nan	28448	1.16370e-04	3.31055	20.8	26681	1.24140e-04	3.31211	21.5	27492	1.20400e-04	3.31016	18.1	27482	1.20460e-04	3.31035	19.0
5665.029	nan	28460	1.16330e-04	3.31094	20.8	26643	1.24300e-04	3.31172	21.5	27453	1.20570e-04	3.30996	18.1	27453	1.20570e-04	3.30996	19.0
5666.217	nan	28457	1.16330e-04	3.31055	20.8	26658	1.24220e-04	3.31152	21.5	27471	1.20510e-04	3.31035	18.1	27504	1.20350e-04	3.31016	19.0
5667.405	nan	28471	1.16270e-04	3.31035	20.8	26638	1.24320e-04	3.31172	21.5	27469	1.20510e-04	3.31016	18.1	27518	1.20300e-04	3.31035	19.0
5668.594	nan	28469	1.16310e-04	3.31113	20.8	26653	1.24260e-04	3.31191	21.5	27419	1.20720e-04	3.30996	18.1	27483	1.20440e-04	3.31016	19.0
5669.782	nan	28449	1.16380e-04	3.31094	20.8	26652	1.24250e-04	3.31152	21.5	27478	1.20470e-04	3.31035	18.1	27517	1.20280e-04	3.30977	19.0
5670.970	nan	28487	1.16220e-04	3.31074	20.8	26640	1.24320e-04	3.31191	21.5	27462	1.20540e-04	3.31035	18.1	27465	1.20540e-04	3.31055	19.0
5672.159	nan	28496	1.16180e-04	3.31055	20.8	26646	1.24280e-04	3.31172	21.5	27466	1.20520e-04	3.31016	18.1	27491	1.20410e-04	3.31016	19.0
5673.347	nan	28475	1.16270e-04	3.31094	20.8	26661	1.24210e-04	3.31152	21.5	27456	1.20560e-04	3.30996	18.1	27488	1.20410e-04	3.30977	19.0
5674.535	nan	28439	1.16410e-04	3.31055	20.8	26622	1.24380e-04	3.31133	21.5	27495	1.20400e-04	3.31035	18.1	27521	1.20280e-04	3.31016	19.0
5675.724	nan	28502	1.16160e-04	3.31074	20.8	26664	1.24220e-04	3.31211	21.5	27460	1.20550e-04	3.31016	18.1	27481	1.20450e-04	3.31016	19.0
5676.911	nan	28452	1.16370e-04	3.31094	20.8	26653	1.24260e-04	3.31172	21.5	27482	1.20450e-04	3.31016	18.1	27510	1.20320e-04	3.30996	19.0
5678.100	nan	28476	1.16250e-04	3.31035	20.8	26669	1.24170e-04	3.31152	21.5	27458	1.20560e-04	3.31035	18.1	27500	1.20360e-04	3.30996	19.0
5679.288	nan	28493	1.16200e-04	3.31094	20.8	26637	1.24330e-04	3.31172	21.5	27475	1.20470e-04	3.30996	18.1	27520	1.20290e-04	3.31035	19.0
5680.477	nan	28450	1.16370e-04	3.31074	20.8	26682	1.24120e-04	3.31172	21.5	27442	1.20620e-04	3.31016	18.1	27514	1.20300e-04	3.30996	19.0
5681.665	nan	28501	1.16160e-04	3.31074	20.8	26668	1.24180e-04	3.31152	21.5	27461	1.20530e-04	3.30996	18.1	27540	1.20180e-04	3.30977	19.0
5682.853	nan	28488	1.16210e-04	3.31055	20.8	26646	1.24280e-04	3.31172	21.5	27473	1.20490e-04	3.31035	18.1	27491	1.20410e-04	3.31035	19.0
5684.041	nan	28494	1.16180e-04	3.31035	20.8	26674	1.24150e-04	3.31152	21.5	27495	1.20390e-04	3.30996	18.1	27490	1.20410e-04	3.31016	19.0
5685.229	nan	28469	1.16290e-04	3.31074	20.8	26668	1.24170e-04	3.31133	21.5	27475	1.20470e-04	3.30996	18.1	27470	1.20490e-04	3.30996	19.0
5686.417	nan	28492	1.16190e-04	3.31055	20.8	26675	1.24140e-04	3.31133	21.5	27487	1.20430e-04	3.31016	18.1	27498	1.20380e-04	3.31016	19.0
5687.606	nan	28477	1.16260e-04	3.31074	20.8	26647	1.24270e-04	3.31152	21.5	27491	1.20400e-04	3.30996	18.1	27474	1.20470e-04	3.30977	19.0
5688.794	nan	28468	1.16290e-04	3.31055	20.8	26683	1.24110e-04	3.31152	21.5	27470	1.20500e-04	3.31016	18.1	27518	1.20290e-04	3.30996	19.0
5689.982	nan	28471	1.16280e-04	3.31055	20.8	26686	1.24090e-04	3.31133	21.5	27487	1.20420e-04	3.30996	18.1	27551	1.20130e-04	3.30957	19.0
5691.170	nan	28500	1.16150e-04	3.31035	20.7	26669	1.24170e-04	3.31152	21.5	27482	1.20430e-04	3.30977	18.1	27473	1.20490e-04	3.31035	19.0
5692.359	nan	28494	1.16200e-04	3.31113	20.7	26688	1.24100e-04	3.31191	21.5	27473	1.20480e-04	3.30996	18.1	27456	1.20560e-04	3.31016	19.0
5693.547	nan	28516	1.16090e-04	3.31055	20.7	26693	1.24050e-04	3.31133	21.5	27469	1.20510e-04	3.31035	18.1	27524	1.20270e-04	3.31016	19.0
5694.735	nan	28476	1.16260e-04	3.31074	20.7	26726	1.23910e-04	3.31172	21.5	27446	1.20610e-04	3.31016	18.1	27492	1.20400e-04	3.30996	19.0
5695.923	nan	28502	1.16150e-04	3.31055	20.7	26704	1.24020e-04	3.31172	21.5	27440	1.20630e-04	3.31016	18.1	27538	1.20210e-04	3.31035	19.0
5697.112	nan	28506	1.16130e-04	3.31055	20.7	26727	1.23900e-04	3.31133	21.5	27451	1.20570e-04	3.30977	18.1	27535	1.20210e-04	3.30996	19.0
5698.300	nan	28526	1.16060e-04	3.31074	20.7	26681	1.24120e-04	3.31152	21.5	27477	1.20470e-04	3.31016	18.1	27507	1.20320e-04	3.30957	19.0
5699.488	nan	28518	1.16090e-04	3.31055	20.7	26675	1.24160e-04	3.31191	21.5	27457	1.20560e-04	3.31016	18.1	27509	1.20340e-04	3.31035	19.0
5700.676	nan	28495	1.16200e-04	3.31113	20.7	26712	1.23960e-04	3.31133	21.5	27493	1.20390e-04	3.30996	18.1	27549	1.20150e-04	3.31016	19.0
5701.865	nan	28520	1.16090e-04	3.31074	20.7	26707	1.24010e-04	3.31191	21.5	27481	1.20480e-04	3.31074	18.1	27522	1.20270e-04	3.31016	19.0
5703.053	nan	28500	1.16160e-04	3.31055	20.7	26704	1.24020e-04	3.31172	21.5	27462	1.20540e-04	3.31016	18.1	27515	1.20300e-04	3.31016	19.0
5704.241	nan	28514	1.16110e-04	3.31074	20.7	26685	1.24100e-04	3.31172	21.5	27437	1.20630e-04	3.30977	18.1	27507	1.20340e-04	3.31016	19.0
5705.429	nan	28513	1.16110e-04	3.31055	20.7	26701	1.24010e-04	3.31113	21.5	27469	1.20510e-04	3.31016	18.1	27506	1.20340e-04	3.30996	19.0
5706.618	nan	28492	1.16200e-04	3.31074	20.7	26708	1.23990e-04	3.31152	21.5	27464	1.20530e-04	3.31016	18.1	27539	1.20200e-04	3.31016	19.0
5707.806	nan	28484	1.16230e-04	3.31074	20.7	26703	1.24030e-04	3.31211	21.5	27471	1.20490e-04	3.31016	18.1	27475	1.20480e-04	3.31016	19.0
5708.994	nan	28511	1.16130e-04	3.31113	20.7	26682	1.24120e-04	3.31172	21.5	27451	1.20590e-04	3.31016	18.1	27504	1.20340e-04	3.30977	19.0
5710.183	nan	28526	1.16060e-04	3.31074	20.7	26694	1.24050e-04	3.31152	21.5	27475	1.20490e-04	3.31035	18.1	27500	1.20380e-04	3.31035	19.0
5711.371	nan	28487	1.16210e-04	3.31055	20.7	26717	1.23950e-04	3.31152	21.5	27502	1.20370e-04	3.31035	18.1	27517	1.20310e-04	3.31055	19.0
5712.559	nan	28521	1.16100e-04	3.31133	20.7	26701	1.24040e-04	3.31211	21.5	27467	1.20510e-04	3.31016	18.1	27533	1.20220e-04	3.31016	19.0
5713.747	nan	28506	1.16150e-04	3.31094	20.7	26713	1.23970e-04	3.31172	21.5	27510	1.20350e-04	3.31074	18.1	27529	1.20240e-04	3.31016	19.0
5714.936	nan	28429	1.16460e-04	3.31074	20.7	26727	1.23900e-04	3.31152	21.5	27483	1.20440e-04	3.31016	18.1	27518	1.20310e-04	3.31074	19.0
5716.124	nan	28533	1.16040e-04	3.31094	20.7	26698	1.24050e-04	3.31191	21.5	27470	1.20510e-04	3.31035	18.1	27500	1.20370e-04	3.31016	19.0
5717.312	nan	28495	1.16180e-04	3.31055	20.7	26725	1.23920e-04	3.31172	21.5	27491	1.20400e-04	3.30996	18.1	27523	1.20260e-04	3.30996	19.0
5718.501	nan	28548	1.15970e-04	3.31055	20.7	26676	1.24150e-04	3.31172	21.5	27457	1.20560e-04	3.31016	18.1	27530	1.20240e-04	3.31035	19.0
5719.689	nan	28520	1.16090e-04	3.31094	20.7	26726	1.23920e-04	3.31172	21.5	27498	1.20370e-04	3.30996	18.1	27508	1.20330e-04	3.30996	19.0
5720.877	nan	28494	1.16210e-04	3.31133	20.7	26718	1.23960e-04	3.31191	21.5	27451	1.20590e-04	3.31016	18.1	27538	1.20200e-04	3.31016	19.0
5722.065	nan	28495	1.16180e-04	3.31055	20.7	26731	1.23880e-04	3.31152	21.5	27490	1.20430e-04	3.31055	18.1	27559	1.20110e-04	3.31016	19.0
5723.253	nan	28509	1.16120e-04	3.31035	20.7	26735	1.23860e-04	3.31133	21.5	27490	1.20410e-04	3.31016	18.1	27518	1.20300e-04	3.31035	19.0
5724.442	nan	28494	1.16210e-04	3.31113	20.7	26754	1.23780e-04	3.31172	21.5	27467	1.20500e-04	3.30977	18.1	27536	1.20210e-04	3.31016	19.0
5725.630	nan	28531	1.16040e-04	3.31074	20.7	26740	1.23840e-04	3.31152	21.5	27472	1.20490e-04	3.31016	18.1	27529	1.20230e-04	3.30977	19.0
5726.818	nan	28511	1.16120e-04	3.31074	20.7	26727	1.23910e-04	3.31172	21.5	27462	1.20550e-04	3.31055	18.1	27536	1.20230e-04	3.31074	19.0
5728.007	nan	28516	1.16120e-04	3.31133	20.7	26694	1.24090e-04	3.31230	21.5	27474	1.20490e-04	3.31016	18.1	27514	1.20320e-04	3.31035	19.0
5729.195	nan	28527	1.16050e-04	3.31074	20.7	26717	1.23950e-04	3.31172	21.5	27474	1.20500e-04	3.31055	18.1	27518	1.20300e-04	3.31035	19.0
5730.383	nan	28501	1.16150e-04	3.31035	20.7	26755	1.23770e-04	3.31133	21.5	27498	1.20390e-04	3.31035	18.1	27579	1.20020e-04	3.30996	19.0
5731.571	nan	28554	1.15940e-04	3.31055	20.7	26725	1.23920e-04	3.31172	21.5	27479	1.20450e-04	3.30996	18.1	27535	1.20220e-04	3.31016	19.0
5732.759	nan	28479	1.16260e-04	3.31094	20.7	26708	1.24000e-04	3.31172	21.5	27435	1.20650e-04	3.30996	18.1	27524	1.20260e-04	3.30996	19.0
5733.947	nan	28517	1.16110e-04	3.31094	20.7	26761	1.23750e-04	3.31172	21.5	27501	1.20380e-04	3.31055	18.1	27548	1.20140e-04	3.30977	19.0
5735.136	nan	28566	1.15900e-04	3.31074	20.7	26703	1.24010e-04	3.31152	21.5	27478	1.20470e-04	3.31016	18.1	27544	1.20190e-04	3.31055	19.0
5736.324	nan	28468	1.16290e-04	3.31055	20.7	26749	1.23800e-04	3.31152	21.5	27477	1.20470e-04	3.31016	18.1	27521	1.20280e-04	3.31016	19.0
5737.512	nan	28498	1.16170e-04	3.31055	20.7	26729	1.23890e-04	3.31152	21.5	27445	1.20600e-04	3.30996	18.1	27512	1.20290e-04	3.30938	19.0
5738.700	nan	28526	1.16070e-04	3.31113	20.7	26706	1.24010e-04	3.31172	21.5	27416	1.20750e-04	3.31035	18.1	27558	1.20140e-04	3.31094	19.0
5739.889	nan	28516	1.16090e-04	3.31055	20.6	26737	1.23860e-04	3.31172	21.5	27506	1.20360e-04	3.31055	18.1	27506	1.20340e-04	3.31016	19.0
5741.077	nan	28519	1.16100e-04	3.31094	20.6	26745	1.23820e-04	3.31152	21.5	27473	1.20480e-04	3.30996	18.1	27528	1.20230e-04	3.30977	19.0
5742.265	nan	28528	1.16070e-04	3.31133	20.6	26744	1.23860e-04	3.31250	21.5	27499	1.20390e-04	3.31055	18.1	27526	1.20290e-04	3.31113	19.0
5743.453	nan	28539	1.16000e-04	3.31035	20.6	26733	1.23870e-04	3.31152	21.5	27487	1.20450e-04	3.31074	18.1	27531	1.20240e-04	3.31035	19.0
5744.642	nan	28536	1.16040e-04	3.31133	20.6	26727	1.23920e-04	3.31191	21.5	27497	1.20380e-04	3.30996	18.1	27555	1.20120e-04	3.30996	19.0
5745.830	nan	28520	1.16080e-04	3.31074	20.6	26744	1.23820e-04	3.31152	21.5	27488	1.20440e-04	3.31074	18.1	27545	1.20170e-04	3.30996	19.0
5747.018	nan	28513	1.16100e-04	3.31035	20.6	26733	1.23870e-04	3.31152	21.5	27493	1.20400e-04	3.31016	18.1	27559	1.20110e-04	3.31016	19.0
5748.207	nan	28528	1.16080e-04	3.31152	20.6	26726	1.23930e-04	3.31211	21.5	27482	1.20430e-04	3.30977	18.1	27563	1.20090e-04	3.31016	19.0
5749.395	nan	28508	1.16130e-04	3.31074	20.6	26742	1.23850e-04	3.31191	21.5	27455	1.20590e-04	3.31094	18.1	27526	1.20260e-04	3.31035	19.0
5750.583	nan	28546	1.15970e-04	3.31035	20.6	26754	1.23770e-04	3.31133	21.5	27483	1.20450e-04	3.31035	18.1	27529	1.20250e-04	3.31035	19.0
5751.771	nan	28549	1.15990e-04	3.31152	20.6	26716	1.23980e-04	3.31230	21.5	27486	1.20410e-04	3.30977	18.1	27538	1.20210e-04	3.31035	19.0
5752.960	nan	28520	1.16100e-04	3.31113	20.6	26728	1.23910e-04	3.31191	21.5	27502	1.20380e-04	3.31074	18.1	27542	1.20180e-04	3.31016	19.0
5754.148	nan	28558	1.15920e-04	3.31055	20.6	26745	1.23820e-04	3.31152	21.5	27454	1.20580e-04	3.31035	18.1	27537	1.20220e-04	3.31035	19.0
5755.336	nan	28533	1.16040e-04	3.31094	20.6	26752	1.23820e-04	3.31250	21.5	27463	1.20530e-04	3.31016	18.1	27555	1.20150e-04	3.31074	19.0
5756.524	nan	28497	1.16190e-04	3.31094	20.6	26755	1.23780e-04	3.31172	21.5	27492	1.20420e-04	3.31055	18.1	27507	1.20340e-04	3.31035	19.0
5757.713	nan	28558	1.15940e-04	3.31094	20.6	26756	1.23760e-04	3.31133	21.5	27500	1.20380e-04	3.31035	18.1	27547	1.20140e-04	3.30957	19.0
5758.901	nan	28528	1.16050e-04	3.31074	20.6	26734	1.23890e-04	3.31191	21.5	27506	1.20350e-04	3.31035	18.1	27555	1.20150e-04	3.31074	19.0
5760.089	nan	28539	1.16030e-04	3.31133	20.6	26768	1.23730e-04	3.31211	21.5	27454	1.20580e-04	3.31035	18.1	27524	1.20270e-04	3.31035	19.0
5761.277	nan	28601	1.15770e-04	3.31113	20.6	26714	1.23980e-04	3.31191	21.5	27506	1.20350e-04	3.31035	18.1	27547	1.20170e-04	3.31035	19.0
5762.465	nan	28506	1.16140e-04	3.31074	20.6	26762	1.23740e-04	3.31152	21.5	27486	1.20450e-04	3.31055	18.1	27555	1.20140e-04	3.31035	19.0
5763.653	nan	28582	1.15810e-04	3.31016	20.6	26777	1.23660e-04	3.31133	21.5	27499	1.20370e-04	3.30996	18.1	27534	1.20210e-04	3.30996	19.0
5764.842	nan	28545	1.15990e-04	3.31094	20.6	26754	1.23780e-04	3.31152	21.5	27474	1.20470e-04	3.30977	18.1	27539	1.20180e-04	3.30977	19.0
5766.030	nan	28505	1.16150e-04	3.31094	20.6	26783	1.23660e-04	3.31191	21.5	27483	1.20460e-04	3.31055	18.1	27523	1.20280e-04	3.31035	19.0
5767.218	nan	28530	1.16040e-04	3.31074	20.6	26729	1.23910e-04	3.31191	21.5	27509	1.20340e-04	3.31055	18.1	27539	1.20210e-04	3.31055	19.0
5768.407	nan	28542	1.16020e-04	3.31133	20.6	26750	1.23830e-04	3.31230	21.5	27490	1.20410e-04	3.30996	18.1	27560	1.20110e-04	3.31035	19.0
5769.595	nan	28565	1.15910e-04	3.31094	20.6	26744	1.23840e-04	3.31191	21.5	27491	1.20430e-04	3.31074	18.1	27560	1.20110e-04	3.31016	19.0
5770.783	nan	28588	1.15820e-04	3.31094	20.6	26755	1.23770e-04	3.31152	21.5	27510	1.20350e-04	3.31074	18.1	27521	1.20310e-04	3.31094	19.0
5771.972	nan	28572	1.15890e-04	3.31113	20.6	26754	1.23800e-04	3.31211	21.5	27494	1.20390e-04	3.31016	18.1	27567	1.20080e-04	3.31035	19.0
5773.160	nan	28530	1.16060e-04	3.31113	20.6	26784	1.23660e-04	3.31211	21.5	27503	1.20360e-04	3.31035	18.1	27551	1.20150e-04	3.31016	19.0
5774.348	nan	28541	1.15990e-04	3.31055	20.6	26749	1.23790e-04	3.31133	21.5	27458	1.20570e-04	3.31055	18.1	27538	1.20200e-04	3.31016	19.0
5775.536	nan	28580	1.15850e-04	3.31113	20.6	26720	1.23960e-04	3.31230	21.5	27493	1.20410e-04	3.31035	18.1	27535	1.20240e-04	3.31074	19.0
5776.724	nan	28554	1.15960e-04	3.31113	20.6	26756	1.23780e-04	3.31191	21.5	27511	1.20330e-04	3.31035	18.1	27522	1.20280e-04	3.31035	19.0
5777.913	nan	28587	1.15820e-04	3.31094	20.6	26766	1.23720e-04	3.31152	21.5	27474	1.20500e-04	3.31055	18.1	27571	1.20050e-04	3.30996	19.0
5779.101	nan	28540	1.16000e-04	3.31074	20.6	26712	1.23990e-04	3.31191	21.5	27516	1.20310e-04	3.31035	18.1	27550	1.20170e-04	3.31074	19.0
5780.289	nan	28556	1.15970e-04	3.31152	20.6	26713	1.24000e-04	3.31230	21.5	27507	1.20340e-04	3.31035	18.1	27561	1.20110e-04	3.31035	19.0
5781.478	nan	28562	1.15920e-04	3.31074	20.6	26735	1.23870e-04	3.31172	21.5	27501	1.20390e-04	3.31074	18.1	27534	1.20220e-04	3.31016	19.0
5782.666	nan	28566	1.15900e-04	3.31094	20.6	26776	1.23680e-04	3.31172	21.5	27525	1.20270e-04	3.31035	18.1	27581	1.20040e-04	3.31074	19.0
5783.854	nan	28564	1.15910e-04	3.31094	20.6	26751	1.23810e-04	3.31211	21.5	27491	1.20420e-04	3.31055	18.1	27530	1.20240e-04	3.31035	19.0
5785.042	nan	28578	1.15870e-04	3.31133	20.6	26746	1.23840e-04	3.31211	21.5	27475	1.20490e-04	3.31055	18.1	27544	1.20170e-04	3.30996	19.0
5786.230	nan	28546	1.15980e-04	3.31074	20.6	26733	1.23880e-04	3.31172	21.5	27489	1.20440e-04	3.31074	18.1	27539	1.20220e-04	3.31074	19.0
5787.419	nan	28563	1.15920e-04	3.31094	20.6	26762	1.23740e-04	3.31172	21.5	27487	1.20430e-04	3.31035	18.1	27581	1.20020e-04	3.31035	19.0
5788.607	nan	28571	1.15900e-04	3.31152	20.6	26741	1.23870e-04	3.31230	21.5	27465	1.20510e-04	3.30996	18.1	27573	1.20060e-04	3.31035	19.0
5789.795	nan	28576	1.15860e-04	3.31094	20.6	26758	1.23770e-04	3.31191	21.5	27482	1.20470e-04	3.31074	18.1	27523	1.20280e-04	3.31035	19.0
5790.983	nan	28529	1.16030e-04	3.31035	20.6	26773	1.23700e-04	3.31172	21.5	27525	1.20280e-04	3.31055	18.1	27550	1.20160e-04	3.31055	19.0
5792.172	nan	28569	1.15900e-04	3.31133	20.6	26785	1.23660e-04	3.31230	21.5	27496	1.20380e-04	3.30996	18.1	27545	1.20170e-04	3.31016	19.0
5793.360	nan	28563	1.15920e-04	3.31094	20.6	26743	1.23830e-04	3.31172	21.5	27508	1.20360e-04	3.31094	18.1	27517	1.20300e-04	3.31035	19.0
5794.548	nan	28558	1.15920e-04	3.31035	20.6	26732	1.23870e-04	3.31133	21.5	27499	1.20380e-04	3.31035	18.1	27544	1.20190e-04	3.31055	19.0
5795.736	nan	28585	1.15850e-04	3.31152	20.6	26744	1.23850e-04	3.31230	21.5	27468	1.20500e-04	3.30996	18.1	27542	1.20190e-04	3.31035	19.0
5796.925	nan	28523	1.16090e-04	3.31113	20.6	26757	1.23780e-04	3.31191	21.5	27479	1.20480e-04	3.31074	18.1	27552	1.20160e-04	3.31055	19.0
5798.113	nan	28600	1.15760e-04	3.31074	20.6	26797	1.23580e-04	3.31152	21.5	27506	1.20360e-04	3.31055	18.1	27585	1.19990e-04	3.30996	19.0
5799.301	nan	28599	1.15780e-04	3.31113	20.6	26719	1.23950e-04	3.31191	21.5	27460	1.20540e-04	3.31016	18.1	27537	1.20230e-04	3.31074	19.0
5800.489	nan	28552	1.15960e-04	3.31094	20.6	26757	1.23780e-04	3.31191	21.5	27485	1.20440e-04	3.31035	18.1	27555	1.20140e-04	3.31035	19.0
5801.678	nan	28621	1.15690e-04	3.31113	20.6	26764	1.23740e-04	3.31172	21.5	27513	1.20320e-04	3.31035	18.1	27532	1.20210e-04	3.30977	19.0
5802.866	nan	28603	1.15750e-04	3.31074	20.6	26759	1.23760e-04	3.31172	21.5	27453	1.20590e-04	3.31055	18.1	27568	1.20100e-04	3.31094	19.0
5804.054	nan	28556	1.15960e-04	3.31133	20.6	26767	1.23740e-04	3.31230	21.5	27496	1.20390e-04	3.31035	18.1	27517	1.20310e-04	3.31055	19.0
5805.243	nan	28600	1.15770e-04	3.31113	20.6	26749	1.23820e-04	3.31211	21.5	27520	1.20300e-04	3.31074	18.1	27612	1.19870e-04	3.30996	19.0
5806.431	nan	28584	1.15820e-04	3.31074	20.6	26747	1.23820e-04	3.31172	21.5	27513	1.20330e-04	3.31055	18.1	27549	1.20180e-04	3.31074	19.0
5807.619	nan	28580	1.15850e-04	3.31113	20.6	26739	1.23870e-04	3.31230	21.5	27504	1.20350e-04	3.31016	18.1	27608	1.19920e-04	3.31074	19.0
5808.807	nan	28603	1.15750e-04	3.31074	20.6	26759	1.23750e-04	3.31152	21.5	27493	1.20410e-04	3.31035	18.1	27579	1.20020e-04	3.31016	19.0
5809.996	nan	28581	1.15840e-04	3.31074	20.6	26762	1.23750e-04	3.31172	21.5	27486	1.20440e-04	3.31035	18.1	27550	1.20150e-04	3.30996	19.0
5811.184	nan	28596	1.15760e-04	3.31035	20.6	26736	1.23860e-04	3.31152	21.5	27527	1.20250e-04	3.31016	18.1	27510	1.20340e-04	3.31055	19.0
5812.372	nan	28633	1.15650e-04	3.31133	20.6	26758	1.23790e-04	3.31230	21.5	27458	1.20540e-04	3.30977	18.1	27549	1.20150e-04	3.30996	19.0
5813.560	nan	28594	1.15790e-04	3.31094	20.6	26738	1.23860e-04	3.31172	21.5	27522	1.20290e-04	3.31074	18.1	27584	1.20000e-04	3.31016	19.0
5814.748	nan	28601	1.15750e-04	3.31055	20.6	26768	1.23710e-04	3.31152	21.5	27526	1.20260e-04	3.31035	18.1	27546	1.20180e-04	3.31035	19.0
5815.937	nan	28599	1.15790e-04	3.31152	20.6	26732	1.23910e-04	3.31230	21.5	27535	1.20220e-04	3.31016	18.1	27562	1.20110e-04	3.31055	19.0
5817.125	nan	28578	1.15850e-04	3.31094	20.6	26756	1.23770e-04	3.31172	21.5	27512	1.20330e-04	3.31055	18.1	27548	1.20170e-04	3.31035	19.0
5818.313	nan	28601	1.15750e-04	3.31055	20.6	26750	1.23790e-04	3.31152	21.5	27503	1.20360e-04	3.31035	18.1	27569	1.20060e-04	3.30996	19.0
5819.502	nan	28613	1.15730e-04	3.31133	20.6	26732	1.23900e-04	3.31211	21.5	27486	1.20440e-04	3.31035	18.1	27578	1.20060e-04	3.31094	19.0
5820.690	nan	28604	1.15760e-04	3.31113	20.6	26769	1.23720e-04	3.31191	21.5	27500	1.20380e-04	3.31055	18.1	27573	1.20060e-04	3.31035	19.0
5821.878	nan	28583	1.15840e-04	3.31094	20.6	26771	1.23710e-04	3.31172	21.5	27524	1.20270e-04	3.31035	18.1	27559	1.20100e-04	3.30977	19.0
5823.066	nan	28626	1.15660e-04	3.31094	20.6	26767	1.23720e-04	3.31172	21.5	27471	1.20510e-04	3.31035	18.1	27559	1.20140e-04	3.31094	19.0
5824.255	nan	28623	1.15690e-04	3.31133	20.6	26746	1.23840e-04	3.31230	21.5	27486	1.20440e-04	3.31035	18.1	27551	1.20150e-04	3.31016	19.0
5825.443	nan	28585	1.15830e-04	3.31094	20.6	26762	1.23750e-04	3.31191	21.5	27484	1.20460e-04	3.31055	18.1	27537	1.20200e-04	3.30996	19.0
5826.631	nan	28569	1.15900e-04	3.31113	20.6	26770	1.23720e-04	3.31191	21.5	27480	1.20460e-04	3.31035	18.1	27554	1.20160e-04	3.31094	19.0
5827.819	nan	28562	1.15910e-04	3.31074	20.6	26741	1.23840e-04	3.31152	21.5	27499	1.20390e-04	3.31055	18.1	27545	1.20180e-04	3.31035	19.0
5829.008	nan	28586	1.15830e-04	3.31113	20.6	26786	1.23650e-04	3.31211	21.5	27507	1.20330e-04	3.30996	18.1	27552	1.20130e-04	3.30996	19.0
5830.196	nan	28587	1.15820e-04	3.31113	20.6	26751	1.23800e-04	3.31191	21.5	27498	1.20400e-04	3.31074	18.1	27585	1.20000e-04	3.31035	19.0
5831.384	nan	28608	1.15730e-04	3.31094	20.6	26744	1.23840e-04	3.31191	21.5	27524	1.20280e-04	3.31055	18.1	27530	1.20250e-04	3.31055	19.0
5832.572	nan	28599	1.15790e-04	3.31133	20.6	26765	1.23730e-04	3.31172	21.5	27476	1.20480e-04	3.31016	18.1	27564	1.20100e-04	3.31055	19.0
5833.761	nan	28610	1.15730e-04	3.31094	20.6	26770	1.23720e-04	3.31211	21.5	27497	1.20410e-04	3.31094	18.1	27543	1.20180e-04	3.31016	19.0
5834.949	nan	28570	1.15870e-04	3.31035	20.6	26769	1.23720e-04	3.31191	21.5	27479	1.20470e-04	3.31035	18.1	27556	1.20130e-04	3.31035	19.0
5836.137	nan	28598	1.15800e-04	3.31152	20.6	26741	1.23820e-04	3.31113	21.5	27476	1.20470e-04	3.30996	18.1	27583	1.20020e-04	3.31055	19.0
5837.325	nan	28627	1.15660e-04	3.31094	20.6	26756	1.23800e-04	3.31250	21.5	27494	1.20410e-04	3.31074	18.1	27603	1.19920e-04	3.31016	19.0
5838.514	nan	28611	1.15720e-04	3.31094	20.6	26740	1.23850e-04	3.31172	21.5	27507	1.20340e-04	3.31035	18.1	27551	1.20150e-04	3.31035	19.0
5839.702	nan	28628	1.15650e-04	3.31094	20.6	26729	1.23910e-04	3.31191	21.5	27520	1.20290e-04	3.31035	18.1	27576	1.20060e-04	3.31074	19.0
5840.890	nan	28622	1.15670e-04	3.31074	20.6	26763	1.23740e-04	3.31172	21.5	27498	1.20390e-04	3.31035	18.1	27550	1.20150e-04	3.31016	19.0
5842.078	nan	28595	1.15770e-04	3.31055	20.6	26752	1.23800e-04	3.31172	21.5	27507	1.20340e-04	3.31035	18.1	27560	1.20090e-04	3.30977	19.0
5843.267	nan	28636	1.15620e-04	3.31094	20.6	26746	1.23810e-04	3.31152	21.5	27454	1.20560e-04	3.30996	18.1	27543	1.20190e-04	3.31055	19.0
5844.455	nan	28598	1.15780e-04	3.31113	20.6	26729	1.23900e-04	3.31172	21.5	27513	1.20310e-04	3.31016	18.1	27598	1.19950e-04	3.31035	19.0
5845.643	nan	28611	1.15730e-04	3.31113	20.6	26748	1.23830e-04	3.31230	21.5	27524	1.20280e-04	3.31055	18.1	27568	1.20070e-04	3.30996	19.0
5846.831	nan	28613	1.15700e-04	3.31055	20.6	26721	1.23950e-04	3.31211	21.5	27510	1.20350e-04	3.31074	18.1	27586	1.20020e-04	3.31094	19.0
5848.019	nan	28646	1.15580e-04	3.31094	20.6	26764	1.23730e-04	3.31152	21.5	27530	1.20240e-04	3.31016	18.1	27569	1.20070e-04	3.31016	19.0
5849.208	nan	28623	1.15680e-04	3.31113	20.6	26763	1.23750e-04	3.31191	21.5	27511	1.20330e-04	3.31035	18.1	27561	1.20100e-04	3.30996	19.0
5850.396	nan	28607	1.15740e-04	3.31094	20.6	26746	1.23850e-04	3.31230	21.5	27511	1.20330e-04	3.31055	18.1	27580	1.20030e-04	3.31055	19.0
5851.584	nan	28617	1.15710e-04	3.31113	20.6	26746	1.23820e-04	3.31172	21.5	27481	1.20460e-04	3.31035	18.1	27570	1.20070e-04	3.31035	19.0
5852.773	nan	28603	1.15760e-04	3.31113	20.6	26770	1.23720e-04	3.31191	21.5	27495	1.20400e-04	3.31035	18.1	27562	1.20110e-04	3.31055	19.0
5853.961	nan	28616	1.15680e-04	3.31035	20.6	26746	1.23840e-04	3.31211	21.5	27510	1.20340e-04	3.31055	18.1	27553	1.20130e-04	3.30996	19.0
5855.149	nan	28636	1.15620e-04	3.31094	20.6	26751	1.23790e-04	3.31152	21.5	27510	1.20330e-04	3.31016	18.1	27579	1.20040e-04	3.31055	19.0
5856.337	nan	28620	1.15710e-04	3.31152	20.6	26728	1.23900e-04	3.31172	21.5	27512	1.20320e-04	3.31016	18.1	27595	1.19960e-04	3.31035	19.0
5857.525	nan	28603	1.15750e-04	3.31074	20.6	26744	1.23860e-04	3.31250	21.5	27496	1.20420e-04	3.31094	18.1	27573	1.20050e-04	3.31016	19.0
5858.714	nan	28644	1.15580e-04	3.31074	20.6	26739	1.23850e-04	3.31172	21.5	27505	1.20350e-04	3.31016	18.1	27570	1.20060e-04	3.30996	19.1
5859.902	nan	28647	1.15580e-04	3.31113	20.6	26757	1.23770e-04	3.31172	21.5	27494	1.20400e-04	3.31016	18.1	27579	1.20040e-04	3.31055	19.0
5861.090	nan	28631	1.15630e-04	3.31074	20.6	26744	1.23840e-04	3.31191	21.5	27499	1.20380e-04	3.31016	18.1	27561	1.20100e-04	3.30996	19.0
5862.279	nan	28617	1.15690e-04	3.31074	20.6	26775	1.23680e-04	3.31152	21.5	27503	1.20360e-04	3.31016	18.1	27585	1.20010e-04	3.31035	19.1
5863.467	nan	28653	1.15550e-04	3.31094	20.6	26746	1.23820e-04	3.31172	21.5	27486	1.20440e-04	3.31035	18.1	27534	1.20230e-04	3.31035	19.1
5864.655	nan	28587	1.15820e-04	3.31094	20.6	26751	1.23810e-04	3.31191	21.5	27496	1.20390e-04	3.31016	18.1	27572	1.20060e-04	3.31016	19.1
5865.843	nan	28615	1.15710e-04	3.31094	20.6	26758	1.23770e-04	3.31191	21.5	27485	1.20450e-04	3.31055	18.1	27563	1.20090e-04	3.31016	19.1
5867.031	nan	28637	1.15610e-04	3.31074	20.6	26763	1.23750e-04	3.31191	21.5	27533	1.20230e-04	3.31035	18.1	27587	1.20010e-04	3.31074	19.1
5868.220	nan	28644	1.15600e-04	3.31133	20.6	26743	1.23830e-04	3.31172	21.5	27487	1.20430e-04	3.31035	18.1	27539	1.20190e-04	3.30996	19.1
5869.408	nan	28621	1.15700e-04	3.31152	20.6	26750	1.23820e-04	3.31211	21.5	27490	1.20430e-04	3.31055	18.1	27550	1.20170e-04	3.31055	19.1
5870.596	nan	28631	1.15630e-04	3.31074	20.6	26757	1.23790e-04	3.31230	21.5	27538	1.20220e-04	3.31074	18.1	27552	1.20150e-04	3.31035	19.1
5871.785	nan	28620	1.15690e-04	3.31094	20.6	26738	1.23860e-04	3.31172	21.5	27513	1.20310e-04	3.31016	18.1	27596	1.19960e-04	3.31035	19.1
5872.973	nan	28613	1.15720e-04	3.31113	20.6	26740	1.23850e-04	3.31191	21.5	27495	1.20400e-04	3.31035	18.1	27564	1.20100e-04	3.31035	19.1
5874.161	nan	28684	1.15420e-04	3.31074	20.6	26739	1.23860e-04	3.31191	21.5	27517	1.20310e-04	3.31074	18.1	27590	1.19980e-04	3.31016	19.1
5875.349	nan	28651	1.15570e-04	3.31113	20.6	26775	1.23680e-04	3.31152	21.5	27526	1.20260e-04	3.31016	18.1	27575	1.20060e-04	3.31055	19.1
5876.538	nan	28631	1.15660e-04	3.31133	20.6	26740	1.23860e-04	3.31211	21.5	27502	1.20370e-04	3.31055	18.1	27543	1.20200e-04	3.31055	19.1
5877.726	nan	28616	1.15700e-04	3.31094	20.6	26732	1.23910e-04	3.31230	21.5	27507	1.20370e-04	3.31094	18.1	27551	1.20160e-04	3.31055	19.1
5878.914	nan	28678	1.15440e-04	3.31074	20.6	26749	1.23810e-04	3.31172	21.5	27525	1.20270e-04	3.31035	18.1	27576	1.20050e-04	3.31055	19.1
5880.102	nan	28652	1.15570e-04	3.31133	20.6	26754	1.23790e-04	3.31172	21.5	27489	1.20420e-04	3.31016	18.1	27611	1.19900e-04	3.31055	19.1
5881.290	nan	28636	1.15620e-04	3.31094	20.6	26799	1.23600e-04	3.31230	21.5	27519	1.20300e-04	3.31055	18.1	27598	1.19940e-04	3.31016	19.1
5882.479	nan	28658	1.15540e-04	3.31113	20.6	26745	1.23840e-04	3.31211	21.5	27508	1.20360e-04	3.31074	18.1	27555	1.20140e-04	3.31055	19.1
5883.667	nan	28636	1.15640e-04	3.31133	20.6	26751	1.23810e-04	3.31191	21.5	27499	1.20390e-04	3.31055	18.1	27559	1.20130e-04	3.31074	19.1
5884.855	nan	28628	1.15660e-04	3.31113	20.6	26777	1.23690e-04	3.31211	21.5	27503	1.20360e-04	3.31035	18.1	27567	1.20080e-04	3.31035	19.1
5886.044	nan	28609	1.15730e-04	3.31094	20.6	26748	1.23830e-04	3.31211	21.5	27515	1.20320e-04	3.31055	18.1	27552	1.20140e-04	3.31016	19.1
5887.232	nan	28658	1.15530e-04	3.31074	20.6	26757	1.23770e-04	3.31172	21.5	27503	1.20360e-04	3.31035	18.1	27555	1.20150e-04	3.31074	19.1
5888.420	nan	28624	1.15680e-04	3.31113	20.6	26732	1.23880e-04	3.31172	21.5	27495	1.20400e-04	3.31035	18.1	27542	1.20190e-04	3.31016	19.1
5889.608	nan	28616	1.15690e-04	3.31055	20.6	26706	1.24020e-04	3.31191	21.5	27515	1.20310e-04	3.31035	18.1	27596	1.19950e-04	3.30996	19.1
5890.796	nan	28652	1.15590e-04	3.31172	20.6	26732	1.23880e-04	3.31152	21.5	27521	1.20280e-04	3.31016	18.1	27589	1.20010e-04	3.31094	19.1
5891.985	nan	28627	1.15650e-04	3.31074	20.6	26733	1.23910e-04	3.31250	21.5	27531	1.20260e-04	3.31094	18.1	27578	1.20040e-04	3.31055	19.1
5893.173	nan	28627	1.15670e-04	3.31133	20.6	26732	1.23890e-04	3.31172	21.5	27515	1.20310e-04	3.31035	18.1	27552	1.20150e-04	3.31035	19.1
5894.361	nan	28654	1.15550e-04	3.31094	20.6	26726	1.23930e-04	3.31211	21.5	27537	1.20220e-04	3.31055	18.1	27579	1.20030e-04	3.31035	19.1
5895.550	nan	28655	1.15540e-04	3.31074	20.6	26742	1.23840e-04	3.31172	21.5	27511	1.20320e-04	3.31016	18.1	27608	1.19900e-04	3.31016	19.1
5896.738	nan	28632	1.15640e-04	3.31113	20.6	26766	1.23730e-04	3.31172	21.5	27512	1.20320e-04	3.31035	18.1	27553	1.20140e-04	3.31035	19.1
5897.926	nan	28661	1.15510e-04	3.31074	20.6	26745	1.23840e-04	3.31211	21.5	27504	1.20370e-04	3.31055	18.1	27587	1.20000e-04	3.31035	19.1
5899.114	nan	28682	1.15420e-04	3.31055	20.6	26755	1.23780e-04	3.31172	21.5	27558	1.20120e-04	3.31035	18.1	27606	1.19900e-04	3.30996	19.1
5900.302	nan	28620	1.15700e-04	3.31133	20.6	26741	1.23830e-04	3.31133	21.5	27476	1.20470e-04	3.30996	18.1	27594	1.19970e-04	3.31035	19.1
5901.491	nan	28640	1.15590e-04	3.31035	20.6	26727	1.23920e-04	3.31211	21.5	27520	1.20300e-04	3.31074	18.1	27591	1.19980e-04	3.31035	19.1
5902.679	nan	28653	1.15540e-04	3.31074	20.6	26753	1.23780e-04	3.31152	21.5	27461	1.20530e-04	3.30996	18.1	27559	1.20100e-04	3.30977	19.1
5903.867	nan	28657	1.15560e-04	3.31152	20.6	26749	1.23810e-04	3.31172	21.5	27495	1.20400e-04	3.31035	18.1	27601	1.19950e-04	3.31074	19.1
5905.056	nan	28653	1.15550e-04	3.31094	20.6	26736	1.23880e-04	3.31211	21.5	27505	1.20360e-04	3.31055	18.1	27582	1.20010e-04	3.31016	19.1
5906.244	nan	28640	1.15580e-04	3.31035	20.6	26762	1.23760e-04	3.31191	21.5	27523	1.20280e-04	3.31035	18.1	27562	1.20090e-04	3.30996	19.1
5907.432	nan	28682	1.15430e-04	3.31074	20.6	26734	1.23870e-04	3.31152	21.5	27503	1.20350e-04	3.30996	18.1	27565	1.20090e-04	3.31016	19.1
5908.620	nan	28649	1.15590e-04	3.31152	20.6	26743	1.23840e-04	3.31191	21.5	27486	1.20440e-04	3.31035	18.1	27548	1.20180e-04	3.31074	19.1
5909.809	nan	28653	1.15550e-04	3.31094	20.6	26758	1.23790e-04	3.31230	21.5	27512	1.20330e-04	3.31055	18.1	27580	1.20020e-04	3.31016	19.1
5910.997	nan	28672	1.15490e-04	3.31133	20.6	26749	1.23820e-04	3.31211	21.5	27492	1.20420e-04	3.31055	18.1	27572	1.20080e-04	3.31094	19.1
5912.185	nan	28675	1.15470e-04	3.31094	20.6	26704	1.24040e-04	3.31230	21.5	27524	1.20290e-04	3.31074	18.1	27576	1.20060e-04	3.31074	19.1
5913.373	nan	28673	1.15480e-04	3.31113	20.6	26733	1.23890e-04	3.31191	21.5	27497	1.20390e-04	3.31035	18.1	27566	1.20090e-04	3.31035	19.1
5914.562	nan	28690	1.15420e-04	3.31133	20.6	26787	1.23630e-04	3.31172	21.5	27481	1.20460e-04	3.31035	18.1	27588	1.19990e-04	3.31016	19.1
5915.750	nan	28635	1.15620e-04	3.31074	20.6	26750	1.23830e-04	3.31230	21.5	27510	1.20340e-04	3.31055	18.1	27542	1.20190e-04	3.31035	19.1
5916.938	nan	28659	1.15540e-04	3.31113	20.6	26751	1.23790e-04	3.31152	21.5	27507	1.20340e-04	3.31016	18.1	27596	1.19960e-04	3.31035	19.1
5918.126	nan	28698	1.15370e-04	3.31074	20.6	26746	1.23850e-04	3.31230	21.5	27504	1.20370e-04	3.31074	18.1	27582	1.20030e-04	3.31074	19.1
5919.314	nan	28646	1.15570e-04	3.31074	20.6	26743	1.23830e-04	3.31172	21.5	27491	1.20410e-04	3.31016	18.1	27598	1.19950e-04	3.31035	19.1
5920.503	nan	28671	1.15490e-04	3.31133	20.6	26754	1.23780e-04	3.31152	21.5	27481	1.20450e-04	3.30996	18.1	27589	1.19980e-04	3.31016	19.1
5921.691	nan	28660	1.15510e-04	3.31055	20.6	26765	1.23760e-04	3.31230	21.5	27477	1.20490e-04	3.31074	18.1	27558	1.20120e-04	3.31035	19.1
5922.880	nan	28669	1.15480e-04	3.31074	20.6	26717	1.23950e-04	3.31172	21.5	27510	1.20330e-04	3.31035	18.1	27582	1.20020e-04	3.31035	19.1
5924.068	nan	28647	1.15600e-04	3.31172	20.6	26724	1.23930e-04	3.31172	21.5	27510	1.20330e-04	3.31016	18.1	27574	1.20060e-04	3.31055	19.1
5925.256	nan	28657	1.15540e-04	3.31094	20.6	26725	1.23940e-04	3.31230	21.5	27516	1.20320e-04	3.31074	18.1	27574	1.20050e-04	3.31016	19.1
5926.444	nan	28672	1.15470e-04	3.31074	20.6	26764	1.23740e-04	3.31172	21.5	27503	1.20360e-04	3.31035	18.1	27565	1.20090e-04	3.31035	19.1
5927.633	nan	28685	1.15430e-04	3.31113	20.6	26722	1.23930e-04	3.31172	21.5	27516	1.20310e-04	3.31035	18.1	27565	1.20100e-04	3.31055	19.1
5928.821	nan	28672	1.15480e-04	3.31094	20.6	26708	1.24010e-04	3.31211	21.5	27546	1.20190e-04	3.31074	18.1	27556	1.20120e-04	3.31016	19.1
5930.009	nan	28654	1.15560e-04	3.31133	20.6	26737	1.23870e-04	3.31191	21.5	27540	1.20200e-04	3.31035	18.1	27579	1.20040e-04	3.31055	19.1
5931.197	nan	28657	1.15550e-04	3.31133	20.6	26764	1.23760e-04	3.31230	21.5	27494	1.20410e-04	3.31074	18.1	27565	1.20130e-04	3.31133	19.1
5932.385	nan	28701	1.15350e-04	3.31074	20.6	26769	1.23730e-04	3.31211	21.5	27500	1.20380e-04	3.31055	18.1	27586	1.19990e-04	3.31016	19.1
5933.574	nan	28692	1.15380e-04	3.31035	20.6	26731	1.23880e-04	3.31152	21.5	27480	1.20460e-04	3.31016	18.1	27563	1.20080e-04	3.30977	19.1
5934.762	nan	28686	1.15430e-04	3.31113	20.6	26717	1.23950e-04	3.31152	21.5	27504	1.20350e-04	3.30996	18.1	27619	1.19860e-04	3.31035	19.1
5935.950	nan	28651	1.15560e-04	3.31094	20.6	26751	1.23800e-04	3.31191	21.5	27534	1.20230e-04	3.31055	18.1	27603	1.19930e-04	3.31035	19.1
5937.138	nan	28687	1.15420e-04	3.31113	20.6	26741	1.23850e-04	3.31191	21.5	27505	1.20360e-04	3.31035	18.1	27543	1.20190e-04	3.31055	19.1
5938.327	nan	28695	1.15380e-04	3.31074	20.6	26722	1.23940e-04	3.31191	21.5	27481	1.20470e-04	3.31055	18.1	27560	1.20100e-04	3.30996	19.1
5939.515	nan	28675	1.15470e-04	3.31113	20.6	26724	1.23920e-04	3.31152	21.5	27523	1.20270e-04	3.31016	18.1	27586	1.20020e-04	3.31094	19.1
5940.703	nan	28683	1.15440e-04	3.31133	20.6	26735	1.23880e-04	3.31191	21.5	27538	1.20220e-04	3.31055	18.1	27550	1.20160e-04	3.31035	19.1
5941.891	nan	28690	1.15400e-04	3.31074	20.6	26712	1.24000e-04	3.31230	21.5	27479	1.20480e-04	3.31074	18.1	27602	1.19940e-04	3.31055	19.1
5943.080	nan	28673	1.15470e-04	3.31074	20.6	26754	1.23790e-04	3.31172	21.5	27520	1.20290e-04	3.31035	18.1	27574	1.20040e-04	3.30996	19.1
5944.268	nan	28695	1.15400e-04	3.31133	20.6	26760	1.23750e-04	3.31172	21.5	27501	1.20370e-04	3.31016	18.1	27583	1.20020e-04	3.31055	19.1
5945.457	nan	28693	1.15380e-04	3.31074	20.6	26734	1.23890e-04	3.31211	21.5	27514	1.20330e-04	3.31074	18.1	27585	1.20000e-04	3.31016	19.1
5946.644	nan	28708	1.15310e-04	3.31035	20.6	26743	1.23830e-04	3.31152	21.5	27527	1.20260e-04	3.31035	18.1	27563	1.20090e-04	3.30996	19.1
5947.833	nan	28661	1.15540e-04	3.31152	20.6	26747	1.23810e-04	3.31152	21.5	27498	1.20370e-04	3.30996	18.1	27576	1.20050e-04	3.31035	19.1
5949.021	nan	28692	1.15390e-04	3.31074	20.6	26755	1.23800e-04	3.31230	21.5	27494	1.20420e-04	3.31074	18.1	27564	1.20100e-04	3.31035	19.1
5950.209	nan	28679	1.15430e-04	3.31055	20.6	26728	1.23900e-04	3.31152	21.5	27486	1.20420e-04	3.30996	18.1	27566	1.20070e-04	3.30977	19.1
5951.397	nan	28659	1.15510e-04	3.31035	20.6	26738	1.23850e-04	3.31152	21.5	27506	1.20340e-04	3.31016	18.1	27554	1.20150e-04	3.31055	19.1
5952.585	nan	28687	1.15410e-04	3.31094	20.6	26707	1.23990e-04	3.31152	21.5	27525	1.20250e-04	3.30996	18.1	27622	1.19830e-04	3.30996	19.1
5953.774	nan	28693	1.15390e-04	3.31094	20.6	26744	1.23830e-04	3.31172	21.5	27491	1.20410e-04	3.31016	18.1	27610	1.19880e-04	3.30996	19.1
5954.962	nan	28675	1.15470e-04	3.31113	20.6	26739	1.23870e-04	3.31211	21.5	27461	1.20550e-04	3.31035	18.1	27568	1.20080e-04	3.31055	19.1
5956.150	nan	28686	1.15410e-04	3.31055	20.6	26759	1.23760e-04	3.31172	21.5	27505	1.20360e-04	3.31055	18.1	27554	1.20130e-04	3.31016	19.1
5957.339	nan	28732	1.15240e-04	3.31094	20.6	26729	1.23890e-04	3.31152	21.5	27502	1.20350e-04	3.30996	18.1	27535	1.20210e-04	3.31016	19.1
5958.527	nan	28689	1.15420e-04	3.31113	20.6	26749	1.23810e-04	3.31191	21.5	27510	1.20330e-04	3.31035	18.1	27582	1.20020e-04	3.31035	19.1
5959.716	nan	28697	1.15360e-04	3.31055	20.6	26745	1.23830e-04	3.31172	21.5	27566	1.20090e-04	3.31035	18.1	27587	1.19980e-04	3.30977	19.1
5960.903	nan	28709	1.15330e-04	3.31094	20.6	26711	1.23960e-04	3.31113	21.5	27515	1.20290e-04	3.30977	18.1	27588	1.19990e-04	3.31016	19.1
5962.092	nan	28676	1.15450e-04	3.31055	20.6	26721	1.23940e-04	3.31191	21.5	27510	1.20330e-04	3.31035	18.1	27592	1.19970e-04	3.31016	19.1
5963.280	nan	28670	1.15480e-04	3.31094	20.6	26736	1.23880e-04	3.31191	21.5	27482	1.20450e-04	3.31016	18.1	27550	1.20160e-04	3.31035	19.1
5964.469	nan	28685	1.15420e-04	3.31094	20.6	26729	1.23900e-04	3.31172	21.5	27510	1.20330e-04	3.31016	18.1	27556	1.20130e-04	3.31035	19.1
5965.657	nan	28687	1.15410e-04	3.31074	20.6	26743	1.23830e-04	3.31172	21.5	27517	1.20310e-04	3.31055	18.1	27585	1.20010e-04	3.31035	19.1
5966.845	nan	28707	1.15340e-04	3.31094	20.6	26704	1.24030e-04	3.31191	21.5	27480	1.20460e-04	3.31016	18.1	27601	1.19940e-04	3.31035	19.1
5968.033	nan	28703	1.15380e-04	3.31172	20.6	26710	1.24000e-04	3.31191	21.5	27550	1.20160e-04	3.31035	18.1	27622	1.19850e-04	3.31035	19.1
5969.222	nan	28660	1.15530e-04	3.31113	20.6	26722	1.23950e-04	3.31211	21.5	27523	1.20290e-04	3.31074	18.1	27584	1.20010e-04	3.31035	19.1
5970.410	nan	28727	1.15250e-04	3.31094	20.6	26752	1.23820e-04	3.31230	21.5	27525	1.20280e-04	3.31055	18.1	27566	1.20100e-04	3.31074	19.1
5971.598	nan	28692	1.15390e-04	3.31094	20.6	26749	1.23820e-04	3.31211	21.5	27494	1.20410e-04	3.31055	18.1	27571	1.20070e-04	3.31055	19.1
5972.786	nan	28685	1.15440e-04	3.31133	20.6	26706	1.24020e-04	3.31191	21.5	27486	1.20440e-04	3.31035	18.1	27608	1.19910e-04	3.31035	19.1
5973.974	nan	28713	1.15310e-04	3.31094	20.6	26717	1.23970e-04	3.31211	21.5	27529	1.20270e-04	3.31094	18.1	27600	1.19950e-04	3.31055	19.1
5975.162	nan	28714	1.15320e-04	3.31133	20.6	26719	1.23950e-04	3.31191	21.5	27477	1.20480e-04	3.31035	18.1	27576	1.20070e-04	3.31094	19.1
5976.351	nan	28706	1.15380e-04	3.31191	20.6	26731	1.23910e-04	3.31230	21.5	27529	1.20260e-04	3.31074	18.1	27555	1.20160e-04	3.31094	19.1
5977.539	nan	28703	1.15360e-04	3.31113	20.6	26722	1.23970e-04	3.31270	21.5	27518	1.20330e-04	3.31113	18.1	27554	1.20150e-04	3.31055	19.1
5978.727	nan	28726	1.15270e-04	3.31113	20.6	26767	1.23740e-04	3.31211	21.5	27538	1.20220e-04	3.31055	18.1	27581	1.20020e-04	3.31035	19.1
5979.916	nan	28689	1.15410e-04	3.31113	20.6	26739	1.23850e-04	3.31152	21.5	27517	1.20300e-04	3.31035	18.1	27615	1.19880e-04	3.31055	19.1
5981.104	nan	28741	1.15220e-04	3.31152	20.6	26722	1.23950e-04	3.31211	21.5	27462	1.20560e-04	3.31074	18.1	27555	1.20160e-04	3.31094	19.1
5982.292	nan	28695	1.15380e-04	3.31074	20.6	26710	1.24030e-04	3.31270	21.5	27496	1.20410e-04	3.31094	18.1	27583	1.20010e-04	3.31035	19.1
5983.480	nan	28688	1.15420e-04	3.31113	20.6	26754	1.23790e-04	3.31191	21.5	27526	1.20270e-04	3.31055	18.1	27549	1.20180e-04	3.31074	19.1
5984.668	nan	28703	1.15370e-04	3.31133	20.6	26725	1.23910e-04	3.31152	21.5	27530	1.20240e-04	3.31035	18.1	27596	1.19960e-04	3.31055	19.1
5985.857	nan	28687	1.15420e-04	3.31113	20.6	26705	1.24030e-04	3.31230	21.5	27486	1.20450e-04	3.31074	18.1	27580	1.20030e-04	3.31035	19.1
5987.045	nan	28724	1.15260e-04	3.31074	20.6	26711	1.24000e-04	3.31211	21.5	27501	1.20370e-04	3.31035	18.1	27576	1.20050e-04	3.31055	19.1
5988.234	nan	28709	1.15350e-04	3.31152	20.6	26725	1.23920e-04	3.31172	21.5	27481	1.20440e-04	3.30996	18.1	27576	1.20050e-04	3.31055	19.1
5989.422	nan	28717	1.15300e-04	3.31113	20.6	26741	1.23850e-04	3.31191	21.5	27511	1.20350e-04	3.31094	18.1	27603	1.19930e-04	3.31055	19.1
5990.610	nan	28685	1.15410e-04	3.31055	20.6	26727	1.23920e-04	3.31211	21.5	27526	1.20270e-04	3.31055	18.1	27595	1.19960e-04	3.31035	19.1
5991.798	nan	28725	1.15280e-04	3.31152	20.6	26717	1.23960e-04	3.31191	21.5	27516	1.20300e-04	3.31016	18.1	27608	1.19920e-04	3.31074	19.1
5992.986	nan	28698	1.15380e-04	3.31113	20.6	26769	1.23720e-04	3.31191	21.5	27499	1.20390e-04	3.31055	18.1	27614	1.19890e-04	3.31055	19.1
5994.175	nan	28684	1.15420e-04	3.31074	20.6	26702	1.24040e-04	3.31211	21.5	27498	1.20400e-04	3.31074	18.1	27623	1.19830e-04	3.31016	19.1
5995.363	nan	28747	1.15190e-04	3.31133	20.6	26717	1.23970e-04	3.31211	21.5	27534	1.20230e-04	3.31035	18.1	27562	1.20130e-04	3.31113	19.1
5996.551	nan	28708	1.15350e-04	3.31152	20.6	26704	1.24040e-04	3.31230	21.5	27536	1.20230e-04	3.31074	18.1	27582	1.20030e-04	3.31074	19.1
5997.739	nan	28754	1.15150e-04	3.31113	20.6	26720	1.23950e-04	3.31211	21.5	27530	1.20260e-04	3.31074	18.1	27588	1.19980e-04	3.30996	19.1
5998.927	nan	28713	1.15310e-04	3.31094	20.6	26738	1.23860e-04	3.31191	21.5	27507	1.20350e-04	3.31055	18.1	27568	1.20090e-04	3.31074	19.1
6000.116	nan	28696	1.15390e-04	3.31133	20.6	26734	1.23890e-04	3.31211	21.5	27499	1.20390e-04	3.31055	18.1	27601	1.19950e-04	3.31074	19.1
6001.304	nan	28731	1.15250e-04	3.31113	20.6	26731	1.23910e-04	3.31211	21.5	27492	1.20430e-04	3.31074	18.1	27588	1.19990e-04	3.31035	19.1
6002.492	nan	28721	1.15300e-04	3.31152	20.6	26774	1.23720e-04	3.31230	21.5	27497	1.20390e-04	3.31035	18.1	27566	1.20100e-04	3.31074	19.1
6003.681	nan	28747	1.15180e-04	3.31113	20.6	26756	1.23800e-04	3.31230	21.5	27499	1.20400e-04	3.31094	18.1	27583	1.20040e-04	3.31094	19.1
6004.869	nan	28695	1.15390e-04	3.31113	20.6	26724	1.23940e-04	3.31211	21.5	27505	1.20360e-04	3.31055	18.1	27584	1.20020e-04	3.31055	19.1
6006.057	nan	28740	1.15210e-04	3.31113	20.6	26760	1.23770e-04	3.31211	21.5	27540	1.20210e-04	3.31074	18.1	27619	1.19860e-04	3.31035	19.1
6007.245	nan	28725	1.15260e-04	3.31074	20.6	26729	1.23910e-04	3.31211	21.5	27512	1.20330e-04	3.31055	18.1	27601	1.19940e-04	3.31035	19.1
6008.434	nan	28701	1.15380e-04	3.31152	20.6	26732	1.23890e-04	3.31172	21.5	27500	1.20370e-04	3.31016	18.1	27557	1.20140e-04	3.31074	19.1
6009.622	nan	28748	1.15160e-04	3.31074	20.6	26757	1.23790e-04	3.31211	21.5	27482	1.20480e-04	3.31094	18.1	27590	1.19980e-04	3.31016	19.1
6010.810	nan	28720	1.15280e-04	3.31094	20.6	26761	1.23750e-04	3.31172	21.5	27503	1.20360e-04	3.31035	18.1	27597	1.19950e-04	3.31016	19.1
6011.998	nan	28727	1.15260e-04	3.31113	20.6	26723	1.23930e-04	3.31191	21.5	27519	1.20290e-04	3.31035	18.1	27593	1.19980e-04	3.31055	19.1
6013.186	nan	28704	1.15340e-04	3.31074	20.6	26746	1.23820e-04	3.31152	21.5	27530	1.20240e-04	3.31035	18.1	27630	1.19790e-04	3.30977	19.1
6014.375	nan	28718	1.15300e-04	3.31133	20.6	26736	1.23880e-04	3.31211	21.5	27509	1.20340e-04	3.31035	18.1	27583	1.20020e-04	3.31055	19.1
6015.563	nan	28757	1.15130e-04	3.31094	20.6	26722	1.23950e-04	3.31230	21.5	27487	1.20450e-04	3.31074	18.1	27566	1.20110e-04	3.31094	19.1
6016.751	nan	28723	1.15280e-04	3.31133	20.6	26744	1.23850e-04	3.31211	21.5	27469	1.20510e-04	3.31035	18.1	27595	1.19980e-04	3.31074	19.1
6017.939	nan	28732	1.15240e-04	3.31113	20.6	26763	1.23750e-04	3.31191	21.5	27502	1.20380e-04	3.31074	18.1	27598	1.19940e-04	3.30996	19.1
6019.128	nan	28738	1.15210e-04	3.31094	20.6	26708	1.24000e-04	3.31172	21.5	27503	1.20380e-04	3.31074	18.1	27602	1.19940e-04	3.31074	19.1
6020.316	nan	28696	1.15400e-04	3.31152	20.6	26712	1.24000e-04	3.31230	21.5	27467	1.20530e-04	3.31055	18.1	27575	1.20070e-04	3.31094	19.1
6021.505	nan	28728	1.15270e-04	3.31133	20.6	26724	1.23950e-04	3.31250	21.5	27502	1.20370e-04	3.31055	18.1	27595	1.19980e-04	3.31074	19.1
6022.693	nan	28682	1.15440e-04	3.31113	20.6	26736	1.23880e-04	3.31191	21.5	27515	1.20320e-04	3.31074	18.1	27589	1.19990e-04	3.31035	19.1
6023.881	nan	28739	1.15190e-04	3.31055	20.6	26739	1.23860e-04	3.31191	21.5	27484	1.20450e-04	3.31035	18.1	27601	1.19930e-04	3.31016	19.1
6025.069	nan	28702	1.15360e-04	3.31113	20.6	26706	1.23980e-04	3.31113	21.5	27498	1.20370e-04	3.30996	18.1	27588	1.19990e-04	3.31016	19.1
6026.257	nan	28753	1.15140e-04	3.31055	20.6	26774	1.23720e-04	3.31230	21.5	27521	1.20290e-04	3.31055	18.1	27575	1.20040e-04	3.31016	19.1
6027.446	nan	28724	1.15270e-04	3.31113	20.6	26735	1.23880e-04	3.31191	21.5	27456	1.20560e-04	3.31016	18.1	27555	1.20140e-04	3.31055	19.1
6028.634	nan	28750	1.15180e-04	3.31133	20.6	26720	1.23950e-04	3.31191	21.5	27477	1.20480e-04	3.31035	18.1	27560	1.20130e-04	3.31074	19.1
6029.822	nan	28717	1.15290e-04	3.31074	20.6	26735	1.23870e-04	3.31172	21.5	27493	1.20430e-04	3.31094	18.1	27579	1.20020e-04	3.30996	19.1
6031.010	nan	28734	1.15220e-04	3.31074	20.6	26706	1.24010e-04	3.31191	21.5	27497	1.20390e-04	3.31035	18.1	27597	1.19950e-04	3.31035	19.1
6032.198	nan	28724	1.15290e-04	3.31172	20.6	26724	1.23930e-04	3.31191	21.5	27492	1.20410e-04	3.31016	18.1	27595	1.19980e-04	3.31074	19.1
6033.387	nan	28778	1.15050e-04	3.31094	20.6	26735	1.23890e-04	3.31230	21.5	27500	1.20400e-04	3.31094	18.1	27626	1.19830e-04	3.31035	19.1
6034.575	nan	28733	1.15240e-04	3.31113	20.6	26719	1.23950e-04	3.31191	21.5	27523	1.20280e-04	3.31035	18.1	27607	1.19920e-04	3.31074	19.1
6035.763	nan	28716	1.15290e-04	3.31055	20.6	26720	1.23960e-04	3.31230	21.5	27493	1.20420e-04	3.31074	18.1	27585	1.20010e-04	3.31035	19.1
6036.951	nan	28725	1.15260e-04	3.31094	20.6	26720	1.23930e-04	3.31152	21.5	27479	1.20460e-04	3.30996	18.1	27599	1.19940e-04	3.31016	19.1
6038.140	nan	28753	1.15160e-04	3.31113	20.6	26720	1.23940e-04	3.31172	21.5	27477	1.20490e-04	3.31074	18.1	27591	1.19990e-04	3.31055	19.1
6039.328	nan	28730	1.15230e-04	3.31055	20.6	26729	1.23910e-04	3.31191	21.5	27506	1.20360e-04	3.31055	18.1	27571	1.20060e-04	3.31016	19.1
6040.517	nan	28728	1.15270e-04	3.31152	20.6	26735	1.23880e-04	3.31191	21.5	27503	1.20360e-04	3.31016	18.1	27613	1.19890e-04	3.31055	19.1
6041.705	nan	28730	1.15240e-04	3.31094	20.6	26711	1.24000e-04	3.31211	21.5	27500	1.20380e-04	3.31055	18.1	27570	1.20070e-04	3.31035	19.1
6042.893	nan	28736	1.15210e-04	3.31055	20.6	26756	1.23770e-04	3.31172	21.5	27519	1.20290e-04	3.31035	18.1	27565	1.20080e-04	3.30996	19.1
6044.081	nan	28776	1.15050e-04	3.31074	20.6	26731	1.23880e-04	3.31152	21.5	27509	1.20330e-04	3.31016	18.1	27560	1.20100e-04	3.30996	19.1
6045.269	nan	28758	1.15130e-04	3.31094	20.6	26710	1.24000e-04	3.31191	21.5	27494	1.20390e-04	3.30996	18.1	27618	1.19860e-04	3.31035	19.1
6046.458	nan	28704	1.15350e-04	3.31113	20.6	26722	1.23920e-04	3.31133	21.5	27461	1.20550e-04	3.31035	18.1	27547	1.20160e-04	3.30996	19.1
6047.646	nan	28714	1.15310e-04	3.31113	20.6	26764	1.23770e-04	3.31250	21.5	27489	1.20430e-04	3.31055	18.1	27587	1.20000e-04	3.31055	19.1
6048.834	nan	28732	1.15240e-04	3.31113	20.6	26737	1.23860e-04	3.31172	21.5	27495	1.20400e-04	3.31035	18.1	27557	1.20130e-04	3.31055	19.1
6050.022	nan	28798	1.14960e-04	3.31055	20.6	26741	1.23850e-04	3.31191	21.5	27501	1.20390e-04	3.31074	18.1	27595	1.19950e-04	3.30996	19.1
6051.211	nan	28785	1.15020e-04	3.31074	20.6	26772	1.23700e-04	3.31172	21.5	27521	1.20280e-04	3.31016	18.1	27598	1.19950e-04	3.31035	19.1
6052.399	nan	28753	1.15170e-04	3.31152	20.6	26739	1.23850e-04	3.31172	21.5	27503	1.20350e-04	3.30996	18.1	27595	1.19970e-04	3.31055	19.1
6053.587	nan	28758	1.15140e-04	3.31113	20.6	26741	1.23850e-04	3.31191	21.5	27517	1.20310e-04	3.31074	18.1	27565	1.20090e-04	3.31035	19.1
6054.776	nan	28772	1.15060e-04	3.31055	20.6	26733	1.23900e-04	3.31211	21.5	27512	1.20330e-04	3.31055	18.1	27625	1.19830e-04	3.31016	19.1
6055.964	nan	28727	1.15270e-04	3.31133	20.6	26728	1.23910e-04	3.31191	21.5	27469	1.20500e-04	3.30996	18.1	27551	1.20160e-04	3.31055	19.1
6057.152	nan	28751	1.15170e-04	3.31133	20.6	26730	1.23900e-04	3.31191	21.5	27506	1.20360e-04	3.31055	18.1	27589	1.20000e-04	3.31055	19.1
6058.340	nan	28757	1.15140e-04	3.31113	20.6	26718	1.23960e-04	3.31191	21.5	27500	1.20390e-04	3.31074	18.1	27595	1.19970e-04	3.31055	19.1
6059.528	nan	28745	1.15180e-04	3.31074	20.6	26735	1.23880e-04	3.31191	21.5	27494	1.20410e-04	3.31055	18.1	27578	1.20020e-04	3.30996	19.1
6060.717	nan	28756	1.15140e-04	3.31094	20.6	26741	1.23850e-04	3.31191	21.5	27528	1.20250e-04	3.31016	18.1	27617	1.19870e-04	3.31035	19.1
6061.905	nan	28772	1.15080e-04	3.31094	20.6	26754	1.23780e-04	3.31152	21.5	27487	1.20430e-04	3.31016	18.1	27608	1.19900e-04	3.31016	19.1
6063.093	nan	28778	1.15040e-04	3.31055	20.6	26736	1.23880e-04	3.31211	21.5	27474	1.20500e-04	3.31055	18.1	27583	1.20010e-04	3.31016	19.1
6064.282	nan	28757	1.15140e-04	3.31113	20.6	26753	1.23800e-04	3.31191	21.5	27523	1.20270e-04	3.31016	18.1	27600	1.19940e-04	3.31035	19.1
6065.470	nan	28730	1.15260e-04	3.31133	20.6	26783	1.23640e-04	3.31133	21.5	27502	1.20380e-04	3.31055	18.1	27593	1.19970e-04	3.31035	19.1
6066.658	nan	28769	1.15090e-04	3.31094	20.6	26762	1.23770e-04	3.31230	21.5	27470	1.20510e-04	3.31055	18.1	27591	1.19980e-04	3.31035	19.1
6067.846	nan	28753	1.15150e-04	3.31074	20.6	26739	1.23860e-04	3.31191	21.5	27511	1.20320e-04	3.31016	18.1	27578	1.20030e-04	3.31035	19.1
6069.035	nan	28765	1.15110e-04	3.31113	20.6	26745	1.23820e-04	3.31152	21.5	27475	1.20480e-04	3.31016	18.1	27623	1.19840e-04	3.31035	19.1
6070.223	nan	28747	1.15170e-04	3.31074	20.6	26730	1.23900e-04	3.31191	21.5	27509	1.20340e-04	3.31055	18.1	27596	1.19940e-04	3.30996	19.1
6071.411	nan	28754	1.15130e-04	3.31055	20.6	26745	1.23830e-04	3.31191	21.5	27457	1.20570e-04	3.31035	18.1	27591	1.19970e-04	3.31016	19.1
6072.599	nan	28764	1.15130e-04	3.31152	20.6	26725	1.23920e-04	3.31172	21.5	27518	1.20280e-04	3.30977	18.1	27613	1.19900e-04	3.31074	19.1
6073.788	nan	28756	1.15130e-04	3.31074	20.6	26732	1.23890e-04	3.31172	21.5	27539	1.20230e-04	3.31094	18.1	27599	1.19940e-04	3.31016	19.1
6074.976	nan	28761	1.15100e-04	3.31035	20.6	26746	1.23850e-04	3.31230	21.5	27505	1.20350e-04	3.31035	18.1	27590	1.19970e-04	3.30996	19.1
6076.164	nan	28747	1.15190e-04	3.31133	20.6	26763	1.23750e-04	3.31191	21.5	27523	1.20260e-04	3.30996	18.1	27581	1.20020e-04	3.31035	19.1
6077.353	nan	28728	1.15260e-04	3.31113	20.6	26741	1.23840e-04	3.31172	21.5	27511	1.20330e-04	3.31035	18.1	27597	1.19950e-04	3.31035	19.1
6078.540	nan	28767	1.15090e-04	3.31074	20.6	26734	1.23880e-04	3.31172	21.5	27468	1.20520e-04	3.31055	18.0	27586	1.19980e-04	3.30977	19.1
6079.729	nan	28763	1.15110e-04	3.31094	20.6	26765	1.23750e-04	3.31211	21.5	27474	1.20490e-04	3.31035	18.0	27586	1.20010e-04	3.31074	19.1
6080.917	nan	28734	1.15230e-04	3.31094	20.6	26718	1.23960e-04	3.31191	21.5	27486	1.20440e-04	3.31035	18.1	27586	1.20000e-04	3.31035	19.1
6082.105	nan	28739	1.15200e-04	3.31074	20.6	26745	1.23820e-04	3.31152	21.5	27495	1.20400e-04	3.31035	18.1	27592	1.19960e-04	3.30996	19.1
6083.293	nan	28769	1.15070e-04	3.31055	20.6	26718	1.23960e-04	3.31211	21.5	27485	1.20440e-04	3.31035	18.0	27566	1.20080e-04	3.31016	19.1
6084.482	nan	28750	1.15180e-04	3.31133	20.6	26755	1.23790e-04	3.31191	21.5	27494	1.20400e-04	3.31016	18.0	27562	1.20110e-04	3.31035	19.1
6085.670	nan	28784	1.15030e-04	3.31094	20.6	26761	1.23740e-04	3.31152	21.5	27477	1.20480e-04	3.31055	18.1	27583	1.20010e-04	3.31035	19.1
6086.859	nan	28761	1.15110e-04	3.31074	20.6	26703	1.24030e-04	3.31211	21.5	27488	1.20430e-04	3.31035	18.0	27582	1.20000e-04	3.30996	19.1
6088.047	nan	28739	1.15200e-04	3.31074	20.6	26731	1.23890e-04	3.31172	21.5	27507	1.20340e-04	3.31016	18.0	27595	1.19960e-04	3.31035	19.1
6089.235	nan	28766	1.15100e-04	3.31113	20.6	26745	1.23830e-04	3.31172	21.5	27487	1.20420e-04	3.31016	18.0	27588	1.19990e-04	3.31035	19.1
6090.423	nan	28776	1.15050e-04	3.31055	20.6	26746	1.23820e-04	3.31152	21.5	27511	1.20330e-04	3.31035	18.0	27579	1.20010e-04	3.30977	19.1
6091.612	nan	28763	1.15110e-04	3.31094	20.6	26749	1.23810e-04	3.31172	21.5	27463	1.20530e-04	3.31016	18.0	27563	1.20090e-04	3.31016	19.1
6092.800	nan	28751	1.15160e-04	3.31094	20.6	26735	1.23870e-04	3.31172	21.5	27516	1.20310e-04	3.31035	18.0	27630	1.19810e-04	3.31035	19.1
6093.988	nan	28748	1.15160e-04	3.31055	20.6	26725	1.23900e-04	3.31113	21.5	27492	1.20410e-04	3.31035	18.0	27548	1.20150e-04	3.30996	19.1
6095.176	nan	28784	1.15000e-04	3.31016	20.6	26738	1.23860e-04	3.31172	21.5	27492	1.20400e-04	3.30996	18.0	27594	1.19940e-04	3.30977	19.1
6096.364	nan	28774	1.15080e-04	3.31133	20.6	26698	1.24050e-04	3.31191	21.5	27466	1.20500e-04	3.30977	18.0	27600	1.19940e-04	3.31035	19.1
6097.553	nan	28732	1.15230e-04	3.31074	20.6	26749	1.23810e-04	3.31172	21.5	27476	1.20490e-04	3.31055	18.0	27589	1.19980e-04	3.31016	19.1
6098.741	nan	28793	1.14980e-04	3.31055	20.6	26710	1.23980e-04	3.31152	21.5	27514	1.20310e-04	3.31016	18.0	27586	1.19970e-04	3.30957	19.1
6099.930	nan	28732	1.15230e-04	3.31094	20.6	26748	1.23830e-04	3.31211	21.5	27499	1.20370e-04	3.30996	18.0	27600	1.19960e-04	3.31094	19.1
6101.118	nan	28764	1.15100e-04	3.31074	20.6	26751	1.23790e-04	3.31152	21.5	27515	1.20310e-04	3.31035	18.0	27595	1.19960e-04	3.31016	19.1
6102.306	nan	28815	1.14900e-04	3.31074	20.6	26746	1.23810e-04	3.31133	21.5	27506	1.20350e-04	3.31035	18.0	27577	1.20020e-04	3.30977	19.1
6103.494	nan	28742	1.15180e-04	3.31055	20.6	26718	1.23960e-04	3.31191	21.5	27506	1.20340e-04	3.31016	18.0	27551	1.20150e-04	3.31016	19.1
6104.682	nan	28787	1.15020e-04	3.31113	20.6	26716	1.23950e-04	3.31152	21.5	27533	1.20220e-04	3.30996	18.0	27633	1.19790e-04	3.31016	19.1
6105.871	nan	28780	1.15040e-04	3.31094	20.6	26746	1.23810e-04	3.31133	21.5	27509	1.20340e-04	3.31035	18.0	27586	1.20000e-04	3.31035	19.1
6107.059	nan	28709	1.15320e-04	3.31074	20.6	26731	1.23920e-04	3.31250	21.5	27471	1.20510e-04	3.31055	18.0	27635	1.19770e-04	3.30996	19.1
6108.247	nan	28778	1.15060e-04	3.31113	20.6	26705	1.24010e-04	3.31172	21.5	27522	1.20270e-04	3.30996	18.0	27616	1.19880e-04	3.31055	19.1
6109.435	nan	28760	1.15120e-04	3.31074	20.6	26736	1.23860e-04	3.31152	21.5	27491	1.20420e-04	3.31055	18.0	27584	1.20000e-04	3.31016	19.1
6110.623	nan	28765	1.15100e-04	3.31094	20.6	26708	1.24010e-04	3.31191	21.5	27495	1.20390e-04	3.31016	18.0	27602	1.19930e-04	3.31016	19.1
6111.812	nan	28764	1.15090e-04	3.31055	20.6	26743	1.23830e-04	3.31152	21.5	27495	1.20380e-04	3.30996	18.0	27625	1.19820e-04	3.31016	19.1
6113.000	nan	28785	1.15020e-04	3.31074	20.6	26730	1.23890e-04	3.31152	21.5	27485	1.20440e-04	3.31016	18.0	27585	1.20000e-04	3.31016	19.1
6114.188	nan	28750	1.15140e-04	3.31035	20.6	26752	1.23770e-04	3.31113	21.5	27534	1.20220e-04	3.31016	18.0	27568	1.20050e-04	3.30957	19.1
6115.377	nan	28774	1.15050e-04	3.31035	20.6	26727	1.23890e-04	3.31133	21.5	27481	1.20450e-04	3.30996	18.0	27592	1.19950e-04	3.30977	19.1
6116.565	nan	28774	1.15080e-04	3.31113	20.6	26732	1.23890e-04	3.31191	21.5	27469	1.20500e-04	3.30996	18.0	27605	1.19930e-04	3.31074	19.1
6117.753	nan	28728	1.15240e-04	3.31055	20.6	26730	1.23880e-04	3.31133	21.5	27514	1.20320e-04	3.31055	18.0	27595	1.19950e-04	3.30996	19.1
6118.941	nan	28800	1.14950e-04	3.31055	20.6	26751	1.23800e-04	3.31172	21.5	27483	1.20440e-04	3.30996	18.0	27574	1.20040e-04	3.30996	19.1
6120.129	nan	28754	1.15130e-04	3.31055	20.6	26725	1.23910e-04	3.31152	21.5	27489	1.20420e-04	3.31016	18.0	27617	1.19860e-04	3.31016	19.1
6121.318	nan	28769	1.15090e-04	3.31113	20.6	26691	1.24080e-04	3.31191	21.5	27489	1.20420e-04	3.31016	18.0	27554	1.20150e-04	3.31055	19.1
6122.506	nan	28772	1.15070e-04	3.31074	20.6	26769	1.23700e-04	3.31133	21.5	27488	1.20440e-04	3.31055	18.0	27599	1.19930e-04	3.30996	19.1
6123.694	nan	28787	1.15000e-04	3.31055	20.6	26731	1.23900e-04	3.31191	21.5	27479	1.20450e-04	3.30977	18.0	27615	1.19850e-04	3.30977	19.1
6124.883	nan	28784	1.15030e-04	3.31094	20.6	26713	1.23970e-04	3.31152	21.5	27487	1.20430e-04	3.31016	18.0	27608	1.19910e-04	3.31035	19.1
6126.071	nan	28727	1.15240e-04	3.31055	20.6	26718	1.23930e-04	3.31133	21.5	27482	1.20450e-04	3.31016	18.0	27562	1.20090e-04	3.30996	19.1
6127.259	nan	28753	1.15140e-04	3.31055	20.6	26721	1.23940e-04	3.31172	21.5	27504	1.20350e-04	3.31016	18.0	27605	1.19900e-04	3.30977	19.1
6128.447	nan	28783	1.15020e-04	3.31074	20.6	26708	1.24000e-04	3.31172	21.5	27489	1.20410e-04	3.30996	18.0	27620	1.19850e-04	3.31016	19.1
6129.636	nan	28774	1.15050e-04	3.31035	20.6	26757	1.23760e-04	3.31133	21.5	27495	1.20380e-04	3.30996	18.0	27604	1.19900e-04	3.30977	19.1
6130.824	nan	28803	1.14940e-04	3.31074	20.6	26729	1.23890e-04	3.31152	21.5	27500	1.20360e-04	3.30996	18.0	27619	1.19840e-04	3.30996	19.1
6132.012	nan	28799	1.14950e-04	3.31035	20.6	26709	1.23990e-04	3.31172	21.5	27514	1.20310e-04	3.31016	18.0	27590	1.19970e-04	3.30996	19.1
6133.200	nan	28746	1.15180e-04	3.31094	20.6	26740	1.23840e-04	3.31152	21.5	27455	1.20550e-04	3.30977	18.0	27594	1.19960e-04	3.31016	19.1
6134.389	nan	28733	1.15210e-04	3.31035	20.6	26703	1.24000e-04	3.31113	21.5	27446	1.20610e-04	3.31016	18.0	27604	1.19900e-04	3.30977	19.1
6135.577	nan	28763	1.15100e-04	3.31055	20.6	26747	1.23820e-04	3.31191	21.5	27461	1.20530e-04	3.30996	18.0	27602	1.19930e-04	3.31016	19.1
6136.765	nan	28765	1.15110e-04	3.31113	20.6	26730	1.23890e-04	3.31152	21.5	27477	1.20470e-04	3.31016	18.0	27608	1.19910e-04	3.31055	19.1
6137.953	nan	28734	1.15230e-04	3.31094	20.6	26744	1.23820e-04	3.31152	21.5	27490	1.20410e-04	3.31016	18.0	27600	1.19930e-04	3.31016	19.1
6139.142	nan	28787	1.15000e-04	3.31055	20.6	26726	1.23910e-04	3.31172	21.5	27484	1.20440e-04	3.31035	18.0	27645	1.19730e-04	3.30996	19.1
6140.330	nan	28797	1.14960e-04	3.31035	20.6	26760	1.23740e-04	3.31133	21.5	27426	1.20680e-04	3.30977	18.0	27605	1.19900e-04	3.30977	19.1
6141.518	nan	28729	1.15230e-04	3.31055	20.6	26757	1.23760e-04	3.31133	21.5	27491	1.20390e-04	3.30977	18.0	27601	1.19920e-04	3.30996	19.1
6142.706	nan	28722	1.15250e-04	3.31035	20.6	26752	1.23760e-04	3.31094	21.5	27485	1.20440e-04	3.31016	18.0	27579	1.20010e-04	3.30977	19.1
6143.895	nan	28745	1.15170e-04	3.31055	20.6	26751	1.23790e-04	3.31152	21.5	27496	1.20370e-04	3.30977	18.0	27584	1.19990e-04	3.30977	19.1
6145.083	nan	28789	1.15000e-04	3.31074	20.6	26717	1.23960e-04	3.31172	21.5	27518	1.20290e-04	3.30996	18.0	27603	1.19920e-04	3.31016	19.1
6146.271	nan	28798	1.14960e-04	3.31055	20.6	26735	1.23850e-04	3.31113	21.5	27482	1.20430e-04	3.30977	18.0	27579	1.20020e-04	3.30996	19.1
6147.459	nan	28811	1.14910e-04	3.31074	20.6	26750	1.23810e-04	3.31191	21.5	27483	1.20440e-04	3.31016	18.0	27579	1.20010e-04	3.30977	19.1
6148.648	nan	28761	1.15110e-04	3.31074	20.6	26758	1.23760e-04	3.31152	21.5	27480	1.20450e-04	3.30996	18.0	27599	1.19930e-04	3.30996	19.1
6149.836	nan	28799	1.14950e-04	3.31055	20.6	26727	1.23900e-04	3.31152	21.5	27466	1.20520e-04	3.31016	18.0	27604	1.19910e-04	3.30996	19.1
6151.024	nan	28792	1.14960e-04	3.30996	20.6	26778	1.23660e-04	3.31152	21.5	27488	1.20410e-04	3.30996	18.0	27598	1.19910e-04	3.30938	19.1
6152.212	nan	28746	1.15170e-04	3.31074	20.6	26749	1.23800e-04	3.31152	21.5	27444	1.20590e-04	3.30957	18.0	27610	1.19880e-04	3.30996	19.1
6153.401	nan	28790	1.14980e-04	3.31035	20.6	26739	1.23850e-04	3.31152	21.5	27466	1.20520e-04	3.31035	18.0	27594	1.19960e-04	3.31016	19.1
6154.589	nan	28798	1.14970e-04	3.31074	20.6	26715	1.23940e-04	3.31113	21.5	27481	1.20450e-04	3.30996	18.0	27591	1.19970e-04	3.30996	19.1
6155.777	nan	28759	1.15110e-04	3.31055	20.6	26729	1.23880e-04	3.31133	21.5	27478	1.20460e-04	3.30996	18.0	27607	1.19900e-04	3.30996	19.1
6156.966	nan	28769	1.15070e-04	3.31035	20.6	26748	1.23810e-04	3.31172	21.5	27524	1.20260e-04	3.30996	18.0	27609	1.19880e-04	3.30977	19.1
6158.154	nan	28756	1.15130e-04	3.31055	20.6	26749	1.23780e-04	3.31094	21.5	27512	1.20300e-04	3.30977	18.0	27640	1.19750e-04	3.30996	19.1
6159.342	nan	28741	1.15170e-04	3.31016	20.6	26760	1.23760e-04	3.31172	21.5	27441	1.20620e-04	3.30996	18.0	27575	1.20020e-04	3.30957	19.1
6160.531	nan	28805	1.14930e-04	3.31055	20.6	26741	1.23840e-04	3.31152	21.5	27485	1.20420e-04	3.30977	18.0	27575	1.20040e-04	3.31016	19.1
6161.719	nan	28776	1.15050e-04	3.31074	20.6	26748	1.23800e-04	3.31133	21.5	27500	1.20360e-04	3.30996	18.0	27608	1.19890e-04	3.30996	19.1
6162.907	nan	28743	1.15170e-04	3.31035	20.6	26726	1.23900e-04	3.31133	21.5	27490	1.20410e-04	3.30996	18.0	27625	1.19810e-04	3.30977	19.1
6164.095	nan	28802	1.14940e-04	3.31055	20.6	26723	1.23910e-04	3.31133	21.5	27457	1.20550e-04	3.30996	18.0	27594	1.19950e-04	3.30996	19.1
6165.283	nan	28785	1.15010e-04	3.31055	20.6	26738	1.23850e-04	3.31152	21.5	27471	1.20480e-04	3.30977	18.0	27635	1.19770e-04	3.30996	19.1
6166.472	nan	28774	1.15050e-04	3.31035	20.6	26732	1.23870e-04	3.31133	21.5	27497	1.20370e-04	3.30977	18.0	27604	1.19900e-04	3.30977	19.1
6167.660	nan	28801	1.14930e-04	3.31016	20.6	26749	1.23780e-04	3.31094	21.5	27484	1.20440e-04	3.31016	18.0	27628	1.19800e-04	3.30977	19.1
6168.848	nan	28838	1.14800e-04	3.31055	20.6	26754	1.23770e-04	3.31133	21.5	27451	1.20570e-04	3.30977	18.0	27645	1.19720e-04	3.30977	19.1
6170.036	nan	28755	1.15130e-04	3.31055	20.6	26743	1.23830e-04	3.31172	21.5	27477	1.20460e-04	3.30996	18.0	27633	1.19790e-04	3.31016	19.1
6171.224	nan	28766	1.15090e-04	3.31074	20.6	26719	1.23940e-04	3.31152	21.5	27491	1.20400e-04	3.30996	18.0	27643	1.19750e-04	3.31016	19.1
6172.413	nan	28756	1.15120e-04	3.31035	20.6	26724	1.23910e-04	3.31133	21.5	27496	1.20390e-04	3.31016	18.0	27613	1.19870e-04	3.30996	19.1
6173.601	nan	28775	1.15050e-04	3.31055	20.6	26768	1.23720e-04	3.31172	21.5	27480	1.20440e-04	3.30977	18.0	27596	1.19950e-04	3.31016	19.1
6174.789	nan	28767	1.15080e-04	3.31055	20.6	26738	1.23840e-04	3.31113	21.5	27482	1.20450e-04	3.31016	18.0	27620	1.19830e-04	3.30977	19.1
6175.977	nan	28765	1.15090e-04	3.31055	20.6	26726	1.23900e-04	3.31133	21.5	27471	1.20480e-04	3.30977	18.0	27612	1.19870e-04	3.30977	19.1
6177.166	nan	28773	1.15060e-04	3.31055	20.6	26730	1.23900e-04	3.31172	21.5	27470	1.20500e-04	3.31016	18.0	27601	1.19920e-04	3.30996	19.1
6178.354	nan	28817	1.14870e-04	3.31016	20.6	26760	1.23740e-04	3.31133	21.5	27478	1.20460e-04	3.30996	18.0	27588	1.19960e-04	3.30957	19.1
6179.543	nan	28793	1.15000e-04	3.31113	20.6	26740	1.23830e-04	3.31133	21.5	27470	1.20480e-04	3.30957	18.0	27622	1.19850e-04	3.31055	19.1
6180.731	nan	28783	1.15020e-04	3.31055	20.6	26703	1.24030e-04	3.31191	21.5	27454	1.20590e-04	3.31055	18.0	27635	1.19770e-04	3.30996	19.1
6181.919	nan	28782	1.15010e-04	3.31016	20.6	26744	1.23810e-04	3.31113	21.5	27488	1.20420e-04	3.31016	18.0	27624	1.19810e-04	3.30957	19.1
6183.107	nan	28777	1.15070e-04	3.31133	20.6	26746	1.23830e-04	3.31211	21.5	27491	1.20390e-04	3.30977	18.0	27598	1.19970e-04	3.31094	19.1
6184.295	nan	28770	1.15080e-04	3.31074	20.6	26754	1.23780e-04	3.31152	21.5	27499	1.20390e-04	3.31055	18.0	27631	1.19790e-04	3.30996	19.1
6185.484	nan	28805	1.14940e-04	3.31074	20.6	26728	1.23910e-04	3.31172	21.5	27455	1.20570e-04	3.31016	18.0	27594	1.19950e-04	3.30996	19.1
6186.672	nan	28763	1.15100e-04	3.31074	20.6	26758	1.23770e-04	3.31172	21.5	27466	1.20510e-04	3.30996	18.0	27626	1.19820e-04	3.31016	19.1
6187.861	nan	28747	1.15160e-04	3.31055	20.6	26728	1.23890e-04	3.31133	21.5	27496	1.20390e-04	3.31035	18.0	27626	1.19820e-04	3.31016	19.1
6189.048	nan	28759	1.15130e-04	3.31094	20.6	26741	1.23850e-04	3.31191	21.5	27487	1.20420e-04	3.31016	18.0	27603	1.19930e-04	3.31035	19.1
6190.237	nan	28788	1.15000e-04	3.31074	20.6	26773	1.23700e-04	3.31191	21.5	27463	1.20540e-04	3.31035	18.0	27644	1.19740e-04	3.31016	19.1
6191.425	nan	28826	1.14870e-04	3.31113	20.6	26758	1.23770e-04	3.31172	21.5	27466	1.20520e-04	3.31016	18.0	27548	1.20170e-04	3.31055	19.1
6192.613	nan	28763	1.15110e-04	3.31094	20.6	26728	1.23900e-04	3.31152	21.5	27497	1.20390e-04	3.31035	18.0	27582	1.20010e-04	3.31016	19.1
6193.802	nan	28780	1.15030e-04	3.31055	20.5	26710	1.23980e-04	3.31152	21.5	27477	1.20480e-04	3.31035	18.0	27620	1.19840e-04	3.30996	19.1
6194.990	nan	28823	1.14870e-04	3.31094	20.6	26753	1.23790e-04	3.31172	21.5	27479	1.20450e-04	3.30996	18.0	27612	1.19890e-04	3.31035	19.1
6196.178	nan	28753	1.15160e-04	3.31113	20.5	26735	1.23880e-04	3.31191	21.5	27501	1.20370e-04	3.31035	18.0	27633	1.19810e-04	3.31074	19.1
6197.366	nan	28791	1.14990e-04	3.31055	20.5	26748	1.23820e-04	3.31191	21.5	27469	1.20520e-04	3.31055	18.0	27624	1.19820e-04	3.30996	19.1
6198.554	nan	28767	1.15090e-04	3.31074	20.5	26749	1.23810e-04	3.31191	21.5	27455	1.20570e-04	3.31035	18.0	27625	1.19830e-04	3.31035	19.1
6199.743	nan	28790	1.15010e-04	3.31113	20.5	26764	1.23740e-04	3.31172	21.5	27487	1.20430e-04	3.31035	18.0	27615	1.19880e-04	3.31055	19.1
6200.931	nan	28774	1.15070e-04	3.31094	20.5	26751	1.23810e-04	3.31191	21.5	27461	1.20550e-04	3.31035	18.0	27591	1.19980e-04	3.31035	19.1
6202.120	nan	28773	1.15050e-04	3.31035	20.5	26736	1.23860e-04	3.31152	21.5	27477	1.20470e-04	3.31016	18.0	27586	1.19980e-04	3.30977	19.1
6203.308	nan	28774	1.15090e-04	3.31152	20.5	26770	1.23720e-04	3.31211	21.5	27435	1.20650e-04	3.30996	18.0	27635	1.19800e-04	3.31074	19.1
6204.496	nan	28783	1.15030e-04	3.31094	20.5	26791	1.23620e-04	3.31172	21.5	27456	1.20580e-04	3.31055	18.0	27638	1.19770e-04	3.31035	19.1
6205.684	nan	28790	1.14980e-04	3.31035	20.5	26752	1.23790e-04	3.31152	21.5	27475	1.20490e-04	3.31035	18.0	27624	1.19810e-04	3.30957	19.1
6206.873	nan	28760	1.15120e-04	3.31094	20.5	26758	1.23770e-04	3.31191	21.5	27484	1.20440e-04	3.31016	18.0	27568	1.20080e-04	3.31035	19.1
6208.061	nan	28774	1.15070e-04	3.31094	20.5	26764	1.23740e-04	3.31191	21.5	27460	1.20550e-04	3.31016	18.0	27644	1.19750e-04	3.31035	19.1
6209.249	nan	28797	1.14970e-04	3.31094	20.5	26759	1.23760e-04	3.31172	21.5	27497	1.20390e-04	3.31035	18.0	27586	1.20000e-04	3.31035	19.1
6210.437	nan	28794	1.14970e-04	3.31035	20.5	26751	1.23810e-04	3.31191	21.5	27489	1.20430e-04	3.31055	18.0	27603	1.19900e-04	3.30957	19.1
6211.626	nan	28791	1.15000e-04	3.31094	20.5	26736	1.23860e-04	3.31152	21.5	27473	1.20470e-04	3.30977	18.0	27621	1.19850e-04	3.31035	19.1
6212.814	nan	28779	1.15040e-04	3.31074	20.5	26740	1.23850e-04	3.31172	21.5	27479	1.20460e-04	3.31016	18.0	27624	1.19830e-04	3.31016	19.1
6214.002	nan	28816	1.14890e-04	3.31055	20.5	26751	1.23780e-04	3.31133	21.5	27495	1.20400e-04	3.31035	18.0	27601	1.19920e-04	3.30996	19.1
6215.190	nan	28758	1.15110e-04	3.31035	20.5	26730	1.23900e-04	3.31172	21.5	27457	1.20550e-04	3.30996	18.0	27647	1.19710e-04	3.30977	19.1
6216.379	nan	28763	1.15100e-04	3.31074	20.5	26726	1.23900e-04	3.31133	21.5	27468	1.20490e-04	3.30977	18.0	27596	1.19950e-04	3.31016	19.1
6217.567	nan	28815	1.14870e-04	3.31016	20.5	26724	1.23910e-04	3.31133	21.5	27467	1.20510e-04	3.31016	18.0	27605	1.19900e-04	3.30977	19.1
6218.755	nan	28809	1.14910e-04	3.31035	20.5	26716	1.23950e-04	3.31152	21.5	27466	1.20500e-04	3.30977	18.0	27611	1.19870e-04	3.30957	19.1
6219.943	nan	28777	1.15050e-04	3.31074	20.5	26728	1.23880e-04	3.31113	21.5	27479	1.20450e-04	3.30977	18.0	27606	1.19910e-04	3.31016	19.1
6221.132	nan	28814	1.14900e-04	3.31074	20.5	26758	1.23760e-04	3.31152	21.5	27475	1.20470e-04	3.30996	18.0	27647	1.19730e-04	3.31016	19.1
6222.320	nan	28781	1.15020e-04	3.31055	20.5	26736	1.23860e-04	3.31152	21.5	27482	1.20450e-04	3.31016	18.0	27608	1.19900e-04	3.31016	19.1
6223.508	nan	28780	1.15020e-04	3.31035	20.5	26776	1.23690e-04	3.31191	21.5	27498	1.20370e-04	3.30996	18.0	27597	1.19940e-04	3.30996	19.1
6224.697	nan	28784	1.15030e-04	3.31094	20.5	26752	1.23790e-04	3.31172	21.5	27462	1.20520e-04	3.30977	18.0	27603	1.19910e-04	3.30977	19.1
6225.884	nan	28784	1.15020e-04	3.31074	20.5	26764	1.23720e-04	3.31113	21.5	27461	1.20560e-04	3.31055	18.0	27608	1.19910e-04	3.31035	19.1
6227.073	nan	28788	1.14980e-04	3.31016	20.5	26793	1.23610e-04	3.31191	21.5	27486	1.20420e-04	3.30996	18.0	27588	1.19980e-04	3.30996	19.1
6228.261	nan	28802	1.14960e-04	3.31113	20.5	26779	1.23670e-04	3.31172	21.5	27474	1.20470e-04	3.30977	18.0	27594	1.19950e-04	3.30977	19.1
6229.449	nan	28801	1.14950e-04	3.31055	20.5	26759	1.23760e-04	3.31172	21.5	27475	1.20490e-04	3.31055	18.0	27602	1.19950e-04	3.31074	19.1
6230.637	nan	28791	1.14970e-04	3.31016	20.5	26702	1.24000e-04	3.31094	21.5	27462	1.20530e-04	3.30996	18.0	27619	1.19850e-04	3.30996	19.1
6231.826	nan	28761	1.15120e-04	3.31094	20.5	26757	1.23770e-04	3.31172	21.5	27462	1.20510e-04	3.30957	18.0	27598	1.19910e-04	3.30938	19.1
6233.014	nan	28815	1.14900e-04	3.31074	20.5	26746	1.23810e-04	3.31133	21.5	27492	1.20410e-04	3.31016	18.0	27624	1.19830e-04	3.31035	19.1
6234.202	nan	28820	1.14870e-04	3.31055	20.5	26762	1.23740e-04	3.31152	21.5	27447	1.20600e-04	3.31016	18.0	27613	1.19870e-04	3.30996	19.1
6235.391	nan	28802	1.14940e-04	3.31055	20.5	26788	1.23630e-04	3.31191	21.4	27499	1.20370e-04	3.31016	18.0	27584	1.20000e-04	3.30996	19.1
6236.579	nan	28819	1.14870e-04	3.31055	20.5	26773	1.23690e-04	3.31152	21.4	27460	1.20530e-04	3.30977	18.0	27596	1.19950e-04	3.30996	19.1
6237.767	nan	28818	1.14880e-04	3.31055	20.5	26756	1.23760e-04	3.31133	21.4	27451	1.20580e-04	3.31016	18.0	27611	1.19880e-04	3.31016	19.1
6238.955	nan	28759	1.15100e-04	3.31016	20.5	26757	1.23760e-04	3.31152	21.5	27448	1.20590e-04	3.30996	18.0	27617	1.19850e-04	3.30996	19.1
6240.144	nan	28807	1.14930e-04	3.31074	20.5	26746	1.23790e-04	3.31094	21.4	27469	1.20480e-04	3.30957	18.0	27599	1.19920e-04	3.30957	19.1
6241.332	nan	28765	1.15100e-04	3.31074	20.5	26770	1.23710e-04	3.31172	21.4	27448	1.20590e-04	3.30996	18.0	27633	1.19780e-04	3.30996	19.1
6242.520	nan	28791	1.14980e-04	3.31035	20.5	26781	1.23650e-04	3.31133	21.4	27471	1.20510e-04	3.31035	18.0	27615	1.19870e-04	3.31016	19.1
6243.708	nan	28786	1.15000e-04	3.31055	20.5	26748	1.23810e-04	3.31152	21.4	27465	1.20510e-04	3.30977	18.0	27607	1.19890e-04	3.30977	19.1
6244.896	nan	28795	1.14980e-04	3.31074	20.5	26758	1.23760e-04	3.31172	21.4	27497	1.20380e-04	3.30996	18.0	27611	1.19880e-04	3.30996	19.1
6246.085	nan	28775	1.15040e-04	3.31035	20.5	26759	1.23750e-04	3.31152	21.4	27446	1.20610e-04	3.31016	18.0	27617	1.19860e-04	3.31016	19.1
6247.273	nan	28801	1.14950e-04	3.31055	20.5	26777	1.23660e-04	3.31133	21.4	27492	1.20400e-04	3.30996	18.0	27597	1.19940e-04	3.30996	19.1
6248.461	nan	28817	1.14870e-04	3.31035	20.5	26775	1.23680e-04	3.31152	21.4	27491	1.20390e-04	3.30977	18.0	27620	1.19830e-04	3.30977	19.1
6249.650	nan	28770	1.15060e-04	3.31035	20.5	26781	1.23650e-04	3.31133	21.4	27476	1.20460e-04	3.30977	18.0	27602	1.19910e-04	3.30977	19.1
6250.838	nan	28793	1.14960e-04	3.30996	20.5	26739	1.23830e-04	3.31113	21.4	27471	1.20480e-04	3.30977	18.0	27636	1.19760e-04	3.30977	19.1
6252.026	nan	28755	1.15120e-04	3.31035	20.5	26746	1.23800e-04	3.31113	21.4	27457	1.20530e-04	3.30938	18.0	27610	1.19860e-04	3.30938	19.1
6253.214	nan	28791	1.14980e-04	3.31055	20.5	26719	1.23930e-04	3.31133	21.4	27439	1.20620e-04	3.30977	18.0	27621	1.19830e-04	3.30977	19.1
6254.403	nan	28798	1.14950e-04	3.31035	20.5	26751	1.23780e-04	3.31133	21.4	27488	1.20410e-04	3.30996	18.0	27606	1.19900e-04	3.30996	19.1
6255.591	nan	28762	1.15100e-04	3.31035	20.5	26747	1.23800e-04	3.31133	21.4	27460	1.20520e-04	3.30957	18.0	27593	1.19940e-04	3.30957	19.1
6256.779	nan	28770	1.15070e-04	3.31055	20.5	26756	1.23760e-04	3.31133	21.4	27500	1.20360e-04	3.30996	18.0	27617	1.19840e-04	3.30977	19.1
6257.968	nan	28807	1.14910e-04	3.31016	20.5	26786	1.23610e-04	3.31094	21.4	27501	1.20350e-04	3.30977	18.0	27603	1.19910e-04	3.30996	19.1
6259.156	nan	28770	1.15060e-04	3.31035	20.5	26743	1.23810e-04	3.31094	21.4	27474	1.20460e-04	3.30957	18.0	27611	1.19860e-04	3.30938	19.1
6260.344	nan	28788	1.15000e-04	3.31055	20.5	26747	1.23820e-04	3.31191	21.4	27518	1.20290e-04	3.31016	18.0	27622	1.19820e-04	3.30977	19.1
6261.532	nan	28780	1.15020e-04	3.31035	20.5	26753	1.23770e-04	3.31133	21.4	27465	1.20520e-04	3.30996	18.0	27615	1.19860e-04	3.30996	19.1
6262.720	nan	28781	1.15020e-04	3.31035	20.5	26783	1.23630e-04	3.31113	21.4	27457	1.20540e-04	3.30977	18.0	27615	1.19860e-04	3.30977	19.1
6263.909	nan	28773	1.15060e-04	3.31055	20.5	26768	1.23730e-04	3.31191	21.4	27478	1.20460e-04	3.30996	18.0	27629	1.19800e-04	3.30996	19.1
6265.097	nan	28772	1.15050e-04	3.31035	20.5	26786	1.23630e-04	3.31152	21.4	27472	1.20480e-04	3.30996	18.0	27622	1.19830e-04	3.30996	19.1
6266.286	nan	28815	1.14900e-04	3.31094	20.5	26756	1.23760e-04	3.31133	21.4	27475	1.20470e-04	3.30977	18.0	27603	1.19900e-04	3.30977	19.1
6267.474	nan	28779	1.15030e-04	3.31055	20.5	26772	1.23680e-04	3.31133	21.4	27473	1.20490e-04	3.31016	18.0	27621	1.19850e-04	3.31035	19.1
6268.662	nan	28808	1.14910e-04	3.31035	20.5	26773	1.23670e-04	3.31113	21.4	27445	1.20600e-04	3.30996	18.0	27579	1.20020e-04	3.30996	19.1
6269.850	nan	28799	1.14950e-04	3.31055	20.5	26746	1.23810e-04	3.31152	21.4	27487	1.20410e-04	3.30957	18.0	27584	1.19980e-04	3.30957	19.1
6271.038	nan	28785	1.15000e-04	3.31035	20.5	26775	1.23680e-04	3.31152	21.4	27467	1.20510e-04	3.30996	18.0	27633	1.19780e-04	3.30996	19.1
6272.227	nan	28776	1.15050e-04	3.31055	20.5	26763	1.23710e-04	3.31094	21.4	27442	1.20610e-04	3.30977	18.0	27648	1.19710e-04	3.30977	19.1
6273.415	nan	28782	1.15040e-04	3.31113	20.5	26758	1.23790e-04	3.31230	21.4	27465	1.20510e-04	3.30977	18.0	27611	1.19880e-04	3.30996	19.1
6274.603	nan	28802	1.14940e-04	3.31055	20.5	26737	1.23860e-04	3.31172	21.4	27490	1.20430e-04	3.31055	18.0	27644	1.19760e-04	3.31055	19.1
6275.791	nan	28816	1.14880e-04	3.31035	20.5	26738	1.23840e-04	3.31133	21.4	27492	1.20390e-04	3.30977	18.0	27638	1.19760e-04	3.30996	19.1
6276.980	nan	28789	1.15010e-04	3.31094	20.5	26764	1.23750e-04	3.31191	21.4	27448	1.20600e-04	3.31016	18.0	27614	1.19860e-04	3.30977	19.1
6278.168	nan	28796	1.14960e-04	3.31035	20.5	26750	1.23790e-04	3.31133	21.4	27454	1.20570e-04	3.31016	18.0	27609	1.19900e-04	3.31035	19.1
6279.356	nan	28796	1.14980e-04	3.31094	20.5	26761	1.23740e-04	3.31152	21.4	27457	1.20550e-04	3.30996	18.0	27619	1.19840e-04	3.30977	19.1
6280.544	nan	28809	1.14920e-04	3.31074	20.5	26756	1.23780e-04	3.31172	21.4	27431	1.20680e-04	3.31035	18.0	27624	1.19830e-04	3.31016	19.1
6281.733	nan	28721	1.15290e-04	3.31113	20.5	26755	1.23790e-04	3.31191	21.4	27436	1.20650e-04	3.31016	18.0	27609	1.19890e-04	3.31016	19.1
6282.921	nan	28804	1.14950e-04	3.31094	20.5	26787	1.23640e-04	3.31191	21.4	27488	1.20420e-04	3.31016	18.0	27615	1.19870e-04	3.31035	19.1
6284.109	nan	28764	1.15100e-04	3.31055	20.5	26727	1.23900e-04	3.31152	21.4	27507	1.20350e-04	3.31055	18.0	27619	1.19860e-04	3.31035	19.1
6285.297	nan	28776	1.15050e-04	3.31055	20.5	26749	1.23810e-04	3.31172	21.4	27494	1.20400e-04	3.31016	18.0	27606	1.19910e-04	3.31016	19.1
6286.486	nan	28766	1.15120e-04	3.31152	20.5	26757	1.23780e-04	3.31191	21.4	27455	1.20570e-04	3.31016	18.0	27615	1.19860e-04	3.30996	19.1
6287.674	nan	28779	1.15030e-04	3.31055	20.5	26783	1.23640e-04	3.31133	21.4	27484	1.20450e-04	3.31055	18.0	27624	1.19850e-04	3.31074	19.1
6288.862	nan	28798	1.14970e-04	3.31094	20.5	26739	1.23870e-04	3.31211	21.4	27462	1.20530e-04	3.30996	18.0	27613	1.19860e-04	3.30977	19.1
6290.050	nan	28794	1.15000e-04	3.31113	20.5	26756	1.23790e-04	3.31211	21.4	27429	1.20690e-04	3.31035	18.0	27632	1.19800e-04	3.31035	19.1
6291.239	nan	28825	1.14860e-04	3.31074	20.5	26777	1.23660e-04	3.31133	21.4	27426	1.20700e-04	3.31016	18.0	27599	1.19940e-04	3.31035	19.1
6292.427	nan	28803	1.14940e-04	3.31055	20.5	26775	1.23670e-04	3.31133	21.4	27429	1.20690e-04	3.31035	18.0	27618	1.19860e-04	3.31016	19.1
6293.616	nan	28799	1.14950e-04	3.31055	20.5	26777	1.23690e-04	3.31211	21.4	27418	1.20730e-04	3.31016	18.0	27600	1.19930e-04	3.30996	19.1
6294.804	nan	28783	1.15020e-04	3.31074	20.5	26761	1.23750e-04	3.31172	21.4	27463	1.20520e-04	3.30996	18.0	27614	1.19870e-04	3.30996	19.1
6295.992	nan	28800	1.14950e-04	3.31055	20.5	26763	1.23730e-04	3.31133	21.4	27442	1.20620e-04	3.31016	18.0	27656	1.19690e-04	3.31016	19.1
6297.180	nan	28782	1.15040e-04	3.31094	20.5	26755	1.23780e-04	3.31172	21.4	27450	1.20600e-04	3.31035	18.0	27595	1.19950e-04	3.30996	19.1
6298.369	nan	28818	1.14880e-04	3.31055	20.5	26755	1.23780e-04	3.31172	21.4	27468	1.20510e-04	3.31016	18.0	27633	1.19790e-04	3.31016	19.1
6299.557	nan	28779	1.15040e-04	3.31074	20.5	26756	1.23780e-04	3.31172	21.4	27452	1.20570e-04	3.30996	18.0	27621	1.19840e-04	3.30996	19.1
6300.745	nan	28819	1.14880e-04	3.31074	20.5	26748	1.23810e-04	3.31152	21.4	27490	1.20410e-04	3.30996	18.0	27612	1.19870e-04	3.30996	19.1
6301.933	nan	28803	1.14920e-04	3.31016	20.5	26785	1.23640e-04	3.31172	21.4	27411	1.20770e-04	3.31035	18.0	27598	1.19940e-04	3.31016	19.1
6303.121	nan	28788	1.15010e-04	3.31094	20.5	26759	1.23760e-04	3.31172	21.4	27486	1.20420e-04	3.30977	18.0	27608	1.19880e-04	3.30957	19.1
6304.310	nan	28764	1.15100e-04	3.31055	20.5	26736	1.23870e-04	3.31172	21.4	27451	1.20590e-04	3.31035	18.0	27640	1.19770e-04	3.31035	19.1
6305.498	nan	28802	1.14960e-04	3.31094	20.5	26757	1.23750e-04	3.31133	21.4	27452	1.20580e-04	3.31016	18.0	27605	1.19900e-04	3.30996	19.1
6306.686	nan	28814	1.14910e-04	3.31094	20.5	26740	1.23850e-04	3.31191	21.4	27469	1.20510e-04	3.31016	18.0	27610	1.19900e-04	3.31035	19.1
6307.875	nan	28792	1.14980e-04	3.31055	20.5	26752	1.23800e-04	3.31172	21.4	27452	1.20580e-04	3.31016	18.0	27624	1.19830e-04	3.31016	19.1
6309.063	nan	28788	1.15000e-04	3.31055	20.5	26756	1.23770e-04	3.31152	21.4	27443	1.20620e-04	3.31016	18.0	27606	1.19910e-04	3.31016	19.1
6310.251	nan	28773	1.15040e-04	3.31016	20.5	26769	1.23690e-04	3.31094	21.4	27458	1.20540e-04	3.30996	18.0	27631	1.19790e-04	3.30996	19.1
6311.439	nan	28795	1.14980e-04	3.31094	20.5	26773	1.23700e-04	3.31172	21.4	27492	1.20380e-04	3.30938	18.0	27646	1.19700e-04	3.30938	19.1
6312.628	nan	28821	1.14870e-04	3.31074	20.5	26756	1.23770e-04	3.31152	21.4	27467	1.20520e-04	3.31035	18.0	27590	1.19980e-04	3.31035	19.1
6313.816	nan	28820	1.14870e-04	3.31074	20.5	26773	1.23710e-04	3.31211	21.4	27486	1.20420e-04	3.30996	18.0	27599	1.19930e-04	3.30996	19.1
6315.004	nan	28748	1.15170e-04	3.31074	20.5	26763	1.23730e-04	3.31152	21.4	27438	1.20650e-04	3.31035	18.0	27635	1.19780e-04	3.31016	19.1
6316.192	nan	28813	1.14890e-04	3.31035	20.5	26760	1.23740e-04	3.31133	21.4	27426	1.20690e-04	3.31016	18.0	27640	1.19760e-04	3.31016	19.1
6317.381	nan	28804	1.14930e-04	3.31055	20.5	26745	1.23800e-04	3.31113	21.4	27456	1.20550e-04	3.30977	18.0	27582	1.20000e-04	3.30977	19.1
6318.569	nan	28753	1.15150e-04	3.31094	20.5	26761	1.23770e-04	3.31211	21.4	27439	1.20630e-04	3.30996	18.0	27626	1.19810e-04	3.30996	19.1
6319.757	nan	28763	1.15100e-04	3.31055	20.5	26755	1.23770e-04	3.31133	21.4	27475	1.20480e-04	3.31016	18.0	27667	1.19650e-04	3.31035	19.1
6320.945	nan	28794	1.14980e-04	3.31074	20.5	26738	1.23860e-04	3.31172	21.4	27460	1.20540e-04	3.31016	18.0	27611	1.19880e-04	3.30996	19.1
6322.134	nan	28814	1.14890e-04	3.31055	20.5	26749	1.23820e-04	3.31211	21.4	27471	1.20490e-04	3.31016	18.0	27660	1.19670e-04	3.31016	19.1
6323.322	nan	28789	1.15000e-04	3.31074	20.5	26781	1.23650e-04	3.31133	21.4	27434	1.20660e-04	3.31016	18.0	27597	1.19950e-04	3.31016	19.1
6324.510	nan	28794	1.14990e-04	3.31113	20.5	26758	1.23770e-04	3.31191	21.4	27458	1.20550e-04	3.31016	18.0	27629	1.19810e-04	3.31016	19.1
6325.699	nan	28824	1.14860e-04	3.31074	20.5	26801	1.23570e-04	3.31172	21.4	27462	1.20540e-04	3.31035	18.0	27645	1.19740e-04	3.31035	19.1
6326.887	nan	28781	1.15020e-04	3.31035	20.5	26778	1.23650e-04	3.31113	21.4	27494	1.20390e-04	3.31016	18.0	27626	1.19820e-04	3.31016	19.1
6328.075	nan	28784	1.15000e-04	3.31016	20.5	26760	1.23740e-04	3.31133	21.4	27450	1.20580e-04	3.30996	18.0	27626	1.19800e-04	3.30977	19.1
6329.263	nan	28813	1.14910e-04	3.31094	20.5	26764	1.23730e-04	3.31152	21.4	27487	1.20410e-04	3.30977	18.0	27600	1.19920e-04	3.30977	19.1
6330.452	nan	28815	1.14890e-04	3.31055	20.5	26752	1.23790e-04	3.31152	21.4	27441	1.20630e-04	3.31016	18.0	27616	1.19860e-04	3.31016	19.1
6331.640	nan	28808	1.14910e-04	3.31035	20.5	26772	1.23690e-04	3.31133	21.4	27462	1.20530e-04	3.30996	18.0	27630	1.19800e-04	3.30996	19.1
6332.828	nan	28823	1.14850e-04	3.31035	20.5	26780	1.23650e-04	3.31133	21.4	27472	1.20490e-04	3.30996	18.0	27617	1.19840e-04	3.30977	19.1
6334.016	nan	28802	1.14930e-04	3.31016	20.5	26736	1.23850e-04	3.31133	21.4	27474	1.20470e-04	3.30977	18.0	27605	1.19910e-04	3.30996	19.1
6335.204	nan	28791	1.14990e-04	3.31055	20.5	26786	1.23630e-04	3.31152	21.4	27477	1.20460e-04	3.30977	18.0	27607	1.19890e-04	3.30977	19.1
6336.392	nan	28832	1.14820e-04	3.31055	20.5	26755	1.23760e-04	3.31113	21.4	27436	1.20640e-04	3.30996	18.0	27625	1.19820e-04	3.30996	19.1
6337.581	nan	28797	1.14960e-04	3.31035	20.5	26753	1.23770e-04	3.31113	21.4	27430	1.20660e-04	3.30957	18.0	27638	1.19750e-04	3.30957	19.1
6338.769	nan	28769	1.15060e-04	3.31016	20.5	26759	1.23750e-04	3.31133	21.4	27461	1.20530e-04	3.30996	18.0	27633	1.19770e-04	3.30977	19.1
6339.958	nan	28820	1.14890e-04	3.31113	20.5	26800	1.23580e-04	3.31191	21.4	27447	1.20590e-04	3.30977	18.0	27650	1.19700e-04	3.30977	19.1
6341.146	nan	28818	1.14870e-04	3.31016	20.5	26762	1.23730e-04	3.31133	21.4	27421	1.20720e-04	3.31035	18.0	27595	1.19950e-04	3.31016	19.1
6342.334	nan	28810	1.14920e-04	3.31094	20.5	26759	1.23750e-04	3.31152	21.4	27458	1.20540e-04	3.30977	18.0	27615	1.19860e-04	3.30977	19.1
6343.522	nan	28815	1.14890e-04	3.31074	20.5	26766	1.23730e-04	3.31191	21.4	27484	1.20460e-04	3.31055	18.0	27641	1.19770e-04	3.31055	19.1
6344.711	nan	28801	1.14960e-04	3.31094	20.5	26757	1.23770e-04	3.31172	21.4	27491	1.20410e-04	3.31016	18.0	27654	1.19700e-04	3.31016	19.1
6345.899	nan	28830	1.14840e-04	3.31074	20.5	26778	1.23670e-04	3.31172	21.4	27445	1.20600e-04	3.30996	18.0	27654	1.19690e-04	3.30996	19.1
6347.087	nan	28824	1.14860e-04	3.31055	20.5	26724	1.23920e-04	3.31152	21.4	27428	1.20690e-04	3.31035	18.0	27633	1.19800e-04	3.31035	19.1
6348.275	nan	28779	1.15010e-04	3.30996	20.5	26758	1.23740e-04	3.31113	21.4	27497	1.20380e-04	3.31016	18.0	27625	1.19820e-04	3.30996	19.1
6349.464	nan	28814	1.14910e-04	3.31094	20.5	26740	1.23850e-04	3.31191	21.4	27457	1.20540e-04	3.30957	18.0	27625	1.19800e-04	3.30957	19.1
6350.652	nan	28784	1.15020e-04	3.31074	20.5	26797	1.23580e-04	3.31152	21.4	27437	1.20650e-04	3.31035	18.0	27605	1.19920e-04	3.31035	19.1
6351.840	nan	28803	1.14940e-04	3.31055	20.5	26761	1.23730e-04	3.31113	21.4	27450	1.20590e-04	3.31016	18.1	27599	1.19940e-04	3.31016	19.1
6353.028	nan	28773	1.15090e-04	3.31152	20.5	26756	1.23810e-04	3.31270	21.4	27432	1.20670e-04	3.31016	18.0	27628	1.19810e-04	3.31016	19.1
6354.217	nan	28826	1.14850e-04	3.31074	20.5	26752	1.23800e-04	3.31172	21.4	27423	1.20730e-04	3.31074	18.1	27648	1.19750e-04	3.31074	19.1
6355.405	nan	28798	1.14960e-04	3.31055	20.5	26763	1.23720e-04	3.31113	21.4	27474	1.20490e-04	3.31016	18.1	27609	1.19890e-04	3.31016	19.1
6356.593	nan	28819	1.14890e-04	3.31094	20.5	26765	1.23740e-04	3.31191	21.4	27415	1.20740e-04	3.31016	18.1	27620	1.19840e-04	3.30996	19.1
6357.781	nan	28789	1.14990e-04	3.31035	20.5	26766	1.23710e-04	3.31133	21.4	27431	1.20670e-04	3.31016	18.1	27664	1.19660e-04	3.31016	19.1
6358.970	nan	28829	1.14840e-04	3.31055	20.5	26771	1.23690e-04	3.31133	21.4	27440	1.20620e-04	3.30977	18.1	27628	1.19800e-04	3.30977	19.1
6360.158	nan	28796	1.14980e-04	3.31094	20.5	26762	1.23760e-04	3.31191	21.4	27444	1.20620e-04	3.31016	18.1	27643	1.19750e-04	3.31016	19.1
6361.346	nan	28798	1.14960e-04	3.31055	20.5	26755	1.23770e-04	3.31152	21.4	27424	1.20710e-04	3.31035	18.1	27612	1.19880e-04	3.31016	19.1
6362.534	nan	28808	1.14930e-04	3.31094	20.5	26754	1.23780e-04	3.31172	21.4	27461	1.20530e-04	3.30996	18.1	27630	1.19800e-04	3.31016	19.1
6363.723	nan	28793	1.14980e-04	3.31055	20.5	26790	1.23610e-04	3.31152	21.4	27464	1.20530e-04	3.31035	18.1	27624	1.19830e-04	3.31016	19.1
6364.911	nan	28799	1.14970e-04	3.31094	20.5	26757	1.23770e-04	3.31172	21.4	27447	1.20600e-04	3.31016	18.1	27660	1.19670e-04	3.30996	19.1
6366.099	nan	28841	1.14800e-04	3.31094	20.5	26748	1.23820e-04	3.31191	21.4	27468	1.20510e-04	3.31016	18.1	27623	1.19830e-04	3.30996	19.1
6367.287	nan	28798	1.14960e-04	3.31055	20.5	26749	1.23790e-04	3.31133	21.4	27449	1.20610e-04	3.31055	18.1	27639	1.19780e-04	3.31055	19.1
6368.476	nan	28821	1.14880e-04	3.31094	20.5	26780	1.23660e-04	3.31172	21.4	27448	1.20590e-04	3.30996	18.1	27609	1.19880e-04	3.30977	19.1
6369.664	nan	28791	1.15000e-04	3.31094	20.5	26776	1.23690e-04	3.31191	21.4	27425	1.20700e-04	3.31016	18.1	27627	1.19810e-04	3.31016	19.1
6370.852	nan	28806	1.14940e-04	3.31094	20.5	26740	1.23850e-04	3.31172	21.4	27468	1.20510e-04	3.31035	18.1	27651	1.19710e-04	3.31016	19.1
6372.041	nan	28854	1.14740e-04	3.31074	20.5	26790	1.23610e-04	3.31152	21.4	27451	1.20590e-04	3.31035	18.1	27663	1.19670e-04	3.31035	19.1
6373.229	nan	28793	1.15000e-04	3.31113	20.5	26795	1.23610e-04	3.31211	21.4	27445	1.20610e-04	3.31016	18.1	27629	1.19810e-04	3.31016	19.1
6374.417	nan	28831	1.14830e-04	3.31055	20.5	26747	1.23810e-04	3.31152	21.4	27430	1.20690e-04	3.31035	18.1	27611	1.19880e-04	3.31016	19.1
6375.605	nan	28815	1.14880e-04	3.31035	20.5	26749	1.23790e-04	3.31133	21.4	27450	1.20580e-04	3.30996	18.1	27617	1.19860e-04	3.31016	19.1
6376.793	nan	28782	1.15030e-04	3.31074	20.5	26802	1.23570e-04	3.31191	21.4	27424	1.20690e-04	3.30977	18.1	27627	1.19800e-04	3.30977	19.1
6377.982	nan	28792	1.15000e-04	3.31094	20.5	26721	1.23940e-04	3.31172	21.4	27480	1.20460e-04	3.31016	18.1	27630	1.19810e-04	3.31035	19.1
6379.170	nan	28796	1.14970e-04	3.31055	20.5	26733	1.23870e-04	3.31152	21.4	27452	1.20590e-04	3.31035	18.1	27652	1.19710e-04	3.31016	19.1
6380.358	nan	28798	1.14980e-04	3.31113	20.5	26765	1.23750e-04	3.31211	21.4	27425	1.20690e-04	3.30996	18.1	27630	1.19800e-04	3.31016	19.1
6381.547	nan	28836	1.14810e-04	3.31074	20.5	26736	1.23860e-04	3.31152	21.4	27417	1.20750e-04	3.31055	18.1	27623	1.19840e-04	3.31035	19.1
6382.735	nan	28817	1.14890e-04	3.31074	20.5	26768	1.23720e-04	3.31172	21.4	27416	1.20730e-04	3.30996	18.1	27647	1.19720e-04	3.30977	19.1
6383.923	nan	28835	1.14810e-04	3.31055	20.5	26737	1.23850e-04	3.31133	21.4	27476	1.20490e-04	3.31055	18.1	27604	1.19920e-04	3.31035	19.1
6385.111	nan	28792	1.14980e-04	3.31055	20.5	26775	1.23680e-04	3.31152	21.4	27468	1.20500e-04	3.30996	18.1	27617	1.19850e-04	3.30996	19.1
6386.299	nan	28793	1.15000e-04	3.31113	20.5	26737	1.23870e-04	3.31191	21.4	27444	1.20600e-04	3.30977	18.1	27644	1.19730e-04	3.30977	19.1
6387.487	nan	28812	1.14900e-04	3.31055	20.5	26775	1.23680e-04	3.31152	21.4	27444	1.20630e-04	3.31055	18.1	27643	1.19750e-04	3.31035	19.1
6388.676	nan	28807	1.14920e-04	3.31035	20.5	26750	1.23790e-04	3.31152	21.4	27468	1.20500e-04	3.30996	18.1	27644	1.19730e-04	3.30996	19.1
6389.864	nan	28803	1.14940e-04	3.31055	20.5	26752	1.23780e-04	3.31152	21.4	27449	1.20580e-04	3.30977	18.1	27639	1.19750e-04	3.30977	19.1
6391.052	nan	28786	1.15010e-04	3.31074	20.5	26761	1.23740e-04	3.31152	21.4	27466	1.20510e-04	3.30977	18.1	27633	1.19770e-04	3.30957	19.1
6392.241	nan	28816	1.14880e-04	3.31035	20.5	26800	1.23560e-04	3.31133	21.4	27410	1.20770e-04	3.31035	18.1	27623	1.19850e-04	3.31055	19.1
6393.429	nan	28803	1.14950e-04	3.31094	20.5	26782	1.23660e-04	3.31191	21.4	27441	1.20610e-04	3.30977	18.1	27637	1.19770e-04	3.30996	19.1
6394.617	nan	28801	1.14950e-04	3.31055	20.5	26769	1.23700e-04	3.31133	21.4	27438	1.20640e-04	3.31016	18.1	27610	1.19880e-04	3.30996	19.1
6395.805	nan	28830	1.14830e-04	3.31055	20.5	26743	1.23830e-04	3.31152	21.4	27430	1.20680e-04	3.31016	18.1	27604	1.19920e-04	3.31016	19.1
6396.994	nan	28786	1.15000e-04	3.31035	20.5	26768	1.23700e-04	3.31113	21.4	27441	1.20620e-04	3.30996	18.1	27648	1.19710e-04	3.30977	19.1
6398.182	nan	28799	1.14970e-04	3.31094	20.5	26767	1.23720e-04	3.31172	21.4	27439	1.20620e-04	3.30957	18.1	27635	1.19770e-04	3.30996	19.1
6399.370	nan	28830	1.14830e-04	3.31055	20.5	26780	1.23650e-04	3.31133	21.4	27466	1.20520e-04	3.31016	18.1	27638	1.19770e-04	3.31016	19.1
6400.559	nan	28827	1.14830e-04	3.31035	20.5	26822	1.23460e-04	3.31133	21.4	27448	1.20590e-04	3.30996	18.1	27619	1.19840e-04	3.30996	19.1
6401.747	nan	28781	1.15030e-04	3.31055	20.5	26781	1.23660e-04	3.31172	21.4	27421	1.20700e-04	3.30977	18.1	27616	1.19850e-04	3.30977	19.1
6402.935	nan	28803	1.14940e-04	3.31055	20.5	26777	1.23670e-04	3.31152	21.4	27459	1.20530e-04	3.30977	18.1	27614	1.19850e-04	3.30957	19.1
6404.123	nan	28790	1.14980e-04	3.31035	20.5	26772	1.23690e-04	3.31133	21.4	27432	1.20670e-04	3.31016	18.1	27626	1.19830e-04	3.31035	19.1
6405.312	nan	28820	1.14860e-04	3.31035	20.5	26758	1.23750e-04	3.31133	21.4	27399	1.20800e-04	3.30977	18.1	27617	1.19850e-04	3.30977	19.1
6406.500	nan	28828	1.14840e-04	3.31074	20.5	26772	1.23690e-04	3.31152	21.4	27445	1.20610e-04	3.30996	18.1	27621	1.19830e-04	3.30996	19.1
6407.688	nan	28841	1.14780e-04	3.31055	20.5	26748	1.23800e-04	3.31133	21.4	27442	1.20620e-04	3.31016	18.1	27621	1.19840e-04	3.30996	19.1
6408.876	nan	28805	1.14930e-04	3.31055	20.5	26736	1.23850e-04	3.31133	21.4	27437	1.20630e-04	3.30977	18.1	27618	1.19840e-04	3.30977	19.1
6410.065	nan	28804	1.14930e-04	3.31035	20.5	26770	1.23700e-04	3.31133	21.4	27445	1.20600e-04	3.30996	18.1	27584	1.20000e-04	3.30996	19.1
6411.253	nan	28835	1.14810e-04	3.31055	20.5	26730	1.23890e-04	3.31152	21.4	27438	1.20630e-04	3.30977	18.1	27606	1.19890e-04	3.30977	19.1
6412.441	nan	28789	1.14970e-04	3.30996	20.5	26755	1.23740e-04	3.31074	21.4	27438	1.20630e-04	3.30977	18.1	27635	1.19770e-04	3.30977	19.1
6413.630	nan	28780	1.15050e-04	3.31113	20.5	26770	1.23720e-04	3.31191	21.4	27418	1.20710e-04	3.30957	18.1	27632	1.19770e-04	3.30957	19.1
6414.818	nan	28796	1.14970e-04	3.31055	20.5	26776	1.23690e-04	3.31191	21.4	27476	1.20490e-04	3.31055	18.1	27638	1.19760e-04	3.30996	19.1
6416.006	nan	28810	1.14920e-04	3.31094	20.5	26738	1.23840e-04	3.31133	21.4	27435	1.20650e-04	3.30996	18.1	27637	1.19770e-04	3.30996	19.1
6417.194	nan	28815	1.14890e-04	3.31055	20.5	26780	1.23670e-04	3.31191	21.4	27403	1.20800e-04	3.31035	18.1	27608	1.19910e-04	3.31055	19.1
6418.383	nan	28801	1.14950e-04	3.31074	20.5	26777	1.23670e-04	3.31152	21.4	27396	1.20820e-04	3.30996	18.1	27618	1.19860e-04	3.31016	19.1
6419.570	nan	28780	1.15040e-04	3.31074	20.5	26743	1.23830e-04	3.31152	21.4	27476	1.20470e-04	3.30996	18.1	27657	1.19680e-04	3.30996	19.1
6420.759	nan	28813	1.14880e-04	3.31016	20.5	26737	1.23860e-04	3.31152	21.4	27441	1.20620e-04	3.30996	18.1	27638	1.19760e-04	3.30996	19.1
6421.947	nan	28830	1.14840e-04	3.31074	20.5	26782	1.23630e-04	3.31113	21.4	27431	1.20660e-04	3.30977	18.1	27650	1.19700e-04	3.30977	19.1
6423.136	nan	28825	1.14860e-04	3.31074	20.5	26769	1.23720e-04	3.31172	21.4	27440	1.20630e-04	3.31016	18.1	27623	1.19830e-04	3.31016	19.1
6424.324	nan	28804	1.14940e-04	3.31074	20.5	26810	1.23520e-04	3.31152	21.4	27499	1.20370e-04	3.31016	18.1	27615	1.19860e-04	3.30996	19.1
6425.512	nan	28773	1.15050e-04	3.31035	20.5	26747	1.23830e-04	3.31191	21.4	27463	1.20540e-04	3.31035	18.1	27613	1.19890e-04	3.31055	19.1
6426.700	nan	28764	1.15080e-04	3.31016	20.5	26783	1.23640e-04	3.31133	21.4	27480	1.20440e-04	3.30977	18.1	27608	1.19880e-04	3.30977	19.1
6427.889	nan	28754	1.15130e-04	3.31055	20.5	26763	1.23720e-04	3.31113	21.4	27437	1.20630e-04	3.30977	18.1	27609	1.19880e-04	3.30977	19.1
6429.077	nan	28812	1.14920e-04	3.31113	20.5	26790	1.23600e-04	3.31133	21.4	27470	1.20490e-04	3.30977	18.1	27606	1.19890e-04	3.30957	19.1
6430.265	nan	28786	1.15010e-04	3.31074	20.5	26762	1.23760e-04	3.31191	21.4	27529	1.20260e-04	3.31055	18.1	27618	1.19870e-04	3.31074	19.1
6431.453	nan	28773	1.15050e-04	3.31035	20.5	26747	1.23810e-04	3.31152	21.4	27535	1.20210e-04	3.31016	18.1	27631	1.19790e-04	3.30996	19.1
6432.642	nan	28790	1.15000e-04	3.31094	20.6	26765	1.23720e-04	3.31133	21.4	27558	1.20110e-04	3.30996	18.1	27648	1.19720e-04	3.30996	19.1
6433.830	nan	28743	1.15180e-04	3.31074	20.6	26747	1.23820e-04	3.31191	21.4	27599	1.19950e-04	3.31035	18.1	27626	1.19810e-04	3.30996	19.1
6435.018	nan	28768	1.15090e-04	3.31094	20.6	26785	1.23640e-04	3.31172	21.4	27612	1.19880e-04	3.31016	18.1	27596	1.19960e-04	3.31035	19.1
6436.206	nan	28768	1.15090e-04	3.31094	20.6	26830	1.23430e-04	3.31172	21.4	27702	1.19490e-04	3.31016	18.1	27633	1.19790e-04	3.31016	19.1
6437.394	nan	28724	1.15250e-04	3.31055	20.6	26791	1.23610e-04	3.31172	21.4	27731	1.19360e-04	3.31016	18.1	27657	1.19680e-04	3.31016	19.1
6438.583	nan	28660	1.15520e-04	3.31074	20.6	26864	1.23280e-04	3.31172	21.4	27814	1.19000e-04	3.30996	18.1	27662	1.19660e-04	3.31016	19.1
6439.771	nan	28581	1.15820e-04	3.31035	20.6	26908	1.23080e-04	3.31172	21.4	27848	1.18860e-04	3.30996	18.1	27633	1.19780e-04	3.30996	19.1
6440.959	nan	28452	1.16360e-04	3.31055	20.6	27009	1.22600e-04	3.31133	21.4	28013	1.18150e-04	3.30977	18.1	27635	1.19770e-04	3.30977	19.1
6442.147	nan	28438	1.16420e-04	3.31074	20.6	27083	1.22270e-04	3.31152	21.4	28146	1.17610e-04	3.31016	18.1	27619	1.19850e-04	3.31016	19.1
6443.336	nan	28578	1.15850e-04	3.31074	20.6	27109	1.22160e-04	3.31172	21.4	27893	1.18670e-04	3.31016	18.1	27682	1.19570e-04	3.30996	19.1
6444.524	nan	28490	1.16210e-04	3.31074	20.6	27051	1.22430e-04	3.31172	21.4	27856	1.18820e-04	3.30996	18.1	27683	1.19580e-04	3.31035	19.1
6445.712	nan	28422	1.16480e-04	3.31074	20.6	27097	1.22210e-04	3.31152	21.4	27943	1.18460e-04	3.31016	18.1	27598	1.19940e-04	3.31016	19.1
6446.901	nan	28417	1.16500e-04	3.31074	20.6	27142	1.22020e-04	3.31172	21.4	27913	1.18590e-04	3.31016	18.1	27585	1.20000e-04	3.31016	19.1
6448.089	nan	28409	1.16540e-04	3.31094	20.6	27191	1.21790e-04	3.31152	21.4	27927	1.18530e-04	3.31016	18.1	27526	1.20250e-04	3.30996	19.1
6449.277	nan	28418	1.16510e-04	3.31094	20.6	27161	1.21930e-04	3.31172	21.4	27865	1.18800e-04	3.31035	18.1	27517	1.20300e-04	3.31035	19.1
6450.465	nan	28366	1.16720e-04	3.31094	20.6	27169	1.21890e-04	3.31172	21.4	27887	1.18710e-04	3.31035	18.1	27507	1.20350e-04	3.31035	19.1
6451.654	nan	28358	1.16750e-04	3.31074	20.6	27135	1.22060e-04	3.31191	21.4	27885	1.18710e-04	3.31035	18.1	27510	1.20340e-04	3.31055	19.1
6452.842	nan	28394	1.16610e-04	3.31094	20.6	27172	1.21880e-04	3.31172	21.4	27873	1.18760e-04	3.31016	18.1	27515	1.20300e-04	3.31016	19.1
6454.030	nan	28373	1.16690e-04	3.31094	20.6	27112	1.22160e-04	3.31191	21.4	27840	1.18910e-04	3.31035	18.1	27513	1.20320e-04	3.31035	19.1
6455.218	nan	28362	1.16740e-04	3.31094	20.6	27114	1.22140e-04	3.31172	21.4	27817	1.19000e-04	3.31035	18.1	27528	1.20250e-04	3.31035	19.1
6456.406	nan	28361	1.16740e-04	3.31094	20.6	27120	1.22110e-04	3.31172	21.4	27832	1.18940e-04	3.31035	18.1	27522	1.20280e-04	3.31035	19.1
6457.595	nan	28319	1.16910e-04	3.31094	20.6	27104	1.22190e-04	3.31172	21.4	27783	1.19150e-04	3.31035	18.1	27481	1.20460e-04	3.31035	19.1
6458.783	nan	28340	1.16820e-04	3.31074	20.7	27130	1.22080e-04	3.31191	21.4	27879	1.18740e-04	3.31035	18.1	27517	1.20300e-04	3.31035	19.1
6459.972	nan	28346	1.16800e-04	3.31094	20.7	27141	1.22020e-04	3.31172	21.4	27806	1.19050e-04	3.31035	18.1	27503	1.20360e-04	3.31035	19.1
6461.160	nan	28317	1.16930e-04	3.31113	20.7	27101	1.22210e-04	3.31191	21.4	27826	1.18970e-04	3.31035	18.1	27502	1.20360e-04	3.31016	19.1
6462.348	nan	28304	1.16980e-04	3.31113	20.7	27111	1.22160e-04	3.31191	21.4	27761	1.19250e-04	3.31035	18.1	27509	1.20350e-04	3.31055	19.1
6463.536	nan	28306	1.16980e-04	3.31133	20.7	27089	1.22270e-04	3.31211	21.4	27793	1.19120e-04	3.31055	18.1	27460	1.20560e-04	3.31055	19.1
6464.725	nan	28318	1.16930e-04	3.31113	20.7	27126	1.22100e-04	3.31211	21.4	27818	1.19010e-04	3.31055	18.1	27501	1.20390e-04	3.31074	19.1
6465.913	nan	28340	1.16830e-04	3.31094	20.7	27124	1.22110e-04	3.31211	21.4	27806	1.19060e-04	3.31055	18.1	27524	1.20280e-04	3.31055	19.1
6467.101	nan	28303	1.16990e-04	3.31113	20.7	27081	1.22300e-04	3.31191	21.4	27793	1.19110e-04	3.31035	18.1	27510	1.20330e-04	3.31035	19.1
6468.289	nan	28312	1.16950e-04	3.31113	20.7	27098	1.22220e-04	3.31191	21.4	27818	1.19000e-04	3.31035	18.1	27514	1.20320e-04	3.31055	19.1
6469.478	nan	28285	1.17070e-04	3.31133	20.7	27131	1.22080e-04	3.31211	21.4	27774	1.19200e-04	3.31074	18.1	27492	1.20420e-04	3.31055	19.1
6470.666	nan	28287	1.17050e-04	3.31113	20.7	27129	1.22090e-04	3.31211	21.4	27819	1.19000e-04	3.31055	18.1	27520	1.20300e-04	3.31055	19.1
6471.854	nan	28324	1.16910e-04	3.31133	20.7	27152	1.21980e-04	3.31191	21.4	27780	1.19170e-04	3.31055	18.1	27497	1.20400e-04	3.31055	19.1
6473.043	nan	28308	1.16970e-04	3.31113	20.7	27126	1.22110e-04	3.31230	21.4	27766	1.19240e-04	3.31074	18.1	27467	1.20530e-04	3.31055	19.1
6474.231	nan	28330	1.16880e-04	3.31133	20.7	27140	1.22040e-04	3.31211	21.4	27768	1.19220e-04	3.31055	18.1	27476	1.20500e-04	3.31074	19.1
6475.418	nan	28320	1.16930e-04	3.31133	20.7	27122	1.22130e-04	3.31230	21.4	27771	1.19220e-04	3.31094	18.1	27498	1.20400e-04	3.31074	19.1
6476.607	nan	28313	1.16950e-04	3.31133	20.7	27086	1.22280e-04	3.31211	21.4	27803	1.19080e-04	3.31074	18.1	27496	1.20410e-04	3.31074	19.1
6477.795	nan	28302	1.16990e-04	3.31113	20.7	27090	1.22270e-04	3.31230	21.3	27758	1.19270e-04	3.31074	18.1	27507	1.20360e-04	3.31074	19.1
6478.983	nan	28290	1.17050e-04	3.31133	20.7	27114	1.22150e-04	3.31211	21.3	27753	1.19280e-04	3.31055	18.1	27480	1.20470e-04	3.31055	19.1
6480.172	nan	28278	1.17090e-04	3.31113	20.8	27094	1.22250e-04	3.31211	21.3	27711	1.19460e-04	3.31055	18.1	27519	1.20300e-04	3.31055	19.1
6481.360	nan	28268	1.17150e-04	3.31152	20.8	27083	1.22300e-04	3.31230	21.3	27770	1.19220e-04	3.31074	18.1	27478	1.20490e-04	3.31074	19.1
6482.548	nan	28303	1.17000e-04	3.31133	20.8	27104	1.22220e-04	3.31250	21.3	27740	1.19360e-04	3.31094	18.1	27523	1.20290e-04	3.31074	19.1
6483.737	nan	28310	1.16970e-04	3.31152	20.8	27114	1.22160e-04	3.31230	21.3	27754	1.19290e-04	3.31074	18.1	27519	1.20320e-04	3.31094	19.1
6484.925	nan	28285	1.17070e-04	3.31133	20.8	27101	1.22230e-04	3.31250	21.3	27736	1.19370e-04	3.31094	18.1	27525	1.20290e-04	3.31094	19.1
6486.113	nan	28294	1.17030e-04	3.31133	20.8	27095	1.22250e-04	3.31230	21.3	27767	1.19240e-04	3.31094	18.1	27519	1.20310e-04	3.31074	19.1
6487.301	nan	28309	1.16970e-04	3.31133	20.8	27084	1.22300e-04	3.31230	21.3	27762	1.19260e-04	3.31074	18.1	27532	1.20250e-04	3.31074	19.1
6488.489	nan	28263	1.17170e-04	3.31152	20.8	27082	1.22310e-04	3.31230	21.3	27761	1.19270e-04	3.31094	18.1	27508	1.20350e-04	3.31074	19.1
