Sensors: ['0x40', '0x41', '0x44', '0x45']
Die temperature enabled: 1
Time [s]	PT104 [°C]	R_0 [Ω]	I_0 [A]	V_0 [V]	T_die_0 [°C]	R_1 [Ω]	I_1 [A]	V_1 [V]	T_die_1 [°C]	R_2 [Ω]	I_2 [A]	V_2 [V]	T_die_2 [°C]	R_3 [Ω]	I_3 [A]	V_3 [V]	T_die_3 [°C]
1403.947	nan	25122	1.31930e-04	3.31426	25.7	24167	1.37170e-04	3.31504	24.4	25082	1.32110e-04	3.31348	21.4	25009	1.32500e-04	3.31367	22.5
1405.135	nan	25089	1.32090e-04	3.31406	25.7	24182	1.37080e-04	3.31484	24.4	25102	1.32000e-04	3.31348	21.4	25018	1.32440e-04	3.31348	22.5
1406.324	nan	25108	1.32000e-04	3.31426	25.7	24191	1.37040e-04	3.31523	24.4	25080	1.32120e-04	3.31348	21.4	25035	1.32360e-04	3.31367	22.5
1407.512	nan	25107	1.32000e-04	3.31426	25.7	24160	1.37220e-04	3.31523	24.4	25102	1.32000e-04	3.31348	21.4	25001	1.32530e-04	3.31348	22.5
1408.701	nan	25095	1.32060e-04	3.31406	25.7	24187	1.37060e-04	3.31504	24.4	25071	1.32160e-04	3.31348	21.4	25032	1.32370e-04	3.31348	22.5
1409.889	nan	25079	1.32150e-04	3.31426	25.7	24167	1.37170e-04	3.31504	24.4	25082	1.32100e-04	3.31348	21.4	24988	1.32600e-04	3.31328	22.5
1411.077	nan	25081	1.32140e-04	3.31426	25.7	24165	1.37180e-04	3.31484	24.4	25086	1.32090e-04	3.31348	21.4	25030	1.32380e-04	3.31348	22.5
1412.265	nan	25094	1.32070e-04	3.31406	25.7	24167	1.37180e-04	3.31523	24.4	25060	1.32220e-04	3.31348	21.4	25028	1.32400e-04	3.31367	22.5
1413.454	nan	25084	1.32110e-04	3.31387	25.7	24166	1.37180e-04	3.31504	24.4	25076	1.32150e-04	3.31367	21.4	25006	1.32500e-04	3.31328	22.5
1414.642	nan	25107	1.32000e-04	3.31426	25.7	24178	1.37110e-04	3.31504	24.4	25070	1.32170e-04	3.31348	21.4	25032	1.32370e-04	3.31348	22.5
1415.830	nan	25113	1.31960e-04	3.31406	25.7	24205	1.36950e-04	3.31484	24.4	25074	1.32150e-04	3.31348	21.4	24994	1.32570e-04	3.31348	22.5
1417.018	nan	25079	1.32150e-04	3.31426	25.7	24175	1.37130e-04	3.31504	24.4	25063	1.32200e-04	3.31348	21.4	25011	1.32490e-04	3.31367	22.5
1418.207	nan	25117	1.31950e-04	3.31426	25.7	24191	1.37050e-04	3.31523	24.4	25039	1.32330e-04	3.31348	21.4	25024	1.32420e-04	3.31367	22.5
1419.395	nan	25089	1.32090e-04	3.31406	25.7	24176	1.37120e-04	3.31504	24.4	25065	1.32200e-04	3.31348	21.4	25011	1.32480e-04	3.31348	22.5
1420.583	nan	25083	1.32130e-04	3.31426	25.7	24181	1.37080e-04	3.31484	24.4	25067	1.32190e-04	3.31348	21.4	25010	1.32480e-04	3.31348	22.5
1421.772	nan	25090	1.32090e-04	3.31426	25.7	24181	1.37090e-04	3.31484	24.4	25022	1.32420e-04	3.31348	21.4	24994	1.32560e-04	3.31328	22.5
1422.960	nan	25073	1.32190e-04	3.31426	25.7	24146	1.37290e-04	3.31504	24.4	25040	1.32330e-04	3.31348	21.4	24993	1.32580e-04	3.31367	22.5
1424.148	nan	25082	1.32130e-04	3.31406	25.7	24188	1.37050e-04	3.31504	24.4	25054	1.32250e-04	3.31348	21.4	25026	1.32400e-04	3.31348	22.5
1425.337	nan	25087	1.32110e-04	3.31426	25.7	24168	1.37170e-04	3.31504	24.4	25053	1.32260e-04	3.31348	21.4	25002	1.32530e-04	3.31367	22.5
1426.525	nan	25046	1.32330e-04	3.31426	25.7	24158	1.37220e-04	3.31504	24.4	25055	1.32250e-04	3.31348	21.4	25013	1.32470e-04	3.31348	22.5
1427.713	nan	25070	1.32190e-04	3.31406	25.7	24164	1.37190e-04	3.31504	24.4	25054	1.32260e-04	3.31367	21.4	25003	1.32520e-04	3.31348	22.5
1428.902	nan	25067	1.32210e-04	3.31426	25.7	24175	1.37130e-04	3.31504	24.4	25053	1.32260e-04	3.31348	21.4	24994	1.32570e-04	3.31348	22.5
1430.089	nan	25100	1.32040e-04	3.31426	25.7	24164	1.37190e-04	3.31504	24.4	25037	1.32350e-04	3.31367	21.4	25000	1.32550e-04	3.31367	22.5
1431.278	nan	25046	1.32330e-04	3.31426	25.7	24178	1.37120e-04	3.31523	24.4	25078	1.32130e-04	3.31348	21.4	24999	1.32550e-04	3.31348	22.5
1432.467	nan	25055	1.32270e-04	3.31406	25.7	24150	1.37270e-04	3.31504	24.4	25029	1.32390e-04	3.31348	21.4	24988	1.32600e-04	3.31348	22.5
1433.655	nan	25049	1.32310e-04	3.31426	25.7	24174	1.37130e-04	3.31484	24.4	25033	1.32370e-04	3.31348	21.4	24968	1.32700e-04	3.31328	22.5
1434.843	nan	25059	1.32260e-04	3.31426	25.7	24145	1.37310e-04	3.31523	24.4	25042	1.32320e-04	3.31348	21.4	24985	1.32630e-04	3.31367	22.5
1436.031	nan	25091	1.32090e-04	3.31426	25.7	24146	1.37280e-04	3.31484	24.4	25002	1.32540e-04	3.31367	21.4	25002	1.32530e-04	3.31348	22.5
1437.220	nan	25103	1.32020e-04	3.31406	25.7	24166	1.37180e-04	3.31523	24.4	25066	1.32190e-04	3.31348	21.4	24974	1.32680e-04	3.31348	22.5
1438.408	nan	25207	1.31480e-04	3.31426	25.7	24259	1.36650e-04	3.31504	24.4	25022	1.32420e-04	3.31348	21.4	25121	1.31910e-04	3.31367	22.5
1439.596	nan	25277	1.31100e-04	3.31387	25.7	24347	1.36160e-04	3.31504	24.4	25084	1.32100e-04	3.31367	21.4	25142	1.31790e-04	3.31348	22.5
1440.785	nan	25296	1.31020e-04	3.31426	25.7	24466	1.35500e-04	3.31504	24.4	25071	1.32160e-04	3.31348	21.4	25025	1.32410e-04	3.31348	22.5
1441.973	nan	25308	1.30950e-04	3.31406	25.7	24573	1.34910e-04	3.31504	24.4	25128	1.31870e-04	3.31367	21.4	25016	1.32470e-04	3.31387	22.5
1443.161	nan	25331	1.30840e-04	3.31445	25.7	24543	1.35070e-04	3.31504	24.4	25228	1.31340e-04	3.31348	21.4	25081	1.32110e-04	3.31348	22.5
1444.349	nan	25333	1.30820e-04	3.31406	25.7	24533	1.35130e-04	3.31523	24.4	25314	1.30910e-04	3.31367	21.4	25057	1.32240e-04	3.31367	22.5
1445.538	nan	25273	1.31130e-04	3.31406	25.7	24556	1.35000e-04	3.31504	24.4	25391	1.30500e-04	3.31348	21.4	25081	1.32110e-04	3.31348	22.5
1446.726	nan	25262	1.31190e-04	3.31406	25.7	24516	1.35210e-04	3.31484	24.4	25440	1.30250e-04	3.31348	21.4	25071	1.32160e-04	3.31348	22.5
1447.914	nan	25275	1.31120e-04	3.31406	25.7	24479	1.35420e-04	3.31484	24.4	25413	1.30390e-04	3.31348	21.4	25084	1.32090e-04	3.31328	22.5
1449.103	nan	25339	1.30790e-04	3.31406	25.6	24470	1.35460e-04	3.31484	24.4	25363	1.30640e-04	3.31348	21.4	25082	1.32110e-04	3.31348	22.5
1450.291	nan	25312	1.30910e-04	3.31367	25.6	24484	1.35390e-04	3.31484	24.4	25334	1.30790e-04	3.31348	21.4	25096	1.32020e-04	3.31309	22.5
1451.479	nan	25352	1.30710e-04	3.31387	25.6	24418	1.35750e-04	3.31484	24.4	25319	1.30850e-04	3.31309	21.4	25070	1.32170e-04	3.31348	22.5
1452.667	nan	25325	1.30870e-04	3.31426	25.6	24401	1.35840e-04	3.31465	24.4	25304	1.30940e-04	3.31328	21.4	25027	1.32380e-04	3.31309	22.5
1453.856	nan	25359	1.30670e-04	3.31367	25.6	24420	1.35740e-04	3.31484	24.4	25285	1.31050e-04	3.31367	21.4	25039	1.32320e-04	3.31328	22.5
1455.044	nan	25333	1.30820e-04	3.31406	25.6	24340	1.36190e-04	3.31484	24.4	25232	1.31300e-04	3.31289	21.4	25052	1.32240e-04	3.31289	22.5
1456.232	nan	25351	1.30730e-04	3.31406	25.6	24300	1.36420e-04	3.31504	24.4	25227	1.31350e-04	3.31348	21.4	25058	1.32250e-04	3.31387	22.5
1457.420	nan	25341	1.30780e-04	3.31406	25.6	24213	1.36910e-04	3.31504	24.4	25185	1.31570e-04	3.31348	21.4	25048	1.32290e-04	3.31348	22.5
1458.609	nan	25337	1.30780e-04	3.31348	25.5	24173	1.37120e-04	3.31465	24.4	25160	1.31690e-04	3.31328	21.4	25051	1.32250e-04	3.31289	22.5
1459.797	nan	25354	1.30700e-04	3.31387	25.5	24192	1.37010e-04	3.31445	24.4	25090	1.32040e-04	3.31289	21.4	25048	1.32270e-04	3.31309	22.5
1460.985	nan	25354	1.30680e-04	3.31328	25.5	24206	1.36930e-04	3.31445	24.4	25086	1.32070e-04	3.31309	21.4	25027	1.32370e-04	3.31289	22.5
1462.173	nan	25386	1.30520e-04	3.31348	25.5	24130	1.37350e-04	3.31426	24.5	25100	1.31990e-04	3.31289	21.4	25040	1.32310e-04	3.31309	22.5
1463.362	nan	25385	1.30540e-04	3.31367	25.5	24047	1.37850e-04	3.31484	24.5	25103	1.31970e-04	3.31289	21.4	25033	1.32350e-04	3.31309	22.5
1464.550	nan	25380	1.30560e-04	3.31367	25.5	24079	1.37660e-04	3.31465	24.5	25117	1.31910e-04	3.31309	21.4	25018	1.32430e-04	3.31309	22.5
1465.738	nan	25393	1.30490e-04	3.31348	25.5	24040	1.37860e-04	3.31426	24.5	25088	1.32050e-04	3.31289	21.4	24978	1.32620e-04	3.31270	22.5
1466.927	nan	25430	1.30300e-04	3.31348	25.5	24002	1.38060e-04	3.31387	24.5	25108	1.31950e-04	3.31289	21.4	24957	1.32730e-04	3.31250	22.5
1468.115	nan	25469	1.30100e-04	3.31348	25.4	23943	1.38440e-04	3.31465	24.5	25105	1.31960e-04	3.31289	21.4	24986	1.32590e-04	3.31289	22.5
1469.303	nan	25492	1.29980e-04	3.31328	25.4	23922	1.38540e-04	3.31426	24.5	25040	1.32300e-04	3.31289	21.4	24966	1.32690e-04	3.31270	22.5
1470.492	nan	25486	1.29990e-04	3.31309	25.4	23922	1.38530e-04	3.31406	24.5	25059	1.32190e-04	3.31270	21.4	24951	1.32770e-04	3.31270	22.5
1471.680	nan	25497	1.29950e-04	3.31328	25.4	23899	1.38670e-04	3.31406	24.6	25081	1.32070e-04	3.31250	21.4	24906	1.33000e-04	3.31250	22.5
1472.868	nan	25505	1.29910e-04	3.31348	25.4	23868	1.38860e-04	3.31426	24.6	25063	1.32170e-04	3.31270	21.4	24962	1.32720e-04	3.31289	22.5
1474.057	nan	25517	1.29840e-04	3.31328	25.4	23859	1.38900e-04	3.31406	24.6	25054	1.32220e-04	3.31270	21.4	24944	1.32810e-04	3.31270	22.5
1475.245	nan	25508	1.29890e-04	3.31328	25.4	23843	1.38990e-04	3.31406	24.6	25022	1.32390e-04	3.31270	21.4	24963	1.32700e-04	3.31250	22.5
1476.433	nan	25516	1.29850e-04	3.31309	25.3	23829	1.39070e-04	3.31406	24.6	25053	1.32220e-04	3.31250	21.4	24973	1.32640e-04	3.31250	22.5
1477.622	nan	25551	1.29650e-04	3.31270	25.3	23832	1.39050e-04	3.31387	24.7	25036	1.32310e-04	3.31250	21.4	24964	1.32680e-04	3.31211	22.5
1478.810	nan	25542	1.29710e-04	3.31309	25.3	23866	1.38850e-04	3.31387	24.7	25022	1.32370e-04	3.31211	21.4	24948	1.32780e-04	3.31250	22.4
1479.998	nan	25536	1.29740e-04	3.31289	25.3	23827	1.39070e-04	3.31367	24.7	25048	1.32250e-04	3.31250	21.4	24932	1.32850e-04	3.31211	22.5
1481.186	nan	25566	1.29590e-04	3.31309	25.3	23846	1.38980e-04	3.31406	24.7	25028	1.32340e-04	3.31230	21.4	24925	1.32900e-04	3.31250	22.5
1482.375	nan	25563	1.29600e-04	3.31289	25.3	23832	1.39050e-04	3.31387	24.7	25031	1.32330e-04	3.31250	21.4	24938	1.32820e-04	3.31230	22.4
1483.563	nan	25563	1.29600e-04	3.31309	25.3	23842	1.38980e-04	3.31367	24.7	25041	1.32270e-04	3.31230	21.4	24934	1.32830e-04	3.31211	22.5
1484.751	nan	25579	1.29520e-04	3.31309	25.2	23860	1.38900e-04	3.31406	24.7	25000	1.32490e-04	3.31230	21.5	24922	1.32920e-04	3.31270	22.4
1485.939	nan	25594	1.29430e-04	3.31270	25.2	23814	1.39160e-04	3.31387	24.8	25030	1.32340e-04	3.31230	21.4	24926	1.32880e-04	3.31211	22.4
1487.128	nan	25586	1.29490e-04	3.31309	25.2	23817	1.39130e-04	3.31367	24.8	24987	1.32550e-04	3.31211	21.4	24941	1.32800e-04	3.31211	22.4
1488.316	nan	25589	1.29470e-04	3.31289	25.2	23815	1.39150e-04	3.31387	24.8	25012	1.32430e-04	3.31250	21.4	24921	1.32910e-04	3.31211	22.4
1489.505	nan	25600	1.29400e-04	3.31270	25.2	23814	1.39160e-04	3.31387	24.8	24986	1.32560e-04	3.31211	21.5	24894	1.33070e-04	3.31250	22.4
1490.693	nan	25622	1.29300e-04	3.31289	25.2	23820	1.39110e-04	3.31367	24.8	24989	1.32530e-04	3.31191	21.4	24928	1.32870e-04	3.31211	22.4
1491.881	nan	25650	1.29150e-04	3.31270	25.2	23830	1.39060e-04	3.31367	24.8	24991	1.32540e-04	3.31230	21.4	24951	1.32750e-04	3.31230	22.4
1493.069	nan	25649	1.29160e-04	3.31289	25.2	23863	1.38850e-04	3.31328	24.8	24976	1.32600e-04	3.31191	21.4	24939	1.32790e-04	3.31172	22.4
1494.258	nan	25668	1.29070e-04	3.31289	25.2	23818	1.39150e-04	3.31426	24.8	24996	1.32510e-04	3.31230	21.4	24956	1.32740e-04	3.31270	22.4
1495.446	nan	25648	1.29160e-04	3.31270	25.2	23835	1.39030e-04	3.31367	24.8	24996	1.32510e-04	3.31230	21.4	24914	1.32940e-04	3.31211	22.4
1496.634	nan	25677	1.29020e-04	3.31270	25.1	23816	1.39140e-04	3.31367	24.9	24991	1.32530e-04	3.31211	21.4	24924	1.32880e-04	3.31191	22.4
1497.823	nan	25664	1.29090e-04	3.31289	25.1	23870	1.38810e-04	3.31348	24.9	24992	1.32530e-04	3.31211	21.4	24909	1.32970e-04	3.31230	22.5
1499.011	nan	25640	1.29190e-04	3.31250	25.1	23855	1.38900e-04	3.31348	24.9	24967	1.32660e-04	3.31211	21.4	24936	1.32820e-04	3.31191	22.4
1500.199	nan	25638	1.29200e-04	3.31250	25.1	23862	1.38850e-04	3.31328	24.9	24994	1.32510e-04	3.31191	21.4	24950	1.32740e-04	3.31191	22.4
1501.387	nan	25659	1.29110e-04	3.31289	25.1	23851	1.38920e-04	3.31328	24.9	24962	1.32670e-04	3.31172	21.4	24898	1.33020e-04	3.31191	22.4
1502.576	nan	25642	1.29190e-04	3.31270	25.1	23834	1.39040e-04	3.31387	24.9	24933	1.32850e-04	3.31230	21.4	24936	1.32820e-04	3.31211	22.4
1503.764	nan	25679	1.28990e-04	3.31230	25.1	23879	1.38740e-04	3.31309	24.9	24936	1.32820e-04	3.31211	21.4	24954	1.32710e-04	3.31172	22.4
1504.953	nan	25683	1.28980e-04	3.31270	25.1	23888	1.38710e-04	3.31348	24.9	24954	1.32710e-04	3.31172	21.4	24957	1.32700e-04	3.31191	22.4
1506.141	nan	25698	1.28900e-04	3.31250	25.1	23877	1.38780e-04	3.31367	24.9	24959	1.32690e-04	3.31191	21.4	24926	1.32870e-04	3.31191	22.4
1507.329	nan	25706	1.28860e-04	3.31250	25.1	23872	1.38790e-04	3.31328	24.9	24942	1.32790e-04	3.31211	21.4	24924	1.32880e-04	3.31191	22.4
1508.517	nan	25693	1.28920e-04	3.31230	25.0	23871	1.38790e-04	3.31309	25.0	24931	1.32840e-04	3.31191	21.4	24929	1.32840e-04	3.31152	22.4
1509.706	nan	25686	1.28960e-04	3.31250	25.0	23872	1.38810e-04	3.31367	25.0	24935	1.32800e-04	3.31152	21.4	24929	1.32860e-04	3.31211	22.4
1510.894	nan	25669	1.29040e-04	3.31250	25.0	23865	1.38820e-04	3.31289	25.0	24948	1.32760e-04	3.31211	21.4	24924	1.32870e-04	3.31152	22.4
1512.082	nan	25701	1.28900e-04	3.31270	25.0	23865	1.38840e-04	3.31348	25.0	24906	1.32970e-04	3.31172	21.4	24929	1.32850e-04	3.31191	22.4
1513.270	nan	25714	1.28810e-04	3.31230	25.0	23858	1.38870e-04	3.31328	25.0	24930	1.32850e-04	3.31191	21.4	24936	1.32810e-04	3.31172	22.4
1514.459	nan	25709	1.28840e-04	3.31250	25.0	23896	1.38670e-04	3.31367	25.0	24909	1.32960e-04	3.31191	21.4	24910	1.32960e-04	3.31211	22.4
1515.647	nan	25672	1.29030e-04	3.31250	25.0	23871	1.38810e-04	3.31348	25.0	24933	1.32820e-04	3.31172	21.4	24949	1.32750e-04	3.31191	22.4
1516.835	nan	25709	1.28840e-04	3.31230	25.0	23872	1.38790e-04	3.31328	25.0	24911	1.32950e-04	3.31191	21.4	24936	1.32810e-04	3.31172	22.4
1518.024	nan	25711	1.28830e-04	3.31230	25.0	23861	1.38850e-04	3.31309	25.0	24905	1.32970e-04	3.31172	21.4	24948	1.32750e-04	3.31191	22.4
1519.212	nan	25694	1.28920e-04	3.31250	24.9	23885	1.38720e-04	3.31328	25.0	24890	1.33050e-04	3.31172	21.4	24942	1.32780e-04	3.31172	22.4
1520.400	nan	25718	1.28800e-04	3.31250	24.9	23890	1.38700e-04	3.31348	25.0	24930	1.32850e-04	3.31191	21.4	24918	1.32910e-04	3.31191	22.4
1521.588	nan	25735	1.28720e-04	3.31250	24.9	23877	1.38760e-04	3.31309	25.0	24855	1.33250e-04	3.31191	21.4	24899	1.33000e-04	3.31152	22.4
1522.777	nan	25733	1.28730e-04	3.31250	24.9	23879	1.38770e-04	3.31367	25.0	24871	1.33160e-04	3.31172	21.4	24914	1.32940e-04	3.31211	22.4
1523.965	nan	25741	1.28670e-04	3.31211	24.9	23880	1.38740e-04	3.31309	25.0	24897	1.33030e-04	3.31191	21.4	24932	1.32810e-04	3.31133	22.4
1525.153	nan	25723	1.28770e-04	3.31230	24.9	23877	1.38760e-04	3.31328	25.0	24869	1.33160e-04	3.31152	21.4	24918	1.32900e-04	3.31172	22.4
1526.342	nan	25729	1.28760e-04	3.31289	24.9	23870	1.38800e-04	3.31328	25.0	24907	1.32960e-04	3.31172	21.4	24921	1.32900e-04	3.31191	22.4
1527.530	nan	25719	1.28800e-04	3.31250	24.9	23877	1.38770e-04	3.31348	25.0	24885	1.33100e-04	3.31211	21.4	24932	1.32840e-04	3.31211	22.4
1528.718	nan	25730	1.28730e-04	3.31230	24.9	23870	1.38810e-04	3.31328	25.0	24899	1.33010e-04	3.31191	21.4	24934	1.32820e-04	3.31172	22.4
1529.906	nan	25726	1.28730e-04	3.31172	24.9	23866	1.38810e-04	3.31289	25.0	24894	1.33030e-04	3.31172	21.4	24936	1.32800e-04	3.31152	22.4
1531.095	nan	25706	1.28870e-04	3.31270	24.8	23851	1.38900e-04	3.31289	25.0	24866	1.33160e-04	3.31113	21.4	24935	1.32800e-04	3.31133	22.4
1532.283	nan	25714	1.28820e-04	3.31250	24.8	23872	1.38790e-04	3.31328	25.0	24872	1.33160e-04	3.31191	21.4	24920	1.32890e-04	3.31152	22.4
1533.471	nan	25685	1.28960e-04	3.31230	24.8	23884	1.38720e-04	3.31328	25.0	24865	1.33200e-04	3.31191	21.4	24939	1.32780e-04	3.31133	22.4
1534.660	nan	25723	1.28770e-04	3.31230	24.8	23876	1.38760e-04	3.31309	25.0	24856	1.33230e-04	3.31152	21.4	24932	1.32830e-04	3.31172	22.4
1535.848	nan	25718	1.28790e-04	3.31230	24.8	23883	1.38730e-04	3.31328	25.0	24862	1.33190e-04	3.31152	21.4	24933	1.32830e-04	3.31191	22.4
1537.036	nan	25716	1.28800e-04	3.31211	24.8	23884	1.38710e-04	3.31309	25.0	24877	1.33120e-04	3.31172	21.4	24899	1.33000e-04	3.31152	22.4
1538.225	nan	25730	1.28730e-04	3.31230	24.8	23867	1.38810e-04	3.31289	25.0	24851	1.33250e-04	3.31152	21.4	24943	1.32760e-04	3.31152	22.4
1539.413	nan	25722	1.28760e-04	3.31211	24.8	23867	1.38810e-04	3.31289	25.0	24856	1.33230e-04	3.31152	21.4	24942	1.32760e-04	3.31133	22.4
1540.602	nan	25708	1.28840e-04	3.31211	24.8	23863	1.38830e-04	3.31289	25.0	24860	1.33200e-04	3.31133	21.4	24930	1.32820e-04	3.31133	22.4
1541.789	nan	25768	1.28540e-04	3.31230	24.7	23875	1.38780e-04	3.31348	25.0	24852	1.33250e-04	3.31152	21.4	24929	1.32850e-04	3.31191	22.4
1542.978	nan	25740	1.28680e-04	3.31211	24.7	23879	1.38740e-04	3.31309	25.0	24865	1.33180e-04	3.31152	21.4	24931	1.32830e-04	3.31152	22.4
1544.166	nan	25691	1.28910e-04	3.31191	24.7	23866	1.38810e-04	3.31270	25.0	24864	1.33190e-04	3.31152	21.4	24906	1.32940e-04	3.31113	22.4
1545.355	nan	25705	1.28860e-04	3.31230	24.7	23885	1.38690e-04	3.31270	25.0	24850	1.33250e-04	3.31113	21.4	24904	1.32970e-04	3.31152	22.4
1546.543	nan	25732	1.28720e-04	3.31230	24.7	23907	1.38590e-04	3.31328	24.9	24843	1.33310e-04	3.31172	21.4	24912	1.32940e-04	3.31172	22.4
1547.731	nan	25693	1.28910e-04	3.31211	24.7	23866	1.38820e-04	3.31309	24.9	24819	1.33440e-04	3.31172	21.4	24897	1.33010e-04	3.31152	22.4
1548.919	nan	25703	1.28850e-04	3.31172	24.7	23858	1.38850e-04	3.31270	24.9	24850	1.33250e-04	3.31133	21.4	24931	1.32810e-04	3.31113	22.4
1550.108	nan	25705	1.28870e-04	3.31250	24.7	23863	1.38840e-04	3.31309	24.9	24844	1.33280e-04	3.31113	21.4	24930	1.32840e-04	3.31172	22.4
1551.296	nan	25741	1.28680e-04	3.31250	24.7	23886	1.38710e-04	3.31328	24.9	24833	1.33360e-04	3.31172	21.3	24953	1.32720e-04	3.31172	22.4
1552.484	nan	25706	1.28850e-04	3.31230	24.6	23865	1.38830e-04	3.31309	24.9	24840	1.33330e-04	3.31191	21.3	24938	1.32790e-04	3.31152	22.4
1553.673	nan	25696	1.28900e-04	3.31211	24.6	23855	1.38890e-04	3.31328	24.9	24794	1.33560e-04	3.31152	21.3	24903	1.32980e-04	3.31152	22.3
1554.861	nan	25742	1.28660e-04	3.31211	24.6	23897	1.38630e-04	3.31289	24.9	24822	1.33400e-04	3.31133	21.3	24914	1.32910e-04	3.31133	22.3
1556.049	nan	25711	1.28820e-04	3.31211	24.6	23890	1.38670e-04	3.31289	24.9	24836	1.33330e-04	3.31133	21.3	24914	1.32920e-04	3.31152	22.3
1557.238	nan	25737	1.28680e-04	3.31191	24.6	23908	1.38560e-04	3.31270	24.9	24806	1.33500e-04	3.31152	21.3	24903	1.32970e-04	3.31133	22.3
1558.426	nan	25718	1.28800e-04	3.31230	24.6	23885	1.38710e-04	3.31309	24.9	24783	1.33620e-04	3.31152	21.3	24908	1.32950e-04	3.31152	22.3
1559.614	nan	25749	1.28620e-04	3.31191	24.6	23865	1.38810e-04	3.31270	24.9	24833	1.33350e-04	3.31152	21.3	24899	1.32980e-04	3.31113	22.3
1560.802	nan	25743	1.28660e-04	3.31211	24.6	23888	1.38700e-04	3.31328	24.9	24795	1.33550e-04	3.31133	21.3	24908	1.32960e-04	3.31172	22.3
1561.991	nan	25734	1.28710e-04	3.31230	24.6	23889	1.38690e-04	3.31309	24.9	24803	1.33500e-04	3.31133	21.3	24897	1.33000e-04	3.31133	22.3
1563.179	nan	25730	1.28730e-04	3.31211	24.6	23886	1.38710e-04	3.31309	24.9	24809	1.33490e-04	3.31172	21.3	24898	1.33000e-04	3.31133	22.3
1564.368	nan	25732	1.28710e-04	3.31191	24.6	23882	1.38700e-04	3.31250	24.9	24793	1.33560e-04	3.31133	21.3	24884	1.33070e-04	3.31133	22.3
1565.556	nan	25737	1.28670e-04	3.31172	24.5	23901	1.38610e-04	3.31289	24.9	24798	1.33530e-04	3.31133	21.3	24917	1.32890e-04	3.31133	22.3
1566.744	nan	25763	1.28570e-04	3.31250	24.5	23901	1.38610e-04	3.31289	24.9	24815	1.33430e-04	3.31113	21.3	24894	1.33020e-04	3.31152	22.3
1567.932	nan	25736	1.28680e-04	3.31172	24.5	23883	1.38720e-04	3.31309	24.9	24813	1.33480e-04	3.31191	21.3	24900	1.32990e-04	3.31152	22.3
1569.120	nan	25725	1.28760e-04	3.31230	24.5	23891	1.38660e-04	3.31270	24.9	24807	1.33480e-04	3.31113	21.3	24919	1.32880e-04	3.31113	22.3
1570.309	nan	25737	1.28690e-04	3.31211	24.5	23861	1.38840e-04	3.31289	24.9	24778	1.33650e-04	3.31152	21.3	24926	1.32850e-04	3.31133	22.3
1571.497	nan	25731	1.28710e-04	3.31191	24.5	23894	1.38650e-04	3.31289	24.9	24791	1.33570e-04	3.31133	21.3	24863	1.33180e-04	3.31133	22.3
1572.685	nan	25745	1.28640e-04	3.31172	24.5	23885	1.38690e-04	3.31270	24.9	24767	1.33700e-04	3.31133	21.3	24883	1.33070e-04	3.31113	22.3
1573.874	nan	25749	1.28620e-04	3.31191	24.5	23879	1.38730e-04	3.31270	24.8	24775	1.33660e-04	3.31133	21.3	24915	1.32910e-04	3.31133	22.3
1575.062	nan	25761	1.28560e-04	3.31191	24.5	23881	1.38720e-04	3.31289	24.8	24795	1.33550e-04	3.31133	21.3	24895	1.33010e-04	3.31133	22.3
1576.250	nan	25753	1.28600e-04	3.31191	24.5	23876	1.38740e-04	3.31270	24.8	24792	1.33560e-04	3.31133	21.3	24870	1.33150e-04	3.31133	22.3
1577.439	nan	25773	1.28500e-04	3.31191	24.5	23898	1.38610e-04	3.31250	24.8	24768	1.33700e-04	3.31133	21.3	24905	1.32940e-04	3.31094	22.3
1578.627	nan	25752	1.28620e-04	3.31211	24.4	23883	1.38720e-04	3.31309	24.8	24789	1.33580e-04	3.31133	21.3	24889	1.33050e-04	3.31152	22.3
1579.815	nan	25785	1.28440e-04	3.31172	24.4	23882	1.38710e-04	3.31270	24.8	24794	1.33560e-04	3.31152	21.3	24900	1.32990e-04	3.31133	22.3
1581.003	nan	25782	1.28460e-04	3.31191	24.4	23908	1.38570e-04	3.31289	24.8	24789	1.33570e-04	3.31113	21.3	24889	1.33040e-04	3.31133	22.3
1582.192	nan	25794	1.28400e-04	3.31191	24.4	23923	1.38460e-04	3.31250	24.8	24775	1.33650e-04	3.31133	21.3	24917	1.32880e-04	3.31094	22.3
1583.380	nan	25791	1.28410e-04	3.31191	24.4	23897	1.38630e-04	3.31289	24.8	24767	1.33690e-04	3.31113	21.3	24902	1.32980e-04	3.31133	22.3
1584.568	nan	25746	1.28640e-04	3.31191	24.4	23888	1.38680e-04	3.31270	24.8	24772	1.33670e-04	3.31133	21.3	24878	1.33110e-04	3.31133	22.3
1585.757	nan	25794	1.28390e-04	3.31172	24.4	23926	1.38460e-04	3.31270	24.8	24784	1.33610e-04	3.31133	21.3	24912	1.32910e-04	3.31113	22.3
1586.945	nan	25791	1.28410e-04	3.31172	24.4	23914	1.38530e-04	3.31270	24.8	24772	1.33660e-04	3.31113	21.3	24861	1.33190e-04	3.31113	22.3
1588.133	nan	25761	1.28560e-04	3.31191	24.4	23921	1.38490e-04	3.31270	24.8	24775	1.33650e-04	3.31113	21.2	24922	1.32870e-04	3.31133	22.3
1589.321	nan	25779	1.28470e-04	3.31172	24.4	23915	1.38510e-04	3.31250	24.8	24760	1.33730e-04	3.31113	21.2	24901	1.32970e-04	3.31094	22.3
1590.510	nan	25796	1.28380e-04	3.31172	24.3	23931	1.38420e-04	3.31270	24.8	24787	1.33590e-04	3.31133	21.2	24874	1.33110e-04	3.31094	22.3
1591.698	nan	25773	1.28510e-04	3.31211	24.3	23923	1.38490e-04	3.31309	24.8	24762	1.33720e-04	3.31113	21.2	24895	1.33030e-04	3.31172	22.3
1592.886	nan	25751	1.28610e-04	3.31172	24.3	23934	1.38420e-04	3.31289	24.8	24754	1.33770e-04	3.31133	21.2	24868	1.33150e-04	3.31133	22.2
1594.074	nan	25795	1.28390e-04	3.31172	24.3	23939	1.38380e-04	3.31270	24.8	24778	1.33630e-04	3.31113	21.2	24908	1.32940e-04	3.31133	22.2
1595.263	nan	25761	1.28540e-04	3.31133	24.3	23915	1.38500e-04	3.31230	24.8	24775	1.33650e-04	3.31113	21.2	24904	1.32950e-04	3.31094	22.2
1596.451	nan	25765	1.28540e-04	3.31191	24.3	23934	1.38410e-04	3.31270	24.8	24793	1.33540e-04	3.31074	21.2	24891	1.33030e-04	3.31133	22.2
1597.640	nan	25752	1.28620e-04	3.31230	24.3	23915	1.38530e-04	3.31289	24.8	24760	1.33730e-04	3.31133	21.2	24901	1.32980e-04	3.31133	22.2
1598.828	nan	25787	1.28430e-04	3.31191	24.3	23942	1.38390e-04	3.31328	24.8	24769	1.33700e-04	3.31152	21.2	24888	1.33060e-04	3.31152	22.2
1600.016	nan	25785	1.28430e-04	3.31172	24.3	23931	1.38430e-04	3.31270	24.8	24769	1.33690e-04	3.31133	21.2	24880	1.33080e-04	3.31113	22.2
1601.205	nan	25785	1.28440e-04	3.31172	24.3	23900	1.38610e-04	3.31289	24.8	24762	1.33720e-04	3.31113	21.2	24896	1.33000e-04	3.31113	22.2
1602.393	nan	25746	1.28640e-04	3.31191	24.2	23934	1.38410e-04	3.31270	24.8	24774	1.33650e-04	3.31094	21.2	24901	1.32970e-04	3.31113	22.2
1603.581	nan	25808	1.28310e-04	3.31152	24.2	23943	1.38360e-04	3.31270	24.7	24771	1.33680e-04	3.31133	21.2	24853	1.33230e-04	3.31113	22.2
1604.769	nan	25784	1.28450e-04	3.31191	24.2	23929	1.38430e-04	3.31250	24.7	24763	1.33700e-04	3.31094	21.2	24878	1.33090e-04	3.31094	22.2
1605.957	nan	25802	1.28350e-04	3.31172	24.2	23930	1.38420e-04	3.31250	24.7	24762	1.33730e-04	3.31133	21.2	24883	1.33070e-04	3.31113	22.2
1607.146	nan	25780	1.28470e-04	3.31191	24.2	23927	1.38460e-04	3.31289	24.7	24786	1.33590e-04	3.31113	21.2	24880	1.33100e-04	3.31152	22.2
1608.334	nan	25776	1.28490e-04	3.31191	24.2	23925	1.38450e-04	3.31250	24.7	24745	1.33820e-04	3.31133	21.2	24878	1.33100e-04	3.31113	22.2
1609.522	nan	25786	1.28420e-04	3.31152	24.2	23948	1.38310e-04	3.31230	24.7	24748	1.33790e-04	3.31113	21.2	24869	1.33140e-04	3.31094	22.2
1610.711	nan	25796	1.28390e-04	3.31191	24.2	23942	1.38360e-04	3.31270	24.7	24755	1.33750e-04	3.31094	21.2	24907	1.32940e-04	3.31113	22.2
1611.899	nan	25820	1.28270e-04	3.31191	24.2	23964	1.38250e-04	3.31289	24.7	24754	1.33770e-04	3.31133	21.2	24831	1.33360e-04	3.31133	22.2
1613.087	nan	25792	1.28390e-04	3.31152	24.2	23951	1.38310e-04	3.31270	24.7	24769	1.33690e-04	3.31133	21.2	24848	1.33250e-04	3.31113	22.2
1614.275	nan	25804	1.28340e-04	3.31172	24.2	23938	1.38380e-04	3.31250	24.7	24742	1.33820e-04	3.31094	21.2	24892	1.33010e-04	3.31094	22.2
1615.464	nan	25811	1.28310e-04	3.31191	24.2	23949	1.38310e-04	3.31250	24.7	24782	1.33600e-04	3.31094	21.2	24872	1.33120e-04	3.31094	22.2
1616.652	nan	25795	1.28400e-04	3.31191	24.2	23940	1.38370e-04	3.31250	24.7	24769	1.33680e-04	3.31113	21.2	24884	1.33060e-04	3.31113	22.2
1617.840	nan	25806	1.28340e-04	3.31191	24.1	23962	1.38250e-04	3.31270	24.7	24768	1.33680e-04	3.31113	21.2	24874	1.33120e-04	3.31133	22.2
1619.029	nan	25791	1.28400e-04	3.31152	24.1	23942	1.38360e-04	3.31250	24.7	24795	1.33540e-04	3.31113	21.2	24882	1.33080e-04	3.31113	22.2
1620.217	nan	25793	1.28390e-04	3.31152	24.1	23967	1.38210e-04	3.31250	24.7	24783	1.33600e-04	3.31094	21.2	24870	1.33130e-04	3.31094	22.2
1621.405	nan	25834	1.28200e-04	3.31191	24.1	23936	1.38390e-04	3.31250	24.7	24762	1.33710e-04	3.31094	21.2	24877	1.33100e-04	3.31113	22.2
1622.593	nan	25805	1.28330e-04	3.31172	24.1	23939	1.38370e-04	3.31250	24.7	24787	1.33590e-04	3.31133	21.2	24876	1.33100e-04	3.31094	22.2
1623.782	nan	25815	1.28290e-04	3.31172	24.1	23971	1.38200e-04	3.31270	24.7	24753	1.33760e-04	3.31113	21.2	24858	1.33200e-04	3.31113	22.2
1624.970	nan	25832	1.28190e-04	3.31152	24.1	23931	1.38420e-04	3.31250	24.7	24778	1.33630e-04	3.31094	21.2	24847	1.33250e-04	3.31094	22.2
1626.158	nan	25835	1.28190e-04	3.31191	24.1	23948	1.38320e-04	3.31250	24.7	24768	1.33670e-04	3.31074	21.2	24898	1.32990e-04	3.31113	22.2
1627.346	nan	25805	1.28330e-04	3.31172	24.1	23937	1.38380e-04	3.31230	24.7	24769	1.33680e-04	3.31113	21.2	24848	1.33250e-04	3.31094	22.2
1628.535	nan	25798	1.28370e-04	3.31172	24.1	23940	1.38370e-04	3.31250	24.7	24777	1.33630e-04	3.31094	21.2	24867	1.33150e-04	3.31113	22.2
1629.723	nan	25805	1.28330e-04	3.31152	24.0	23972	1.38180e-04	3.31250	24.7	24737	1.33850e-04	3.31113	21.2	24871	1.33120e-04	3.31094	22.2
1630.911	nan	25834	1.28190e-04	3.31172	24.0	23965	1.38220e-04	3.31250	24.6	24760	1.33730e-04	3.31113	21.2	24861	1.33180e-04	3.31094	22.2
1632.099	nan	25849	1.28090e-04	3.31113	24.0	23970	1.38180e-04	3.31230	24.6	24770	1.33670e-04	3.31094	21.1	24854	1.33210e-04	3.31094	22.2
1633.287	nan	25839	1.28160e-04	3.31152	24.0	23976	1.38160e-04	3.31250	24.6	24760	1.33700e-04	3.31055	21.1	24846	1.33260e-04	3.31094	22.2
1634.476	nan	25818	1.28280e-04	3.31191	24.0	23941	1.38350e-04	3.31230	24.6	24787	1.33570e-04	3.31094	21.1	24849	1.33240e-04	3.31094	22.2
1635.664	nan	25785	1.28430e-04	3.31152	24.0	23983	1.38120e-04	3.31250	24.6	24773	1.33660e-04	3.31113	21.1	24869	1.33140e-04	3.31094	22.2
1636.852	nan	25852	1.28090e-04	3.31133	24.0	23954	1.38280e-04	3.31230	24.6	24767	1.33680e-04	3.31094	21.1	24888	1.33020e-04	3.31055	22.2
1638.041	nan	25806	1.28320e-04	3.31152	24.0	23968	1.38200e-04	3.31250	24.6	24752	1.33750e-04	3.31055	21.1	24857	1.33210e-04	3.31113	22.2
1639.229	nan	25812	1.28310e-04	3.31211	24.0	23971	1.38210e-04	3.31289	24.6	24763	1.33700e-04	3.31094	21.1	24878	1.33090e-04	3.31113	22.2
1640.417	nan	25807	1.28320e-04	3.31152	24.0	23988	1.38060e-04	3.31191	24.6	24772	1.33680e-04	3.31152	21.1	24839	1.33290e-04	3.31074	22.2
1641.606	nan	25808	1.28330e-04	3.31191	24.0	23971	1.38200e-04	3.31270	24.6	24772	1.33650e-04	3.31074	21.1	24894	1.33010e-04	3.31113	22.2
1642.793	nan	25799	1.28380e-04	3.31191	24.0	23964	1.38230e-04	3.31270	24.6	24715	1.33970e-04	3.31113	21.1	24847	1.33270e-04	3.31133	22.2
1643.982	nan	25814	1.28310e-04	3.31211	24.0	23972	1.38200e-04	3.31289	24.6	24756	1.33760e-04	3.31133	21.1	24888	1.33060e-04	3.31152	22.2
1645.170	nan	25800	1.28360e-04	3.31172	24.0	23960	1.38260e-04	3.31270	24.6	24738	1.33850e-04	3.31133	21.1	24870	1.33140e-04	3.31113	22.2
1646.359	nan	25826	1.28230e-04	3.31172	23.9	23965	1.38220e-04	3.31230	24.6	24743	1.33820e-04	3.31094	21.1	24896	1.32990e-04	3.31094	22.2
1647.546	nan	25818	1.28270e-04	3.31172	23.9	23980	1.38150e-04	3.31270	24.5	24726	1.33910e-04	3.31113	21.1	24872	1.33120e-04	3.31113	22.2
1648.735	nan	25820	1.28260e-04	3.31172	23.9	23965	1.38230e-04	3.31270	24.5	24773	1.33660e-04	3.31113	21.1	24830	1.33350e-04	3.31113	22.2
1649.923	nan	25805	1.28330e-04	3.31152	23.9	23974	1.38160e-04	3.31230	24.5	24765	1.33700e-04	3.31113	21.1	24875	1.33100e-04	3.31094	22.1
1651.112	nan	25809	1.28320e-04	3.31191	23.9	23977	1.38160e-04	3.31270	24.5	24774	1.33650e-04	3.31094	21.1	24860	1.33200e-04	3.31133	22.1
1652.299	nan	25824	1.28230e-04	3.31152	23.9	23957	1.38270e-04	3.31250	24.5	24770	1.33680e-04	3.31133	21.1	24840	1.33290e-04	3.31094	22.1
1653.488	nan	25824	1.28250e-04	3.31191	23.9	23941	1.38370e-04	3.31270	24.5	24758	1.33730e-04	3.31094	21.1	24860	1.33180e-04	3.31094	22.1
1654.676	nan	25795	1.28390e-04	3.31172	23.9	23973	1.38180e-04	3.31250	24.5	24753	1.33760e-04	3.31113	21.1	24849	1.33250e-04	3.31113	22.1
1655.865	nan	25820	1.28260e-04	3.31172	23.9	23952	1.38300e-04	3.31270	24.5	24760	1.33720e-04	3.31094	21.1	24845	1.33260e-04	3.31094	22.1
1657.053	nan	25791	1.28400e-04	3.31152	23.9	23944	1.38330e-04	3.31230	24.5	24762	1.33720e-04	3.31113	21.1	24847	1.33240e-04	3.31074	22.1
1658.241	nan	25798	1.28370e-04	3.31172	23.9	23978	1.38150e-04	3.31250	24.5	24747	1.33790e-04	3.31074	21.1	24860	1.33190e-04	3.31113	22.1
1659.429	nan	25820	1.28250e-04	3.31152	23.9	23942	1.38350e-04	3.31250	24.5	24759	1.33730e-04	3.31113	21.1	24855	1.33210e-04	3.31094	22.1
1660.617	nan	25836	1.28170e-04	3.31133	23.9	23993	1.38060e-04	3.31230	24.5	24758	1.33730e-04	3.31074	21.1	24890	1.33020e-04	3.31094	22.1
1661.805	nan	25799	1.28370e-04	3.31172	23.9	23990	1.38080e-04	3.31250	24.5	24771	1.33660e-04	3.31094	21.1	24857	1.33200e-04	3.31094	22.1
1662.994	nan	25813	1.28300e-04	3.31172	23.9	23951	1.38300e-04	3.31250	24.5	24757	1.33740e-04	3.31094	21.1	24850	1.33240e-04	3.31094	22.1
1664.182	nan	25791	1.28400e-04	3.31152	23.9	23986	1.38100e-04	3.31250	24.5	24729	1.33900e-04	3.31113	21.1	24819	1.33400e-04	3.31094	22.1
1665.370	nan	25798	1.28350e-04	3.31133	23.9	23973	1.38160e-04	3.31211	24.5	24760	1.33730e-04	3.31113	21.1	24825	1.33360e-04	3.31074	22.1
1666.558	nan	25810	1.28300e-04	3.31152	23.9	23991	1.38060e-04	3.31230	24.5	24747	1.33790e-04	3.31094	21.1	24866	1.33140e-04	3.31074	22.1
1667.747	nan	25819	1.28250e-04	3.31133	23.8	23976	1.38150e-04	3.31230	24.5	24753	1.33750e-04	3.31074	21.1	24879	1.33080e-04	3.31074	22.1
1668.935	nan	25805	1.28330e-04	3.31152	23.8	23981	1.38120e-04	3.31230	24.5	24745	1.33780e-04	3.31055	21.1	24849	1.33240e-04	3.31094	22.1
1670.124	nan	25785	1.28430e-04	3.31152	23.8	23990	1.38070e-04	3.31230	24.5	24774	1.33650e-04	3.31094	21.1	24859	1.33190e-04	3.31094	22.1
1671.311	nan	25832	1.28200e-04	3.31152	23.8	23971	1.38190e-04	3.31250	24.5	24784	1.33590e-04	3.31094	21.1	24838	1.33300e-04	3.31094	22.1
1672.500	nan	25829	1.28190e-04	3.31113	23.8	23977	1.38140e-04	3.31211	24.5	24790	1.33560e-04	3.31094	21.1	24849	1.33220e-04	3.31035	22.1
1673.688	nan	25801	1.28360e-04	3.31172	23.8	23977	1.38150e-04	3.31250	24.5	24772	1.33650e-04	3.31074	21.1	24851	1.33230e-04	3.31094	22.1
1674.876	nan	25829	1.28200e-04	3.31133	23.8	23977	1.38150e-04	3.31250	24.5	24784	1.33600e-04	3.31113	21.1	24848	1.33250e-04	3.31094	22.1
1676.064	nan	25793	1.28400e-04	3.31191	23.8	23987	1.38100e-04	3.31270	24.5	24777	1.33620e-04	3.31074	21.1	24870	1.33140e-04	3.31113	22.1
1677.253	nan	25799	1.28370e-04	3.31172	23.8	23973	1.38180e-04	3.31250	24.4	24780	1.33630e-04	3.31133	21.1	24837	1.33320e-04	3.31113	22.1
1678.441	nan	25829	1.28200e-04	3.31133	23.8	23953	1.38280e-04	3.31211	24.4	24747	1.33790e-04	3.31094	21.1	24873	1.33110e-04	3.31074	22.1
1679.630	nan	25808	1.28310e-04	3.31152	23.8	23971	1.38190e-04	3.31250	24.4	24750	1.33770e-04	3.31074	21.1	24843	1.33270e-04	3.31074	22.1
1680.818	nan	25786	1.28450e-04	3.31211	23.8	24004	1.38010e-04	3.31289	24.4	24741	1.33820e-04	3.31094	21.1	24834	1.33350e-04	3.31152	22.1
1682.006	nan	25821	1.28260e-04	3.31172	23.8	24005	1.37990e-04	3.31250	24.4	24767	1.33700e-04	3.31133	21.1	24843	1.33270e-04	3.31094	22.1
1683.194	nan	25829	1.28220e-04	3.31191	23.8	23970	1.38210e-04	3.31289	24.4	24778	1.33620e-04	3.31094	21.1	24824	1.33390e-04	3.31133	22.1
1684.382	nan	25827	1.28220e-04	3.31152	23.8	23950	1.38300e-04	3.31230	24.4	24743	1.33830e-04	3.31133	21.1	24861	1.33180e-04	3.31094	22.1
1685.571	nan	25832	1.28190e-04	3.31152	23.8	23973	1.38170e-04	3.31230	24.4	24730	1.33870e-04	3.31074	21.1	24872	1.33120e-04	3.31094	22.1
1686.759	nan	25799	1.28370e-04	3.31172	23.8	23968	1.38200e-04	3.31250	24.4	24775	1.33640e-04	3.31094	21.0	24865	1.33160e-04	3.31094	22.1
1687.947	nan	25816	1.28270e-04	3.31152	23.8	23964	1.38230e-04	3.31250	24.4	24763	1.33700e-04	3.31094	21.0	24846	1.33260e-04	3.31094	22.1
1689.135	nan	25832	1.28190e-04	3.31152	23.8	23978	1.38150e-04	3.31250	24.4	24768	1.33680e-04	3.31094	21.0	24838	1.33300e-04	3.31094	22.1
1690.323	nan	25805	1.28330e-04	3.31152	23.8	23965	1.38210e-04	3.31230	24.4	24782	1.33590e-04	3.31074	21.0	24858	1.33190e-04	3.31094	22.1
1691.512	nan	25829	1.28210e-04	3.31152	23.8	23953	1.38280e-04	3.31230	24.4	24785	1.33590e-04	3.31094	21.0	24838	1.33290e-04	3.31074	22.1
1692.700	nan	25803	1.28340e-04	3.31152	23.7	23950	1.38310e-04	3.31250	24.4	24765	1.33700e-04	3.31094	21.0	24892	1.33010e-04	3.31094	22.1
1693.889	nan	25815	1.28270e-04	3.31133	23.7	23979	1.38130e-04	3.31230	24.4	24783	1.33600e-04	3.31094	21.0	24851	1.33220e-04	3.31074	22.1
1695.077	nan	25820	1.28260e-04	3.31172	23.7	23959	1.38260e-04	3.31250	24.4	24773	1.33640e-04	3.31074	21.0	24866	1.33160e-04	3.31113	22.1
1696.265	nan	25811	1.28300e-04	3.31152	23.7	23965	1.38220e-04	3.31250	24.4	24768	1.33680e-04	3.31113	21.0	24871	1.33120e-04	3.31094	22.1
1697.453	nan	25810	1.28300e-04	3.31133	23.7	23968	1.38210e-04	3.31250	24.4	24774	1.33650e-04	3.31094	21.0	24878	1.33080e-04	3.31074	22.1
1698.642	nan	25832	1.28200e-04	3.31152	23.7	23953	1.38280e-04	3.31230	24.4	24785	1.33580e-04	3.31074	21.0	24829	1.33340e-04	3.31074	22.1
1699.830	nan	25819	1.28260e-04	3.31152	23.7	23956	1.38270e-04	3.31230	24.4	24780	1.33600e-04	3.31074	21.0	24823	1.33370e-04	3.31074	22.1
1701.018	nan	25824	1.28230e-04	3.31152	23.7	23964	1.38230e-04	3.31250	24.4	24770	1.33670e-04	3.31094	21.0	24829	1.33340e-04	3.31074	22.1
1702.206	nan	25805	1.28320e-04	3.31133	23.7	23962	1.38230e-04	3.31230	24.4	24789	1.33560e-04	3.31074	21.0	24844	1.33260e-04	3.31074	22.1
1703.394	nan	25815	1.28270e-04	3.31113	23.7	23955	1.38260e-04	3.31211	24.4	24774	1.33640e-04	3.31074	21.0	24856	1.33190e-04	3.31055	22.1
1704.583	nan	25813	1.28280e-04	3.31133	23.7	23952	1.38290e-04	3.31230	24.4	24786	1.33560e-04	3.31055	21.0	24833	1.33320e-04	3.31074	22.1
1705.771	nan	25818	1.28270e-04	3.31172	23.7	23964	1.38220e-04	3.31230	24.4	24784	1.33590e-04	3.31074	21.0	24849	1.33230e-04	3.31074	22.1
1706.959	nan	25797	1.28370e-04	3.31152	23.7	23967	1.38210e-04	3.31250	24.3	24754	1.33750e-04	3.31094	21.0	24831	1.33340e-04	3.31094	22.1
1708.147	nan	25816	1.28280e-04	3.31172	23.7	23975	1.38150e-04	3.31230	24.3	24783	1.33590e-04	3.31074	21.0	24853	1.33220e-04	3.31094	22.1
1709.336	nan	25820	1.28250e-04	3.31152	23.7	23956	1.38270e-04	3.31230	24.3	24806	1.33480e-04	3.31113	21.0	24844	1.33260e-04	3.31074	22.1
1710.524	nan	25840	1.28150e-04	3.31133	23.7	23963	1.38220e-04	3.31230	24.3	24767	1.33690e-04	3.31094	21.0	24866	1.33130e-04	3.31055	22.1
1711.712	nan	25782	1.28450e-04	3.31172	23.7	23949	1.38320e-04	3.31250	24.3	24803	1.33480e-04	3.31074	21.0	24833	1.33330e-04	3.31094	22.1
1712.900	nan	25792	1.28390e-04	3.31133	23.7	23957	1.38260e-04	3.31230	24.3	24776	1.33630e-04	3.31094	21.0	24824	1.33370e-04	3.31074	22.1
1714.089	nan	25769	1.28500e-04	3.31133	23.7	23974	1.38160e-04	3.31230	24.3	24762	1.33700e-04	3.31074	21.0	24811	1.33440e-04	3.31074	22.1
1715.277	nan	25765	1.28520e-04	3.31133	23.7	23963	1.38220e-04	3.31211	24.3	24794	1.33530e-04	3.31074	21.0	24823	1.33360e-04	3.31055	22.1
1716.465	nan	25828	1.28210e-04	3.31152	23.6	23963	1.38230e-04	3.31250	24.3	24772	1.33650e-04	3.31074	21.0	24863	1.33170e-04	3.31094	22.1
1717.653	nan	25782	1.28440e-04	3.31152	23.6	23953	1.38280e-04	3.31211	24.3	24778	1.33620e-04	3.31094	21.0	24835	1.33300e-04	3.31055	22.1
1718.842	nan	25814	1.28290e-04	3.31152	23.6	23971	1.38190e-04	3.31250	24.3	24798	1.33510e-04	3.31074	21.0	24840	1.33290e-04	3.31094	22.1
1720.030	nan	25807	1.28320e-04	3.31152	23.6	23980	1.38130e-04	3.31230	24.3	24808	1.33460e-04	3.31094	21.0	24835	1.33320e-04	3.31094	22.1
1721.218	nan	25799	1.28370e-04	3.31172	23.6	23941	1.38360e-04	3.31250	24.3	24799	1.33510e-04	3.31094	21.0	24829	1.33350e-04	3.31094	22.1
1722.406	nan	25798	1.28350e-04	3.31133	23.6	23971	1.38180e-04	3.31230	24.3	24814	1.33430e-04	3.31094	21.0	24818	1.33400e-04	3.31074	22.1
1723.595	nan	25814	1.28280e-04	3.31152	23.6	23965	1.38220e-04	3.31230	24.3	24771	1.33650e-04	3.31074	21.0	24800	1.33500e-04	3.31074	22.1
1724.783	nan	25807	1.28320e-04	3.31152	23.6	23962	1.38240e-04	3.31250	24.3	24789	1.33550e-04	3.31074	21.0	24831	1.33340e-04	3.31094	22.1
1725.971	nan	25795	1.28380e-04	3.31152	23.6	23963	1.38220e-04	3.31230	24.3	24814	1.33420e-04	3.31074	21.0	24823	1.33380e-04	3.31094	22.1
1727.159	nan	25817	1.28270e-04	3.31152	23.6	23950	1.38300e-04	3.31230	24.3	24773	1.33650e-04	3.31094	21.0	24836	1.33300e-04	3.31074	22.1
1728.347	nan	25790	1.28400e-04	3.31133	23.6	23978	1.38130e-04	3.31211	24.3	24781	1.33610e-04	3.31094	21.0	24823	1.33370e-04	3.31074	22.1
1729.536	nan	25792	1.28380e-04	3.31133	23.6	23957	1.38260e-04	3.31230	24.3	24780	1.33610e-04	3.31074	21.0	24841	1.33280e-04	3.31074	22.1
1730.724	nan	25808	1.28310e-04	3.31133	23.6	23950	1.38300e-04	3.31230	24.3	24796	1.33520e-04	3.31074	21.0	24828	1.33350e-04	3.31074	22.1
1731.912	nan	25833	1.28200e-04	3.31172	23.6	23983	1.38120e-04	3.31250	24.3	24791	1.33550e-04	3.31074	21.0	24826	1.33370e-04	3.31094	22.1
1733.100	nan	25817	1.28270e-04	3.31152	23.6	23965	1.38220e-04	3.31230	24.3	24793	1.33540e-04	3.31094	21.0	24836	1.33310e-04	3.31074	22.1
1734.289	nan	25810	1.28310e-04	3.31152	23.6	23970	1.38180e-04	3.31230	24.3	24793	1.33540e-04	3.31074	21.0	24838	1.33300e-04	3.31094	22.1
1735.477	nan	25783	1.28430e-04	3.31133	23.6	23974	1.38160e-04	3.31230	24.2	24764	1.33690e-04	3.31074	21.0	24816	1.33410e-04	3.31074	22.1
1736.665	nan	25791	1.28390e-04	3.31133	23.6	23953	1.38290e-04	3.31230	24.2	24792	1.33540e-04	3.31074	21.0	24834	1.33320e-04	3.31074	22.1
1737.854	nan	25820	1.28240e-04	3.31113	23.6	23958	1.38250e-04	3.31211	24.2	24823	1.33370e-04	3.31074	21.0	24807	1.33450e-04	3.31055	22.1
1739.042	nan	25812	1.28290e-04	3.31133	23.6	24002	1.37990e-04	3.31211	24.2	24811	1.33430e-04	3.31055	20.9	24855	1.33200e-04	3.31074	22.1
1740.230	nan	25817	1.28260e-04	3.31133	23.5	23958	1.38240e-04	3.31211	24.2	24807	1.33460e-04	3.31074	20.9	24809	1.33450e-04	3.31074	22.1
1741.418	nan	25780	1.28450e-04	3.31152	23.5	23933	1.38400e-04	3.31230	24.2	24747	1.33770e-04	3.31055	20.9	24811	1.33440e-04	3.31074	22.1
1742.606	nan	25835	1.28170e-04	3.31113	23.5	23941	1.38340e-04	3.31211	24.2	24811	1.33450e-04	3.31094	20.9	24824	1.33360e-04	3.31055	22.1
1743.795	nan	25793	1.28380e-04	3.31133	23.5	23954	1.38270e-04	3.31211	24.2	24812	1.33420e-04	3.31055	20.9	24834	1.33320e-04	3.31074	22.1
1744.983	nan	25832	1.28180e-04	3.31113	23.5	23992	1.38040e-04	3.31191	24.2	24798	1.33500e-04	3.31055	20.9	24814	1.33410e-04	3.31035	22.1
1746.171	nan	25814	1.28270e-04	3.31133	23.5	23963	1.38220e-04	3.31211	24.2	24786	1.33560e-04	3.31035	20.9	24823	1.33370e-04	3.31074	22.1
1747.359	nan	25819	1.28260e-04	3.31152	23.5	23962	1.38240e-04	3.31250	24.2	24795	1.33520e-04	3.31055	20.9	24819	1.33400e-04	3.31094	22.1
1748.548	nan	25810	1.28310e-04	3.31172	23.5	23977	1.38150e-04	3.31250	24.2	24808	1.33460e-04	3.31094	20.9	24813	1.33440e-04	3.31094	22.1
1749.736	nan	25804	1.28330e-04	3.31133	23.5	23948	1.38300e-04	3.31211	24.2	24805	1.33480e-04	3.31094	20.9	24805	1.33460e-04	3.31055	22.1
1750.924	nan	25815	1.28270e-04	3.31133	23.5	23966	1.38200e-04	3.31211	24.2	24776	1.33620e-04	3.31055	20.9	24817	1.33400e-04	3.31055	22.1
1752.112	nan	25837	1.28170e-04	3.31152	23.5	23990	1.38070e-04	3.31230	24.2	24784	1.33580e-04	3.31074	20.9	24819	1.33390e-04	3.31074	22.1
1753.301	nan	25811	1.28280e-04	3.31113	23.5	23984	1.38100e-04	3.31211	24.2	24775	1.33630e-04	3.31074	20.9	24807	1.33450e-04	3.31055	22.1
1754.489	nan	25770	1.28490e-04	3.31133	23.5	23958	1.38250e-04	3.31211	24.2	24806	1.33460e-04	3.31074	20.9	24792	1.33530e-04	3.31055	22.0
1755.677	nan	25822	1.28240e-04	3.31133	23.5	23977	1.38140e-04	3.31211	24.2	24771	1.33650e-04	3.31055	20.9	24842	1.33260e-04	3.31055	22.0
1756.865	nan	25811	1.28290e-04	3.31113	23.5	23977	1.38140e-04	3.31211	24.2	24786	1.33570e-04	3.31074	20.9	24832	1.33320e-04	3.31055	22.0
1758.054	nan	25808	1.28310e-04	3.31133	23.5	23977	1.38140e-04	3.31211	24.2	24806	1.33460e-04	3.31055	20.9	24812	1.33430e-04	3.31055	22.0
1759.242	nan	25827	1.28210e-04	3.31133	23.5	23988	1.38070e-04	3.31211	24.2	24788	1.33560e-04	3.31055	20.9	24826	1.33350e-04	3.31055	22.0
1760.430	nan	25827	1.28200e-04	3.31113	23.5	23972	1.38170e-04	3.31230	24.2	24805	1.33470e-04	3.31074	20.9	24790	1.33540e-04	3.31055	22.0
1761.618	nan	25811	1.28300e-04	3.31152	23.5	23990	1.38060e-04	3.31211	24.2	24794	1.33520e-04	3.31055	20.9	24841	1.33280e-04	3.31094	22.0
1762.807	nan	25840	1.28150e-04	3.31152	23.5	23981	1.38130e-04	3.31250	24.2	24779	1.33610e-04	3.31074	20.9	24823	1.33370e-04	3.31074	22.0
1763.995	nan	25805	1.28310e-04	3.31113	23.5	23956	1.38260e-04	3.31230	24.1	24789	1.33550e-04	3.31074	20.9	24824	1.33360e-04	3.31055	22.0
1765.183	nan	25825	1.28230e-04	3.31152	23.5	23951	1.38290e-04	3.31211	24.1	24781	1.33590e-04	3.31055	20.9	24827	1.33350e-04	3.31074	22.0
1766.372	nan	25833	1.28180e-04	3.31133	23.5	23943	1.38340e-04	3.31230	24.1	24795	1.33520e-04	3.31074	20.9	24812	1.33430e-04	3.31074	22.0
1767.560	nan	25798	1.28360e-04	3.31152	23.5	23945	1.38330e-04	3.31230	24.1	24775	1.33630e-04	3.31074	20.9	24825	1.33370e-04	3.31094	22.0
1768.748	nan	25793	1.28370e-04	3.31113	23.5	23960	1.38250e-04	3.31250	24.1	24791	1.33550e-04	3.31094	20.9	24803	1.33480e-04	3.31074	22.0
1769.936	nan	25813	1.28270e-04	3.31113	23.5	23943	1.38340e-04	3.31230	24.1	24787	1.33570e-04	3.31074	20.9	24810	1.33440e-04	3.31055	22.0
1771.125	nan	25789	1.28390e-04	3.31113	23.4	23941	1.38340e-04	3.31191	24.1	24801	1.33480e-04	3.31055	20.9	24825	1.33350e-04	3.31055	22.0
1772.313	nan	25817	1.28270e-04	3.31152	23.4	23960	1.38230e-04	3.31211	24.1	24818	1.33390e-04	3.31055	20.9	24826	1.33370e-04	3.31094	22.0
1773.501	nan	25805	1.28330e-04	3.31152	23.4	23964	1.38230e-04	3.31250	24.1	24811	1.33450e-04	3.31113	20.9	24840	1.33280e-04	3.31074	22.0
1774.689	nan	25805	1.28310e-04	3.31113	23.4	23967	1.38200e-04	3.31230	24.1	24801	1.33490e-04	3.31074	20.9	24809	1.33440e-04	3.31055	22.0
1775.878	nan	25834	1.28170e-04	3.31113	23.4	23947	1.38310e-04	3.31211	24.1	24801	1.33480e-04	3.31055	20.9	24822	1.33360e-04	3.31035	22.0
1777.066	nan	25799	1.28340e-04	3.31113	23.4	23981	1.38100e-04	3.31172	24.1	24813	1.33420e-04	3.31055	20.9	24805	1.33460e-04	3.31055	22.0
1778.254	nan	25820	1.28240e-04	3.31133	23.4	23953	1.38270e-04	3.31191	24.1	24831	1.33320e-04	3.31055	20.9	24788	1.33560e-04	3.31074	22.0
1779.443	nan	25819	1.28250e-04	3.31133	23.4	23981	1.38120e-04	3.31230	24.1	24816	1.33400e-04	3.31055	20.9	24821	1.33380e-04	3.31074	22.0
1780.631	nan	25786	1.28420e-04	3.31133	23.4	23977	1.38140e-04	3.31211	24.1	24798	1.33510e-04	3.31074	20.9	24808	1.33450e-04	3.31074	22.0
1781.819	nan	25813	1.28290e-04	3.31152	23.4	23948	1.38310e-04	3.31230	24.1	24810	1.33440e-04	3.31074	20.9	24821	1.33390e-04	3.31074	22.0
1783.007	nan	25813	1.28270e-04	3.31113	23.4	23966	1.38210e-04	3.31230	24.1	24805	1.33470e-04	3.31074	20.9	24801	1.33500e-04	3.31094	22.0
1784.195	nan	25822	1.28230e-04	3.31113	23.4	23944	1.38320e-04	3.31191	24.1	24806	1.33460e-04	3.31055	20.9	24797	1.33500e-04	3.31035	22.0
1785.384	nan	25836	1.28150e-04	3.31094	23.4	23943	1.38330e-04	3.31191	24.1	24791	1.33530e-04	3.31035	20.9	24819	1.33380e-04	3.31035	22.0
1786.572	nan	25822	1.28250e-04	3.31152	23.4	23965	1.38200e-04	3.31191	24.1	24812	1.33420e-04	3.31035	20.9	24832	1.33310e-04	3.31035	22.0
1787.760	nan	25795	1.28360e-04	3.31094	23.4	23974	1.38160e-04	3.31230	24.1	24830	1.33340e-04	3.31094	20.9	24815	1.33420e-04	3.31094	22.0
1788.948	nan	25810	1.28290e-04	3.31113	23.4	23963	1.38220e-04	3.31211	24.1	24829	1.33330e-04	3.31055	20.9	24818	1.33390e-04	3.31055	22.0
1790.136	nan	25820	1.28240e-04	3.31133	23.4	23962	1.38220e-04	3.31211	24.1	24814	1.33410e-04	3.31055	20.9	24828	1.33340e-04	3.31055	22.0
1791.325	nan	25791	1.28390e-04	3.31133	23.4	23934	1.38380e-04	3.31211	24.0	24803	1.33480e-04	3.31074	20.9	24784	1.33590e-04	3.31074	22.0
1792.513	nan	25796	1.28360e-04	3.31133	23.4	23959	1.38250e-04	3.31250	24.0	24798	1.33510e-04	3.31074	20.9	24794	1.33530e-04	3.31074	22.0
1793.701	nan	25817	1.28250e-04	3.31113	23.4	23943	1.38340e-04	3.31230	24.0	24822	1.33380e-04	3.31074	20.9	24802	1.33480e-04	3.31055	22.0
1794.889	nan	25808	1.28310e-04	3.31133	23.4	23962	1.38220e-04	3.31211	24.0	24792	1.33530e-04	3.31055	20.9	24826	1.33350e-04	3.31055	22.0
1796.078	nan	25806	1.28320e-04	3.31152	23.4	23947	1.38310e-04	3.31211	24.0	24798	1.33500e-04	3.31055	20.9	24804	1.33480e-04	3.31074	22.0
1797.266	nan	25827	1.28210e-04	3.31133	23.4	23954	1.38270e-04	3.31211	24.0	24804	1.33480e-04	3.31074	20.8	24817	1.33400e-04	3.31055	22.0
1798.455	nan	25826	1.28220e-04	3.31133	23.4	23976	1.38130e-04	3.31191	24.0	24817	1.33400e-04	3.31055	20.8	24818	1.33390e-04	3.31055	22.0
1799.642	nan	25815	1.28270e-04	3.31113	23.4	23976	1.38140e-04	3.31211	24.0	24814	1.33420e-04	3.31055	20.8	24789	1.33560e-04	3.31074	22.0
1800.831	nan	25832	1.28190e-04	3.31133	23.4	23982	1.38100e-04	3.31191	24.0	24827	1.33350e-04	3.31055	20.8	24807	1.33450e-04	3.31055	22.0
1802.019	nan	25794	1.28360e-04	3.31094	23.3	23962	1.38230e-04	3.31230	24.0	24798	1.33510e-04	3.31074	20.8	24821	1.33390e-04	3.31074	22.0
1803.207	nan	25835	1.28170e-04	3.31133	23.3	23937	1.38360e-04	3.31191	24.0	24825	1.33350e-04	3.31035	20.8	24797	1.33510e-04	3.31055	22.0
1804.396	nan	25832	1.28200e-04	3.31172	23.3	23975	1.38150e-04	3.31211	24.0	24813	1.33430e-04	3.31074	20.8	24805	1.33470e-04	3.31074	22.0
1805.584	nan	25805	1.28320e-04	3.31133	23.3	23943	1.38350e-04	3.31250	24.0	24834	1.33320e-04	3.31094	20.8	24797	1.33520e-04	3.31094	22.0
1806.772	nan	25823	1.28220e-04	3.31113	23.3	23940	1.38350e-04	3.31211	24.0	24808	1.33450e-04	3.31055	20.8	24811	1.33430e-04	3.31055	22.0
1807.961	nan	25837	1.28170e-04	3.31152	23.3	23949	1.38290e-04	3.31191	24.0	24825	1.33360e-04	3.31055	20.8	24809	1.33440e-04	3.31055	22.0
1809.149	nan	25812	1.28280e-04	3.31113	23.3	23956	1.38270e-04	3.31230	24.0	24784	1.33580e-04	3.31074	20.8	24803	1.33480e-04	3.31074	22.0
1810.337	nan	25813	1.28280e-04	3.31113	23.3	23976	1.38140e-04	3.31211	24.0	24811	1.33430e-04	3.31055	20.8	24779	1.33600e-04	3.31055	22.0
1811.525	nan	25822	1.28220e-04	3.31094	23.3	23957	1.38250e-04	3.31211	24.0	24822	1.33370e-04	3.31055	20.8	24814	1.33420e-04	3.31055	22.0
1812.713	nan	25832	1.28210e-04	3.31191	23.3	23965	1.38190e-04	3.31172	24.0	24820	1.33370e-04	3.31016	20.8	24803	1.33460e-04	3.31016	22.0
1813.902	nan	25826	1.28210e-04	3.31113	23.3	23964	1.38240e-04	3.31270	24.0	24837	1.33320e-04	3.31113	20.8	24786	1.33590e-04	3.31113	22.0
1815.090	nan	25819	1.28250e-04	3.31113	23.3	23954	1.38270e-04	3.31211	24.0	24832	1.33320e-04	3.31055	20.8	24762	1.33700e-04	3.31055	22.0
1816.278	nan	25796	1.28350e-04	3.31094	23.3	23952	1.38270e-04	3.31191	24.0	24818	1.33390e-04	3.31055	20.8	24797	1.33500e-04	3.31035	22.0
1817.466	nan	25790	1.28410e-04	3.31172	23.3	23949	1.38290e-04	3.31191	24.0	24822	1.33360e-04	3.31035	20.8	24802	1.33470e-04	3.31035	22.0
1818.654	nan	25815	1.28260e-04	3.31113	23.3	23957	1.38270e-04	3.31250	24.0	24834	1.33330e-04	3.31113	20.8	24821	1.33390e-04	3.31094	22.0
1819.843	nan	25844	1.28120e-04	3.31113	23.3	23947	1.38310e-04	3.31211	23.9	24826	1.33360e-04	3.31074	20.8	24814	1.33410e-04	3.31055	22.0
1821.031	nan	25810	1.28280e-04	3.31094	23.3	23945	1.38320e-04	3.31191	23.9	24865	1.33140e-04	3.31055	20.8	24817	1.33390e-04	3.31035	22.0
1822.220	nan	25812	1.28280e-04	3.31113	23.3	23965	1.38190e-04	3.31172	23.9	24832	1.33310e-04	3.31035	20.8	24837	1.33280e-04	3.31035	22.0
1823.408	nan	25830	1.28180e-04	3.31094	23.3	23947	1.38310e-04	3.31211	23.9	24849	1.33220e-04	3.31055	20.8	24812	1.33420e-04	3.31055	22.0
1824.596	nan	25857	1.28060e-04	3.31133	23.3	23941	1.38340e-04	3.31211	23.9	24818	1.33400e-04	3.31055	20.8	24828	1.33340e-04	3.31055	22.0
1825.784	nan	25810	1.28290e-04	3.31113	23.3	23962	1.38220e-04	3.31191	23.9	24823	1.33370e-04	3.31055	20.8	24817	1.33400e-04	3.31055	22.0
1826.972	nan	25868	1.28010e-04	3.31133	23.3	23949	1.38290e-04	3.31191	23.9	24853	1.33200e-04	3.31055	20.8	24783	1.33580e-04	3.31055	22.0
1828.160	nan	25814	1.28260e-04	3.31094	23.3	23978	1.38130e-04	3.31211	23.9	24815	1.33410e-04	3.31055	20.8	24802	1.33480e-04	3.31055	22.0
1829.349	nan	25825	1.28210e-04	3.31113	23.3	23944	1.38320e-04	3.31191	23.9	24825	1.33350e-04	3.31035	20.8	24810	1.33430e-04	3.31035	22.0
1830.537	nan	25842	1.28130e-04	3.31113	23.3	23912	1.38500e-04	3.31172	23.9	24867	1.33130e-04	3.31055	20.8	24813	1.33410e-04	3.31035	22.0
1831.726	nan	25820	1.28240e-04	3.31133	23.2	23956	1.38260e-04	3.31211	23.9	24832	1.33320e-04	3.31055	20.8	24816	1.33410e-04	3.31055	22.0
1832.914	nan	25819	1.28250e-04	3.31113	23.2	23962	1.38230e-04	3.31230	23.9	24830	1.33340e-04	3.31074	20.8	24765	1.33690e-04	3.31074	22.0
1834.102	nan	25848	1.28100e-04	3.31113	23.2	23952	1.38280e-04	3.31211	23.9	24850	1.33220e-04	3.31055	20.8	24801	1.33490e-04	3.31055	22.0
1835.290	nan	25833	1.28180e-04	3.31113	23.2	23955	1.38250e-04	3.31191	23.9	24830	1.33320e-04	3.31035	20.8	24784	1.33580e-04	3.31055	22.0
1836.479	nan	25855	1.28070e-04	3.31133	23.2	23950	1.38300e-04	3.31211	23.9	24804	1.33470e-04	3.31055	20.8	24789	1.33550e-04	3.31055	22.0
1837.667	nan	25842	1.28130e-04	3.31113	23.2	23928	1.38430e-04	3.31230	23.9	24854	1.33210e-04	3.31074	20.8	24825	1.33360e-04	3.31074	22.0
1838.855	nan	25821	1.28230e-04	3.31113	23.2	23969	1.38170e-04	3.31172	23.9	24828	1.33340e-04	3.31055	20.7	24795	1.33520e-04	3.31055	22.0
1840.043	nan	25824	1.28220e-04	3.31113	23.2	23929	1.38420e-04	3.31211	23.9	24827	1.33350e-04	3.31055	20.7	24787	1.33550e-04	3.31035	22.0
1841.232	nan	25867	1.28010e-04	3.31133	23.2	23953	1.38280e-04	3.31211	23.9	24809	1.33440e-04	3.31055	20.7	24779	1.33600e-04	3.31055	22.0
1842.420	nan	25812	1.28280e-04	3.31113	23.2	23964	1.38220e-04	3.31230	23.9	24862	1.33170e-04	3.31074	20.7	24786	1.33570e-04	3.31074	22.0
1843.608	nan	25842	1.28150e-04	3.31172	23.2	23957	1.38230e-04	3.31172	23.9	24839	1.33270e-04	3.31035	20.7	24810	1.33430e-04	3.31035	22.0
1844.796	nan	25799	1.28340e-04	3.31113	23.2	23954	1.38290e-04	3.31270	23.9	24835	1.33320e-04	3.31094	20.7	24775	1.33640e-04	3.31094	22.0
1845.985	nan	25847	1.28110e-04	3.31133	23.2	23937	1.38360e-04	3.31191	23.9	24849	1.33220e-04	3.31035	20.7	24826	1.33350e-04	3.31055	22.0
1847.173	nan	25840	1.28120e-04	3.31074	23.2	23976	1.38140e-04	3.31211	23.9	24839	1.33290e-04	3.31074	20.7	24809	1.33440e-04	3.31055	21.9
1848.361	nan	25850	1.28110e-04	3.31152	23.2	23966	1.38180e-04	3.31172	23.9	24837	1.33280e-04	3.31016	20.7	24806	1.33440e-04	3.31016	21.9
1849.549	nan	25842	1.28140e-04	3.31133	23.2	23968	1.38200e-04	3.31230	23.9	24853	1.33220e-04	3.31094	20.7	24796	1.33520e-04	3.31074	21.9
1850.738	nan	25807	1.28310e-04	3.31133	23.2	23961	1.38230e-04	3.31211	23.8	24837	1.33300e-04	3.31074	20.7	24795	1.33520e-04	3.31074	21.9
1851.926	nan	25855	1.28080e-04	3.31152	23.2	23973	1.38160e-04	3.31211	23.8	24845	1.33250e-04	3.31074	20.7	24801	1.33490e-04	3.31074	21.9
1853.114	nan	25818	1.28250e-04	3.31113	23.2	23939	1.38360e-04	3.31230	23.8	24865	1.33150e-04	3.31074	20.7	24814	1.33420e-04	3.31074	21.9
1854.302	nan	25843	1.28120e-04	3.31113	23.2	23948	1.38300e-04	3.31191	23.8	24849	1.33230e-04	3.31055	20.7	24816	1.33400e-04	3.31055	21.9
1855.491	nan	25839	1.28150e-04	3.31113	23.2	23960	1.38240e-04	3.31211	23.8	24849	1.33230e-04	3.31055	20.7	24818	1.33390e-04	3.31055	21.9
1856.679	nan	25833	1.28170e-04	3.31113	23.2	23962	1.38210e-04	3.31172	23.8	24849	1.33220e-04	3.31055	20.7	24797	1.33500e-04	3.31035	21.9
1857.867	nan	25833	1.28180e-04	3.31113	23.2	23975	1.38150e-04	3.31211	23.8	24871	1.33110e-04	3.31055	20.7	24787	1.33560e-04	3.31055	21.9
1859.055	nan	25855	1.28050e-04	3.31074	23.2	23955	1.38250e-04	3.31172	23.8	24821	1.33380e-04	3.31055	20.7	24810	1.33430e-04	3.31055	21.9
1860.243	nan	25842	1.28130e-04	3.31113	23.2	23969	1.38180e-04	3.31191	23.8	24867	1.33120e-04	3.31035	20.7	24788	1.33540e-04	3.31016	21.9
1861.432	nan	25836	1.28160e-04	3.31113	23.2	23961	1.38230e-04	3.31211	23.8	24847	1.33240e-04	3.31055	20.7	24795	1.33520e-04	3.31055	21.9
1862.620	nan	25833	1.28170e-04	3.31094	23.2	23954	1.38270e-04	3.31211	23.8	24830	1.33330e-04	3.31055	20.7	24777	1.33610e-04	3.31055	21.9
1863.809	nan	25831	1.28180e-04	3.31113	23.2	23985	1.38090e-04	3.31191	23.8	24866	1.33130e-04	3.31035	20.7	24821	1.33370e-04	3.31035	21.9
1864.997	nan	25847	1.28110e-04	3.31113	23.2	23951	1.38280e-04	3.31191	23.8	24842	1.33260e-04	3.31055	20.7	24781	1.33590e-04	3.31055	21.9
1866.184	nan	25864	1.28020e-04	3.31113	23.2	23963	1.38210e-04	3.31191	23.8	24852	1.33210e-04	3.31055	20.7	24818	1.33390e-04	3.31055	21.9
1867.373	nan	25825	1.28210e-04	3.31094	23.2	23974	1.38150e-04	3.31191	23.8	24852	1.33210e-04	3.31055	20.7	24795	1.33520e-04	3.31055	21.9
1868.561	nan	25870	1.27980e-04	3.31094	23.1	23946	1.38310e-04	3.31191	23.8	24820	1.33370e-04	3.31035	20.7	24786	1.33560e-04	3.31035	21.9
1869.750	nan	25813	1.28280e-04	3.31133	23.1	23951	1.38270e-04	3.31172	23.8	24855	1.33190e-04	3.31035	20.7	24804	1.33460e-04	3.31035	21.9
1870.938	nan	25842	1.28140e-04	3.31133	23.1	23969	1.38190e-04	3.31211	23.8	24837	1.33300e-04	3.31074	20.7	24786	1.33570e-04	3.31074	21.9
1872.126	nan	25840	1.28140e-04	3.31113	23.1	23973	1.38160e-04	3.31211	23.8	24865	1.33150e-04	3.31074	20.7	24811	1.33440e-04	3.31074	21.9
1873.314	nan	25824	1.28220e-04	3.31133	23.1	23972	1.38170e-04	3.31211	23.8	24881	1.33050e-04	3.31035	20.7	24796	1.33510e-04	3.31035	21.9
1874.503	nan	25841	1.28140e-04	3.31133	23.1	23955	1.38250e-04	3.31172	23.8	24842	1.33260e-04	3.31055	20.7	24786	1.33560e-04	3.31035	21.9
1875.691	nan	25822	1.28230e-04	3.31113	23.1	23953	1.38290e-04	3.31250	23.8	24835	1.33310e-04	3.31074	20.7	24813	1.33440e-04	3.31094	21.9
1876.879	nan	25862	1.28030e-04	3.31113	23.1	23961	1.38220e-04	3.31191	23.8	24855	1.33190e-04	3.31055	20.6	24794	1.33510e-04	3.31035	21.9
1878.068	nan	25852	1.28080e-04	3.31113	23.1	23913	1.38500e-04	3.31191	23.8	24891	1.33000e-04	3.31055	20.6	24769	1.33660e-04	3.31055	21.9
1879.256	nan	25860	1.28050e-04	3.31152	23.1	23968	1.38180e-04	3.31191	23.8	24856	1.33180e-04	3.31035	20.6	24789	1.33540e-04	3.31035	21.9
1880.444	nan	25848	1.28090e-04	3.31094	23.1	23953	1.38280e-04	3.31230	23.8	24871	1.33110e-04	3.31074	20.6	24782	1.33600e-04	3.31094	21.9
1881.632	nan	25865	1.28010e-04	3.31113	23.1	23951	1.38280e-04	3.31191	23.8	24835	1.33300e-04	3.31055	20.6	24798	1.33500e-04	3.31035	21.9
1882.820	nan	25851	1.28080e-04	3.31113	23.1	23962	1.38220e-04	3.31211	23.8	24859	1.33170e-04	3.31055	20.6	24772	1.33630e-04	3.31035	21.9
1884.009	nan	25818	1.28250e-04	3.31113	23.1	23934	1.38380e-04	3.31211	23.8	24812	1.33430e-04	3.31055	20.6	24773	1.33630e-04	3.31055	21.9
1885.197	nan	25863	1.28020e-04	3.31113	23.1	23970	1.38170e-04	3.31191	23.7	24889	1.33010e-04	3.31055	20.6	24768	1.33650e-04	3.31035	21.9
1886.385	nan	25862	1.28020e-04	3.31094	23.1	23961	1.38220e-04	3.31191	23.7	24860	1.33160e-04	3.31035	20.6	24769	1.33650e-04	3.31035	21.9
1887.574	nan	25867	1.28000e-04	3.31094	23.1	23975	1.38130e-04	3.31172	23.7	24866	1.33130e-04	3.31035	20.6	24790	1.33530e-04	3.31016	21.9
1888.762	nan	25847	1.28110e-04	3.31113	23.1	23958	1.38240e-04	3.31191	23.7	24866	1.33130e-04	3.31035	20.6	24768	1.33650e-04	3.31016	21.9
1889.950	nan	25860	1.28040e-04	3.31113	23.1	23972	1.38160e-04	3.31211	23.7	24883	1.33040e-04	3.31055	20.6	24792	1.33530e-04	3.31055	21.8
1891.138	nan	25853	1.28070e-04	3.31094	23.1	23939	1.38340e-04	3.31172	23.7	24832	1.33310e-04	3.31035	20.6	24819	1.33380e-04	3.31035	21.8
1892.326	nan	25850	1.28100e-04	3.31133	23.1	23970	1.38170e-04	3.31191	23.7	24825	1.33350e-04	3.31035	20.6	24803	1.33470e-04	3.31035	21.8
1893.514	nan	25861	1.28030e-04	3.31094	23.1	23961	1.38230e-04	3.31211	23.7	24876	1.33080e-04	3.31055	20.6	24767	1.33670e-04	3.31055	21.8
1894.703	nan	25819	1.28240e-04	3.31094	23.1	23964	1.38190e-04	3.31152	23.7	24847	1.33230e-04	3.31035	20.6	24800	1.33480e-04	3.31035	21.8
1895.891	nan	25849	1.28090e-04	3.31094	23.1	23978	1.38130e-04	3.31211	23.7	24851	1.33210e-04	3.31035	20.6	24794	1.33520e-04	3.31035	21.8
1897.079	nan	25840	1.28140e-04	3.31113	23.1	23945	1.38300e-04	3.31172	23.7	24846	1.33230e-04	3.31035	20.6	24798	1.33490e-04	3.31035	21.8
1898.268	nan	25842	1.28140e-04	3.31133	23.1	23945	1.38320e-04	3.31211	23.7	24863	1.33160e-04	3.31074	20.6	24788	1.33560e-04	3.31055	21.8
1899.456	nan	25870	1.27990e-04	3.31094	23.1	23969	1.38180e-04	3.31191	23.7	24850	1.33220e-04	3.31055	20.6	24816	1.33390e-04	3.31035	21.8
1900.644	nan	25847	1.28100e-04	3.31094	23.1	23986	1.38070e-04	3.31172	23.7	24867	1.33120e-04	3.31035	20.6	24791	1.33520e-04	3.31016	21.8
1901.832	nan	25854	1.28080e-04	3.31133	23.0	23977	1.38120e-04	3.31172	23.7	24866	1.33130e-04	3.31035	20.6	24780	1.33590e-04	3.31035	21.8
1903.020	nan	25869	1.28000e-04	3.31113	23.0	23985	1.38110e-04	3.31250	23.7	24890	1.33010e-04	3.31074	20.6	24792	1.33540e-04	3.31074	21.8
1904.209	nan	25854	1.28070e-04	3.31113	23.0	23955	1.38250e-04	3.31172	23.7	24857	1.33180e-04	3.31035	20.6	24775	1.33620e-04	3.31035	21.8
1905.397	nan	25864	1.28020e-04	3.31113	23.0	23964	1.38200e-04	3.31191	23.7	24862	1.33160e-04	3.31055	20.6	24794	1.33520e-04	3.31055	21.8
1906.585	nan	25892	1.27890e-04	3.31133	23.0	23970	1.38180e-04	3.31230	23.7	24884	1.33040e-04	3.31055	20.6	24790	1.33540e-04	3.31055	21.8
1907.773	nan	25845	1.28110e-04	3.31094	23.0	23947	1.38310e-04	3.31211	23.7	24876	1.33080e-04	3.31055	20.6	24781	1.33590e-04	3.31055	21.8
1908.962	nan	25862	1.28030e-04	3.31113	23.0	23955	1.38250e-04	3.31172	23.7	24856	1.33180e-04	3.31035	20.6	24823	1.33360e-04	3.31035	21.8
1910.150	nan	25887	1.27910e-04	3.31133	23.0	23970	1.38160e-04	3.31172	23.7	24875	1.33090e-04	3.31055	20.6	24786	1.33560e-04	3.31035	21.8
1911.338	nan	25864	1.28020e-04	3.31113	23.0	23963	1.38230e-04	3.31230	23.7	24828	1.33350e-04	3.31074	20.6	24780	1.33610e-04	3.31074	21.8
1912.527	nan	25872	1.27970e-04	3.31074	23.0	23975	1.38150e-04	3.31211	23.7	24863	1.33150e-04	3.31055	20.6	24791	1.33540e-04	3.31055	21.8
1913.715	nan	25872	1.27980e-04	3.31113	23.0	23981	1.38110e-04	3.31191	23.6	24852	1.33200e-04	3.31035	20.6	24783	1.33570e-04	3.31016	21.8
1914.903	nan	25883	1.27930e-04	3.31113	23.0	23977	1.38130e-04	3.31191	23.6	24848	1.33220e-04	3.31035	20.6	24798	1.33500e-04	3.31035	21.8
1916.091	nan	25878	1.27950e-04	3.31094	23.0	23951	1.38280e-04	3.31191	23.6	24840	1.33280e-04	3.31055	20.6	24781	1.33590e-04	3.31055	21.8
1917.280	nan	25888	1.27890e-04	3.31094	23.0	23941	1.38340e-04	3.31191	23.6	24865	1.33130e-04	3.31035	20.6	24779	1.33600e-04	3.31055	21.8
1918.468	nan	25865	1.28000e-04	3.31074	23.0	23971	1.38160e-04	3.31191	23.6	24870	1.33110e-04	3.31035	20.6	24784	1.33570e-04	3.31035	21.8
1919.656	nan	25862	1.28010e-04	3.31074	23.0	23944	1.38310e-04	3.31172	23.6	24841	1.33260e-04	3.31035	20.6	24822	1.33350e-04	3.31016	21.8
1920.844	nan	25899	1.27850e-04	3.31113	23.0	23934	1.38370e-04	3.31172	23.6	24849	1.33210e-04	3.31016	20.6	24805	1.33440e-04	3.31016	21.8
1922.033	nan	25865	1.28010e-04	3.31113	23.0	23996	1.38020e-04	3.31191	23.6	24851	1.33210e-04	3.31055	20.6	24792	1.33530e-04	3.31055	21.8
1923.221	nan	25872	1.27970e-04	3.31094	23.0	23943	1.38320e-04	3.31191	23.6	24863	1.33150e-04	3.31055	20.6	24810	1.33440e-04	3.31055	21.8
1924.409	nan	25882	1.27910e-04	3.31074	23.0	23959	1.38240e-04	3.31211	23.6	24904	1.32920e-04	3.31035	20.6	24813	1.33410e-04	3.31035	21.8
1925.597	nan	25894	1.27870e-04	3.31113	23.0	23957	1.38250e-04	3.31191	23.6	24892	1.32990e-04	3.31035	20.6	24794	1.33520e-04	3.31055	21.8
1926.785	nan	25902	1.27820e-04	3.31094	23.0	23947	1.38310e-04	3.31211	23.6	24877	1.33080e-04	3.31055	20.6	24800	1.33490e-04	3.31055	21.8
1927.974	nan	25890	1.27900e-04	3.31133	23.0	23945	1.38310e-04	3.31191	23.6	24885	1.33030e-04	3.31035	20.6	24823	1.33360e-04	3.31035	21.8
1929.162	nan	25897	1.27850e-04	3.31094	23.0	23963	1.38220e-04	3.31211	23.6	24888	1.33020e-04	3.31055	20.6	24770	1.33650e-04	3.31055	21.8
1930.351	nan	25880	1.27940e-04	3.31113	23.0	23992	1.38020e-04	3.31152	23.6	24882	1.33040e-04	3.31035	20.6	24779	1.33590e-04	3.31016	21.8
1931.539	nan	25876	1.27950e-04	3.31074	23.0	23970	1.38170e-04	3.31191	23.6	24865	1.33140e-04	3.31055	20.6	24785	1.33570e-04	3.31055	21.8
1932.727	nan	25886	1.27920e-04	3.31133	23.0	23929	1.38400e-04	3.31191	23.6	24842	1.33260e-04	3.31035	20.6	24791	1.33530e-04	3.31035	21.8
1933.915	nan	25881	1.27930e-04	3.31094	22.9	23977	1.38130e-04	3.31191	23.6	24889	1.33010e-04	3.31055	20.6	24775	1.33630e-04	3.31074	21.8
1935.103	nan	25913	1.27770e-04	3.31094	22.9	23974	1.38150e-04	3.31191	23.6	24877	1.33070e-04	3.31035	20.6	24787	1.33550e-04	3.31035	21.8
1936.292	nan	25899	1.27850e-04	3.31113	22.9	23933	1.38390e-04	3.31211	23.6	24846	1.33240e-04	3.31055	20.5	24784	1.33570e-04	3.31035	21.8
1937.480	nan	25878	1.27950e-04	3.31094	22.9	23980	1.38120e-04	3.31211	23.6	24894	1.32980e-04	3.31055	20.5	24800	1.33480e-04	3.31035	21.7
1938.668	nan	25907	1.27800e-04	3.31094	22.9	23932	1.38390e-04	3.31191	23.6	24869	1.33110e-04	3.31035	20.5	24793	1.33530e-04	3.31055	21.7
1939.856	nan	25900	1.27830e-04	3.31074	22.9	23973	1.38150e-04	3.31191	23.6	24854	1.33190e-04	3.31035	20.5	24791	1.33530e-04	3.31035	21.7
1941.045	nan	25919	1.27750e-04	3.31113	22.9	23963	1.38190e-04	3.31152	23.6	24869	1.33110e-04	3.31016	20.5	24777	1.33600e-04	3.31016	21.7
1942.233	nan	25886	1.27910e-04	3.31113	22.9	23975	1.38160e-04	3.31230	23.6	24910	1.32900e-04	3.31055	20.5	24794	1.33520e-04	3.31055	21.7
1943.421	nan	25877	1.27960e-04	3.31113	22.9	23974	1.38140e-04	3.31191	23.6	24868	1.33120e-04	3.31035	20.5	24802	1.33480e-04	3.31055	21.7
1944.610	nan	25892	1.27880e-04	3.31094	22.9	23951	1.38280e-04	3.31191	23.5	24912	1.32880e-04	3.31016	20.5	24829	1.33320e-04	3.31016	21.7
1945.798	nan	25919	1.27730e-04	3.31074	22.9	23986	1.38060e-04	3.31152	23.5	24897	1.32960e-04	3.31035	20.5	24789	1.33520e-04	3.30996	21.7
1946.986	nan	25885	1.27910e-04	3.31094	22.9	23973	1.38150e-04	3.31191	23.5	24885	1.33020e-04	3.31016	20.5	24818	1.33390e-04	3.31035	21.7
1948.174	nan	25915	1.27760e-04	3.31094	22.9	23966	1.38190e-04	3.31172	23.5	24904	1.32920e-04	3.31016	20.5	24791	1.33520e-04	3.31016	21.7
1949.363	nan	25888	1.27880e-04	3.31055	22.9	23988	1.38060e-04	3.31172	23.5	24854	1.33190e-04	3.31035	20.5	24805	1.33450e-04	3.31035	21.7
1950.551	nan	25863	1.28020e-04	3.31094	22.9	23996	1.38010e-04	3.31152	23.5	24896	1.32950e-04	3.30996	20.5	24814	1.33390e-04	3.30996	21.7
1951.739	nan	25907	1.27790e-04	3.31055	22.9	23961	1.38220e-04	3.31191	23.5	24870	1.33110e-04	3.31035	20.5	24798	1.33490e-04	3.31035	21.7
1952.927	nan	25921	1.27750e-04	3.31133	22.9	23983	1.38090e-04	3.31172	23.5	24880	1.33040e-04	3.30996	20.5	24804	1.33450e-04	3.31016	21.7
1954.116	nan	25905	1.27810e-04	3.31094	22.9	23976	1.38130e-04	3.31191	23.5	24894	1.33000e-04	3.31074	20.5	24798	1.33500e-04	3.31055	21.7
1955.304	nan	25949	1.27590e-04	3.31094	22.9	23959	1.38220e-04	3.31172	23.5	24919	1.32840e-04	3.31035	20.5	24818	1.33380e-04	3.31035	21.7
1956.492	nan	25901	1.27830e-04	3.31094	22.9	23980	1.38110e-04	3.31191	23.5	24889	1.33000e-04	3.31016	20.5	24790	1.33530e-04	3.31016	21.7
1957.680	nan	25917	1.27750e-04	3.31094	22.9	23967	1.38180e-04	3.31172	23.5	24882	1.33030e-04	3.31016	20.5	24800	1.33470e-04	3.31016	21.7
1958.869	nan	25919	1.27750e-04	3.31113	22.9	23966	1.38190e-04	3.31172	23.5	24895	1.32960e-04	3.31016	20.5	24784	1.33560e-04	3.31016	21.7
1960.057	nan	25909	1.27790e-04	3.31074	22.9	23980	1.38110e-04	3.31172	23.5	24923	1.32820e-04	3.31035	20.5	24813	1.33410e-04	3.31035	21.7
1961.245	nan	25900	1.27840e-04	3.31113	22.9	23990	1.38040e-04	3.31152	23.5	24891	1.32980e-04	3.30996	20.5	24806	1.33440e-04	3.31016	21.7
1962.433	nan	25930	1.27690e-04	3.31094	22.9	23966	1.38190e-04	3.31191	23.5	24882	1.33040e-04	3.31035	20.5	24807	1.33440e-04	3.31035	21.7
1963.622	nan	25898	1.27850e-04	3.31113	22.9	23970	1.38180e-04	3.31211	23.5	24894	1.32980e-04	3.31035	20.5	24786	1.33550e-04	3.31016	21.7
1964.810	nan	25887	1.27890e-04	3.31074	22.9	23984	1.38090e-04	3.31191	23.5	24882	1.33040e-04	3.31035	20.5	24758	1.33720e-04	3.31055	21.7
1965.998	nan	25918	1.27740e-04	3.31074	22.9	23994	1.38020e-04	3.31172	23.5	24883	1.33030e-04	3.31016	20.5	24799	1.33490e-04	3.31035	21.7
1967.186	nan	25926	1.27710e-04	3.31094	22.8	23962	1.38200e-04	3.31152	23.5	24907	1.32900e-04	3.31016	20.5	24798	1.33480e-04	3.30996	21.7
1968.375	nan	25917	1.27750e-04	3.31094	22.8	23997	1.38000e-04	3.31152	23.5	24891	1.32990e-04	3.31016	20.5	24780	1.33590e-04	3.31035	21.7
1969.562	nan	25915	1.27770e-04	3.31113	22.8	24017	1.37900e-04	3.31191	23.5	24874	1.33080e-04	3.31035	20.5	24819	1.33380e-04	3.31035	21.7
1970.751	nan	25939	1.27640e-04	3.31094	22.8	23992	1.38050e-04	3.31211	23.5	24925	1.32810e-04	3.31035	20.5	24814	1.33420e-04	3.31055	21.7
1971.939	nan	25933	1.27660e-04	3.31055	22.8	23986	1.38060e-04	3.31152	23.5	24909	1.32900e-04	3.31035	20.5	24821	1.33360e-04	3.31016	21.7
1973.128	nan	25939	1.27640e-04	3.31094	22.8	23976	1.38130e-04	3.31172	23.5	24884	1.33020e-04	3.31016	20.5	24818	1.33380e-04	3.31016	21.7
1974.315	nan	25928	1.27690e-04	3.31074	22.8	23996	1.38010e-04	3.31172	23.4	24900	1.32940e-04	3.31035	20.5	24844	1.33240e-04	3.31016	21.7
1975.504	nan	25913	1.27780e-04	3.31113	22.8	23966	1.38180e-04	3.31152	23.4	24901	1.32930e-04	3.31016	20.5	24791	1.33510e-04	3.30996	21.7
1976.692	nan	25921	1.27730e-04	3.31094	22.8	23990	1.38070e-04	3.31230	23.4	24898	1.32970e-04	3.31055	20.5	24809	1.33450e-04	3.31074	21.7
1977.880	nan	25971	1.27490e-04	3.31094	22.8	23973	1.38150e-04	3.31191	23.4	24919	1.32850e-04	3.31035	20.5	24809	1.33430e-04	3.31035	21.7
1979.069	nan	25948	1.27600e-04	3.31094	22.8	23944	1.38310e-04	3.31172	23.4	24901	1.32930e-04	3.31016	20.5	24834	1.33290e-04	3.31016	21.7
1980.257	nan	25937	1.27660e-04	3.31113	22.8	23983	1.38090e-04	3.31172	23.4	24879	1.33060e-04	3.31035	20.5	24811	1.33420e-04	3.31016	21.7
1981.445	nan	25904	1.27820e-04	3.31113	22.8	24012	1.37930e-04	3.31211	23.4	24879	1.33070e-04	3.31055	20.5	24839	1.33280e-04	3.31055	21.7
1982.633	nan	25918	1.27740e-04	3.31074	22.8	23952	1.38270e-04	3.31191	23.4	24907	1.32920e-04	3.31055	20.5	24830	1.33330e-04	3.31074	21.7
1983.822	nan	25930	1.27690e-04	3.31094	22.8	23980	1.38110e-04	3.31191	23.4	24896	1.32960e-04	3.31016	20.5	24807	1.33440e-04	3.31016	21.6
1985.010	nan	25953	1.27590e-04	3.31133	22.8	23971	1.38160e-04	3.31191	23.4	24881	1.33050e-04	3.31035	20.5	24816	1.33400e-04	3.31035	21.6
1986.198	nan	25911	1.27790e-04	3.31113	22.8	23969	1.38190e-04	3.31211	23.4	24905	1.32940e-04	3.31094	20.5	24845	1.33250e-04	3.31055	21.6
1987.387	nan	25963	1.27520e-04	3.31094	22.8	23964	1.38200e-04	3.31191	23.4	24909	1.32900e-04	3.31035	20.5	24779	1.33600e-04	3.31035	21.6
1988.575	nan	25931	1.27680e-04	3.31094	22.8	23999	1.37990e-04	3.31172	23.4	24906	1.32910e-04	3.31035	20.5	24788	1.33540e-04	3.31035	21.6
1989.763	nan	25934	1.27680e-04	3.31133	22.8	23974	1.38150e-04	3.31191	23.4	24887	1.33010e-04	3.31035	20.5	24825	1.33340e-04	3.31016	21.6
1990.951	nan	25908	1.27790e-04	3.31074	22.8	23978	1.38120e-04	3.31191	23.4	24869	1.33120e-04	3.31055	20.5	24795	1.33520e-04	3.31055	21.6
1992.139	nan	25941	1.27620e-04	3.31055	22.8	24001	1.37980e-04	3.31152	23.4	24903	1.32920e-04	3.31016	20.5	24842	1.33250e-04	3.31016	21.6
1993.328	nan	25958	1.27570e-04	3.31133	22.8	23966	1.38190e-04	3.31191	23.4	24897	1.32960e-04	3.31016	20.5	24806	1.33440e-04	3.31016	21.6
1994.516	nan	25907	1.27800e-04	3.31094	22.8	23979	1.38120e-04	3.31191	23.4	24890	1.33010e-04	3.31055	20.5	24813	1.33410e-04	3.31035	21.6
1995.704	nan	25943	1.27620e-04	3.31094	22.7	23971	1.38160e-04	3.31191	23.4	24917	1.32860e-04	3.31055	20.5	24845	1.33240e-04	3.31035	21.6
1996.892	nan	25926	1.27710e-04	3.31094	22.7	23984	1.38090e-04	3.31191	23.4	24900	1.32950e-04	3.31035	20.5	24833	1.33300e-04	3.31035	21.6
1998.081	nan	25934	1.27670e-04	3.31113	22.7	23966	1.38190e-04	3.31191	23.4	24921	1.32840e-04	3.31035	20.5	24827	1.33340e-04	3.31035	21.6
1999.269	nan	25939	1.27640e-04	3.31094	22.7	23983	1.38090e-04	3.31191	23.4	24937	1.32760e-04	3.31055	20.5	24801	1.33480e-04	3.31035	21.6
2000.457	nan	25958	1.27550e-04	3.31094	22.7	24000	1.37990e-04	3.31172	23.4	24904	1.32930e-04	3.31035	20.5	24782	1.33580e-04	3.31035	21.6
2001.645	nan	25942	1.27630e-04	3.31094	22.7	23985	1.38070e-04	3.31172	23.4	24898	1.32950e-04	3.31016	20.4	24812	1.33410e-04	3.31016	21.6
2002.833	nan	25960	1.27550e-04	3.31113	22.7	23994	1.38030e-04	3.31191	23.3	24915	1.32870e-04	3.31035	20.4	24808	1.33430e-04	3.31016	21.6
2004.022	nan	25977	1.27460e-04	3.31094	22.7	24006	1.37960e-04	3.31191	23.3	24911	1.32890e-04	3.31035	20.4	24815	1.33400e-04	3.31035	21.6
2005.210	nan	25938	1.27650e-04	3.31094	22.7	23970	1.38140e-04	3.31133	23.3	24900	1.32950e-04	3.31035	20.4	24844	1.33240e-04	3.31016	21.6
2006.398	nan	25968	1.27510e-04	3.31133	22.7	23989	1.38050e-04	3.31172	23.3	24891	1.33000e-04	3.31035	20.4	24831	1.33320e-04	3.31055	21.6
2007.587	nan	25952	1.27590e-04	3.31113	22.7	24006	1.37980e-04	3.31230	23.3	24926	1.32810e-04	3.31055	20.4	24811	1.33430e-04	3.31055	21.6
2008.775	nan	25941	1.27620e-04	3.31074	22.7	24019	1.37890e-04	3.31191	23.3	24885	1.33030e-04	3.31055	20.4	24819	1.33380e-04	3.31035	21.6
2009.963	nan	25973	1.27470e-04	3.31074	22.7	23979	1.38120e-04	3.31191	23.3	24913	1.32870e-04	3.31016	20.4	24802	1.33470e-04	3.31035	21.6
2011.151	nan	25958	1.27560e-04	3.31113	22.7	23966	1.38180e-04	3.31152	23.3	24904	1.32920e-04	3.31016	20.4	24802	1.33450e-04	3.30977	21.6
2012.340	nan	25974	1.27480e-04	3.31113	22.7	23996	1.38040e-04	3.31230	23.3	24926	1.32810e-04	3.31055	20.4	24844	1.33260e-04	3.31074	21.6
2013.528	nan	25970	1.27490e-04	3.31094	22.7	23998	1.38000e-04	3.31172	23.3	24932	1.32780e-04	3.31055	20.4	24784	1.33570e-04	3.31035	21.6
2014.716	nan	25951	1.27580e-04	3.31074	22.7	24018	1.37880e-04	3.31172	23.3	24911	1.32890e-04	3.31035	20.4	24821	1.33360e-04	3.31016	21.6
2015.904	nan	25983	1.27430e-04	3.31094	22.7	23961	1.38220e-04	3.31191	23.3	24924	1.32810e-04	3.31016	20.4	24816	1.33390e-04	3.31035	21.6
2017.093	nan	25978	1.27450e-04	3.31094	22.7	23975	1.38130e-04	3.31172	23.3	24933	1.32780e-04	3.31055	20.4	24812	1.33420e-04	3.31035	21.6
2018.281	nan	25992	1.27380e-04	3.31074	22.7	24001	1.37990e-04	3.31172	23.3	24928	1.32790e-04	3.31016	20.4	24816	1.33390e-04	3.31016	21.6
2019.469	nan	25996	1.27350e-04	3.31055	22.7	23971	1.38140e-04	3.31133	23.3	24887	1.33010e-04	3.31016	20.4	24834	1.33290e-04	3.31016	21.6
2020.657	nan	25960	1.27550e-04	3.31113	22.7	24001	1.37990e-04	3.31172	23.3	24928	1.32780e-04	3.30996	20.4	24835	1.33280e-04	3.30996	21.6
2021.846	nan	25946	1.27610e-04	3.31113	22.7	23975	1.38150e-04	3.31211	23.3	24906	1.32910e-04	3.31035	20.4	24826	1.33340e-04	3.31035	21.6
2023.034	nan	25968	1.27490e-04	3.31055	22.6	23995	1.38030e-04	3.31211	23.3	24933	1.32780e-04	3.31055	20.4	24827	1.33340e-04	3.31055	21.6
2024.222	nan	25971	1.27490e-04	3.31113	22.6	23987	1.38060e-04	3.31172	23.2	24891	1.32980e-04	3.30996	20.4	24855	1.33170e-04	3.30996	21.6
2025.410	nan	25981	1.27450e-04	3.31113	22.6	23986	1.38070e-04	3.31172	23.2	24940	1.32740e-04	3.31055	20.4	24835	1.33290e-04	3.31016	21.6
2026.599	nan	25974	1.27470e-04	3.31094	22.6	23996	1.38010e-04	3.31172	23.2	24921	1.32840e-04	3.31055	20.4	24820	1.33380e-04	3.31055	21.6
2027.787	nan	25959	1.27540e-04	3.31074	22.6	23974	1.38140e-04	3.31172	23.2	24914	1.32870e-04	3.31035	20.4	24805	1.33460e-04	3.31035	21.6
2028.975	nan	25957	1.27560e-04	3.31094	22.6	23979	1.38130e-04	3.31211	23.2	24920	1.32830e-04	3.31016	20.4	24821	1.33360e-04	3.31016	21.6
2030.163	nan	25988	1.27410e-04	3.31113	22.6	23972	1.38160e-04	3.31191	23.2	24930	1.32790e-04	3.31055	20.4	24856	1.33180e-04	3.31035	21.6
2031.351	nan	25960	1.27540e-04	3.31094	22.6	23990	1.38040e-04	3.31172	23.2	24918	1.32850e-04	3.31035	20.4	24816	1.33390e-04	3.31035	21.5
2032.540	nan	25981	1.27440e-04	3.31094	22.6	23994	1.38010e-04	3.31152	23.2	24924	1.32820e-04	3.31035	20.4	24855	1.33160e-04	3.30977	21.5
2033.728	nan	26002	1.27340e-04	3.31094	22.6	23982	1.38100e-04	3.31191	23.2	24918	1.32850e-04	3.31035	20.4	24833	1.33310e-04	3.31035	21.5
2034.916	nan	25994	1.27370e-04	3.31094	22.6	24004	1.37970e-04	3.31172	23.2	24915	1.32860e-04	3.31016	20.4	24841	1.33250e-04	3.31016	21.5
2036.104	nan	25950	1.27580e-04	3.31074	22.6	23999	1.37990e-04	3.31172	23.2	24938	1.32740e-04	3.31035	20.4	24842	1.33250e-04	3.31016	21.5
2037.293	nan	25987	1.27410e-04	3.31094	22.6	24009	1.37930e-04	3.31152	23.2	24910	1.32880e-04	3.31016	20.4	24835	1.33280e-04	3.30996	21.5
2038.481	nan	25993	1.27390e-04	3.31113	22.6	24022	1.37880e-04	3.31211	23.2	24941	1.32720e-04	3.31016	20.4	24822	1.33370e-04	3.31055	21.5
2039.669	nan	25957	1.27550e-04	3.31074	22.6	23997	1.37990e-04	3.31152	23.2	24924	1.32830e-04	3.31055	20.4	24825	1.33340e-04	3.31016	21.5
2040.858	nan	25992	1.27390e-04	3.31113	22.6	23995	1.38010e-04	3.31172	23.2	24929	1.32780e-04	3.31016	20.4	24842	1.33250e-04	3.31016	21.5
2042.046	nan	25992	1.27390e-04	3.31094	22.6	24016	1.37910e-04	3.31191	23.2	24931	1.32780e-04	3.31035	20.4	24848	1.33230e-04	3.31055	21.5
2043.234	nan	25970	1.27490e-04	3.31094	22.6	24007	1.37940e-04	3.31152	23.2	24919	1.32850e-04	3.31035	20.4	24847	1.33220e-04	3.31016	21.5
2044.423	nan	26003	1.27340e-04	3.31113	22.6	23991	1.38050e-04	3.31191	23.1	24926	1.32810e-04	3.31035	20.4	24827	1.33330e-04	3.31016	21.5
2045.611	nan	25973	1.27470e-04	3.31094	22.6	23973	1.38140e-04	3.31172	23.1	24923	1.32820e-04	3.31035	20.4	24844	1.33260e-04	3.31074	21.5
2046.799	nan	25982	1.27430e-04	3.31094	22.6	24016	1.37900e-04	3.31191	23.1	24929	1.32790e-04	3.31035	20.4	24853	1.33180e-04	3.30996	21.5
2047.987	nan	26004	1.27330e-04	3.31094	22.6	24009	1.37950e-04	3.31191	23.1	24980	1.32520e-04	3.31035	20.4	24867	1.33120e-04	3.31035	21.5
2049.176	nan	25950	1.27570e-04	3.31055	22.6	24004	1.37970e-04	3.31191	23.1	24919	1.32840e-04	3.31035	20.4	24882	1.33050e-04	3.31055	21.5
2050.364	nan	25971	1.27490e-04	3.31113	22.6	24015	1.37900e-04	3.31172	23.1	24907	1.32890e-04	3.30996	20.4	24835	1.33280e-04	3.30996	21.5
2051.552	nan	25974	1.27480e-04	3.31113	22.6	24012	1.37920e-04	3.31172	23.1	24928	1.32800e-04	3.31035	20.4	24852	1.33200e-04	3.31035	21.5
2052.740	nan	26016	1.27260e-04	3.31074	22.6	23991	1.38050e-04	3.31191	23.1	24912	1.32880e-04	3.31035	20.4	24872	1.33100e-04	3.31035	21.5
2053.928	nan	26000	1.27340e-04	3.31074	22.6	24000	1.37990e-04	3.31172	23.1	24930	1.32780e-04	3.31016	20.4	24842	1.33260e-04	3.31035	21.5
2055.117	nan	25992	1.27400e-04	3.31133	22.5	24022	1.37870e-04	3.31191	23.1	24938	1.32730e-04	3.30996	20.4	24834	1.33300e-04	3.31035	21.5
2056.305	nan	26009	1.27300e-04	3.31094	22.5	24004	1.37980e-04	3.31191	23.1	24928	1.32800e-04	3.31055	20.4	24867	1.33120e-04	3.31035	21.5
2057.493	nan	25986	1.27410e-04	3.31094	22.5	24000	1.37980e-04	3.31152	23.1	24953	1.32660e-04	3.31035	20.3	24852	1.33200e-04	3.31035	21.5
2058.681	nan	26005	1.27310e-04	3.31074	22.5	23980	1.38110e-04	3.31172	23.1	24977	1.32540e-04	3.31035	20.3	24835	1.33280e-04	3.30996	21.5
2059.870	nan	25997	1.27370e-04	3.31113	22.5	24003	1.37990e-04	3.31211	23.1	24942	1.32710e-04	3.31016	20.3	24868	1.33110e-04	3.31016	21.5
2061.058	nan	25987	1.27420e-04	3.31113	22.5	24007	1.37960e-04	3.31191	23.1	24929	1.32790e-04	3.31035	20.3	24844	1.33240e-04	3.31035	21.5
2062.246	nan	26000	1.27340e-04	3.31074	22.5	23986	1.38080e-04	3.31191	23.1	24959	1.32630e-04	3.31035	20.3	24862	1.33160e-04	3.31055	21.5
2063.434	nan	25997	1.27350e-04	3.31074	22.5	23983	1.38080e-04	3.31152	23.1	24948	1.32680e-04	3.31016	20.3	24862	1.33140e-04	3.31016	21.5
2064.622	nan	26034	1.27180e-04	3.31094	22.5	23996	1.38020e-04	3.31191	23.1	24943	1.32720e-04	3.31035	20.3	24875	1.33070e-04	3.31016	21.5
2065.811	nan	26028	1.27210e-04	3.31113	22.5	24008	1.37940e-04	3.31172	23.1	24966	1.32590e-04	3.31016	20.3	24856	1.33180e-04	3.31016	21.5
2066.999	nan	25994	1.27370e-04	3.31094	22.5	24000	1.37990e-04	3.31191	23.1	24944	1.32720e-04	3.31055	20.3	24878	1.33060e-04	3.31035	21.5
2068.187	nan	25998	1.27350e-04	3.31074	22.5	24006	1.37960e-04	3.31172	23.1	24924	1.32810e-04	3.31016	20.3	24861	1.33150e-04	3.31016	21.5
2069.376	nan	26003	1.27320e-04	3.31074	22.5	24018	1.37880e-04	3.31152	23.1	24952	1.32660e-04	3.31016	20.3	24887	1.33010e-04	3.31035	21.5
2070.564	nan	26019	1.27250e-04	3.31094	22.5	23977	1.38120e-04	3.31172	23.1	24955	1.32650e-04	3.31016	20.3	24879	1.33040e-04	3.30996	21.5
2071.752	nan	26016	1.27270e-04	3.31094	22.5	23987	1.38070e-04	3.31191	23.1	24912	1.32880e-04	3.31035	20.3	24859	1.33170e-04	3.31055	21.5
2072.940	nan	26022	1.27230e-04	3.31074	22.5	24001	1.37980e-04	3.31152	23.1	24923	1.32810e-04	3.31016	20.3	24846	1.33230e-04	3.31016	21.4
2074.129	nan	26014	1.27260e-04	3.31055	22.5	23994	1.38020e-04	3.31172	23.1	24951	1.32680e-04	3.31035	20.3	24867	1.33110e-04	3.31016	21.4
2075.317	nan	26029	1.27200e-04	3.31094	22.5	23981	1.38100e-04	3.31172	23.1	24952	1.32650e-04	3.30996	20.3	24858	1.33160e-04	3.31016	21.4
2076.505	nan	26036	1.27170e-04	3.31094	22.5	24014	1.37900e-04	3.31152	23.0	24972	1.32560e-04	3.31035	20.3	24845	1.33220e-04	3.30977	21.4
2077.693	nan	26039	1.27150e-04	3.31094	22.5	24051	1.37700e-04	3.31191	23.0	24937	1.32750e-04	3.31035	20.3	24874	1.33090e-04	3.31055	21.4
2078.882	nan	26013	1.27270e-04	3.31074	22.5	24005	1.37960e-04	3.31172	23.0	24927	1.32800e-04	3.31035	20.3	24870	1.33100e-04	3.31016	21.4
2080.070	nan	26031	1.27190e-04	3.31094	22.5	23992	1.38030e-04	3.31172	23.0	24966	1.32590e-04	3.31016	20.3	24888	1.32990e-04	3.30996	21.4
2081.258	nan	26034	1.27180e-04	3.31094	22.5	24005	1.37960e-04	3.31172	23.0	24953	1.32670e-04	3.31035	20.3	24877	1.33060e-04	3.31016	21.4
2082.446	nan	26008	1.27300e-04	3.31094	22.5	24026	1.37840e-04	3.31172	23.0	24936	1.32750e-04	3.31016	20.3	24906	1.32930e-04	3.31074	21.4
2083.635	nan	26043	1.27120e-04	3.31055	22.5	24027	1.37830e-04	3.31172	23.0	24913	1.32880e-04	3.31035	20.3	24905	1.32920e-04	3.31035	21.4
2084.823	nan	26039	1.27160e-04	3.31113	22.5	24002	1.37970e-04	3.31152	23.0	24952	1.32650e-04	3.30996	20.3	24863	1.33130e-04	3.31016	21.4
2086.011	nan	26011	1.27290e-04	3.31094	22.5	24013	1.37920e-04	3.31191	23.0	24935	1.32770e-04	3.31055	20.3	24863	1.33140e-04	3.31035	21.4
2087.199	nan	26062	1.27050e-04	3.31113	22.5	24016	1.37900e-04	3.31191	23.0	24953	1.32660e-04	3.31035	20.3	24861	1.33160e-04	3.31035	21.4
2088.387	nan	26025	1.27210e-04	3.31055	22.5	24012	1.37910e-04	3.31152	23.0	24940	1.32730e-04	3.31016	20.3	24871	1.33100e-04	3.31035	21.4
2089.576	nan	26043	1.27120e-04	3.31055	22.5	24029	1.37810e-04	3.31152	23.0	24930	1.32770e-04	3.30996	20.3	24871	1.33080e-04	3.30996	21.4
2090.764	nan	26043	1.27140e-04	3.31113	22.5	24022	1.37860e-04	3.31172	23.0	24974	1.32540e-04	3.30996	20.3	24876	1.33070e-04	3.31016	21.4
2091.953	nan	26033	1.27180e-04	3.31074	22.5	24005	1.37950e-04	3.31152	23.0	24955	1.32660e-04	3.31055	20.3	24906	1.32910e-04	3.31035	21.4
2093.141	nan	26041	1.27140e-04	3.31094	22.5	24021	1.37880e-04	3.31191	23.0	24951	1.32670e-04	3.31016	20.3	24853	1.33190e-04	3.31016	21.4
2094.329	nan	26028	1.27200e-04	3.31074	22.4	24023	1.37860e-04	3.31172	23.0	24929	1.32790e-04	3.31035	20.3	24889	1.33010e-04	3.31035	21.4
2095.517	nan	26034	1.27170e-04	3.31074	22.4	24051	1.37680e-04	3.31133	23.0	24971	1.32550e-04	3.30996	20.3	24867	1.33110e-04	3.30996	21.4
2096.706	nan	26061	1.27050e-04	3.31094	22.4	24017	1.37880e-04	3.31152	23.0	24965	1.32580e-04	3.30996	20.3	24886	1.33000e-04	3.30977	21.4
2097.894	nan	26061	1.27050e-04	3.31113	22.4	24032	1.37820e-04	3.31211	23.0	24921	1.32830e-04	3.31016	20.3	24892	1.33000e-04	3.31074	21.4
2099.082	nan	26044	1.27140e-04	3.31113	22.4	24012	1.37930e-04	3.31211	23.0	24933	1.32770e-04	3.31035	20.3	24899	1.32950e-04	3.31035	21.4
2100.270	nan	26029	1.27190e-04	3.31074	22.4	24047	1.37730e-04	3.31191	23.0	24973	1.32560e-04	3.31055	20.3	24894	1.32990e-04	3.31055	21.4
2101.458	nan	26048	1.27110e-04	3.31094	22.4	24036	1.37780e-04	3.31152	23.0	24965	1.32580e-04	3.30996	20.3	24905	1.32910e-04	3.31016	21.4
2102.647	nan	26052	1.27100e-04	3.31113	22.4	24001	1.37980e-04	3.31172	23.0	24987	1.32480e-04	3.31016	20.3	24895	1.32970e-04	3.31035	21.4
2103.835	nan	26050	1.27110e-04	3.31113	22.4	24045	1.37740e-04	3.31191	23.0	24976	1.32540e-04	3.31035	20.3	24899	1.32950e-04	3.31035	21.4
2105.023	nan	26032	1.27190e-04	3.31094	22.4	24039	1.37770e-04	3.31191	23.0	24941	1.32730e-04	3.31035	20.3	24876	1.33080e-04	3.31035	21.4
2106.211	nan	26048	1.27110e-04	3.31094	22.4	24024	1.37850e-04	3.31172	23.0	25001	1.32400e-04	3.31016	20.3	24904	1.32910e-04	3.31016	21.4
2107.400	nan	26072	1.26990e-04	3.31074	22.4	24034	1.37790e-04	3.31172	22.9	24980	1.32520e-04	3.31035	20.3	24882	1.33040e-04	3.31035	21.4
2108.588	nan	26034	1.27170e-04	3.31074	22.4	24020	1.37870e-04	3.31152	22.9	24942	1.32710e-04	3.31016	20.3	24890	1.32980e-04	3.30996	21.4
2109.776	nan	26052	1.27080e-04	3.31074	22.4	24042	1.37750e-04	3.31172	22.9	24999	1.32400e-04	3.30996	20.3	24909	1.32890e-04	3.31016	21.4
2110.964	nan	26059	1.27030e-04	3.31035	22.4	23993	1.38000e-04	3.31113	22.9	24965	1.32590e-04	3.31016	20.3	24930	1.32770e-04	3.30996	21.4
2112.153	nan	26046	1.27160e-04	3.31191	22.4	24008	1.37980e-04	3.31250	22.9	24930	1.32760e-04	3.30977	20.3	24904	1.32920e-04	3.31035	21.4
2113.341	nan	26071	1.26990e-04	3.31074	22.4	24017	1.37900e-04	3.31191	22.9	24974	1.32580e-04	3.31113	20.2	24914	1.32880e-04	3.31055	21.4
2114.529	nan	26085	1.26950e-04	3.31152	22.4	24012	1.37950e-04	3.31230	22.9	24996	1.32430e-04	3.31035	20.2	24915	1.32880e-04	3.31074	21.4
2115.718	nan	26063	1.27060e-04	3.31152	22.4	24032	1.37830e-04	3.31230	22.9	24975	1.32570e-04	3.31094	20.2	24904	1.32940e-04	3.31074	21.4
2116.906	nan	26078	1.26980e-04	3.31133	22.4	24041	1.37770e-04	3.31211	22.9	24969	1.32590e-04	3.31074	20.2	24890	1.33010e-04	3.31074	21.3
2118.094	nan	26061	1.27050e-04	3.31113	22.4	24041	1.37760e-04	3.31191	22.9	24926	1.32820e-04	3.31074	20.2	24888	1.33010e-04	3.31035	21.3
2119.282	nan	26092	1.26900e-04	3.31094	22.4	24064	1.37640e-04	3.31211	22.9	24942	1.32730e-04	3.31055	20.2	24870	1.33110e-04	3.31035	21.3
2120.470	nan	26067	1.27030e-04	3.31113	22.4	24028	1.37840e-04	3.31211	22.9	24970	1.32580e-04	3.31055	20.2	24891	1.33010e-04	3.31074	21.3
2121.658	nan	26086	1.26930e-04	3.31113	22.4	24052	1.37700e-04	3.31191	22.9	24946	1.32710e-04	3.31055	20.2	24903	1.32930e-04	3.31035	21.3
2122.847	nan	26061	1.27050e-04	3.31113	22.4	24039	1.37760e-04	3.31172	22.9	24960	1.32620e-04	3.31035	20.2	24913	1.32870e-04	3.31016	21.3
2124.035	nan	26055	1.27080e-04	3.31113	22.4	24037	1.37780e-04	3.31191	22.9	24969	1.32580e-04	3.31055	20.2	24919	1.32850e-04	3.31055	21.3
2125.223	nan	26055	1.27090e-04	3.31133	22.4	24023	1.37890e-04	3.31250	22.9	24952	1.32680e-04	3.31055	20.2	24933	1.32790e-04	3.31094	21.3
2126.411	nan	26097	1.26870e-04	3.31094	22.4	24042	1.37760e-04	3.31191	22.9	24966	1.32600e-04	3.31055	20.2	24910	1.32880e-04	3.31016	21.3
2127.600	nan	26072	1.27000e-04	3.31113	22.4	24032	1.37820e-04	3.31211	22.9	24968	1.32580e-04	3.31035	20.2	24920	1.32850e-04	3.31074	21.3
2128.788	nan	26092	1.26890e-04	3.31074	22.4	24051	1.37700e-04	3.31172	22.9	24967	1.32600e-04	3.31055	20.2	24910	1.32890e-04	3.31035	21.3
2129.976	nan	26066	1.27030e-04	3.31113	22.4	24049	1.37710e-04	3.31172	22.9	24964	1.32600e-04	3.31016	20.2	24908	1.32900e-04	3.31016	21.3
2131.165	nan	26078	1.26980e-04	3.31133	22.4	24021	1.37880e-04	3.31191	22.9	24980	1.32520e-04	3.31035	20.2	24918	1.32830e-04	3.30996	21.3
2132.353	nan	26092	1.26910e-04	3.31133	22.4	24054	1.37700e-04	3.31230	22.9	24995	1.32450e-04	3.31055	20.2	24915	1.32890e-04	3.31094	21.3
2133.541	nan	26071	1.27010e-04	3.31113	22.4	24040	1.37770e-04	3.31191	22.8	24960	1.32640e-04	3.31055	20.2	24950	1.32680e-04	3.31035	21.3
2134.729	nan	26079	1.26960e-04	3.31094	22.4	24072	1.37580e-04	3.31191	22.8	24979	1.32530e-04	3.31055	20.2	24921	1.32840e-04	3.31035	21.3
2135.918	nan	26091	1.26920e-04	3.31133	22.3	24027	1.37830e-04	3.31172	22.8	24986	1.32490e-04	3.31035	20.2	24905	1.32920e-04	3.31035	21.3
2137.106	nan	26084	1.26930e-04	3.31094	22.3	24015	1.37920e-04	3.31211	22.8	24991	1.32480e-04	3.31074	20.2	24963	1.32630e-04	3.31074	21.3
2138.294	nan	26068	1.27030e-04	3.31152	22.3	24061	1.37650e-04	3.31211	22.8	24978	1.32540e-04	3.31055	20.2	24926	1.32800e-04	3.31035	21.3
2139.482	nan	26096	1.26870e-04	3.31074	22.3	24038	1.37770e-04	3.31172	22.8	24978	1.32560e-04	3.31094	20.2	24921	1.32850e-04	3.31074	21.3
2140.670	nan	26072	1.27010e-04	3.31152	22.3	24049	1.37740e-04	3.31250	22.8	24969	1.32570e-04	3.31016	20.2	24902	1.32940e-04	3.31055	21.3
2141.859	nan	26086	1.26950e-04	3.31152	22.3	24044	1.37750e-04	3.31191	22.8	25001	1.32430e-04	3.31074	20.2	24928	1.32800e-04	3.31035	21.3
2143.047	nan	26107	1.26840e-04	3.31133	22.3	24040	1.37780e-04	3.31230	22.8	24968	1.32600e-04	3.31074	20.2	24911	1.32920e-04	3.31113	21.3
2144.236	nan	26071	1.27010e-04	3.31113	22.3	24031	1.37830e-04	3.31211	22.8	24989	1.32490e-04	3.31074	20.2	24938	1.32740e-04	3.31035	21.3
2145.423	nan	26095	1.26870e-04	3.31055	22.3	24039	1.37770e-04	3.31191	22.8	24966	1.32600e-04	3.31055	20.2	24956	1.32650e-04	3.31055	21.3
2146.612	nan	26103	1.26870e-04	3.31172	22.3	24029	1.37850e-04	3.31230	22.8	24987	1.32470e-04	3.31016	20.2	24930	1.32780e-04	3.31035	21.3
2147.800	nan	26073	1.27000e-04	3.31133	22.3	24076	1.37580e-04	3.31230	22.8	24997	1.32450e-04	3.31094	20.2	24948	1.32720e-04	3.31113	21.3
2148.988	nan	26094	1.26890e-04	3.31113	22.3	24058	1.37670e-04	3.31211	22.8	24988	1.32490e-04	3.31074	20.2	24929	1.32800e-04	3.31055	21.3
2150.177	nan	26078	1.26960e-04	3.31094	22.3	24041	1.37750e-04	3.31172	22.8	25003	1.32400e-04	3.31055	20.2	24926	1.32810e-04	3.31035	21.3
2151.365	nan	26062	1.27040e-04	3.31094	22.3	24062	1.37640e-04	3.31191	22.8	25004	1.32390e-04	3.31016	20.2	24925	1.32810e-04	3.31016	21.3
2152.553	nan	26093	1.26890e-04	3.31094	22.3	24070	1.37570e-04	3.31133	22.8	24966	1.32600e-04	3.31035	20.2	24954	1.32650e-04	3.31016	21.3
2153.741	nan	26107	1.26840e-04	3.31133	22.3	24055	1.37710e-04	3.31270	22.8	25002	1.32400e-04	3.31035	20.2	24928	1.32800e-04	3.31055	21.3
2154.930	nan	26111	1.26800e-04	3.31094	22.3	24070	1.37590e-04	3.31191	22.8	24984	1.32500e-04	3.31055	20.2	24939	1.32750e-04	3.31074	21.3
2156.118	nan	26101	1.26860e-04	3.31113	22.3	24061	1.37650e-04	3.31191	22.7	24990	1.32470e-04	3.31035	20.2	24935	1.32750e-04	3.31016	21.3
2157.306	nan	26099	1.26850e-04	3.31074	22.3	24050	1.37690e-04	3.31133	22.7	24971	1.32570e-04	3.31055	20.2	24925	1.32800e-04	3.30996	21.3
2158.494	nan	26072	1.27010e-04	3.31133	22.3	24074	1.37610e-04	3.31270	22.7	24972	1.32550e-04	3.31016	20.2	24958	1.32660e-04	3.31094	21.3
2159.683	nan	26123	1.26740e-04	3.31094	22.3	24058	1.37660e-04	3.31172	22.7	24968	1.32600e-04	3.31074	20.2	24966	1.32590e-04	3.31016	21.3
2160.871	nan	26109	1.26810e-04	3.31094	22.3	24043	1.37750e-04	3.31191	22.7	24939	1.32740e-04	3.31035	20.2	24950	1.32690e-04	3.31055	21.2
2162.059	nan	26083	1.26960e-04	3.31152	22.3	24052	1.37720e-04	3.31230	22.7	24983	1.32500e-04	3.31035	20.2	24960	1.32630e-04	3.31055	21.2
2163.247	nan	26091	1.26910e-04	3.31113	22.3	24047	1.37730e-04	3.31191	22.7	24981	1.32540e-04	3.31094	20.2	24946	1.32700e-04	3.31035	21.2
2164.436	nan	26099	1.26890e-04	3.31172	22.3	24043	1.37790e-04	3.31289	22.7	25003	1.32410e-04	3.31074	20.2	24953	1.32700e-04	3.31133	21.2
2165.624	nan	26122	1.26760e-04	3.31133	22.3	24066	1.37630e-04	3.31211	22.7	24986	1.32510e-04	3.31094	20.2	24964	1.32630e-04	3.31094	21.2
2166.812	nan	26089	1.26920e-04	3.31113	22.3	24053	1.37700e-04	3.31211	22.7	24964	1.32610e-04	3.31055	20.2	24932	1.32780e-04	3.31055	21.2
2168.000	nan	26104	1.26850e-04	3.31113	22.3	24086	1.37500e-04	3.31172	22.7	24960	1.32620e-04	3.31035	20.2	24974	1.32540e-04	3.30996	21.2
2169.188	nan	26120	1.26780e-04	3.31152	22.3	24037	1.37810e-04	3.31250	22.7	24954	1.32670e-04	3.31055	20.2	24958	1.32670e-04	3.31113	21.2
2170.377	nan	26111	1.26800e-04	3.31094	22.2	24056	1.37680e-04	3.31211	22.7	24963	1.32620e-04	3.31074	20.2	24963	1.32610e-04	3.31035	21.2
2171.565	nan	26123	1.26770e-04	3.31152	22.2	24077	1.37560e-04	3.31211	22.7	24977	1.32540e-04	3.31055	20.2	24971	1.32580e-04	3.31074	21.2
2172.753	nan	26123	1.26750e-04	3.31113	22.2	24077	1.37570e-04	3.31230	22.7	24966	1.32610e-04	3.31074	20.2	24957	1.32650e-04	3.31055	21.2
2173.942	nan	26120	1.26760e-04	3.31094	22.2	24068	1.37600e-04	3.31172	22.7	24952	1.32670e-04	3.31035	20.2	24961	1.32630e-04	3.31055	21.2
2175.130	nan	26134	1.26700e-04	3.31113	22.2	24079	1.37550e-04	3.31211	22.7	24982	1.32510e-04	3.31035	20.2	24970	1.32570e-04	3.31016	21.2
2176.318	nan	26099	1.26860e-04	3.31094	22.2	24093	1.37470e-04	3.31191	22.7	24961	1.32630e-04	3.31055	20.2	24969	1.32580e-04	3.31035	21.2
2177.506	nan	26120	1.26760e-04	3.31094	22.2	24081	1.37520e-04	3.31172	22.7	24945	1.32710e-04	3.31035	20.2	24969	1.32570e-04	3.31016	21.2
2178.694	nan	26095	1.26860e-04	3.31035	22.2	24067	1.37610e-04	3.31172	22.7	24965	1.32600e-04	3.31035	20.2	24953	1.32660e-04	3.31035	21.2
2179.882	nan	26158	1.26600e-04	3.31152	22.2	24078	1.37550e-04	3.31191	22.6	24974	1.32530e-04	3.30977	20.2	24983	1.32490e-04	3.30996	21.2
2181.071	nan	26126	1.26740e-04	3.31113	22.2	24071	1.37590e-04	3.31191	22.6	24974	1.32580e-04	3.31094	20.2	24965	1.32600e-04	3.31035	21.2
2182.259	nan	26100	1.26860e-04	3.31113	22.2	24075	1.37580e-04	3.31211	22.6	24977	1.32540e-04	3.31055	20.2	24977	1.32540e-04	3.31055	21.2
2183.448	nan	26148	1.26610e-04	3.31074	22.2	24096	1.37420e-04	3.31133	22.6	24971	1.32570e-04	3.31035	20.2	24991	1.32450e-04	3.30996	21.2
2184.636	nan	26104	1.26860e-04	3.31152	22.2	24044	1.37780e-04	3.31270	22.6	24986	1.32480e-04	3.31016	20.2	24974	1.32580e-04	3.31094	21.2
2185.824	nan	26105	1.26840e-04	3.31113	22.2	24074	1.37580e-04	3.31211	22.6	24991	1.32480e-04	3.31094	20.2	24966	1.32610e-04	3.31074	21.2
2187.012	nan	26138	1.26680e-04	3.31113	22.2	24089	1.37500e-04	3.31211	22.6	24974	1.32550e-04	3.31035	20.2	25002	1.32410e-04	3.31055	21.2
2188.201	nan	26130	1.26720e-04	3.31113	22.2	24084	1.37500e-04	3.31172	22.6	24967	1.32600e-04	3.31055	20.2	24971	1.32570e-04	3.31035	21.2
2189.388	nan	26101	1.26850e-04	3.31074	22.2	24085	1.37520e-04	3.31211	22.6	24987	1.32480e-04	3.31035	20.2	24955	1.32650e-04	3.31016	21.2
2190.577	nan	26117	1.26810e-04	3.31191	22.2	24096	1.37470e-04	3.31250	22.6	24994	1.32440e-04	3.31016	20.2	25010	1.32380e-04	3.31094	21.2
2191.765	nan	26086	1.26930e-04	3.31094	22.2	24122	1.37300e-04	3.31211	22.6	25010	1.32390e-04	3.31113	20.2	24958	1.32660e-04	3.31094	21.2
2192.953	nan	26139	1.26670e-04	3.31094	22.2	24095	1.37450e-04	3.31191	22.6	25005	1.32390e-04	3.31035	20.2	24976	1.32530e-04	3.31016	21.2
2194.142	nan	26104	1.26850e-04	3.31113	22.2	24097	1.37420e-04	3.31133	22.6	24967	1.32590e-04	3.31035	20.2	24987	1.32470e-04	3.30996	21.2
2195.330	nan	26147	1.26660e-04	3.31172	22.2	24061	1.37690e-04	3.31289	22.6	24989	1.32480e-04	3.31055	20.2	25001	1.32440e-04	3.31113	21.2
2196.518	nan	26137	1.26680e-04	3.31113	22.2	24090	1.37500e-04	3.31230	22.6	24969	1.32610e-04	3.31113	20.2	25010	1.32370e-04	3.31055	21.2
2197.706	nan	26126	1.26730e-04	3.31094	22.2	24069	1.37600e-04	3.31191	22.6	24977	1.32550e-04	3.31055	20.2	24978	1.32540e-04	3.31055	21.2
2198.895	nan	26135	1.26670e-04	3.31055	22.2	24116	1.37320e-04	3.31172	22.6	25003	1.32400e-04	3.31035	20.2	24959	1.32620e-04	3.31016	21.2
2200.083	nan	26104	1.26840e-04	3.31094	22.2	24105	1.37390e-04	3.31191	22.6	24994	1.32430e-04	3.30996	20.2	24988	1.32480e-04	3.31035	21.2
2201.271	nan	26126	1.26750e-04	3.31133	22.2	24086	1.37510e-04	3.31191	22.6	24990	1.32470e-04	3.31035	20.1	24970	1.32570e-04	3.31016	21.2
2202.460	nan	26127	1.26730e-04	3.31094	22.2	24089	1.37490e-04	3.31191	22.6	24973	1.32580e-04	3.31074	20.1	25017	1.32340e-04	3.31074	21.2
2203.648	nan	26108	1.26830e-04	3.31113	22.2	24070	1.37600e-04	3.31211	22.5	25003	1.32400e-04	3.31035	20.2	25018	1.32320e-04	3.31035	21.2
2204.836	nan	26117	1.26770e-04	3.31094	22.2	24120	1.37310e-04	3.31191	22.5	25010	1.32360e-04	3.31035	20.1	25002	1.32420e-04	3.31074	21.2
2206.024	nan	26134	1.26700e-04	3.31113	22.2	24112	1.37350e-04	3.31172	22.5	25008	1.32370e-04	3.31016	20.1	24979	1.32520e-04	3.31016	21.2
2207.212	nan	26131	1.26700e-04	3.31094	22.2	24103	1.37400e-04	3.31172	22.5	24995	1.32440e-04	3.31035	20.1	24999	1.32430e-04	3.31055	21.2
2208.400	nan	26122	1.26760e-04	3.31113	22.2	24096	1.37470e-04	3.31250	22.5	24983	1.32500e-04	3.31035	20.1	25023	1.32290e-04	3.31035	21.2
2209.589	nan	26162	1.26550e-04	3.31094	22.2	24117	1.37310e-04	3.31152	22.5	24994	1.32460e-04	3.31055	20.1	24978	1.32540e-04	3.31055	21.2
2210.777	nan	26139	1.26690e-04	3.31152	22.2	24088	1.37520e-04	3.31250	22.5	24979	1.32530e-04	3.31035	20.1	24989	1.32490e-04	3.31074	21.1
2211.966	nan	26124	1.26770e-04	3.31191	22.2	24094	1.37480e-04	3.31250	22.5	24984	1.32520e-04	3.31094	20.1	25007	1.32400e-04	3.31094	21.1
2213.154	nan	26137	1.26690e-04	3.31133	22.2	24115	1.37360e-04	3.31250	22.5	24980	1.32560e-04	3.31133	20.1	25007	1.32410e-04	3.31113	21.1
2214.342	nan	26124	1.26750e-04	3.31113	22.2	24085	1.37510e-04	3.31191	22.5	24993	1.32470e-04	3.31074	20.1	24987	1.32490e-04	3.31055	21.1
2215.530	nan	26161	1.26560e-04	3.31094	22.2	24121	1.37310e-04	3.31191	22.5	24987	1.32490e-04	3.31055	20.1	25018	1.32310e-04	3.31016	21.1
2216.718	nan	26174	1.26520e-04	3.31152	22.2	24122	1.37310e-04	3.31211	22.5	24986	1.32490e-04	3.31035	20.1	24993	1.32450e-04	3.31035	21.1
2217.907	nan	26166	1.26540e-04	3.31113	22.1	24135	1.37240e-04	3.31230	22.5	24978	1.32550e-04	3.31074	20.1	24999	1.32450e-04	3.31113	21.1
2219.095	nan	26130	1.26730e-04	3.31133	22.1	24114	1.37340e-04	3.31172	22.5	24968	1.32580e-04	3.31035	20.1	25036	1.32230e-04	3.31035	21.1
2220.283	nan	26174	1.26510e-04	3.31113	22.1	24104	1.37410e-04	3.31211	22.5	24973	1.32580e-04	3.31074	20.1	25009	1.32380e-04	3.31074	21.1
2221.472	nan	26132	1.26720e-04	3.31152	22.1	24138	1.37230e-04	3.31250	22.5	24997	1.32440e-04	3.31055	20.1	25013	1.32350e-04	3.31055	21.1
2222.660	nan	26187	1.26440e-04	3.31113	22.1	24118	1.37320e-04	3.31191	22.5	24989	1.32490e-04	3.31074	20.1	24999	1.32410e-04	3.31016	21.1
2223.848	nan	26173	1.26510e-04	3.31113	22.1	24129	1.37280e-04	3.31230	22.5	24990	1.32470e-04	3.31035	20.1	25015	1.32360e-04	3.31113	21.1
2225.036	nan	26162	1.26550e-04	3.31074	22.1	24121	1.37300e-04	3.31172	22.5	25003	1.32400e-04	3.31055	20.1	25002	1.32400e-04	3.31035	21.1
2226.224	nan	26129	1.26700e-04	3.31055	22.1	24133	1.37220e-04	3.31152	22.5	24992	1.32450e-04	3.31016	20.1	24997	1.32420e-04	3.31016	21.1
2227.413	nan	26177	1.26500e-04	3.31133	22.1	24133	1.37240e-04	3.31191	22.5	25005	1.32380e-04	3.31016	20.1	25006	1.32360e-04	3.30977	21.1
2228.601	nan	26168	1.26550e-04	3.31172	22.1	24151	1.37170e-04	3.31270	22.5	24997	1.32450e-04	3.31074	20.1	24993	1.32480e-04	3.31113	21.1
2229.789	nan	26201	1.26390e-04	3.31152	22.1	24168	1.37050e-04	3.31230	22.5	25006	1.32400e-04	3.31094	20.1	25029	1.32270e-04	3.31074	21.1
2230.977	nan	26191	1.26420e-04	3.31094	22.1	24122	1.37300e-04	3.31191	22.5	25017	1.32340e-04	3.31074	20.1	25022	1.32320e-04	3.31094	21.1
2232.166	nan	26163	1.26570e-04	3.31133	22.1	24144	1.37170e-04	3.31191	22.5	25001	1.32400e-04	3.31016	20.1	24985	1.32480e-04	3.30996	21.1
2233.354	nan	26180	1.26480e-04	3.31113	22.1	24135	1.37240e-04	3.31230	22.5	24990	1.32480e-04	3.31074	20.1	25002	1.32430e-04	3.31094	21.1
2234.542	nan	26178	1.26490e-04	3.31133	22.1	24137	1.37220e-04	3.31211	22.4	25001	1.32420e-04	3.31055	20.1	25035	1.32230e-04	3.31035	21.1
2235.730	nan	26215	1.26290e-04	3.31055	22.1	24126	1.37270e-04	3.31191	22.4	24981	1.32530e-04	3.31074	20.1	25025	1.32270e-04	3.31016	21.1
2236.919	nan	26158	1.26580e-04	3.31113	22.1	24117	1.37320e-04	3.31172	22.4	25014	1.32330e-04	3.31016	20.1	25035	1.32240e-04	3.31055	21.1
2238.107	nan	26206	1.26360e-04	3.31133	22.1	24129	1.37250e-04	3.31172	22.4	25023	1.32300e-04	3.31055	20.1	25021	1.32300e-04	3.31016	21.1
2239.295	nan	26175	1.26510e-04	3.31152	22.1	24145	1.37190e-04	3.31250	22.4	24976	1.32550e-04	3.31055	20.1	25058	1.32140e-04	3.31113	21.1
2240.484	nan	26153	1.26590e-04	3.31074	22.1	24145	1.37170e-04	3.31191	22.4	24996	1.32450e-04	3.31074	20.1	25024	1.32290e-04	3.31035	21.1
2241.672	nan	26185	1.26460e-04	3.31133	22.1	24143	1.37190e-04	3.31211	22.4	25004	1.32390e-04	3.31035	20.1	25008	1.32380e-04	3.31055	21.1
2242.860	nan	26146	1.26650e-04	3.31133	22.1	24141	1.37210e-04	3.31230	22.4	25021	1.32320e-04	3.31074	20.1	24993	1.32460e-04	3.31055	21.1
2244.048	nan	26142	1.26650e-04	3.31094	22.1	24162	1.37080e-04	3.31211	22.4	25001	1.32420e-04	3.31055	20.1	25015	1.32350e-04	3.31074	21.1
2245.236	nan	26170	1.26520e-04	3.31094	22.1	24169	1.37020e-04	3.31172	22.4	25004	1.32390e-04	3.31035	20.1	25050	1.32140e-04	3.31016	21.1
2246.425	nan	26193	1.26420e-04	3.31113	22.1	24164	1.37060e-04	3.31191	22.4	25005	1.32390e-04	3.31035	20.1	25037	1.32220e-04	3.31035	21.1
2247.613	nan	26177	1.26480e-04	3.31094	22.1	24173	1.37010e-04	3.31191	22.4	25045	1.32180e-04	3.31035	20.1	25061	1.32080e-04	3.31016	21.1
2248.801	nan	26184	1.26450e-04	3.31094	22.1	24145	1.37170e-04	3.31191	22.4	25004	1.32390e-04	3.31035	20.1	25035	1.32230e-04	3.31035	21.1
2249.990	nan	26186	1.26430e-04	3.31074	22.1	24152	1.37120e-04	3.31172	22.4	25004	1.32390e-04	3.31035	20.1	25039	1.32210e-04	3.31035	21.1
2251.178	nan	26165	1.26530e-04	3.31074	22.1	24135	1.37210e-04	3.31152	22.4	25003	1.32400e-04	3.31035	20.1	25047	1.32160e-04	3.31016	21.1
2252.366	nan	26183	1.26460e-04	3.31113	22.1	24151	1.37140e-04	3.31191	22.4	25021	1.32300e-04	3.31016	20.1	25042	1.32190e-04	3.31035	21.1
2253.554	nan	26185	1.26430e-04	3.31055	22.1	24149	1.37130e-04	3.31152	22.4	25009	1.32370e-04	3.31035	20.1	25042	1.32190e-04	3.31035	21.1
2254.742	nan	26218	1.26310e-04	3.31152	22.1	24173	1.37040e-04	3.31250	22.4	24987	1.32470e-04	3.30996	20.1	25037	1.32200e-04	3.30996	21.1
2255.931	nan	26184	1.26460e-04	3.31133	22.1	24171	1.37040e-04	3.31250	22.4	25038	1.32240e-04	3.31094	20.1	25010	1.32390e-04	3.31113	21.1
2257.119	nan	26175	1.26500e-04	3.31113	22.1	24156	1.37100e-04	3.31172	22.4	25043	1.32200e-04	3.31074	20.1	25048	1.32170e-04	3.31074	21.1
2258.307	nan	26190	1.26430e-04	3.31113	22.1	24149	1.37160e-04	3.31211	22.4	24994	1.32440e-04	3.31035	20.1	25039	1.32190e-04	3.30996	21.1
2259.495	nan	26189	1.26430e-04	3.31094	22.1	24141	1.37180e-04	3.31172	22.4	25001	1.32420e-04	3.31055	20.1	25030	1.32260e-04	3.31055	21.1
2260.684	nan	26182	1.26490e-04	3.31172	22.1	24193	1.36930e-04	3.31270	22.4	24984	1.32500e-04	3.31035	20.1	25046	1.32180e-04	3.31074	21.1
2261.872	nan	26186	1.26440e-04	3.31113	22.1	24144	1.37170e-04	3.31191	22.4	25002	1.32430e-04	3.31113	20.1	25056	1.32140e-04	3.31074	21.1
2263.060	nan	26187	1.26430e-04	3.31094	22.1	24191	1.36920e-04	3.31230	22.4	25008	1.32370e-04	3.31035	20.1	25050	1.32150e-04	3.31035	21.1
2264.248	nan	26210	1.26340e-04	3.31133	22.1	24145	1.37160e-04	3.31172	22.4	25028	1.32270e-04	3.31035	20.1	25027	1.32270e-04	3.31035	21.1
2265.437	nan	26221	1.26290e-04	3.31133	22.0	24175	1.37020e-04	3.31230	22.3	25033	1.32250e-04	3.31074	20.1	25026	1.32290e-04	3.31055	21.1
2266.625	nan	26200	1.26370e-04	3.31094	22.0	24156	1.37100e-04	3.31172	22.3	25008	1.32380e-04	3.31055	20.1	25043	1.32180e-04	3.31035	21.1
2267.813	nan	26185	1.26450e-04	3.31113	22.0	24183	1.36960e-04	3.31211	22.3	25015	1.32340e-04	3.31035	20.1	25030	1.32270e-04	3.31055	21.1
2269.001	nan	26215	1.26300e-04	3.31094	22.0	24150	1.37130e-04	3.31172	22.3	25020	1.32310e-04	3.31035	20.1	25040	1.32200e-04	3.31035	21.1
2270.190	nan	26167	1.26530e-04	3.31074	22.0	24179	1.36960e-04	3.31152	22.3	25038	1.32210e-04	3.31016	20.1	25033	1.32240e-04	3.31035	21.1
2271.378	nan	26198	1.26390e-04	3.31113	22.0	24158	1.37090e-04	3.31191	22.3	25013	1.32340e-04	3.31016	20.1	25054	1.32130e-04	3.31035	21.1
2272.566	nan	26204	1.26340e-04	3.31074	22.0	24159	1.37080e-04	3.31172	22.3	25020	1.32310e-04	3.31035	20.1	25066	1.32050e-04	3.30996	21.0
2273.755	nan	26169	1.26520e-04	3.31094	22.0	24192	1.36900e-04	3.31191	22.3	25012	1.32350e-04	3.31035	20.1	25036	1.32220e-04	3.31035	21.0
2274.943	nan	26208	1.26330e-04	3.31094	22.0	24212	1.36780e-04	3.31172	22.3	25025	1.32270e-04	3.31016	20.1	25067	1.32050e-04	3.30996	21.0
2276.131	nan	26199	1.26360e-04	3.31055	22.0	24195	1.36880e-04	3.31172	22.3	25001	1.32400e-04	3.31016	20.1	25050	1.32150e-04	3.31035	21.0
2277.319	nan	26193	1.26430e-04	3.31152	22.0	24190	1.36930e-04	3.31230	22.3	25012	1.32330e-04	3.30996	20.1	25087	1.31960e-04	3.31035	21.0
2278.508	nan	26177	1.26490e-04	3.31113	22.0	24193	1.36900e-04	3.31211	22.3	25002	1.32430e-04	3.31094	20.1	25061	1.32110e-04	3.31074	21.0
2279.696	nan	26171	1.26510e-04	3.31074	22.0	24213	1.36770e-04	3.31152	22.3	25012	1.32360e-04	3.31055	20.1	25061	1.32080e-04	3.31016	21.0
2280.884	nan	26171	1.26530e-04	3.31133	22.0	24207	1.36830e-04	3.31230	22.3	25031	1.32240e-04	3.31016	20.1	25050	1.32150e-04	3.31035	21.0
2282.072	nan	26186	1.26450e-04	3.31113	22.0	24158	1.37110e-04	3.31230	22.3	25023	1.32310e-04	3.31074	20.1	25075	1.32040e-04	3.31094	21.0
2283.260	nan	26173	1.26500e-04	3.31094	22.0	24197	1.36870e-04	3.31191	22.3	25012	1.32360e-04	3.31055	20.1	25036	1.32220e-04	3.31035	21.0
2284.449	nan	26168	1.26530e-04	3.31094	22.0	24193	1.36890e-04	3.31172	22.3	25020	1.32300e-04	3.31016	20.1	25084	1.31960e-04	3.31016	21.0
2285.637	nan	26271	1.26020e-04	3.31074	22.0	24195	1.36860e-04	3.31133	22.3	24985	1.32490e-04	3.31016	20.1	25078	1.31980e-04	3.30977	21.0
2286.826	nan	26211	1.26340e-04	3.31152	22.0	24225	1.36740e-04	3.31250	22.3	25006	1.32370e-04	3.31016	20.1	25087	1.31980e-04	3.31094	21.0
2288.014	nan	26181	1.26470e-04	3.31113	22.0	24216	1.36770e-04	3.31211	22.3	25053	1.32160e-04	3.31094	20.1	25087	1.31950e-04	3.31035	21.0
2289.202	nan	26173	1.26490e-04	3.31055	22.0	24208	1.36800e-04	3.31172	22.3	25050	1.32150e-04	3.31035	20.1	25102	1.31880e-04	3.31055	21.0
2290.390	nan	26215	1.26310e-04	3.31113	22.0	24183	1.36940e-04	3.31172	22.3	25057	1.32100e-04	3.31016	20.1	25092	1.31910e-04	3.30996	21.0
2291.578	nan	26209	1.26340e-04	3.31113	22.0	24188	1.36930e-04	3.31211	22.3	25023	1.32290e-04	3.31035	20.1	25080	1.32010e-04	3.31074	21.0
2292.766	nan	26240	1.26190e-04	3.31113	22.0	24206	1.36820e-04	3.31191	22.3	25036	1.32220e-04	3.31035	20.1	25091	1.31920e-04	3.31016	21.0
2293.955	nan	26218	1.26290e-04	3.31094	22.0	24208	1.36800e-04	3.31172	22.3	25038	1.32220e-04	3.31055	20.1	25080	1.31990e-04	3.31035	21.0
2295.143	nan	26223	1.26270e-04	3.31113	22.0	24183	1.36950e-04	3.31191	22.3	25033	1.32240e-04	3.31035	20.1	25089	1.31940e-04	3.31016	21.0
2296.331	nan	26200	1.26360e-04	3.31055	22.0	24192	1.36890e-04	3.31172	22.2	25022	1.32310e-04	3.31055	20.1	25064	1.32080e-04	3.31055	21.0
2297.520	nan	26205	1.26350e-04	3.31113	22.0	24200	1.36860e-04	3.31191	22.2	25034	1.32220e-04	3.30996	20.1	25100	1.31870e-04	3.30996	21.0
2298.708	nan	26210	1.26330e-04	3.31113	22.0	24195	1.36900e-04	3.31230	22.2	25043	1.32200e-04	3.31055	20.1	25093	1.31930e-04	3.31055	21.0
2299.896	nan	26201	1.26400e-04	3.31172	22.0	24225	1.36740e-04	3.31250	22.2	25046	1.32180e-04	3.31055	20.1	25085	1.31980e-04	3.31074	21.0
2301.084	nan	26198	1.26380e-04	3.31094	22.0	24210	1.36800e-04	3.31191	22.2	25014	1.32370e-04	3.31094	20.1	25119	1.31800e-04	3.31055	21.0
2302.273	nan	26235	1.26200e-04	3.31094	22.0	24232	1.36660e-04	3.31172	22.2	25035	1.32220e-04	3.31016	20.1	25071	1.32050e-04	3.31055	21.0
2303.461	nan	26226	1.26250e-04	3.31113	22.0	24214	1.36770e-04	3.31191	22.2	25026	1.32270e-04	3.31035	20.1	25091	1.31940e-04	3.31035	21.0
2304.649	nan	26220	1.26280e-04	3.31113	22.0	24207	1.36820e-04	3.31211	22.2	25053	1.32130e-04	3.31035	20.1	25096	1.31900e-04	3.31016	21.0
2305.837	nan	26223	1.26250e-04	3.31074	22.0	24222	1.36730e-04	3.31172	22.2	25087	1.31960e-04	3.31055	20.1	25111	1.31830e-04	3.31035	21.0
2307.025	nan	26213	1.26290e-04	3.31035	22.0	24240	1.36600e-04	3.31133	22.2	25040	1.32200e-04	3.31016	20.1	25089	1.31940e-04	3.31016	21.0
2308.214	nan	26225	1.26260e-04	3.31113	22.0	24201	1.36840e-04	3.31172	22.2	25015	1.32310e-04	3.30977	20.1	25078	1.31990e-04	3.31016	21.0
2309.402	nan	26235	1.26210e-04	3.31094	22.0	24247	1.36580e-04	3.31172	22.2	25041	1.32210e-04	3.31055	20.1	25111	1.31820e-04	3.31016	21.0
2310.591	nan	26209	1.26320e-04	3.31074	22.0	24228	1.36690e-04	3.31172	22.2	25060	1.32100e-04	3.31035	20.1	25083	1.31950e-04	3.30977	21.0
2311.779	nan	26227	1.26240e-04	3.31074	22.0	24225	1.36710e-04	3.31172	22.2	25056	1.32110e-04	3.31016	20.1	25116	1.31800e-04	3.31035	21.0
2312.967	nan	26234	1.26210e-04	3.31094	22.0	24208	1.36810e-04	3.31191	22.2	25080	1.31980e-04	3.31016	20.1	25073	1.32020e-04	3.31016	21.0
2314.155	nan	26199	1.26370e-04	3.31074	22.0	24236	1.36650e-04	3.31172	22.2	24988	1.32480e-04	3.31035	20.1	25084	1.31960e-04	3.30996	21.0
2315.344	nan	26217	1.26270e-04	3.31055	22.0	24225	1.36700e-04	3.31152	22.2	25049	1.32150e-04	3.31016	20.1	25114	1.31810e-04	3.31035	21.0
2316.532	nan	26209	1.26350e-04	3.31152	21.9	24248	1.36600e-04	3.31230	22.2	25077	1.32000e-04	3.31016	20.1	25099	1.31890e-04	3.31035	21.0
2317.720	nan	26225	1.26250e-04	3.31094	21.9	24248	1.36600e-04	3.31211	22.2	25018	1.32340e-04	3.31074	20.1	25110	1.31860e-04	3.31094	21.0
2318.908	nan	26231	1.26240e-04	3.31133	21.9	24260	1.36520e-04	3.31211	22.2	25070	1.32050e-04	3.31055	20.1	25124	1.31750e-04	3.30996	21.0
2320.096	nan	26247	1.26150e-04	3.31113	21.9	24264	1.36500e-04	3.31211	22.2	25045	1.32180e-04	3.31055	20.1	25108	1.31850e-04	3.31055	21.0
2321.284	nan	26244	1.26170e-04	3.31113	21.9	24262	1.36510e-04	3.31191	22.2	25041	1.32210e-04	3.31055	20.1	25087	1.31960e-04	3.31055	21.0
2322.473	nan	26219	1.26270e-04	3.31074	21.9	24274	1.36430e-04	3.31172	22.2	25042	1.32200e-04	3.31055	20.1	25120	1.31790e-04	3.31055	21.0
2323.661	nan	26210	1.26330e-04	3.31113	21.9	24272	1.36450e-04	3.31191	22.2	25068	1.32050e-04	3.31016	20.1	25111	1.31810e-04	3.30996	21.0
2324.849	nan	26225	1.26240e-04	3.31074	21.9	24269	1.36460e-04	3.31172	22.2	25072	1.32040e-04	3.31035	20.1	25085	1.31960e-04	3.31016	21.0
2326.037	nan	26255	1.26130e-04	3.31172	21.9	24272	1.36480e-04	3.31270	22.2	25072	1.32030e-04	3.31035	20.1	25124	1.31790e-04	3.31113	21.0
2327.226	nan	26244	1.26150e-04	3.31074	21.9	24258	1.36520e-04	3.31172	22.2	25068	1.32080e-04	3.31094	20.1	25104	1.31870e-04	3.31055	21.0
2328.414	nan	26249	1.26130e-04	3.31094	21.9	24243	1.36610e-04	3.31191	22.2	25068	1.32050e-04	3.31016	20.1	25115	1.31810e-04	3.31035	21.0
2329.602	nan	26225	1.26240e-04	3.31074	21.9	24249	1.36570e-04	3.31172	22.1	25063	1.32070e-04	3.31016	20.1	25098	1.31890e-04	3.31016	21.0
2330.791	nan	26234	1.26210e-04	3.31094	21.9	24253	1.36550e-04	3.31172	22.1	25045	1.32180e-04	3.31035	20.1	25114	1.31790e-04	3.30977	21.0
2331.979	nan	26254	1.26110e-04	3.31094	21.9	24271	1.36460e-04	3.31191	22.1	25073	1.32020e-04	3.31016	20.1	25148	1.31630e-04	3.31035	21.0
2333.167	nan	26231	1.26200e-04	3.31035	21.9	24265	1.36460e-04	3.31133	22.1	25055	1.32120e-04	3.31035	20.1	25159	1.31570e-04	3.31016	21.0
2334.356	nan	26245	1.26170e-04	3.31133	21.9	24273	1.36450e-04	3.31211	22.1	25087	1.31940e-04	3.30996	20.1	25135	1.31700e-04	3.31035	21.0
2335.544	nan	26249	1.26130e-04	3.31094	21.9	24240	1.36620e-04	3.31172	22.1	25098	1.31910e-04	3.31055	20.1	25136	1.31710e-04	3.31074	21.0
2336.732	nan	26234	1.26200e-04	3.31074	21.9	24278	1.36400e-04	3.31152	22.1	25075	1.32020e-04	3.31035	20.1	25116	1.31780e-04	3.30996	21.0
2337.920	nan	26259	1.26090e-04	3.31094	21.9	24284	1.36370e-04	3.31172	22.1	25058	1.32100e-04	3.31016	20.1	25139	1.31670e-04	3.31016	21.0
2339.108	nan	26229	1.26250e-04	3.31152	21.9	24258	1.36550e-04	3.31250	22.1	25057	1.32110e-04	3.31035	20.1	25149	1.31650e-04	3.31074	20.9
2340.297	nan	26262	1.26070e-04	3.31074	21.9	24283	1.36410e-04	3.31250	22.1	25056	1.32140e-04	3.31094	20.1	25143	1.31660e-04	3.31035	20.9
2341.485	nan	26281	1.26000e-04	3.31133	21.9	24256	1.36530e-04	3.31152	22.1	25071	1.32030e-04	3.31016	20.1	25144	1.31650e-04	3.31035	20.9
2342.673	nan	26220	1.26280e-04	3.31113	21.9	24260	1.36530e-04	3.31211	22.1	25076	1.32020e-04	3.31055	20.1	25123	1.31770e-04	3.31055	20.9
2343.861	nan	26276	1.26010e-04	3.31113	21.9	24279	1.36420e-04	3.31211	22.1	25079	1.32010e-04	3.31055	20.1	25125	1.31760e-04	3.31055	20.9
2345.050	nan	26287	1.25950e-04	3.31094	21.9	24277	1.36420e-04	3.31191	22.1	25068	1.32060e-04	3.31055	20.1	25155	1.31600e-04	3.31035	20.9
2346.238	nan	26240	1.26160e-04	3.31055	21.9	24262	1.36500e-04	3.31172	22.1	25081	1.31980e-04	3.31016	20.1	25162	1.31550e-04	3.31016	20.9
2347.426	nan	26274	1.26030e-04	3.31133	21.9	24281	1.36380e-04	3.31133	22.1	25067	1.32040e-04	3.30996	20.1	25157	1.31580e-04	3.31016	20.9
2348.615	nan	26266	1.26050e-04	3.31094	21.9	24280	1.36410e-04	3.31211	22.1	25093	1.31930e-04	3.31055	20.1	25170	1.31530e-04	3.31055	20.9
2349.802	nan	26271	1.26020e-04	3.31055	21.9	24273	1.36440e-04	3.31191	22.1	25072	1.32030e-04	3.31035	20.1	25138	1.31670e-04	3.30996	20.9
2350.991	nan	26277	1.25980e-04	3.31035	21.9	24286	1.36350e-04	3.31152	22.1	25034	1.32220e-04	3.31016	20.1	25151	1.31610e-04	3.30996	20.9
2352.179	nan	26242	1.26200e-04	3.31172	21.9	24279	1.36390e-04	3.31133	22.1	25059	1.32080e-04	3.30977	20.1	25149	1.31640e-04	3.31055	20.9
2353.368	nan	26270	1.26030e-04	3.31094	21.9	24271	1.36480e-04	3.31250	22.1	25096	1.31930e-04	3.31094	20.1	25159	1.31590e-04	3.31055	20.9
2354.555	nan	26288	1.25930e-04	3.31055	21.9	24280	1.36410e-04	3.31191	22.1	25096	1.31910e-04	3.31035	20.1	25160	1.31550e-04	3.30996	20.9
2355.744	nan	26278	1.26010e-04	3.31113	21.9	24303	1.36260e-04	3.31152	22.1	25085	1.31960e-04	3.31016	20.1	25157	1.31590e-04	3.31055	20.9
2356.932	nan	26315	1.25820e-04	3.31094	21.9	24265	1.36490e-04	3.31191	22.1	25071	1.32050e-04	3.31055	20.1	25142	1.31670e-04	3.31035	20.9
2358.121	nan	26253	1.26120e-04	3.31094	21.9	24273	1.36440e-04	3.31191	22.1	25052	1.32140e-04	3.31035	20.0	25161	1.31560e-04	3.31016	20.9
2359.309	nan	26283	1.25960e-04	3.31074	21.9	24304	1.36260e-04	3.31172	22.1	25104	1.31860e-04	3.31016	20.0	25155	1.31600e-04	3.31035	20.9
2360.497	nan	26250	1.26140e-04	3.31113	21.9	24298	1.36290e-04	3.31172	22.1	25100	1.31880e-04	3.31016	20.1	25149	1.31630e-04	3.31035	20.9
2361.685	nan	26281	1.25970e-04	3.31074	21.9	24297	1.36320e-04	3.31211	22.1	25111	1.31830e-04	3.31055	20.0	25174	1.31490e-04	3.31016	20.9
2362.873	nan	26247	1.26140e-04	3.31074	21.9	24330	1.36120e-04	3.31172	22.1	25079	1.31990e-04	3.31016	20.0	25146	1.31650e-04	3.31035	20.9
2364.062	nan	26269	1.26040e-04	3.31094	21.9	24308	1.36240e-04	3.31172	22.1	25060	1.32090e-04	3.31016	20.0	25146	1.31630e-04	3.30996	20.9
2365.250	nan	26273	1.26030e-04	3.31113	21.9	24323	1.36160e-04	3.31191	22.1	25083	1.31980e-04	3.31035	20.0	25172	1.31510e-04	3.31035	20.9
2366.438	nan	26266	1.26050e-04	3.31074	21.9	24269	1.36470e-04	3.31211	22.1	25093	1.31930e-04	3.31055	20.0	25148	1.31630e-04	3.31016	20.9
2367.627	nan	26261	1.26080e-04	3.31094	21.9	24291	1.36340e-04	3.31172	22.1	25079	1.31990e-04	3.31016	20.0	25124	1.31750e-04	3.30996	20.9
2368.815	nan	26274	1.26010e-04	3.31074	21.9	24299	1.36300e-04	3.31191	22.1	25074	1.32010e-04	3.31016	20.0	25122	1.31770e-04	3.31035	20.9
2370.003	nan	26247	1.26130e-04	3.31055	21.9	24331	1.36110e-04	3.31172	22.0	25107	1.31850e-04	3.31035	20.0	25173	1.31500e-04	3.31016	20.9
2371.191	nan	26286	1.25950e-04	3.31074	21.9	24311	1.36220e-04	3.31172	22.0	25080	1.31980e-04	3.31016	20.0	25158	1.31570e-04	3.30996	20.9
2372.379	nan	26256	1.26080e-04	3.31035	21.8	24309	1.36220e-04	3.31152	22.0	25116	1.31790e-04	3.31016	20.0	25150	1.31590e-04	3.30957	20.9
2373.568	nan	26287	1.25970e-04	3.31152	21.8	24316	1.36170e-04	3.31113	22.0	25071	1.32020e-04	3.30977	20.0	25160	1.31590e-04	3.31074	20.9
2374.756	nan	26258	1.26080e-04	3.31074	21.8	24300	1.36310e-04	3.31230	22.0	25086	1.31980e-04	3.31074	20.0	25153	1.31610e-04	3.31035	20.9
2375.944	nan	26248	1.26130e-04	3.31055	21.8	24321	1.36170e-04	3.31172	22.0	25122	1.31760e-04	3.31016	20.0	25148	1.31630e-04	3.31035	20.9
2377.132	nan	26273	1.26030e-04	3.31113	21.8	24362	1.35930e-04	3.31152	22.0	25104	1.31850e-04	3.30996	20.0	25171	1.31500e-04	3.30996	20.9
2378.320	nan	26265	1.26070e-04	3.31113	21.8	24327	1.36150e-04	3.31211	22.0	25122	1.31780e-04	3.31055	20.0	25185	1.31450e-04	3.31055	20.9
2379.509	nan	26266	1.26050e-04	3.31094	21.8	24343	1.36060e-04	3.31211	22.0	25124	1.31770e-04	3.31055	20.0	25168	1.31520e-04	3.31016	20.9
2380.697	nan	26220	1.26260e-04	3.31055	21.8	24321	1.36170e-04	3.31172	22.0	25124	1.31760e-04	3.31035	20.0	25144	1.31640e-04	3.30996	20.9
2381.886	nan	26292	1.25940e-04	3.31133	21.8	24331	1.36100e-04	3.31152	22.0	25108	1.31830e-04	3.30996	20.0	25164	1.31570e-04	3.31074	20.9
2383.074	nan	26274	1.26030e-04	3.31113	21.8	24338	1.36100e-04	3.31230	22.0	25108	1.31860e-04	3.31074	20.0	25200	1.31380e-04	3.31074	20.9
2384.262	nan	26259	1.26090e-04	3.31094	21.8	24324	1.36170e-04	3.31211	22.0	25127	1.31750e-04	3.31055	20.0	25164	1.31540e-04	3.30996	20.9
2385.450	nan	26311	1.25840e-04	3.31094	21.8	24362	1.35940e-04	3.31172	22.0	25118	1.31790e-04	3.31035	20.0	25197	1.31380e-04	3.31035	20.9
2386.638	nan	26302	1.25870e-04	3.31074	21.8	24350	1.36010e-04	3.31172	22.0	25129	1.31730e-04	3.31016	20.0	25204	1.31340e-04	3.31035	20.9
2387.827	nan	26288	1.25940e-04	3.31074	21.8	24343	1.36040e-04	3.31172	22.0	25115	1.31800e-04	3.31016	20.0	25182	1.31460e-04	3.31035	20.9
2389.015	nan	26265	1.26030e-04	3.31035	21.8	24337	1.36080e-04	3.31172	22.0	25118	1.31780e-04	3.31016	20.0	25197	1.31360e-04	3.30996	20.9
2390.203	nan	26279	1.25990e-04	3.31094	21.8	24348	1.36000e-04	3.31133	22.0	25098	1.31860e-04	3.30957	20.0	25174	1.31470e-04	3.30957	20.9
2391.391	nan	26279	1.25990e-04	3.31094	21.8	24365	1.35930e-04	3.31191	22.0	25162	1.31560e-04	3.31035	20.0	25179	1.31480e-04	3.31055	20.9
2392.579	nan	26284	1.25950e-04	3.31055	21.8	24341	1.36060e-04	3.31191	22.0	25118	1.31790e-04	3.31035	20.0	25186	1.31410e-04	3.30957	20.9
2393.768	nan	26274	1.26020e-04	3.31094	21.8	24362	1.35930e-04	3.31152	22.0	25139	1.31660e-04	3.30996	20.0	25197	1.31370e-04	3.31016	20.9
2394.956	nan	26272	1.26050e-04	3.31152	21.8	24336	1.36090e-04	3.31172	22.0	25111	1.31830e-04	3.31035	20.0	25194	1.31410e-04	3.31074	20.9
2396.144	nan	26263	1.26060e-04	3.31074	21.8	24361	1.35960e-04	3.31211	22.0	25137	1.31710e-04	3.31074	20.0	25201	1.31350e-04	3.31016	20.9
2397.332	nan	26287	1.25940e-04	3.31074	21.8	24347	1.36020e-04	3.31172	22.0	25135	1.31700e-04	3.31016	20.0	25194	1.31390e-04	3.31016	20.9
2398.521	nan	26276	1.26020e-04	3.31113	21.8	24352	1.35990e-04	3.31172	22.0	25106	1.31850e-04	3.31016	20.0	25184	1.31450e-04	3.31055	20.9
2399.709	nan	26286	1.25960e-04	3.31113	21.8	24364	1.35940e-04	3.31211	22.0	25128	1.31750e-04	3.31055	20.0	25183	1.31460e-04	3.31055	20.9
2400.898	nan	26304	1.25870e-04	3.31094	21.8	24371	1.35900e-04	3.31191	22.0	25130	1.31740e-04	3.31055	20.0	25184	1.31440e-04	3.31016	20.9
2402.086	nan	26260	1.26070e-04	3.31055	21.8	24389	1.35800e-04	3.31191	22.0	25107	1.31850e-04	3.31035	20.0	25213	1.31290e-04	3.31035	20.9
2403.274	nan	26296	1.25930e-04	3.31133	21.8	24367	1.35900e-04	3.31152	22.0	25157	1.31570e-04	3.30996	20.0	25189	1.31410e-04	3.31016	20.9
2404.462	nan	26256	1.26110e-04	3.31113	21.8	24367	1.35930e-04	3.31230	22.0	25138	1.31700e-04	3.31074	20.0	25190	1.31420e-04	3.31055	20.9
2405.651	nan	26305	1.25860e-04	3.31074	21.8	24348	1.36020e-04	3.31191	22.0	25153	1.31610e-04	3.31035	20.0	25220	1.31260e-04	3.31035	20.9
2406.839	nan	26276	1.25990e-04	3.31035	21.8	24391	1.35770e-04	3.31172	22.0	25115	1.31810e-04	3.31035	20.0	25200	1.31350e-04	3.30996	20.9
2408.027	nan	26293	1.25930e-04	3.31113	21.8	24361	1.35920e-04	3.31113	21.9	25132	1.31690e-04	3.30977	20.0	25193	1.31400e-04	3.31035	20.9
2409.215	nan	26296	1.25910e-04	3.31074	21.8	24361	1.35960e-04	3.31211	21.9	25166	1.31550e-04	3.31055	20.0	25184	1.31440e-04	3.31016	20.9
2410.404	nan	26262	1.26070e-04	3.31074	21.8	24363	1.35930e-04	3.31152	21.9	25144	1.31650e-04	3.31016	20.0	25224	1.31240e-04	3.31035	20.9
2411.592	nan	26277	1.26020e-04	3.31133	21.8	24379	1.35830e-04	3.31152	21.9	25136	1.31690e-04	3.31016	20.0	25229	1.31200e-04	3.30996	20.9
2412.780	nan	26301	1.25890e-04	3.31113	21.8	24368	1.35920e-04	3.31211	21.9	25146	1.31650e-04	3.31055	20.0	25227	1.31240e-04	3.31074	20.9
2413.968	nan	26297	1.25900e-04	3.31074	21.8	24398	1.35750e-04	3.31211	21.9	25147	1.31650e-04	3.31055	20.0	25232	1.31180e-04	3.30996	20.9
2415.156	nan	26308	1.25820e-04	3.31016	21.8	24364	1.35930e-04	3.31172	21.9	25144	1.31650e-04	3.31016	20.0	25221	1.31240e-04	3.30996	20.9
2416.345	nan	26324	1.25800e-04	3.31152	21.8	24371	1.35870e-04	3.31133	21.9	25159	1.31550e-04	3.30957	20.0	25203	1.31360e-04	3.31055	20.9
2417.533	nan	26249	1.26140e-04	3.31113	21.8	24385	1.35840e-04	3.31250	21.9	25138	1.31710e-04	3.31094	20.0	25219	1.31280e-04	3.31074	20.8
2418.721	nan	26281	1.25990e-04	3.31113	21.8	24393	1.35770e-04	3.31191	21.9	25138	1.31700e-04	3.31055	20.0	25190	1.31410e-04	3.31035	20.8
2419.910	nan	26308	1.25850e-04	3.31094	21.8	24391	1.35780e-04	3.31191	21.9	25137	1.31690e-04	3.31035	20.0	25242	1.31130e-04	3.31016	20.8
2421.098	nan	26284	1.25980e-04	3.31133	21.8	24392	1.35780e-04	3.31191	21.9	25151	1.31620e-04	3.31035	20.0	25203	1.31350e-04	3.31055	20.8
2422.286	nan	26319	1.25790e-04	3.31074	21.8	24387	1.35810e-04	3.31211	21.9	25126	1.31760e-04	3.31055	20.0	25219	1.31260e-04	3.31035	20.8
2423.474	nan	26268	1.26030e-04	3.31074	21.8	24406	1.35700e-04	3.31172	21.9	25154	1.31590e-04	3.31016	20.0	25217	1.31260e-04	3.30996	20.8
2424.663	nan	26323	1.25780e-04	3.31094	21.8	24388	1.35790e-04	3.31172	21.9	25121	1.31770e-04	3.31016	20.0	25247	1.31110e-04	3.31016	20.8
2425.851	nan	26339	1.25700e-04	3.31074	21.7	24400	1.35730e-04	3.31172	21.9	25150	1.31620e-04	3.31016	20.0	25218	1.31260e-04	3.31016	20.8
2427.039	nan	26325	1.25760e-04	3.31074	21.7	24406	1.35690e-04	3.31172	21.9	25160	1.31560e-04	3.31016	20.0	25227	1.31210e-04	3.30996	20.8
2428.227	nan	26333	1.25720e-04	3.31055	21.7	24394	1.35760e-04	3.31172	21.9	25145	1.31640e-04	3.31016	20.0	25243	1.31120e-04	3.30996	20.8
2429.415	nan	26317	1.25800e-04	3.31074	21.7	24404	1.35690e-04	3.31133	21.9	25166	1.31520e-04	3.30977	20.0	25211	1.31290e-04	3.30996	20.8
2430.603	nan	26319	1.25800e-04	3.31094	21.7	24403	1.35710e-04	3.31172	21.9	25127	1.31750e-04	3.31035	20.0	25212	1.31310e-04	3.31055	20.8
2431.792	nan	26292	1.25930e-04	3.31094	21.7	24403	1.35720e-04	3.31191	21.9	25168	1.31530e-04	3.31035	20.0	25204	1.31330e-04	3.30996	20.8
2432.980	nan	26306	1.25860e-04	3.31074	21.7	24407	1.35680e-04	3.31152	21.9	25169	1.31520e-04	3.31016	20.0	25219	1.31260e-04	3.31016	20.8
2434.168	nan	26310	1.25860e-04	3.31133	21.7	24413	1.35650e-04	3.31172	21.9	25148	1.31630e-04	3.31016	20.0	25216	1.31290e-04	3.31074	20.8
2435.357	nan	26314	1.25820e-04	3.31074	21.7	24390	1.35810e-04	3.31230	21.9	25155	1.31620e-04	3.31074	20.0	25258	1.31060e-04	3.31035	20.8
2436.545	nan	26311	1.25820e-04	3.31055	21.7	24402	1.35710e-04	3.31172	21.8	25151	1.31600e-04	3.30996	20.0	25248	1.31100e-04	3.30996	20.8
2437.733	nan	26342	1.25690e-04	3.31094	21.7	24401	1.35710e-04	3.31152	21.8	25173	1.31490e-04	3.30996	20.0	25241	1.31150e-04	3.31035	20.8
2438.921	nan	26320	1.25800e-04	3.31113	21.7	24409	1.35680e-04	3.31191	21.8	25154	1.31610e-04	3.31055	20.0	25266	1.31020e-04	3.31035	20.8
2440.110	nan	26361	1.25600e-04	3.31094	21.7	24422	1.35610e-04	3.31191	21.8	25191	1.31420e-04	3.31055	20.0	25248	1.31110e-04	3.31016	20.8
2441.298	nan	26315	1.25800e-04	3.31035	21.7	24417	1.35630e-04	3.31172	21.8	25144	1.31650e-04	3.31016	20.0	25255	1.31060e-04	3.30996	20.8
2442.486	nan	26329	1.25770e-04	3.31133	21.7	24410	1.35650e-04	3.31113	21.8	25184	1.31430e-04	3.30996	20.0	25255	1.31080e-04	3.31035	20.8
2443.675	nan	26313	1.25840e-04	3.31133	21.7	24399	1.35750e-04	3.31230	21.8	25189	1.31440e-04	3.31074	20.0	25244	1.31140e-04	3.31055	20.8
2444.863	nan	26329	1.25750e-04	3.31094	21.7	24427	1.35590e-04	3.31191	21.8	25156	1.31610e-04	3.31074	20.0	25252	1.31090e-04	3.31016	20.8
2446.051	nan	26354	1.25620e-04	3.31055	21.7	24423	1.35600e-04	3.31191	21.8	25200	1.31360e-04	3.31016	20.0	25227	1.31210e-04	3.31016	20.8
2447.239	nan	26327	1.25770e-04	3.31113	21.7	24428	1.35560e-04	3.31152	21.8	25179	1.31460e-04	3.30996	20.0	25239	1.31160e-04	3.31035	20.8
2448.427	nan	26336	1.25720e-04	3.31094	21.7	24425	1.35600e-04	3.31191	21.8	25150	1.31630e-04	3.31035	20.0	25242	1.31150e-04	3.31055	20.8
2449.615	nan	26337	1.25700e-04	3.31055	21.7	24390	1.35780e-04	3.31172	21.8	25182	1.31450e-04	3.31035	20.0	25267	1.31010e-04	3.31016	20.8
2450.804	nan	26340	1.25680e-04	3.31055	21.7	24409	1.35660e-04	3.31133	21.8	25186	1.31420e-04	3.30996	20.0	25245	1.31100e-04	3.30957	20.8
2451.992	nan	26324	1.25800e-04	3.31152	21.7	24415	1.35650e-04	3.31191	21.8	25208	1.31310e-04	3.30996	20.0	25233	1.31210e-04	3.31074	20.8
2453.180	nan	26355	1.25630e-04	3.31094	21.7	24428	1.35600e-04	3.31230	21.8	25241	1.31170e-04	3.31094	20.0	25250	1.31110e-04	3.31055	20.8
2454.369	nan	26311	1.25820e-04	3.31055	21.7	24418	1.35640e-04	3.31191	21.8	25219	1.31260e-04	3.31035	20.0	25273	1.30970e-04	3.30996	20.8
2455.557	nan	26311	1.25850e-04	3.31133	21.7	24430	1.35550e-04	3.31152	21.8	25192	1.31390e-04	3.30996	20.0	25245	1.31140e-04	3.31074	20.8
2456.745	nan	26344	1.25680e-04	3.31094	21.7	24425	1.35600e-04	3.31211	21.8	25197	1.31390e-04	3.31055	20.0	25236	1.31170e-04	3.31035	20.8
2457.934	nan	26350	1.25660e-04	3.31113	21.7	24446	1.35470e-04	3.31172	21.8	25194	1.31390e-04	3.31016	20.0	25260	1.31040e-04	3.31016	20.8
2459.121	nan	26346	1.25680e-04	3.31113	21.7	24461	1.35390e-04	3.31172	21.8	25185	1.31440e-04	3.31035	20.0	25248	1.31120e-04	3.31055	20.8
2460.310	nan	26339	1.25710e-04	3.31113	21.7	24467	1.35360e-04	3.31191	21.8	25184	1.31450e-04	3.31055	20.0	25250	1.31120e-04	3.31074	20.8
2461.498	nan	26351	1.25650e-04	3.31113	21.7	24448	1.35490e-04	3.31250	21.8	25169	1.31530e-04	3.31055	20.0	25244	1.31130e-04	3.31035	20.8
2462.686	nan	26338	1.25710e-04	3.31094	21.7	24468	1.35360e-04	3.31191	21.8	25214	1.31300e-04	3.31055	20.0	25276	1.30970e-04	3.31035	20.8
2463.875	nan	26350	1.25640e-04	3.31074	21.7	24451	1.35440e-04	3.31152	21.8	25204	1.31340e-04	3.31016	20.0	25261	1.31040e-04	3.31016	20.8
2465.063	nan	26337	1.25730e-04	3.31133	21.7	24449	1.35470e-04	3.31211	21.8	25203	1.31350e-04	3.31035	20.0	25246	1.31140e-04	3.31074	20.8
2466.251	nan	26321	1.25780e-04	3.31074	21.7	24455	1.35430e-04	3.31211	21.8	25215	1.31300e-04	3.31074	20.0	25270	1.31000e-04	3.31035	20.8
2467.439	nan	26315	1.25820e-04	3.31094	21.7	24448	1.35460e-04	3.31172	21.8	25198	1.31360e-04	3.31016	20.0	25284	1.30930e-04	3.31035	20.8
2468.628	nan	26349	1.25640e-04	3.31055	21.7	24471	1.35340e-04	3.31191	21.8	25204	1.31340e-04	3.31035	20.0	25268	1.31000e-04	3.31016	20.8
2469.816	nan	26328	1.25750e-04	3.31074	21.7	24448	1.35450e-04	3.31152	21.8	25174	1.31480e-04	3.30996	20.0	25244	1.31120e-04	3.30996	20.8
2471.004	nan	26344	1.25670e-04	3.31074	21.7	24436	1.35520e-04	3.31152	21.8	25201	1.31340e-04	3.30996	20.0	25271	1.30980e-04	3.30996	20.8
2472.192	nan	26394	1.25430e-04	3.31055	21.7	24458	1.35390e-04	3.31133	21.8	25212	1.31290e-04	3.31016	20.0	25275	1.30960e-04	3.30996	20.8
2473.381	nan	26363	1.25600e-04	3.31113	21.7	24460	1.35380e-04	3.31152	21.8	25186	1.31420e-04	3.30996	20.0	25249	1.31110e-04	3.31035	20.8
2474.569	nan	26346	1.25670e-04	3.31094	21.7	24448	1.35480e-04	3.31211	21.8	25204	1.31350e-04	3.31055	20.0	25260	1.31060e-04	3.31055	20.8
2475.757	nan	26365	1.25550e-04	3.31016	21.7	24426	1.35590e-04	3.31191	21.8	25203	1.31350e-04	3.31055	20.0	25259	1.31040e-04	3.30996	20.8
2476.945	nan	26373	1.25550e-04	3.31113	21.7	24443	1.35470e-04	3.31133	21.8	25208	1.31290e-04	3.30957	20.0	25251	1.31070e-04	3.30977	20.8
2478.134	nan	26360	1.25620e-04	3.31133	21.6	24461	1.35400e-04	3.31211	21.8	25195	1.31400e-04	3.31055	20.0	25288	1.30930e-04	3.31094	20.8
2479.322	nan	26340	1.25690e-04	3.31074	21.6	24487	1.35260e-04	3.31211	21.8	25214	1.31300e-04	3.31055	20.0	25269	1.30990e-04	3.30996	20.8
2480.510	nan	26347	1.25660e-04	3.31074	21.6	24482	1.35270e-04	3.31172	21.8	25217	1.31270e-04	3.31016	20.0	25262	1.31050e-04	3.31055	20.8
2481.699	nan	26379	1.25530e-04	3.31133	21.6	24478	1.35290e-04	3.31172	21.8	25213	1.31290e-04	3.31035	20.0	25295	1.30880e-04	3.31055	20.8
2482.886	nan	26378	1.25530e-04	3.31113	21.6	24444	1.35500e-04	3.31211	21.8	25218	1.31290e-04	3.31074	20.0	25280	1.30950e-04	3.31035	20.8
2484.075	nan	26384	1.25490e-04	3.31094	21.6	24471	1.35340e-04	3.31191	21.8	25215	1.31290e-04	3.31055	20.0	25265	1.31030e-04	3.31035	20.8
2485.263	nan	26375	1.25530e-04	3.31074	21.6	24491	1.35220e-04	3.31172	21.8	25201	1.31360e-04	3.31035	20.0	25286	1.30900e-04	3.30996	20.8
2486.451	nan	26346	1.25680e-04	3.31113	21.6	24467	1.35360e-04	3.31172	21.8	25219	1.31260e-04	3.31016	20.0	25281	1.30950e-04	3.31055	20.8
2487.640	nan	26392	1.25450e-04	3.31094	21.6	24493	1.35220e-04	3.31191	21.8	25219	1.31270e-04	3.31055	20.0	25285	1.30920e-04	3.31035	20.8
2488.828	nan	26366	1.25560e-04	3.31055	21.6	24472	1.35330e-04	3.31191	21.8	25210	1.31310e-04	3.31035	20.0	25294	1.30870e-04	3.31016	20.8
2490.016	nan	26361	1.25570e-04	3.31016	21.6	24459	1.35380e-04	3.31133	21.8	25224	1.31220e-04	3.30996	20.0	25280	1.30920e-04	3.30957	20.8
2491.205	nan	26346	1.25700e-04	3.31172	21.6	24481	1.35280e-04	3.31191	21.8	25216	1.31260e-04	3.30977	20.0	25313	1.30800e-04	3.31094	20.8
2492.393	nan	26401	1.25410e-04	3.31094	21.6	24478	1.35310e-04	3.31230	21.8	25210	1.31340e-04	3.31113	20.0	25322	1.30740e-04	3.31055	20.8
2493.581	nan	26346	1.25670e-04	3.31094	21.6	24498	1.35190e-04	3.31191	21.8	25238	1.31160e-04	3.31035	20.0	25302	1.30830e-04	3.31016	20.8
2494.769	nan	26355	1.25620e-04	3.31074	21.6	24495	1.35200e-04	3.31172	21.8	25258	1.31060e-04	3.31035	20.0	25285	1.30910e-04	3.31016	20.8
2495.957	nan	26369	1.25550e-04	3.31055	21.6	24506	1.35130e-04	3.31152	21.8	25230	1.31190e-04	3.30996	20.0	25305	1.30800e-04	3.30996	20.8
2497.146	nan	26391	1.25440e-04	3.31055	21.6	24474	1.35300e-04	3.31133	21.8	25216	1.31270e-04	3.30996	19.9	25312	1.30770e-04	3.30996	20.8
2498.334	nan	26377	1.25500e-04	3.31035	21.6	24504	1.35140e-04	3.31152	21.8	25250	1.31090e-04	3.30996	19.9	25309	1.30770e-04	3.30977	20.8
2499.522	nan	26347	1.25680e-04	3.31133	21.6	24491	1.35200e-04	3.31133	21.8	25278	1.30940e-04	3.30996	19.9	25312	1.30790e-04	3.31055	20.8
2500.711	nan	26379	1.25510e-04	3.31094	21.6	24492	1.35240e-04	3.31230	21.8	25269	1.31020e-04	3.31074	19.9	25284	1.30930e-04	3.31055	20.8
2501.899	nan	26412	1.25360e-04	3.31094	21.6	24500	1.35180e-04	3.31191	21.8	25222	1.31250e-04	3.31035	19.9	25327	1.30700e-04	3.31016	20.8
2503.087	nan	26374	1.25520e-04	3.31035	21.6	24502	1.35160e-04	3.31152	21.8	25244	1.31130e-04	3.31016	19.9	25304	1.30790e-04	3.30957	20.8
2504.275	nan	26370	1.25590e-04	3.31172	21.6	24496	1.35200e-04	3.31191	21.8	25250	1.31080e-04	3.30977	19.9	25323	1.30750e-04	3.31094	20.8
2505.464	nan	26376	1.25530e-04	3.31094	21.6	24512	1.35140e-04	3.31250	21.8	25228	1.31240e-04	3.31094	19.9	25303	1.30850e-04	3.31094	20.7
2506.652	nan	26393	1.25450e-04	3.31094	21.6	24530	1.35010e-04	3.31172	21.7	25244	1.31130e-04	3.31035	19.9	25294	1.30870e-04	3.31035	20.7
2507.840	nan	26379	1.25520e-04	3.31113	21.6	24518	1.35090e-04	3.31211	21.7	25243	1.31150e-04	3.31055	19.9	25341	1.30630e-04	3.31035	20.7
2509.028	nan	26411	1.25390e-04	3.31152	21.6	24510	1.35130e-04	3.31211	21.7	25221	1.31260e-04	3.31055	19.9	25315	1.30780e-04	3.31074	20.7
2510.217	nan	26359	1.25620e-04	3.31113	21.6	24504	1.35180e-04	3.31250	21.7	25244	1.31140e-04	3.31055	19.9	25309	1.30800e-04	3.31035	20.7
2511.405	nan	26396	1.25430e-04	3.31074	21.6	24513	1.35110e-04	3.31191	21.7	25264	1.31040e-04	3.31055	19.9	25345	1.30600e-04	3.31016	20.7
2512.593	nan	26396	1.25440e-04	3.31113	21.6	24535	1.34970e-04	3.31152	21.7	25255	1.31070e-04	3.31016	19.9	25316	1.30770e-04	3.31055	20.7
2513.782	nan	26350	1.25650e-04	3.31094	21.6	24492	1.35230e-04	3.31211	21.7	25239	1.31170e-04	3.31055	19.9	25309	1.30810e-04	3.31055	20.7
2514.969	nan	26364	1.25580e-04	3.31074	21.6	24506	1.35150e-04	3.31191	21.7	25234	1.31180e-04	3.31035	19.9	25300	1.30830e-04	3.31016	20.7
2516.158	nan	26406	1.25360e-04	3.31035	21.6	24514	1.35090e-04	3.31152	21.7	25260	1.31040e-04	3.31016	19.9	25315	1.30740e-04	3.30977	20.7
2517.346	nan	26393	1.25460e-04	3.31133	21.6	24529	1.34990e-04	3.31113	21.7	25273	1.30960e-04	3.30977	19.9	25304	1.30830e-04	3.31055	20.7
2518.534	nan	26388	1.25490e-04	3.31133	21.6	24531	1.35040e-04	3.31270	21.7	25246	1.31140e-04	3.31074	19.9	25315	1.30780e-04	3.31074	20.7
2519.722	nan	26419	1.25320e-04	3.31074	21.6	24506	1.35150e-04	3.31191	21.7	25271	1.31000e-04	3.31055	19.9	25330	1.30690e-04	3.31035	20.7
2520.911	nan	26400	1.25400e-04	3.31055	21.6	24520	1.35060e-04	3.31172	21.7	25255	1.31070e-04	3.31016	19.9	25333	1.30660e-04	3.30996	20.7
2522.099	nan	26425	1.25300e-04	3.31094	21.6	24511	1.35120e-04	3.31191	21.7	25260	1.31040e-04	3.30996	19.9	25343	1.30620e-04	3.31035	20.7
2523.287	nan	26420	1.25310e-04	3.31074	21.6	24535	1.34980e-04	3.31191	21.7	25265	1.31030e-04	3.31035	19.9	25341	1.30620e-04	3.31016	20.7
2524.476	nan	26377	1.25520e-04	3.31074	21.6	24535	1.34970e-04	3.31152	21.7	25273	1.30980e-04	3.31016	19.9	25306	1.30800e-04	3.30996	20.7
2525.664	nan	26415	1.25330e-04	3.31055	21.5	24526	1.35020e-04	3.31152	21.7	25274	1.30970e-04	3.31016	19.9	25332	1.30670e-04	3.30996	20.7
2526.852	nan	26400	1.25410e-04	3.31094	21.5	24532	1.34990e-04	3.31172	21.7	25266	1.31010e-04	3.31016	19.9	25358	1.30550e-04	3.31055	20.7
2528.041	nan	26423	1.25300e-04	3.31074	21.5	24534	1.34990e-04	3.31191	21.7	25248	1.31110e-04	3.31035	19.9	25342	1.30620e-04	3.31016	20.7
2529.229	nan	26415	1.25310e-04	3.30996	21.5	24535	1.34960e-04	3.31133	21.7	25297	1.30850e-04	3.31016	19.9	25349	1.30550e-04	3.30938	20.7
2530.417	nan	26395	1.25470e-04	3.31172	21.5	24548	1.34910e-04	3.31172	21.7	25260	1.31020e-04	3.30957	19.9	25343	1.30640e-04	3.31094	20.7
2531.605	nan	26437	1.25250e-04	3.31113	21.5	24537	1.34990e-04	3.31230	21.7	25296	1.30900e-04	3.31113	19.9	25370	1.30490e-04	3.31055	20.7
2532.793	nan	26434	1.25250e-04	3.31074	21.5	24527	1.35020e-04	3.31172	21.7	25267	1.31020e-04	3.31055	19.9	25340	1.30630e-04	3.31016	20.7
2533.981	nan	26448	1.25190e-04	3.31094	21.5	24560	1.34840e-04	3.31172	21.7	25268	1.30990e-04	3.30996	19.9	25366	1.30500e-04	3.31035	20.7
2535.170	nan	26421	1.25330e-04	3.31133	21.5	24555	1.34880e-04	3.31211	21.7	25269	1.31010e-04	3.31035	19.9	25344	1.30620e-04	3.31055	20.7
2536.358	nan	26418	1.25330e-04	3.31094	21.5	24543	1.34950e-04	3.31211	21.7	25274	1.30990e-04	3.31074	19.9	25355	1.30550e-04	3.31016	20.7
2537.547	nan	26428	1.25270e-04	3.31074	21.5	24556	1.34850e-04	3.31152	21.7	25253	1.31080e-04	3.31016	19.9	25365	1.30500e-04	3.30996	20.7
2538.734	nan	26426	1.25280e-04	3.31074	21.5	24553	1.34870e-04	3.31152	21.7	25282	1.30920e-04	3.30996	19.9	25358	1.30540e-04	3.31016	20.7
2539.923	nan	26428	1.25290e-04	3.31113	21.5	24574	1.34770e-04	3.31191	21.7	25267	1.31010e-04	3.31035	19.9	25364	1.30530e-04	3.31074	20.7
2541.111	nan	26423	1.25310e-04	3.31094	21.5	24557	1.34870e-04	3.31211	21.7	25271	1.31000e-04	3.31055	19.9	25354	1.30560e-04	3.31035	20.7
2542.299	nan	26416	1.25320e-04	3.31055	21.5	24550	1.34910e-04	3.31191	21.7	25271	1.31000e-04	3.31035	19.9	25381	1.30430e-04	3.31035	20.7
2543.488	nan	26432	1.25260e-04	3.31094	21.5	24550	1.34890e-04	3.31152	21.7	25277	1.30950e-04	3.30996	19.9	25400	1.30320e-04	3.31016	20.7
2544.676	nan	26418	1.25320e-04	3.31074	21.5	24580	1.34740e-04	3.31191	21.7	25288	1.30910e-04	3.31035	19.9	25361	1.30520e-04	3.31016	20.7
2545.864	nan	26397	1.25410e-04	3.31055	21.5	24550	1.34890e-04	3.31152	21.6	25281	1.30930e-04	3.31016	19.9	25358	1.30530e-04	3.30996	20.7
2547.052	nan	26452	1.25140e-04	3.31035	21.5	24578	1.34740e-04	3.31152	21.6	25260	1.31030e-04	3.30996	19.9	25379	1.30410e-04	3.30977	20.7
2548.240	nan	26428	1.25280e-04	3.31094	21.5	24574	1.34760e-04	3.31152	21.6	25290	1.30870e-04	3.30977	19.9	25376	1.30450e-04	3.31035	20.7
2549.429	nan	26449	1.25170e-04	3.31055	21.5	24554	1.34870e-04	3.31152	21.6	25294	1.30870e-04	3.31035	19.9	25377	1.30430e-04	3.30996	20.7
2550.617	nan	26478	1.25010e-04	3.31016	21.5	24552	1.34880e-04	3.31152	21.6	25281	1.30930e-04	3.30996	19.8	25419	1.30200e-04	3.30957	20.6
2551.805	nan	26426	1.25320e-04	3.31172	21.5	24565	1.34800e-04	3.31133	21.6	25317	1.30730e-04	3.30957	19.8	25384	1.30420e-04	3.31074	20.6
2552.993	nan	26426	1.25300e-04	3.31113	21.5	24587	1.34720e-04	3.31230	21.6	25278	1.30990e-04	3.31113	19.8	25347	1.30620e-04	3.31074	20.6
2554.181	nan	26459	1.25130e-04	3.31074	21.5	24559	1.34860e-04	3.31211	21.6	25262	1.31040e-04	3.31035	19.8	25388	1.30380e-04	3.31016	20.6
2555.370	nan	26466	1.25100e-04	3.31094	21.5	24566	1.34820e-04	3.31191	21.6	25347	1.30590e-04	3.31016	19.8	25389	1.30380e-04	3.31016	20.6
2556.558	nan	26471	1.25080e-04	3.31113	21.4	24576	1.34750e-04	3.31172	21.6	25271	1.31000e-04	3.31035	19.8	25420	1.30230e-04	3.31055	20.6
2557.746	nan	26463	1.25110e-04	3.31074	21.4	24545	1.34950e-04	3.31230	21.6	25290	1.30910e-04	3.31055	19.8	25377	1.30440e-04	3.31016	20.6
2558.935	nan	26455	1.25160e-04	3.31113	21.4	24567	1.34790e-04	3.31133	21.6	25275	1.30980e-04	3.31035	19.8	25384	1.30410e-04	3.31035	20.6
2560.123	nan	26475	1.25060e-04	3.31094	21.4	24588	1.34700e-04	3.31191	21.6	25299	1.30850e-04	3.31035	19.8	25391	1.30380e-04	3.31035	20.6
2561.311	nan	26452	1.25160e-04	3.31074	21.4	24557	1.34870e-04	3.31211	21.6	25321	1.30730e-04	3.31035	19.8	25402	1.30320e-04	3.31035	20.6
2562.500	nan	26452	1.25160e-04	3.31074	21.4	24568	1.34790e-04	3.31152	21.6	25298	1.30840e-04	3.31016	19.8	25423	1.30200e-04	3.30996	20.6
2563.688	nan	26468	1.25080e-04	3.31055	21.4	24576	1.34750e-04	3.31152	21.6	25305	1.30810e-04	3.30996	19.8	25440	1.30110e-04	3.30996	20.6
2564.876	nan	26443	1.25210e-04	3.31094	21.4	24615	1.34520e-04	3.31133	21.6	25312	1.30770e-04	3.30996	19.8	25424	1.30200e-04	3.31016	20.6
2566.064	nan	26468	1.25090e-04	3.31094	21.4	24597	1.34650e-04	3.31191	21.6	25316	1.30760e-04	3.31035	19.8	25447	1.30090e-04	3.31035	20.6
2567.253	nan	26443	1.25200e-04	3.31055	21.4	24606	1.34600e-04	3.31191	21.6	25330	1.30690e-04	3.31035	19.8	25397	1.30340e-04	3.31016	20.6
2568.441	nan	26461	1.25110e-04	3.31055	21.4	24598	1.34630e-04	3.31152	21.6	25309	1.30780e-04	3.30996	19.8	25395	1.30330e-04	3.30977	20.6
2569.629	nan	26475	1.25050e-04	3.31074	21.4	24622	1.34490e-04	3.31152	21.6	25338	1.30630e-04	3.30996	19.8	25438	1.30130e-04	3.31016	20.6
2570.817	nan	26448	1.25170e-04	3.31055	21.4	24608	1.34580e-04	3.31172	21.6	25317	1.30750e-04	3.31016	19.8	25405	1.30290e-04	3.30996	20.6
2572.005	nan	26459	1.25120e-04	3.31055	21.4	24576	1.34740e-04	3.31152	21.6	25324	1.30710e-04	3.31016	19.8	25399	1.30320e-04	3.31016	20.6
2573.194	nan	26477	1.25040e-04	3.31074	21.4	24624	1.34480e-04	3.31152	21.6	25340	1.30620e-04	3.30996	19.8	25410	1.30260e-04	3.30996	20.6
2574.382	nan	26472	1.25070e-04	3.31074	21.4	24581	1.34720e-04	3.31152	21.6	25335	1.30650e-04	3.30996	19.8	25438	1.30120e-04	3.30996	20.6
2575.570	nan	26490	1.24980e-04	3.31074	21.4	24608	1.34580e-04	3.31172	21.6	25337	1.30640e-04	3.31016	19.8	25418	1.30220e-04	3.30996	20.6
2576.758	nan	26482	1.25000e-04	3.31016	21.4	24607	1.34570e-04	3.31133	21.5	25318	1.30730e-04	3.30996	19.8	25429	1.30160e-04	3.30977	20.6
2577.947	nan	26448	1.25190e-04	3.31113	21.4	24610	1.34560e-04	3.31152	21.5	25345	1.30590e-04	3.30977	19.8	25442	1.30120e-04	3.31055	20.6
2579.135	nan	26465	1.25110e-04	3.31113	21.3	24620	1.34530e-04	3.31211	21.5	25345	1.30620e-04	3.31055	19.8	25390	1.30390e-04	3.31055	20.6
2580.323	nan	26436	1.25240e-04	3.31074	21.3	24636	1.34430e-04	3.31172	21.5	25331	1.30690e-04	3.31035	19.8	25420	1.30210e-04	3.30996	20.6
2581.512	nan	26475	1.25070e-04	3.31113	21.3	24626	1.34490e-04	3.31211	21.5	25329	1.30690e-04	3.31016	19.8	25448	1.30090e-04	3.31055	20.6
2582.700	nan	26497	1.24950e-04	3.31094	21.3	24634	1.34440e-04	3.31172	21.5	25327	1.30710e-04	3.31055	19.8	25406	1.30290e-04	3.31016	20.5
2583.888	nan	26470	1.25090e-04	3.31113	21.3	24620	1.34520e-04	3.31191	21.5	25348	1.30600e-04	3.31035	19.8	25438	1.30140e-04	3.31055	20.5
2585.076	nan	26495	1.24960e-04	3.31074	21.3	24611	1.34550e-04	3.31152	21.5	25354	1.30560e-04	3.31035	19.8	25448	1.30080e-04	3.31016	20.5
2586.264	nan	26486	1.25000e-04	3.31074	21.3	24640	1.34410e-04	3.31191	21.5	25315	1.30760e-04	3.31016	19.8	25445	1.30080e-04	3.30996	20.5
2587.453	nan	26506	1.24910e-04	3.31074	21.3	24618	1.34530e-04	3.31191	21.5	25375	1.30450e-04	3.31016	19.8	25449	1.30080e-04	3.31035	20.5
2588.641	nan	26519	1.24850e-04	3.31074	21.3	24650	1.34360e-04	3.31191	21.5	25334	1.30670e-04	3.31035	19.8	25475	1.29940e-04	3.31016	20.5
2589.829	nan	26517	1.24860e-04	3.31074	21.3	24630	1.34450e-04	3.31152	21.5	25354	1.30550e-04	3.30996	19.7	25409	1.30270e-04	3.30996	20.5
2591.017	nan	26469	1.25070e-04	3.31055	21.3	24631	1.34450e-04	3.31172	21.5	25357	1.30540e-04	3.31016	19.7	25463	1.30000e-04	3.31016	20.5
2592.205	nan	26459	1.25130e-04	3.31074	21.3	24637	1.34410e-04	3.31152	21.5	25341	1.30630e-04	3.31016	19.7	25481	1.29900e-04	3.31016	20.5
2593.394	nan	26519	1.24840e-04	3.31055	21.3	24637	1.34410e-04	3.31152	21.5	25353	1.30560e-04	3.31016	19.7	25465	1.29980e-04	3.30996	20.5
2594.582	nan	26488	1.24980e-04	3.31055	21.3	24636	1.34420e-04	3.31152	21.5	25351	1.30580e-04	3.31016	19.7	25449	1.30050e-04	3.30977	20.5
2595.771	nan	26518	1.24840e-04	3.31055	21.3	24622	1.34490e-04	3.31133	21.5	25383	1.30400e-04	3.30996	19.7	25451	1.30050e-04	3.30996	20.5
2596.959	nan	26511	1.24880e-04	3.31074	21.3	24639	1.34420e-04	3.31191	21.5	25370	1.30470e-04	3.30996	19.7	25466	1.29990e-04	3.31035	20.5
2598.147	nan	26510	1.24880e-04	3.31055	21.3	24632	1.34440e-04	3.31152	21.5	25360	1.30520e-04	3.31016	19.7	25472	1.29950e-04	3.31016	20.5
2599.335	nan	26519	1.24840e-04	3.31055	21.3	24668	1.34240e-04	3.31133	21.5	25359	1.30530e-04	3.31016	19.7	25485	1.29880e-04	3.30996	20.5
2600.524	nan	26491	1.24980e-04	3.31094	21.3	24667	1.34260e-04	3.31191	21.5	25383	1.30400e-04	3.30996	19.7	25449	1.30080e-04	3.31035	20.5
2601.711	nan	26499	1.24920e-04	3.31035	21.3	24672	1.34230e-04	3.31172	21.5	25385	1.30400e-04	3.31016	19.7	25471	1.29940e-04	3.30977	20.5
2602.900	nan	26526	1.24810e-04	3.31074	21.3	24646	1.34350e-04	3.31113	21.5	25375	1.30430e-04	3.30977	19.7	25441	1.30110e-04	3.31016	20.5
2604.088	nan	26508	1.24900e-04	3.31074	21.3	24659	1.34290e-04	3.31152	21.5	25388	1.30380e-04	3.31016	19.7	25473	1.29950e-04	3.31016	20.5
2605.276	nan	26527	1.24820e-04	3.31113	21.3	24651	1.34360e-04	3.31211	21.5	25403	1.30310e-04	3.31016	19.7	25484	1.29920e-04	3.31074	20.5
2606.464	nan	26556	1.24670e-04	3.31074	21.3	24673	1.34220e-04	3.31172	21.5	25362	1.30530e-04	3.31055	19.7	25476	1.29930e-04	3.31016	20.4
2607.653	nan	26543	1.24720e-04	3.31035	21.3	24668	1.34250e-04	3.31172	21.5	25367	1.30480e-04	3.30996	19.7	25455	1.30020e-04	3.30977	20.4
2608.841	nan	26549	1.24700e-04	3.31074	21.3	24686	1.34140e-04	3.31152	21.4	25389	1.30360e-04	3.30977	19.7	25479	1.29910e-04	3.30996	20.4
2610.029	nan	26534	1.24780e-04	3.31094	21.3	24678	1.34190e-04	3.31152	21.4	25394	1.30350e-04	3.31016	19.7	25488	1.29870e-04	3.31016	20.4
2611.217	nan	26523	1.24830e-04	3.31074	21.3	24684	1.34160e-04	3.31172	21.4	25413	1.30250e-04	3.31016	19.7	25491	1.29860e-04	3.31016	20.4
2612.406	nan	26561	1.24630e-04	3.31035	21.3	24639	1.34390e-04	3.31133	21.4	25390	1.30370e-04	3.31016	19.7	25468	1.29950e-04	3.30957	20.4
2613.594	nan	26542	1.24750e-04	3.31094	21.3	24690	1.34120e-04	3.31152	21.4	25398	1.30320e-04	3.30977	19.7	25523	1.29700e-04	3.31035	20.4
2614.782	nan	26535	1.24760e-04	3.31055	21.2	24659	1.34300e-04	3.31172	21.4	25369	1.30480e-04	3.31016	19.7	25494	1.29820e-04	3.30977	20.4
2615.971	nan	26553	1.24680e-04	3.31055	21.2	24676	1.34190e-04	3.31133	21.4	25385	1.30380e-04	3.30977	19.7	25473	1.29940e-04	3.30996	20.4
2617.159	nan	26566	1.24610e-04	3.31035	21.2	24694	1.34100e-04	3.31152	21.4	25427	1.30180e-04	3.30996	19.7	25491	1.29850e-04	3.30996	20.4
2618.347	nan	26550	1.24690e-04	3.31055	21.2	24719	1.33960e-04	3.31133	21.4	25386	1.30390e-04	3.30996	19.7	25464	1.29990e-04	3.30996	20.4
2619.535	nan	26564	1.24630e-04	3.31055	21.2	24676	1.34190e-04	3.31133	21.4	25397	1.30320e-04	3.30977	19.7	25524	1.29680e-04	3.30996	20.4
2620.723	nan	26576	1.24570e-04	3.31055	21.2	24684	1.34160e-04	3.31152	21.4	25408	1.30270e-04	3.30996	19.7	25493	1.29830e-04	3.30977	20.4
2621.912	nan	26568	1.24580e-04	3.30996	21.2	24699	1.34070e-04	3.31133	21.4	25407	1.30270e-04	3.30977	19.7	25495	1.29810e-04	3.30938	20.4
2623.100	nan	26530	1.24800e-04	3.31094	21.2	24680	1.34170e-04	3.31133	21.4	25388	1.30360e-04	3.30957	19.7	25491	1.29870e-04	3.31055	20.4
2624.288	nan	26558	1.24660e-04	3.31055	21.2	24662	1.34270e-04	3.31152	21.4	25385	1.30400e-04	3.31035	19.7	25499	1.29810e-04	3.30996	20.4
2625.477	nan	26533	1.24770e-04	3.31055	21.2	24707	1.34030e-04	3.31133	21.4	25435	1.30120e-04	3.30977	19.7	25501	1.29800e-04	3.30996	20.4
2626.665	nan	26552	1.24700e-04	3.31113	21.2	24709	1.34040e-04	3.31191	21.4	25386	1.30390e-04	3.30996	19.7	25512	1.29770e-04	3.31055	20.4
2627.853	nan	26585	1.24530e-04	3.31055	21.2	24685	1.34160e-04	3.31172	21.4	25411	1.30280e-04	3.31055	19.7	25504	1.29780e-04	3.30996	20.4
2629.041	nan	26585	1.24520e-04	3.31035	21.2	24736	1.33870e-04	3.31133	21.4	25418	1.30220e-04	3.30996	19.7	25530	1.29640e-04	3.30957	20.4
2630.230	nan	26560	1.24640e-04	3.31055	21.2	24698	1.34060e-04	3.31113	21.4	25402	1.30300e-04	3.30977	19.7	25536	1.29620e-04	3.30996	20.4
2631.418	nan	26556	1.24680e-04	3.31113	21.2	24708	1.34050e-04	3.31211	21.4	25418	1.30230e-04	3.31016	19.7	25510	1.29780e-04	3.31055	20.4
2632.606	nan	26583	1.24550e-04	3.31094	21.2	24728	1.33930e-04	3.31191	21.4	25412	1.30270e-04	3.31035	19.7	25504	1.29790e-04	3.31016	20.4
2633.794	nan	26581	1.24550e-04	3.31055	21.2	24697	1.34090e-04	3.31172	21.4	25440	1.30110e-04	3.31016	19.7	25518	1.29720e-04	3.31016	20.4
2634.983	nan	26574	1.24580e-04	3.31074	21.2	24724	1.33940e-04	3.31152	21.4	25433	1.30150e-04	3.30996	19.7	25545	1.29580e-04	3.31016	20.4
2636.171	nan	26623	1.24360e-04	3.31074	21.2	24736	1.33870e-04	3.31152	21.4	25431	1.30160e-04	3.31016	19.6	25506	1.29770e-04	3.30996	20.4
2637.359	nan	26570	1.24600e-04	3.31055	21.2	24702	1.34060e-04	3.31152	21.4	25406	1.30290e-04	3.31016	19.6	25531	1.29650e-04	3.30996	20.4
2638.547	nan	26578	1.24560e-04	3.31055	21.2	24737	1.33870e-04	3.31152	21.4	25445	1.30080e-04	3.30996	19.6	25583	1.29370e-04	3.30977	20.4
2639.735	nan	26582	1.24540e-04	3.31055	21.2	24707	1.34020e-04	3.31133	21.4	25403	1.30290e-04	3.30977	19.6	25528	1.29660e-04	3.30996	20.4
2640.924	nan	26605	1.24440e-04	3.31074	21.2	24711	1.34020e-04	3.31172	21.4	25418	1.30230e-04	3.31016	19.6	25537	1.29620e-04	3.31016	20.4
2642.112	nan	26599	1.24470e-04	3.31074	21.2	24732	1.33910e-04	3.31191	21.4	25432	1.30160e-04	3.31016	19.6	25528	1.29670e-04	3.31016	20.4
2643.300	nan	26606	1.24430e-04	3.31055	21.2	24726	1.33920e-04	3.31133	21.4	25426	1.30180e-04	3.30996	19.6	25514	1.29730e-04	3.30996	20.4
2644.489	nan	26616	1.24390e-04	3.31074	21.2	24706	1.34050e-04	3.31172	21.4	25423	1.30190e-04	3.30996	19.6	25519	1.29710e-04	3.31016	20.4
2645.677	nan	26590	1.24500e-04	3.31055	21.2	24736	1.33880e-04	3.31152	21.4	25455	1.30040e-04	3.31016	19.6	25549	1.29550e-04	3.30996	20.4
2646.865	nan	26630	1.24320e-04	3.31055	21.2	24732	1.33900e-04	3.31152	21.4	25464	1.29990e-04	3.30996	19.6	25505	1.29770e-04	3.30977	20.4
2648.053	nan	26567	1.24590e-04	3.30996	21.2	24739	1.33860e-04	3.31152	21.4	25429	1.30170e-04	3.30996	19.6	25552	1.29520e-04	3.30938	20.4
2649.241	nan	26582	1.24550e-04	3.31074	21.2	24736	1.33860e-04	3.31113	21.4	25411	1.30240e-04	3.30957	19.6	25525	1.29680e-04	3.31016	20.4
2650.430	nan	26622	1.24360e-04	3.31055	21.2	24732	1.33900e-04	3.31152	21.4	25456	1.30030e-04	3.31016	19.6	25544	1.29580e-04	3.30996	20.4
2651.618	nan	26663	1.24160e-04	3.31055	21.2	24756	1.33750e-04	3.31113	21.4	25453	1.30040e-04	3.30996	19.6	25553	1.29530e-04	3.30996	20.4
2652.807	nan	26615	1.24380e-04	3.31035	21.2	24732	1.33890e-04	3.31152	21.4	25416	1.30230e-04	3.30996	19.6	25537	1.29600e-04	3.30977	20.4
2653.994	nan	26612	1.24420e-04	3.31094	21.2	24739	1.33860e-04	3.31172	21.4	25447	1.30060e-04	3.30977	19.6	25543	1.29600e-04	3.31035	20.4
2655.183	nan	26600	1.24440e-04	3.31016	21.2	24737	1.33870e-04	3.31152	21.4	25447	1.30080e-04	3.31016	19.6	25555	1.29500e-04	3.30938	20.4
2656.371	nan	26593	1.24510e-04	3.31113	21.2	24749	1.33790e-04	3.31133	21.4	25425	1.30170e-04	3.30957	19.6	25582	1.29410e-04	3.31055	20.4
2657.559	nan	26640	1.24290e-04	3.31094	21.2	24731	1.33910e-04	3.31172	21.4	25469	1.29980e-04	3.31055	19.6	25563	1.29500e-04	3.31035	20.4
2658.747	nan	26645	1.24260e-04	3.31094	21.2	24763	1.33750e-04	3.31191	21.4	25434	1.30150e-04	3.31035	19.6	25560	1.29500e-04	3.31016	20.4
2659.936	nan	26624	1.24340e-04	3.31055	21.2	24724	1.33940e-04	3.31152	21.4	25479	1.29920e-04	3.31035	19.6	25554	1.29530e-04	3.30996	20.4
2661.124	nan	26619	1.24360e-04	3.31035	21.2	24752	1.33770e-04	3.31113	21.4	25445	1.30080e-04	3.30996	19.6	25554	1.29520e-04	3.30977	20.4
2662.312	nan	26616	1.24390e-04	3.31074	21.2	24744	1.33840e-04	3.31172	21.4	25471	1.29940e-04	3.30977	19.6	25559	1.29510e-04	3.31016	20.4
2663.501	nan	26634	1.24300e-04	3.31055	21.2	24754	1.33790e-04	3.31172	21.4	25487	1.29880e-04	3.31016	19.6	25579	1.29400e-04	3.30996	20.4
2664.689	nan	26649	1.24230e-04	3.31074	21.2	24780	1.33640e-04	3.31152	21.4	25453	1.30040e-04	3.30996	19.6	25574	1.29430e-04	3.31016	20.4
2665.877	nan	26649	1.24240e-04	3.31074	21.2	24758	1.33750e-04	3.31152	21.3	25500	1.29820e-04	3.31035	19.6	25556	1.29530e-04	3.31016	20.4
2667.065	nan	26651	1.24230e-04	3.31074	21.2	24763	1.33750e-04	3.31191	21.3	25441	1.30110e-04	3.31016	19.6	25569	1.29460e-04	3.31016	20.4
2668.254	nan	26636	1.24270e-04	3.31016	21.2	24770	1.33700e-04	3.31172	21.3	25484	1.29890e-04	3.31016	19.6	25552	1.29520e-04	3.30957	20.4
2669.442	nan	26671	1.24130e-04	3.31074	21.2	24788	1.33590e-04	3.31133	21.3	25449	1.30050e-04	3.30977	19.6	25568	1.29470e-04	3.31016	20.3
2670.630	nan	26613	1.24400e-04	3.31055	21.2	24796	1.33550e-04	3.31152	21.3	25453	1.30050e-04	3.31016	19.6	25589	1.29350e-04	3.30996	20.3
2671.818	nan	26648	1.24230e-04	3.31055	21.2	24770	1.33680e-04	3.31133	21.3	25475	1.29920e-04	3.30977	19.6	25592	1.29340e-04	3.30996	20.3
2673.007	nan	26665	1.24160e-04	3.31055	21.2	24791	1.33580e-04	3.31152	21.3	25467	1.29970e-04	3.30996	19.6	25555	1.29520e-04	3.30996	20.3
2674.195	nan	26634	1.24300e-04	3.31055	21.2	24754	1.33770e-04	3.31133	21.3	25474	1.29930e-04	3.30977	19.6	25601	1.29290e-04	3.30996	20.3
2675.383	nan	26657	1.24180e-04	3.31035	21.2	24778	1.33640e-04	3.31133	21.3	25477	1.29910e-04	3.30977	19.6	25580	1.29390e-04	3.30977	20.3
2676.572	nan	26641	1.24270e-04	3.31074	21.2	24760	1.33750e-04	3.31172	21.3	25501	1.29800e-04	3.30996	19.6	25580	1.29390e-04	3.30977	20.3
2677.759	nan	26624	1.24330e-04	3.31016	21.2	24797	1.33540e-04	3.31152	21.3	25481	1.29900e-04	3.30996	19.6	25572	1.29440e-04	3.31016	20.3
2678.948	nan	26632	1.24320e-04	3.31094	21.2	24810	1.33450e-04	3.31094	21.3	25483	1.29880e-04	3.30977	19.6	25588	1.29340e-04	3.30957	20.3
2680.136	nan	26648	1.24240e-04	3.31074	21.1	24782	1.33650e-04	3.31211	21.3	25471	1.29970e-04	3.31035	19.6	25593	1.29350e-04	3.31035	20.3
2681.324	nan	26656	1.24200e-04	3.31074	21.1	24782	1.33630e-04	3.31152	21.3	25501	1.29810e-04	3.31035	19.6	25575	1.29440e-04	3.31035	20.3
2682.513	nan	26646	1.24230e-04	3.31016	21.1	24799	1.33540e-04	3.31172	21.3	25475	1.29930e-04	3.30996	19.6	25603	1.29290e-04	3.31016	20.3
2683.701	nan	26666	1.24160e-04	3.31094	21.1	24802	1.33510e-04	3.31133	21.3	25466	1.29960e-04	3.30957	19.6	25604	1.29260e-04	3.30957	20.3
2684.889	nan	26646	1.24240e-04	3.31055	21.1	24790	1.33590e-04	3.31172	21.3	25484	1.29900e-04	3.31035	19.6	25622	1.29200e-04	3.31035	20.3
2686.077	nan	26651	1.24230e-04	3.31074	21.1	24788	1.33600e-04	3.31152	21.3	25502	1.29800e-04	3.31016	19.6	25593	1.29330e-04	3.30996	20.3
2687.266	nan	26667	1.24140e-04	3.31035	21.1	24816	1.33430e-04	3.31113	21.3	25487	1.29870e-04	3.30996	19.6	25578	1.29410e-04	3.30996	20.3
2688.454	nan	26662	1.24180e-04	3.31094	21.1	24810	1.33480e-04	3.31172	21.3	25485	1.29870e-04	3.30977	19.6	25548	1.29550e-04	3.30977	20.3
2689.642	nan	26679	1.24100e-04	3.31074	21.1	24779	1.33650e-04	3.31172	21.3	25499	1.29820e-04	3.31016	19.6	25613	1.29240e-04	3.31035	20.3
2690.830	nan	26652	1.24220e-04	3.31055	21.1	24791	1.33570e-04	3.31133	21.3	25510	1.29760e-04	3.31016	19.6	25596	1.29320e-04	3.31016	20.3
2692.018	nan	26692	1.24030e-04	3.31055	21.1	24798	1.33540e-04	3.31152	21.3	25459	1.30010e-04	3.30996	19.6	25599	1.29300e-04	3.30996	20.3
2693.207	nan	26678	1.24090e-04	3.31055	21.1	24782	1.33630e-04	3.31172	21.3	25470	1.29960e-04	3.30996	19.6	25613	1.29230e-04	3.30996	20.3
2694.395	nan	26677	1.24090e-04	3.31035	21.1	24800	1.33530e-04	3.31152	21.3	25489	1.29860e-04	3.30996	19.6	25608	1.29260e-04	3.30996	20.3
2695.583	nan	26709	1.23930e-04	3.31016	21.1	24773	1.33670e-04	3.31133	21.3	25477	1.29910e-04	3.30977	19.6	25610	1.29240e-04	3.30977	20.3
2696.772	nan	26686	1.24050e-04	3.31055	21.1	24780	1.33600e-04	3.31074	21.3	25509	1.29740e-04	3.30957	19.6	25611	1.29220e-04	3.30957	20.3
2697.960	nan	26680	1.24100e-04	3.31094	21.1	24787	1.33620e-04	3.31211	21.3	25513	1.29750e-04	3.31016	19.6	25609	1.29260e-04	3.31016	20.3
2699.148	nan	26697	1.24000e-04	3.31035	21.1	24829	1.33360e-04	3.31113	21.3	25498	1.29820e-04	3.31016	19.6	25633	1.29140e-04	3.31016	20.3
2700.336	nan	26676	1.24100e-04	3.31055	21.1	24780	1.33640e-04	3.31172	21.3	25480	1.29910e-04	3.30996	19.6	25590	1.29350e-04	3.30996	20.3
2701.525	nan	26675	1.24110e-04	3.31074	21.1	24807	1.33500e-04	3.31172	21.3	25500	1.29800e-04	3.30996	19.6	25611	1.29240e-04	3.30996	20.3
2702.713	nan	26686	1.24060e-04	3.31055	21.1	24802	1.33510e-04	3.31133	21.3	25519	1.29710e-04	3.31016	19.6	25612	1.29240e-04	3.31016	20.3
2703.901	nan	26668	1.24140e-04	3.31055	21.1	24772	1.33680e-04	3.31152	21.3	25503	1.29790e-04	3.30996	19.6	25623	1.29170e-04	3.30977	20.3
2705.089	nan	26678	1.24090e-04	3.31055	21.1	24817	1.33430e-04	3.31133	21.3	25512	1.29740e-04	3.30996	19.6	25587	1.29360e-04	3.30996	20.3
2706.277	nan	26691	1.24060e-04	3.31133	21.1	24811	1.33500e-04	3.31211	21.3	25481	1.29900e-04	3.31016	19.6	25621	1.29190e-04	3.30996	20.3
2707.466	nan	26693	1.24020e-04	3.31055	21.1	24839	1.33340e-04	3.31191	21.3	25529	1.29680e-04	3.31055	19.6	25610	1.29280e-04	3.31074	20.3
2708.654	nan	26715	1.23920e-04	3.31035	21.1	24835	1.33330e-04	3.31133	21.3	25504	1.29790e-04	3.31016	19.6	25635	1.29120e-04	3.30996	20.3
2709.842	nan	26710	1.23940e-04	3.31055	21.1	24813	1.33450e-04	3.31133	21.3	25490	1.29840e-04	3.30977	19.6	25623	1.29170e-04	3.30977	20.3
2711.030	nan	26689	1.24050e-04	3.31074	21.1	24796	1.33540e-04	3.31133	21.3	25514	1.29730e-04	3.30996	19.6	25629	1.29150e-04	3.30996	20.3
2712.219	nan	26672	1.24120e-04	3.31055	21.1	24802	1.33510e-04	3.31133	21.3	25503	1.29790e-04	3.31016	19.6	25622	1.29190e-04	3.31016	20.3
2713.407	nan	26695	1.24010e-04	3.31035	21.1	24831	1.33370e-04	3.31172	21.3	25505	1.29780e-04	3.30996	19.6	25632	1.29130e-04	3.30996	20.3
2714.595	nan	26674	1.24130e-04	3.31094	21.1	24806	1.33510e-04	3.31172	21.3	25536	1.29610e-04	3.30957	19.6	25607	1.29250e-04	3.30977	20.3
2715.784	nan	26719	1.23910e-04	3.31074	21.1	24825	1.33390e-04	3.31152	21.3	25520	1.29720e-04	3.31055	19.6	25616	1.29230e-04	3.31035	20.3
2716.972	nan	26694	1.24010e-04	3.31035	21.1	24805	1.33500e-04	3.31133	21.3	25514	1.29730e-04	3.30996	19.6	25631	1.29140e-04	3.30996	20.3
2718.160	nan	26708	1.23960e-04	3.31074	21.1	24838	1.33330e-04	3.31172	21.3	25505	1.29780e-04	3.30996	19.6	25637	1.29100e-04	3.30977	20.3
2719.348	nan	26703	1.23970e-04	3.31035	21.1	24825	1.33400e-04	3.31152	21.3	25531	1.29640e-04	3.30996	19.6	25649	1.29050e-04	3.30996	20.3
2720.537	nan	26720	1.23890e-04	3.31035	21.1	24847	1.33270e-04	3.31133	21.3	25541	1.29590e-04	3.30996	19.6	25638	1.29110e-04	3.30996	20.3
2721.725	nan	26700	1.23970e-04	3.31016	21.1	24864	1.33180e-04	3.31133	21.3	25528	1.29650e-04	3.30977	19.6	25606	1.29260e-04	3.30977	20.3
2722.913	nan	26710	1.23930e-04	3.31016	21.1	24839	1.33300e-04	3.31113	21.3	25509	1.29740e-04	3.30957	19.6	25652	1.29020e-04	3.30957	20.3
2724.101	nan	26727	1.23880e-04	3.31094	21.1	24866	1.33170e-04	3.31152	21.3	25542	1.29580e-04	3.30977	19.6	25643	1.29070e-04	3.30977	20.3
2725.289	nan	26713	1.23930e-04	3.31055	21.1	24856	1.33230e-04	3.31152	21.3	25531	1.29650e-04	3.31016	19.6	25635	1.29130e-04	3.31016	20.3
2726.478	nan	26722	1.23890e-04	3.31074	21.1	24865	1.33160e-04	3.31113	21.3	25541	1.29590e-04	3.30977	19.6	25640	1.29080e-04	3.30977	20.3
2727.666	nan	26698	1.24010e-04	3.31074	21.1	24854	1.33260e-04	3.31191	21.3	25553	1.29530e-04	3.30996	19.6	25641	1.29090e-04	3.30996	20.3
2728.854	nan	26706	1.23960e-04	3.31055	21.1	24861	1.33200e-04	3.31152	21.3	25507	1.29770e-04	3.31016	19.6	25664	1.28980e-04	3.31016	20.3
2730.043	nan	26717	1.23910e-04	3.31055	21.1	24856	1.33210e-04	3.31113	21.3	25542	1.29590e-04	3.30996	19.6	25664	1.28970e-04	3.30977	20.3
2731.231	nan	26748	1.23780e-04	3.31074	21.1	24851	1.33250e-04	3.31152	21.3	25543	1.29580e-04	3.30996	19.6	25657	1.29000e-04	3.30977	20.3
2732.419	nan	26737	1.23830e-04	3.31074	21.1	24861	1.33210e-04	3.31172	21.3	25547	1.29570e-04	3.31016	19.6	25661	1.28990e-04	3.31016	20.3
2733.607	nan	26718	1.23900e-04	3.31035	21.1	24850	1.33270e-04	3.31172	21.3	25543	1.29590e-04	3.31016	19.6	25662	1.28990e-04	3.31016	20.3
2734.795	nan	26710	1.23950e-04	3.31074	21.1	24834	1.33350e-04	3.31152	21.3	25560	1.29490e-04	3.30977	19.5	25648	1.29060e-04	3.30996	20.3
2735.984	nan	26721	1.23890e-04	3.31055	21.1	24841	1.33300e-04	3.31133	21.3	25572	1.29450e-04	3.31016	19.5	25626	1.29160e-04	3.30996	20.3
2737.172	nan	26738	1.23810e-04	3.31055	21.1	24883	1.33070e-04	3.31133	21.3	25526	1.29670e-04	3.30996	19.5	25661	1.28980e-04	3.30977	20.3
2738.360	nan	26723	1.23880e-04	3.31035	21.1	24854	1.33240e-04	3.31152	21.3	25542	1.29590e-04	3.30996	19.5	25625	1.29170e-04	3.30996	20.3
2739.548	nan	26718	1.23910e-04	3.31055	21.1	24890	1.33040e-04	3.31133	21.3	25571	1.29430e-04	3.30977	19.5	25662	1.28980e-04	3.30977	20.3
2740.737	nan	26733	1.23830e-04	3.31035	21.1	24850	1.33250e-04	3.31133	21.3	25563	1.29480e-04	3.30996	19.5	25678	1.28900e-04	3.30996	20.3
2741.925	nan	26755	1.23740e-04	3.31055	21.1	24867	1.33160e-04	3.31133	21.3	25544	1.29570e-04	3.30977	19.5	25680	1.28890e-04	3.30977	20.3
2743.113	nan	26745	1.23780e-04	3.31055	21.1	24895	1.33010e-04	3.31133	21.3	25556	1.29510e-04	3.30977	19.5	25674	1.28920e-04	3.30977	20.3
2744.301	nan	26720	1.23900e-04	3.31055	21.1	24882	1.33070e-04	3.31113	21.3	25566	1.29470e-04	3.30996	19.5	25688	1.28850e-04	3.30996	20.3
2745.490	nan	26749	1.23760e-04	3.31055	21.1	24844	1.33290e-04	3.31152	21.3	25559	1.29490e-04	3.30977	19.5	25671	1.28930e-04	3.30977	20.3
2746.678	nan	26756	1.23730e-04	3.31055	21.1	24867	1.33170e-04	3.31152	21.2	25592	1.29340e-04	3.30996	19.5	25671	1.28940e-04	3.30996	20.3
2747.866	nan	26756	1.23720e-04	3.31035	21.1	24873	1.33120e-04	3.31113	21.3	25533	1.29640e-04	3.30996	19.5	25675	1.28920e-04	3.30996	20.3
2749.054	nan	26748	1.23770e-04	3.31055	21.1	24881	1.33090e-04	3.31152	21.2	25593	1.29310e-04	3.30957	19.5	25696	1.28800e-04	3.30957	20.3
2750.242	nan	26748	1.23770e-04	3.31055	21.1	24880	1.33090e-04	3.31133	21.2	25594	1.29330e-04	3.30996	19.5	25670	1.28940e-04	3.30996	20.3
2751.431	nan	26778	1.23620e-04	3.31016	21.1	24861	1.33190e-04	3.31133	21.2	25570	1.29450e-04	3.30996	19.5	25705	1.28770e-04	3.30996	20.3
2752.619	nan	26730	1.23850e-04	3.31055	21.1	24899	1.32990e-04	3.31133	21.2	25592	1.29330e-04	3.30977	19.5	25676	1.28910e-04	3.30977	20.3
2753.807	nan	26763	1.23710e-04	3.31074	21.1	24897	1.33010e-04	3.31152	21.2	25574	1.29430e-04	3.30996	19.5	25674	1.28930e-04	3.31016	20.3
2754.996	nan	26734	1.23830e-04	3.31055	21.1	24877	1.33120e-04	3.31172	21.2	25536	1.29630e-04	3.31016	19.5	25683	1.28880e-04	3.30996	20.3
2756.184	nan	26761	1.23700e-04	3.31035	21.1	24872	1.33140e-04	3.31152	21.2	25561	1.29490e-04	3.30996	19.5	25668	1.28950e-04	3.30996	20.3
2757.372	nan	26769	1.23670e-04	3.31055	21.1	24908	1.32930e-04	3.31113	21.2	25596	1.29310e-04	3.30996	19.5	25666	1.28960e-04	3.30996	20.3
2758.561	nan	26766	1.23690e-04	3.31074	21.1	24898	1.33020e-04	3.31191	21.2	25575	1.29420e-04	3.30977	19.5	25695	1.28820e-04	3.30996	20.3
2759.749	nan	26770	1.23670e-04	3.31074	21.1	24906	1.32970e-04	3.31172	21.2	25553	1.29540e-04	3.31016	19.5	25725	1.28680e-04	3.31035	20.3
2760.937	nan	26772	1.23650e-04	3.31035	21.1	24897	1.33010e-04	3.31152	21.2	25574	1.29430e-04	3.30996	19.5	25689	1.28850e-04	3.30996	20.3
2762.125	nan	26762	1.23700e-04	3.31055	21.1	24896	1.33010e-04	3.31133	21.2	25581	1.29390e-04	3.30996	19.5	25702	1.28770e-04	3.30977	20.3
2763.313	nan	26778	1.23640e-04	3.31094	21.1	24890	1.33060e-04	3.31172	21.2	25592	1.29340e-04	3.31016	19.5	25685	1.28870e-04	3.30996	20.3
2764.501	nan	26737	1.23820e-04	3.31055	21.1	24926	1.32850e-04	3.31152	21.2	25555	1.29530e-04	3.31016	19.5	25713	1.28730e-04	3.31016	20.3
2765.690	nan	26753	1.23750e-04	3.31055	21.1	24915	1.32910e-04	3.31133	21.2	25574	1.29430e-04	3.30996	19.5	25694	1.28820e-04	3.30996	20.3
2766.878	nan	26735	1.23820e-04	3.31035	21.0	24919	1.32880e-04	3.31133	21.2	25574	1.29420e-04	3.30977	19.5	25701	1.28780e-04	3.30977	20.3
2768.066	nan	26785	1.23590e-04	3.31035	21.0	24898	1.33000e-04	3.31152	21.2	25587	1.29360e-04	3.30977	19.5	25719	1.28700e-04	3.30996	20.3
2769.254	nan	26807	1.23500e-04	3.31055	21.0	24908	1.32940e-04	3.31113	21.2	25589	1.29340e-04	3.30977	19.5	25724	1.28670e-04	3.30977	20.3
2770.443	nan	26776	1.23620e-04	3.30996	21.0	24915	1.32910e-04	3.31133	21.2	25610	1.29240e-04	3.30977	19.5	25688	1.28850e-04	3.30977	20.3
2771.631	nan	26774	1.23670e-04	3.31113	21.0	24868	1.33160e-04	3.31133	21.2	25594	1.29310e-04	3.30957	19.5	25692	1.28820e-04	3.30957	20.3
2772.819	nan	26759	1.23720e-04	3.31074	21.0	24895	1.33030e-04	3.31191	21.2	25589	1.29370e-04	3.31035	19.5	25696	1.28830e-04	3.31035	20.3
2774.008	nan	26786	1.23580e-04	3.31016	21.0	24925	1.32850e-04	3.31133	21.2	25612	1.29240e-04	3.31016	19.5	25677	1.28910e-04	3.31016	20.3
2775.196	nan	26778	1.23630e-04	3.31074	21.0	24903	1.32960e-04	3.31113	21.2	25588	1.29340e-04	3.30957	19.5	25709	1.28720e-04	3.30938	20.3
2776.384	nan	26756	1.23740e-04	3.31074	21.0	24917	1.32910e-04	3.31172	21.2	25624	1.29180e-04	3.31016	19.5	25708	1.28770e-04	3.31035	20.3
2777.572	nan	26752	1.23760e-04	3.31074	21.0	24912	1.32940e-04	3.31172	21.2	25605	1.29280e-04	3.31016	19.5	25706	1.28770e-04	3.31016	20.3
2778.761	nan	26772	1.23660e-04	3.31055	21.0	24923	1.32880e-04	3.31172	21.2	25620	1.29200e-04	3.31016	19.5	25717	1.28720e-04	3.31016	20.3
2779.949	nan	26777	1.23630e-04	3.31055	21.0	24935	1.32800e-04	3.31133	21.2	25574	1.29420e-04	3.30977	19.5	25737	1.28600e-04	3.30977	20.3
2781.137	nan	26754	1.23750e-04	3.31074	21.0	24906	1.32980e-04	3.31191	21.2	25595	1.29320e-04	3.30996	19.5	25698	1.28800e-04	3.30996	20.3
2782.325	nan	26767	1.23680e-04	3.31055	21.0	24909	1.32940e-04	3.31133	21.2	25628	1.29160e-04	3.31016	19.5	25760	1.28500e-04	3.31016	20.3
2783.513	nan	26787	1.23580e-04	3.31035	21.0	24936	1.32780e-04	3.31113	21.2	25593	1.29330e-04	3.30996	19.5	25718	1.28700e-04	3.30996	20.2
2784.701	nan	26796	1.23550e-04	3.31074	21.0	24932	1.32820e-04	3.31152	21.2	25624	1.29170e-04	3.30977	19.5	25708	1.28750e-04	3.30977	20.2
2785.890	nan	26797	1.23550e-04	3.31074	21.0	24916	1.32920e-04	3.31172	21.2	25592	1.29340e-04	3.31016	19.5	25755	1.28520e-04	3.31016	20.2
2787.078	nan	26801	1.23520e-04	3.31035	21.0	24926	1.32850e-04	3.31133	21.2	25639	1.29110e-04	3.31016	19.5	25737	1.28620e-04	3.31016	20.2
2788.267	nan	26795	1.23550e-04	3.31055	21.0	24908	1.32940e-04	3.31133	21.2	25622	1.29180e-04	3.30977	19.5	25713	1.28720e-04	3.30977	20.2
2789.455	nan	26780	1.23610e-04	3.31035	21.0	24919	1.32880e-04	3.31133	21.2	25589	1.29340e-04	3.30977	19.5	25756	1.28510e-04	3.30996	20.2
2790.643	nan	26775	1.23630e-04	3.31035	21.0	24917	1.32890e-04	3.31133	21.2	25611	1.29230e-04	3.30977	19.5	25723	1.28680e-04	3.30996	20.2
2791.831	nan	26798	1.23530e-04	3.31035	21.0	24959	1.32670e-04	3.31133	21.2	25627	1.29150e-04	3.30977	19.5	25754	1.28510e-04	3.30977	20.2
2793.019	nan	26811	1.23470e-04	3.31035	21.0	24943	1.32750e-04	3.31113	21.2	25650	1.29040e-04	3.30996	19.5	25712	1.28730e-04	3.30996	20.2
2794.208	nan	26810	1.23480e-04	3.31035	21.0	24943	1.32760e-04	3.31152	21.2	25636	1.29100e-04	3.30977	19.5	25708	1.28740e-04	3.30977	20.2
2795.396	nan	26805	1.23490e-04	3.31016	21.0	24929	1.32810e-04	3.31094	21.2	25647	1.29040e-04	3.30957	19.5	25758	1.28490e-04	3.30977	20.2
2796.584	nan	26826	1.23400e-04	3.31035	21.0	24918	1.32900e-04	3.31152	21.2	25603	1.29270e-04	3.30977	19.5	25744	1.28570e-04	3.30977	20.2
2797.773	nan	26823	1.23430e-04	3.31074	21.0	24944	1.32760e-04	3.31152	21.2	25648	1.29050e-04	3.30977	19.5	25716	1.28710e-04	3.30977	20.2
2798.961	nan	26800	1.23530e-04	3.31055	21.0	24940	1.32770e-04	3.31133	21.2	25652	1.29040e-04	3.31016	19.5	25742	1.28590e-04	3.31016	20.2
2800.149	nan	26801	1.23520e-04	3.31035	21.0	24993	1.32490e-04	3.31133	21.2	25580	1.29390e-04	3.30977	19.5	25757	1.28510e-04	3.30996	20.2
2801.337	nan	26768	1.23670e-04	3.31035	21.0	24954	1.32700e-04	3.31133	21.2	25645	1.29060e-04	3.30977	19.5	25737	1.28590e-04	3.30938	20.2
2802.525	nan	26823	1.23430e-04	3.31074	21.0	24958	1.32680e-04	3.31152	21.2	25655	1.29010e-04	3.30977	19.5	25728	1.28640e-04	3.30977	20.2
2803.714	nan	26796	1.23550e-04	3.31055	21.0	24945	1.32750e-04	3.31133	21.2	25635	1.29120e-04	3.30996	19.5	25743	1.28580e-04	3.31016	20.2
2804.902	nan	26831	1.23390e-04	3.31055	21.0	24947	1.32750e-04	3.31172	21.2	25630	1.29140e-04	3.30996	19.5	25733	1.28630e-04	3.30996	20.2
2806.090	nan	26805	1.23510e-04	3.31074	21.0	24978	1.32580e-04	3.31152	21.2	25619	1.29190e-04	3.30977	19.5	25744	1.28560e-04	3.30957	20.2
2807.278	nan	26782	1.23610e-04	3.31055	21.0	24956	1.32690e-04	3.31152	21.2	25636	1.29120e-04	3.30996	19.5	25753	1.28530e-04	3.31016	20.2
2808.467	nan	26820	1.23420e-04	3.30996	21.0	24951	1.32700e-04	3.31113	21.2	25643	1.29090e-04	3.31016	19.5	25787	1.28360e-04	3.30996	20.2
2809.655	nan	26850	1.23310e-04	3.31094	21.0	24969	1.32620e-04	3.31133	21.2	25636	1.29090e-04	3.30938	19.5	25747	1.28530e-04	3.30938	20.2
2810.843	nan	26853	1.23290e-04	3.31055	21.0	24940	1.32780e-04	3.31152	21.2	25638	1.29120e-04	3.31035	19.5	25751	1.28540e-04	3.30996	20.2
2812.031	nan	26825	1.23410e-04	3.31055	21.0	24950	1.32730e-04	3.31152	21.2	25662	1.28980e-04	3.30996	19.5	25740	1.28600e-04	3.31016	20.2
2813.220	nan	26813	1.23460e-04	3.31035	21.0	24953	1.32700e-04	3.31133	21.2	25640	1.29090e-04	3.30977	19.5	25751	1.28530e-04	3.30977	20.2
2814.408	nan	26853	1.23270e-04	3.31016	21.0	24933	1.32800e-04	3.31113	21.2	25642	1.29080e-04	3.30977	19.5	25751	1.28530e-04	3.30977	20.2
2815.596	nan	26837	1.23360e-04	3.31055	21.0	25014	1.32380e-04	3.31133	21.2	25649	1.29040e-04	3.30977	19.5	25754	1.28510e-04	3.30957	20.2
2816.784	nan	26870	1.23210e-04	3.31055	21.0	24969	1.32630e-04	3.31152	21.2	25680	1.28890e-04	3.30996	19.5	25770	1.28440e-04	3.30996	20.2
2817.972	nan	26840	1.23330e-04	3.31016	21.0	24974	1.32580e-04	3.31113	21.2	25665	1.28970e-04	3.30996	19.5	25733	1.28620e-04	3.30977	20.2
2819.161	nan	26796	1.23560e-04	3.31094	21.0	24986	1.32550e-04	3.31172	21.2	25672	1.28920e-04	3.30957	19.5	25773	1.28410e-04	3.30957	20.2
2820.349	nan	26813	1.23460e-04	3.31035	21.0	24981	1.32560e-04	3.31152	21.2	25649	1.29060e-04	3.31035	19.5	25757	1.28520e-04	3.31035	20.2
2821.538	nan	26854	1.23300e-04	3.31094	21.0	24976	1.32600e-04	3.31191	21.2	25656	1.29010e-04	3.30977	19.5	25734	1.28620e-04	3.30996	20.2
2822.726	nan	26814	1.23460e-04	3.31035	21.0	24972	1.32600e-04	3.31113	21.2	25659	1.29010e-04	3.31035	19.5	25761	1.28500e-04	3.31016	20.2
2823.914	nan	26837	1.23370e-04	3.31094	21.0	24981	1.32580e-04	3.31191	21.2	25656	1.29000e-04	3.30977	19.5	25765	1.28460e-04	3.30977	20.2
2825.102	nan	26820	1.23440e-04	3.31074	21.0	24974	1.32610e-04	3.31191	21.2	25638	1.29120e-04	3.31035	19.5	25748	1.28560e-04	3.31016	20.2
2826.290	nan	26834	1.23370e-04	3.31055	21.0	24973	1.32600e-04	3.31152	21.2	25673	1.28940e-04	3.31016	19.5	25770	1.28450e-04	3.31016	20.2
2827.479	nan	26864	1.23210e-04	3.30996	21.0	24972	1.32580e-04	3.31094	21.2	25683	1.28880e-04	3.30996	19.5	25758	1.28500e-04	3.30996	20.2
2828.667	nan	26862	1.23260e-04	3.31094	21.0	24990	1.32520e-04	3.31172	21.2	25672	1.28920e-04	3.30957	19.5	25772	1.28420e-04	3.30957	20.2
2829.855	nan	26859	1.23260e-04	3.31074	21.0	24976	1.32600e-04	3.31172	21.2	25664	1.28990e-04	3.31035	19.5	25779	1.28400e-04	3.31016	20.2
2831.044	nan	26820	1.23440e-04	3.31055	21.0	24978	1.32580e-04	3.31152	21.2	25694	1.28830e-04	3.31016	19.5	25740	1.28600e-04	3.31016	20.2
2832.231	nan	26846	1.23320e-04	3.31055	21.0	24975	1.32590e-04	3.31133	21.2	25637	1.29110e-04	3.30996	19.5	25749	1.28540e-04	3.30977	20.2
2833.420	nan	26853	1.23290e-04	3.31074	21.0	24991	1.32530e-04	3.31191	21.2	25657	1.29000e-04	3.30977	19.5	25759	1.28500e-04	3.31016	20.2
2834.608	nan	26862	1.23240e-04	3.31055	21.0	25023	1.32340e-04	3.31152	21.2	25676	1.28920e-04	3.31016	19.5	25750	1.28540e-04	3.30996	20.2
2835.797	nan	26879	1.23160e-04	3.31035	21.0	24974	1.32590e-04	3.31133	21.2	25672	1.28930e-04	3.30996	19.5	25791	1.28340e-04	3.30996	20.2
2836.984	nan	26834	1.23380e-04	3.31074	21.0	24990	1.32510e-04	3.31152	21.2	25663	1.28970e-04	3.30977	19.5	25748	1.28540e-04	3.30957	20.2
2838.173	nan	26847	1.23320e-04	3.31074	21.0	24981	1.32570e-04	3.31172	21.2	25684	1.28880e-04	3.31016	19.5	25783	1.28380e-04	3.30996	20.2
2839.361	nan	26836	1.23360e-04	3.31055	21.0	24976	1.32580e-04	3.31133	21.1	25696	1.28820e-04	3.31016	19.4	25780	1.28390e-04	3.30996	20.2
2840.549	nan	26819	1.23430e-04	3.31016	21.0	24969	1.32610e-04	3.31113	21.1	25704	1.28770e-04	3.30996	19.4	25816	1.28210e-04	3.30977	20.2
2841.738	nan	26870	1.23210e-04	3.31055	21.0	24996	1.32470e-04	3.31133	21.1	25676	1.28900e-04	3.30957	19.4	25788	1.28340e-04	3.30957	20.2
2842.926	nan	26870	1.23200e-04	3.31035	21.0	24958	1.32680e-04	3.31133	21.1	25692	1.28830e-04	3.30996	19.4	25788	1.28350e-04	3.30996	20.2
2844.114	nan	26838	1.23350e-04	3.31055	21.0	24985	1.32530e-04	3.31133	21.1	25673	1.28920e-04	3.30977	19.4	25789	1.28340e-04	3.30977	20.2
2845.303	nan	26856	1.23260e-04	3.31035	21.0	24987	1.32520e-04	3.31113	21.1	25704	1.28760e-04	3.30977	19.4	25806	1.28250e-04	3.30957	20.2
2846.490	nan	26884	1.23160e-04	3.31094	21.0	24976	1.32610e-04	3.31211	21.1	25685	1.28860e-04	3.30977	19.4	25798	1.28310e-04	3.31016	20.2
2847.679	nan	26856	1.23260e-04	3.31016	21.0	24994	1.32490e-04	3.31133	21.1	25705	1.28780e-04	3.31035	19.4	25791	1.28350e-04	3.31016	20.2
2848.867	nan	26891	1.23100e-04	3.31035	21.0	25008	1.32410e-04	3.31133	21.1	25695	1.28800e-04	3.30957	19.4	25765	1.28460e-04	3.30977	20.2
2850.056	nan	26891	1.23120e-04	3.31074	21.0	24996	1.32470e-04	3.31133	21.1	25671	1.28930e-04	3.30977	19.4	25803	1.28270e-04	3.30977	20.2
2851.244	nan	26864	1.23230e-04	3.31055	21.0	25019	1.32370e-04	3.31172	21.1	25685	1.28870e-04	3.30996	19.4	25836	1.28110e-04	3.30996	20.2
2852.432	nan	26868	1.23210e-04	3.31055	21.0	24989	1.32510e-04	3.31133	21.1	25729	1.28650e-04	3.30996	19.4	25810	1.28240e-04	3.30996	20.2
2853.620	nan	26857	1.23250e-04	3.31016	20.9	25007	1.32390e-04	3.31074	21.1	25684	1.28860e-04	3.30977	19.4	25798	1.28290e-04	3.30977	20.2
2854.809	nan	26860	1.23270e-04	3.31094	20.9	24985	1.32550e-04	3.31172	21.1	25704	1.28760e-04	3.30957	19.4	25758	1.28490e-04	3.30957	20.2
2855.997	nan	26843	1.23330e-04	3.31055	20.9	25000	1.32460e-04	3.31152	21.1	25700	1.28800e-04	3.31016	19.4	25825	1.28180e-04	3.31016	20.2
2857.185	nan	26852	1.23290e-04	3.31055	20.9	24996	1.32470e-04	3.31133	21.1	25716	1.28710e-04	3.30977	19.4	25803	1.28270e-04	3.30977	20.2
2858.373	nan	26894	1.23100e-04	3.31055	20.9	25011	1.32400e-04	3.31152	21.1	25709	1.28750e-04	3.30996	19.4	25796	1.28310e-04	3.30977	20.2
2859.561	nan	26850	1.23290e-04	3.31035	20.9	25013	1.32390e-04	3.31133	21.1	25707	1.28750e-04	3.30977	19.4	25794	1.28320e-04	3.30996	20.2
2860.749	nan	26868	1.23210e-04	3.31055	20.9	24988	1.32520e-04	3.31133	21.1	25706	1.28760e-04	3.30977	19.4	25806	1.28260e-04	3.30977	20.2
2861.938	nan	26882	1.23150e-04	3.31035	20.9	25015	1.32370e-04	3.31113	21.1	25721	1.28680e-04	3.30977	19.4	25805	1.28260e-04	3.30977	20.2
2863.126	nan	26882	1.23150e-04	3.31035	20.9	25019	1.32340e-04	3.31113	21.1	25718	1.28690e-04	3.30957	19.4	25805	1.28250e-04	3.30957	20.2
2864.314	nan	26880	1.23170e-04	3.31074	20.9	25037	1.32270e-04	3.31172	21.1	25717	1.28690e-04	3.30957	19.4	25819	1.28190e-04	3.30977	20.2
2865.503	nan	26870	1.23200e-04	3.31035	20.9	25003	1.32440e-04	3.31133	21.1	25727	1.28670e-04	3.31016	19.4	25824	1.28180e-04	3.31016	20.2
2866.691	nan	26888	1.23110e-04	3.31035	20.9	25010	1.32400e-04	3.31133	21.1	25687	1.28850e-04	3.30977	19.4	25836	1.28100e-04	3.30957	20.2
2867.879	nan	26871	1.23220e-04	3.31113	20.9	25038	1.32270e-04	3.31172	21.1	25731	1.28630e-04	3.30977	19.4	25813	1.28230e-04	3.30996	20.2
2869.067	nan	26902	1.23070e-04	3.31074	20.9	25009	1.32420e-04	3.31172	21.1	25719	1.28710e-04	3.31035	19.4	25813	1.28240e-04	3.31035	20.2
2870.255	nan	26879	1.23170e-04	3.31055	20.9	25021	1.32350e-04	3.31152	21.1	25728	1.28660e-04	3.31016	19.4	25804	1.28280e-04	3.31016	20.2
2871.444	nan	26914	1.23010e-04	3.31074	20.9	25011	1.32400e-04	3.31152	21.1	25721	1.28680e-04	3.30977	19.4	25816	1.28210e-04	3.30996	20.2
2872.632	nan	26906	1.23050e-04	3.31094	20.9	25025	1.32350e-04	3.31191	21.1	25711	1.28740e-04	3.30996	19.4	25798	1.28300e-04	3.30996	20.2
2873.820	nan	26912	1.23010e-04	3.31035	20.9	25001	1.32440e-04	3.31113	21.1	25718	1.28710e-04	3.31016	19.4	25824	1.28180e-04	3.31016	20.2
2875.009	nan	26933	1.22910e-04	3.31035	20.9	25028	1.32310e-04	3.31133	21.1	25722	1.28680e-04	3.30977	19.4	25791	1.28330e-04	3.30977	20.2
2876.197	nan	26891	1.23110e-04	3.31055	20.9	25062	1.32130e-04	3.31152	21.1	25728	1.28650e-04	3.30977	19.4	25817	1.28190e-04	3.30957	20.2
2877.385	nan	26891	1.23120e-04	3.31074	20.9	25045	1.32230e-04	3.31172	21.1	25727	1.28660e-04	3.30996	19.4	25819	1.28210e-04	3.31035	20.2
2878.574	nan	26914	1.23000e-04	3.31055	20.9	25040	1.32240e-04	3.31133	21.1	25701	1.28800e-04	3.31016	19.4	25836	1.28110e-04	3.30977	20.2
2879.762	nan	26903	1.23030e-04	3.30996	20.9	25050	1.32170e-04	3.31074	21.1	25749	1.28540e-04	3.30996	19.4	25820	1.28190e-04	3.30996	20.2
2880.950	nan	26903	1.23060e-04	3.31074	20.9	25044	1.32230e-04	3.31152	21.1	25723	1.28650e-04	3.30938	19.4	25823	1.28160e-04	3.30957	20.2
2882.138	nan	26894	1.23110e-04	3.31094	20.9	25058	1.32170e-04	3.31191	21.1	25728	1.28650e-04	3.30996	19.4	25835	1.28130e-04	3.31016	20.2
2883.326	nan	26904	1.23060e-04	3.31074	20.9	25052	1.32190e-04	3.31172	21.1	25719	1.28700e-04	3.31016	19.4	25846	1.28070e-04	3.31016	20.2
2884.515	nan	26902	1.23040e-04	3.31016	20.9	25050	1.32190e-04	3.31133	21.1	25741	1.28590e-04	3.30996	19.4	25855	1.28020e-04	3.30996	20.2
2885.703	nan	26905	1.23050e-04	3.31074	20.9	25032	1.32290e-04	3.31152	21.1	25758	1.28490e-04	3.30957	19.4	25863	1.27970e-04	3.30957	20.2
2886.891	nan	26880	1.23150e-04	3.31035	20.9	25070	1.32080e-04	3.31133	21.1	25758	1.28510e-04	3.31016	19.4	25848	1.28060e-04	3.31016	20.2
2888.079	nan	26927	1.22940e-04	3.31035	20.9	25023	1.32330e-04	3.31113	21.1	25724	1.28660e-04	3.30957	19.4	25843	1.28070e-04	3.30977	20.2
2889.268	nan	26921	1.22960e-04	3.31016	20.9	25058	1.32130e-04	3.31094	21.1	25774	1.28420e-04	3.30977	19.4	25812	1.28230e-04	3.30977	20.2
2890.456	nan	26936	1.22920e-04	3.31094	20.9	25046	1.32230e-04	3.31191	21.1	25753	1.28510e-04	3.30957	19.4	25857	1.28000e-04	3.30977	20.2
2891.644	nan	26946	1.22850e-04	3.31035	20.9	25053	1.32170e-04	3.31133	21.1	25731	1.28650e-04	3.31016	19.4	25828	1.28160e-04	3.31016	20.2
2892.832	nan	26914	1.23000e-04	3.31035	20.9	25068	1.32090e-04	3.31133	21.1	25750	1.28530e-04	3.30977	19.4	25825	1.28160e-04	3.30977	20.2
2894.020	nan	26886	1.23150e-04	3.31094	20.9	25051	1.32210e-04	3.31191	21.1	25767	1.28460e-04	3.30996	19.4	25841	1.28090e-04	3.30996	20.2
2895.209	nan	26929	1.22940e-04	3.31074	20.9	25055	1.32180e-04	3.31172	21.1	25734	1.28630e-04	3.31016	19.4	25837	1.28110e-04	3.30996	20.2
2896.397	nan	26941	1.22870e-04	3.31035	20.9	25047	1.32200e-04	3.31133	21.1	25751	1.28540e-04	3.30996	19.4	25862	1.27980e-04	3.30996	20.2
2897.586	nan	26935	1.22910e-04	3.31055	20.9	25052	1.32200e-04	3.31172	21.1	25763	1.28470e-04	3.30977	19.4	25880	1.27890e-04	3.30977	20.2
2898.774	nan	26888	1.23120e-04	3.31055	20.9	25055	1.32170e-04	3.31152	21.1	25753	1.28520e-04	3.30996	19.4	25858	1.28010e-04	3.31016	20.2
2899.962	nan	26899	1.23070e-04	3.31055	20.9	25052	1.32180e-04	3.31133	21.1	25758	1.28500e-04	3.30996	19.4	25868	1.27950e-04	3.30996	20.2
2901.150	nan	26937	1.22890e-04	3.31035	20.9	25049	1.32190e-04	3.31133	21.1	25747	1.28560e-04	3.30996	19.4	25866	1.27960e-04	3.30977	20.2
2902.339	nan	26919	1.22980e-04	3.31055	20.9	25050	1.32190e-04	3.31152	21.1	25753	1.28510e-04	3.30957	19.4	25828	1.28130e-04	3.30938	20.2
2903.527	nan	26909	1.23040e-04	3.31074	20.9	25056	1.32170e-04	3.31172	21.1	25734	1.28620e-04	3.30996	19.4	25872	1.27940e-04	3.31016	20.2
2904.715	nan	26931	1.22930e-04	3.31055	20.9	25059	1.32150e-04	3.31152	21.1	25750	1.28550e-04	3.31016	19.4	25844	1.28080e-04	3.31016	20.2
2905.903	nan	26902	1.23050e-04	3.31035	20.9	25066	1.32110e-04	3.31133	21.1	25750	1.28540e-04	3.30996	19.4	25812	1.28230e-04	3.30996	20.2
2907.091	nan	26967	1.22760e-04	3.31035	20.9	25076	1.32040e-04	3.31113	21.1	25791	1.28330e-04	3.30977	19.4	25877	1.27900e-04	3.30977	20.2
2908.280	nan	26925	1.22950e-04	3.31035	20.9	25081	1.32030e-04	3.31133	21.1	25745	1.28550e-04	3.30957	19.4	25864	1.27970e-04	3.30977	20.2
2909.468	nan	26923	1.22960e-04	3.31035	20.9	25080	1.32030e-04	3.31133	21.1	25743	1.28560e-04	3.30957	19.4	25868	1.27950e-04	3.30977	20.2
2910.656	nan	26925	1.22950e-04	3.31035	20.9	25057	1.32150e-04	3.31133	21.1	25758	1.28500e-04	3.30977	19.4	25875	1.27910e-04	3.30977	20.2
2911.845	nan	26927	1.22940e-04	3.31055	20.9	25058	1.32150e-04	3.31152	21.1	25767	1.28450e-04	3.30977	19.4	25893	1.27810e-04	3.30938	20.2
2913.033	nan	26951	1.22830e-04	3.31035	20.9	25068	1.32090e-04	3.31133	21.1	25779	1.28400e-04	3.30996	19.4	25854	1.28040e-04	3.31035	20.2
2914.221	nan	26952	1.22820e-04	3.31016	20.9	25050	1.32180e-04	3.31113	21.1	25758	1.28490e-04	3.30977	19.4	25904	1.27780e-04	3.30996	20.2
2915.410	nan	26953	1.22830e-04	3.31074	20.9	25074	1.32070e-04	3.31152	21.1	25790	1.28330e-04	3.30957	19.4	25920	1.27680e-04	3.30957	20.2
2916.598	nan	26969	1.22770e-04	3.31094	20.9	25095	1.31960e-04	3.31172	21.1	25811	1.28240e-04	3.30996	19.4	25867	1.27970e-04	3.31016	20.2
2917.786	nan	26938	1.22900e-04	3.31055	20.9	25107	1.31890e-04	3.31133	21.1	25796	1.28320e-04	3.31016	19.4	25878	1.27900e-04	3.30996	20.2
2918.974	nan	26942	1.22860e-04	3.31016	20.9	25069	1.32080e-04	3.31113	21.1	25753	1.28530e-04	3.30996	19.4	25919	1.27700e-04	3.30996	20.2
2920.163	nan	26944	1.22880e-04	3.31094	20.9	25096	1.31970e-04	3.31191	21.1	25753	1.28510e-04	3.30957	19.4	25908	1.27750e-04	3.30977	20.2
2921.351	nan	26909	1.23040e-04	3.31094	20.9	25095	1.31970e-04	3.31191	21.1	25775	1.28430e-04	3.31016	19.4	25883	1.27890e-04	3.31016	20.2
2922.539	nan	26930	1.22930e-04	3.31055	20.9	25094	1.31980e-04	3.31191	21.1	25774	1.28430e-04	3.31016	19.4	25851	1.28040e-04	3.30996	20.2
2923.727	nan	26959	1.22790e-04	3.31035	20.9	25099	1.31940e-04	3.31152	21.1	25787	1.28360e-04	3.31016	19.4	25848	1.28060e-04	3.31016	20.2
2924.915	nan	26970	1.22770e-04	3.31094	20.9	25098	1.31940e-04	3.31133	21.1	25782	1.28380e-04	3.30977	19.4	25885	1.27860e-04	3.30977	20.2
2926.103	nan	26951	1.22840e-04	3.31055	20.9	25071	1.32100e-04	3.31191	21.1	25799	1.28310e-04	3.31035	19.4	25890	1.27860e-04	3.31035	20.1
2927.292	nan	26964	1.22770e-04	3.31035	20.9	25093	1.31970e-04	3.31152	21.1	25782	1.28380e-04	3.30996	19.4	25878	1.27910e-04	3.31016	20.1
2928.480	nan	26947	1.22850e-04	3.31035	20.9	25088	1.31990e-04	3.31133	21.1	25780	1.28380e-04	3.30977	19.4	25873	1.27920e-04	3.30977	20.1
2929.668	nan	26941	1.22890e-04	3.31074	20.9	25085	1.32000e-04	3.31113	21.1	25781	1.28370e-04	3.30957	19.4	25898	1.27790e-04	3.30957	20.1
2930.857	nan	26967	1.22760e-04	3.31055	20.9	25093	1.31970e-04	3.31152	21.1	25772	1.28430e-04	3.30996	19.4	25913	1.27730e-04	3.30977	20.1
2932.045	nan	26964	1.22770e-04	3.31035	20.9	25106	1.31900e-04	3.31133	21.1	25797	1.28310e-04	3.30996	19.4	25898	1.27800e-04	3.30977	20.1
2933.233	nan	26991	1.22650e-04	3.31035	20.9	25110	1.31870e-04	3.31113	21.1	25792	1.28330e-04	3.30977	19.4	25903	1.27770e-04	3.30977	20.1
2934.422	nan	26958	1.22800e-04	3.31055	20.9	25117	1.31830e-04	3.31133	21.1	25778	1.28400e-04	3.30977	19.4	25861	1.27980e-04	3.30957	20.1
2935.610	nan	26929	1.22930e-04	3.31035	20.9	25103	1.31920e-04	3.31152	21.1	25801	1.28280e-04	3.30977	19.4	25912	1.27740e-04	3.30996	20.1
2936.798	nan	26976	1.22710e-04	3.31016	20.9	25121	1.31830e-04	3.31152	21.1	25778	1.28400e-04	3.30996	19.4	25889	1.27850e-04	3.30996	20.1
2937.986	nan	26976	1.22720e-04	3.31055	20.9	25109	1.31870e-04	3.31113	21.1	25822	1.28170e-04	3.30957	19.3	25891	1.27820e-04	3.30938	20.1
2939.175	nan	26962	1.22780e-04	3.31035	20.9	25123	1.31810e-04	3.31152	21.1	25829	1.28150e-04	3.30996	19.3	25889	1.27860e-04	3.31016	20.1
2940.363	nan	26954	1.22810e-04	3.31016	20.8	25109	1.31870e-04	3.31113	21.1	25786	1.28360e-04	3.30977	19.3	25903	1.27770e-04	3.30977	20.1
2941.551	nan	26933	1.22920e-04	3.31055	20.8	25105	1.31880e-04	3.31094	21.1	25787	1.28340e-04	3.30957	19.3	25916	1.27700e-04	3.30938	20.1
2942.739	nan	26958	1.22810e-04	3.31074	20.8	25128	1.31790e-04	3.31152	21.1	25795	1.28320e-04	3.30996	19.3	25908	1.27770e-04	3.31016	20.1
2943.928	nan	26973	1.22740e-04	3.31055	20.8	25125	1.31810e-04	3.31172	21.1	25798	1.28310e-04	3.31016	19.3	25921	1.27700e-04	3.31016	20.1
2945.116	nan	27008	1.22570e-04	3.31035	20.8	25088	1.31990e-04	3.31133	21.1	25793	1.28320e-04	3.30977	19.3	25891	1.27840e-04	3.30996	20.1
2946.304	nan	26946	1.22850e-04	3.31035	20.8	25112	1.31850e-04	3.31113	21.1	25852	1.28020e-04	3.30957	19.3	25907	1.27750e-04	3.30957	20.1
2947.492	nan	26979	1.22710e-04	3.31074	20.8	25116	1.31830e-04	3.31113	21.1	25811	1.28230e-04	3.30977	19.3	25893	1.27830e-04	3.30996	20.1
2948.681	nan	26957	1.22800e-04	3.31035	20.8	25105	1.31910e-04	3.31152	21.1	25814	1.28220e-04	3.30996	19.3	25909	1.27750e-04	3.30996	20.1
2949.868	nan	26969	1.22760e-04	3.31055	20.8	25139	1.31720e-04	3.31133	21.1	25812	1.28220e-04	3.30977	19.3	25889	1.27850e-04	3.30977	20.1
2951.057	nan	26989	1.22660e-04	3.31035	20.8	25117	1.31840e-04	3.31133	21.1	25807	1.28260e-04	3.30996	19.3	25926	1.27670e-04	3.30996	20.1
2952.245	nan	26971	1.22750e-04	3.31055	20.8	25124	1.31800e-04	3.31133	21.1	25800	1.28290e-04	3.30977	19.3	25950	1.27550e-04	3.30977	20.1
2953.433	nan	27015	1.22540e-04	3.31035	20.8	25120	1.31830e-04	3.31152	21.1	25810	1.28240e-04	3.30996	19.3	25892	1.27840e-04	3.30996	20.1
2954.622	nan	26956	1.22790e-04	3.30996	20.8	25131	1.31760e-04	3.31133	21.1	25807	1.28250e-04	3.30977	19.3	25888	1.27850e-04	3.30977	20.1
2955.810	nan	26994	1.22660e-04	3.31094	20.8	25158	1.31610e-04	3.31094	21.1	25825	1.28150e-04	3.30957	19.3	25928	1.27650e-04	3.30957	20.1
2956.998	nan	26988	1.22670e-04	3.31055	20.8	25135	1.31760e-04	3.31172	21.1	25802	1.28290e-04	3.31016	19.3	25921	1.27700e-04	3.30996	20.1
2958.187	nan	26987	1.22670e-04	3.31035	20.8	25150	1.31660e-04	3.31133	21.1	25824	1.28180e-04	3.30996	19.3	25917	1.27700e-04	3.30977	20.1
2959.375	nan	26992	1.22640e-04	3.31035	20.8	25144	1.31700e-04	3.31133	21.0	25818	1.28200e-04	3.30977	19.3	25906	1.27760e-04	3.30977	20.1
2960.563	nan	26991	1.22650e-04	3.31055	20.8	25141	1.31710e-04	3.31133	21.0	25782	1.28380e-04	3.30977	19.3	25945	1.27580e-04	3.30996	20.1
2961.751	nan	26952	1.22820e-04	3.31016	20.8	25185	1.31480e-04	3.31133	21.0	25800	1.28280e-04	3.30977	19.3	25919	1.27700e-04	3.30977	20.1
2962.940	nan	26989	1.22650e-04	3.31016	20.8	25157	1.31620e-04	3.31113	21.0	25830	1.28130e-04	3.30977	19.3	25883	1.27870e-04	3.30977	20.1
2964.128	nan	26991	1.22670e-04	3.31094	20.8	25150	1.31660e-04	3.31113	21.0	25821	1.28180e-04	3.30957	19.3	25890	1.27830e-04	3.30957	20.1
2965.316	nan	26941	1.22880e-04	3.31055	20.8	25152	1.31680e-04	3.31191	21.0	25820	1.28200e-04	3.31016	19.3	25913	1.27740e-04	3.31016	20.1
2966.504	nan	26972	1.22750e-04	3.31074	20.8	25164	1.31600e-04	3.31152	21.0	25824	1.28170e-04	3.30996	19.3	25939	1.27610e-04	3.31016	20.1
2967.693	nan	26994	1.22640e-04	3.31055	20.8	25181	1.31520e-04	3.31172	21.0	25820	1.28200e-04	3.31016	19.3	25921	1.27690e-04	3.30977	20.1
2968.881	nan	26965	1.22770e-04	3.31055	20.8	25132	1.31750e-04	3.31133	21.0	25801	1.28280e-04	3.30977	19.3	25930	1.27660e-04	3.31016	20.1
2970.069	nan	26987	1.22670e-04	3.31035	20.8	25153	1.31650e-04	3.31152	21.0	25778	1.28400e-04	3.30996	19.3	25914	1.27720e-04	3.30977	20.1
2971.257	nan	26980	1.22690e-04	3.31035	20.8	25178	1.31520e-04	3.31133	21.0	25849	1.28040e-04	3.30977	19.3	25943	1.27580e-04	3.30977	20.1
2972.446	nan	26971	1.22740e-04	3.31035	20.8	25158	1.31620e-04	3.31133	21.0	25820	1.28190e-04	3.30977	19.3	25937	1.27610e-04	3.30977	20.1
2973.634	nan	26997	1.22610e-04	3.31016	20.8	25151	1.31660e-04	3.31133	21.0	25847	1.28060e-04	3.30996	19.3	25915	1.27710e-04	3.30977	20.1
2974.822	nan	27006	1.22580e-04	3.31035	20.8	25138	1.31720e-04	3.31113	21.0	25852	1.28020e-04	3.30957	19.3	25937	1.27600e-04	3.30957	20.1
2976.010	nan	27020	1.22510e-04	3.31035	20.8	25151	1.31660e-04	3.31133	21.0	25819	1.28180e-04	3.30957	19.3	25938	1.27600e-04	3.30957	20.1
2977.199	nan	26964	1.22770e-04	3.31035	20.8	25165	1.31580e-04	3.31113	21.0	25836	1.28100e-04	3.30957	19.3	25952	1.27510e-04	3.30918	20.1
2978.387	nan	27044	1.22410e-04	3.31055	20.8	25168	1.31570e-04	3.31133	21.0	25847	1.28050e-04	3.30977	19.3	25909	1.27760e-04	3.31016	20.1
2979.575	nan	27003	1.22590e-04	3.31035	20.8	25143	1.31710e-04	3.31152	21.0	25854	1.28020e-04	3.30996	19.3	25920	1.27700e-04	3.30996	20.1
2980.763	nan	27006	1.22570e-04	3.31016	20.8	25177	1.31520e-04	3.31113	21.0	25841	1.28080e-04	3.30957	19.3	25964	1.27470e-04	3.30957	20.1
2981.951	nan	27030	1.22470e-04	3.31055	20.8	25179	1.31490e-04	3.31094	21.0	25839	1.28080e-04	3.30938	19.3	25958	1.27480e-04	3.30918	20.1
2983.140	nan	26989	1.22660e-04	3.31035	20.8	25178	1.31520e-04	3.31152	21.0	25865	1.27970e-04	3.30996	19.3	25946	1.27590e-04	3.31055	20.1
2984.328	nan	26962	1.22780e-04	3.31035	20.8	25160	1.31610e-04	3.31133	21.0	25829	1.28140e-04	3.30977	19.3	25951	1.27530e-04	3.30957	20.1
2985.517	nan	26989	1.22670e-04	3.31074	20.8	25147	1.31680e-04	3.31133	21.0	25815	1.28210e-04	3.30977	19.3	25960	1.27510e-04	3.31016	20.1
2986.704	nan	27002	1.22620e-04	3.31113	20.8	25151	1.31680e-04	3.31191	21.0	25853	1.28040e-04	3.31016	19.3	25916	1.27740e-04	3.31035	20.1
2987.893	nan	27010	1.22570e-04	3.31055	20.8	25154	1.31670e-04	3.31191	21.0	25834	1.28140e-04	3.31035	19.3	25970	1.27450e-04	3.30996	20.1
2989.081	nan	27016	1.22530e-04	3.31035	20.8	25146	1.31690e-04	3.31152	21.0	25834	1.28120e-04	3.30996	19.3	25933	1.27640e-04	3.31016	20.1
2990.270	nan	26983	1.22700e-04	3.31074	20.8	25159	1.31610e-04	3.31113	21.0	25865	1.27960e-04	3.30977	19.3	25927	1.27660e-04	3.30977	20.1
2991.458	nan	27056	1.22370e-04	3.31074	20.8	25199	1.31420e-04	3.31172	21.0	25839	1.28110e-04	3.31016	19.3	25943	1.27590e-04	3.30996	20.1
2992.646	nan	27020	1.22520e-04	3.31035	20.8	25178	1.31530e-04	3.31152	21.0	25860	1.28000e-04	3.30996	19.3	25953	1.27540e-04	3.30996	20.1
2993.834	nan	27031	1.22470e-04	3.31035	20.8	25181	1.31490e-04	3.31113	21.0	25847	1.28050e-04	3.30977	19.3	25977	1.27410e-04	3.30977	20.1
2995.022	nan	27000	1.22620e-04	3.31074	20.8	25185	1.31480e-04	3.31133	21.0	25874	1.27920e-04	3.30977	19.3	25960	1.27490e-04	3.30977	20.1
2996.211	nan	27021	1.22510e-04	3.31035	20.8	25167	1.31570e-04	3.31133	21.0	25865	1.27970e-04	3.30996	19.3	25956	1.27520e-04	3.30996	20.1
2997.399	nan	27007	1.22570e-04	3.31035	20.8	25167	1.31580e-04	3.31152	21.0	25859	1.28000e-04	3.30996	19.3	25958	1.27500e-04	3.30977	20.1
2998.587	nan	26994	1.22620e-04	3.31016	20.8	25155	1.31640e-04	3.31133	21.0	25892	1.27830e-04	3.30977	19.3	25971	1.27440e-04	3.30977	20.1
2999.775	nan	27036	1.22450e-04	3.31055	20.8	25167	1.31580e-04	3.31133	21.0	25859	1.27980e-04	3.30957	19.3	25960	1.27500e-04	3.30977	20.1
3000.964	nan	27020	1.22520e-04	3.31055	20.8	25204	1.31380e-04	3.31133	21.0	25834	1.28120e-04	3.30996	19.3	25962	1.27490e-04	3.30977	20.1
3002.152	nan	27029	1.22470e-04	3.31035	20.8	25186	1.31470e-04	3.31133	21.0	25863	1.27980e-04	3.30977	19.3	25966	1.27470e-04	3.30996	20.1
3003.340	nan	27008	1.22570e-04	3.31055	20.8	25176	1.31530e-04	3.31133	21.0	25870	1.27940e-04	3.30977	19.3	25982	1.27400e-04	3.31016	20.1
3004.528	nan	26992	1.22660e-04	3.31074	20.8	25183	1.31500e-04	3.31152	21.0	25900	1.27800e-04	3.30996	19.3	25976	1.27420e-04	3.30996	20.1
3005.717	nan	27019	1.22530e-04	3.31055	20.8	25236	1.31220e-04	3.31152	21.0	25869	1.27960e-04	3.31016	19.3	25962	1.27490e-04	3.30977	20.1
3006.905	nan	27027	1.22490e-04	3.31055	20.8	25194	1.31430e-04	3.31133	21.0	25879	1.27900e-04	3.30996	19.3	25978	1.27410e-04	3.30996	20.1
3008.093	nan	27038	1.22450e-04	3.31074	20.8	25210	1.31360e-04	3.31152	21.0	25902	1.27790e-04	3.30996	19.3	25941	1.27600e-04	3.31016	20.1
3009.282	nan	27050	1.22390e-04	3.31055	20.8	25213	1.31350e-04	3.31172	21.0	25870	1.27950e-04	3.31016	19.3	25946	1.27570e-04	3.30996	20.1
3010.470	nan	27018	1.22530e-04	3.31035	20.8	25198	1.31410e-04	3.31133	21.0	25875	1.27920e-04	3.30996	19.3	25978	1.27410e-04	3.30977	20.1
3011.658	nan	27049	1.22390e-04	3.31055	20.8	25218	1.31310e-04	3.31133	21.0	25840	1.28090e-04	3.30977	19.3	26001	1.27290e-04	3.30977	20.1
3012.846	nan	27028	1.22490e-04	3.31055	20.8	25187	1.31480e-04	3.31152	21.0	25879	1.27900e-04	3.30996	19.3	25980	1.27410e-04	3.31016	20.1
3014.034	nan	27064	1.22320e-04	3.31035	20.8	25207	1.31370e-04	3.31152	21.0	25896	1.27820e-04	3.30996	19.3	25989	1.27360e-04	3.30996	20.1
3015.223	nan	27057	1.22350e-04	3.31035	20.8	25169	1.31560e-04	3.31133	21.0	25911	1.27740e-04	3.30996	19.3	25959	1.27490e-04	3.30957	20.1
3016.411	nan	27032	1.22460e-04	3.31035	20.8	25180	1.31510e-04	3.31133	21.0	25851	1.28030e-04	3.30977	19.3	25981	1.27390e-04	3.30977	20.1
3017.599	nan	27037	1.22440e-04	3.31035	20.8	25209	1.31360e-04	3.31152	21.0	25904	1.27770e-04	3.30977	19.3	25949	1.27540e-04	3.30957	20.1
3018.787	nan	27051	1.22370e-04	3.31035	20.8	25220	1.31290e-04	3.31113	21.0	25907	1.27760e-04	3.30977	19.3	25984	1.27370e-04	3.30977	20.1
3019.976	nan	27039	1.22420e-04	3.30996	20.8	25214	1.31330e-04	3.31133	21.0	25870	1.27940e-04	3.30977	19.3	25974	1.27420e-04	3.30957	20.1
3021.164	nan	27043	1.22420e-04	3.31055	20.8	25229	1.31240e-04	3.31094	21.0	25901	1.27770e-04	3.30938	19.3	25965	1.27460e-04	3.30957	20.1
3022.353	nan	27047	1.22390e-04	3.31035	20.8	25210	1.31360e-04	3.31152	21.0	25862	1.27980e-04	3.30996	19.3	25976	1.27430e-04	3.30996	20.1
3023.541	nan	27056	1.22350e-04	3.31016	20.8	25182	1.31500e-04	3.31133	21.0	25917	1.27710e-04	3.30977	19.3	25963	1.27480e-04	3.30977	20.1
3024.728	nan	27036	1.22460e-04	3.31074	20.8	25208	1.31350e-04	3.31113	21.0	25875	1.27900e-04	3.30938	19.3	25994	1.27310e-04	3.30938	20.1
3025.917	nan	27018	1.22520e-04	3.31035	20.8	25199	1.31420e-04	3.31172	21.0	25901	1.27800e-04	3.31016	19.3	25989	1.27380e-04	3.31035	20.1
3027.105	nan	27045	1.22400e-04	3.31016	20.8	25227	1.31260e-04	3.31133	21.0	25893	1.27820e-04	3.30977	19.3	25954	1.27520e-04	3.30957	20.1
3028.293	nan	27053	1.22360e-04	3.31016	20.8	25197	1.31410e-04	3.31113	21.0	25864	1.27950e-04	3.30938	19.3	25997	1.27310e-04	3.30977	20.1
3029.482	nan	27028	1.22500e-04	3.31094	20.8	25207	1.31360e-04	3.31113	21.0	25903	1.27770e-04	3.30977	19.3	26011	1.27240e-04	3.30957	20.1
3030.670	nan	27029	1.22490e-04	3.31074	20.8	25223	1.31300e-04	3.31191	21.0	25908	1.27780e-04	3.31035	19.3	25989	1.27370e-04	3.31035	20.1
3031.858	nan	27024	1.22500e-04	3.31055	20.8	25223	1.31280e-04	3.31133	21.0	25892	1.27840e-04	3.30996	19.3	25997	1.27310e-04	3.30977	20.1
3033.047	nan	27073	1.22280e-04	3.31055	20.8	25240	1.31200e-04	3.31152	21.0	25909	1.27750e-04	3.30996	19.3	25995	1.27330e-04	3.30996	20.1
3034.235	nan	27036	1.22450e-04	3.31055	20.8	25223	1.31290e-04	3.31152	21.0	25915	1.27720e-04	3.30996	19.3	25986	1.27370e-04	3.30996	20.1
3035.423	nan	27046	1.22400e-04	3.31055	20.8	25219	1.31300e-04	3.31133	21.0	25916	1.27720e-04	3.30996	19.3	25993	1.27340e-04	3.30996	20.1
3036.611	nan	27016	1.22530e-04	3.31035	20.8	25225	1.31270e-04	3.31133	21.0	25896	1.27820e-04	3.30996	19.3	25986	1.27370e-04	3.30977	20.1
3037.799	nan	27093	1.22190e-04	3.31035	20.8	25258	1.31100e-04	3.31133	21.0	25945	1.27570e-04	3.30977	19.3	26029	1.27160e-04	3.30977	20.1
3038.988	nan	27059	1.22330e-04	3.31016	20.8	25228	1.31250e-04	3.31133	21.0	25947	1.27560e-04	3.30977	19.3	26019	1.27210e-04	3.30977	20.1
3040.176	nan	27081	1.22240e-04	3.31035	20.8	25215	1.31320e-04	3.31133	21.0	25906	1.27750e-04	3.30957	19.3	25988	1.27350e-04	3.30957	20.1
3041.364	nan	27043	1.22400e-04	3.31016	20.8	25207	1.31370e-04	3.31133	21.0	25899	1.27800e-04	3.30977	19.3	26002	1.27290e-04	3.30977	20.1
3042.552	nan	27025	1.22500e-04	3.31055	20.8	25232	1.31230e-04	3.31113	21.0	25894	1.27810e-04	3.30957	19.3	26000	1.27280e-04	3.30938	20.1
3043.741	nan	27097	1.22170e-04	3.31055	20.8	25228	1.31260e-04	3.31152	21.0	25898	1.27810e-04	3.30996	19.3	25988	1.27370e-04	3.31016	20.1
3044.929	nan	27066	1.22310e-04	3.31035	20.8	25234	1.31220e-04	3.31133	21.0	25901	1.27790e-04	3.30996	19.3	26022	1.27190e-04	3.30977	20.1
3046.117	nan	27052	1.22360e-04	3.30996	20.8	25229	1.31240e-04	3.31094	21.0	25927	1.27660e-04	3.30977	19.3	26022	1.27180e-04	3.30957	20.1
3047.305	nan	27068	1.22330e-04	3.31113	20.8	25266	1.31070e-04	3.31172	21.0	25940	1.27590e-04	3.30957	19.3	26002	1.27310e-04	3.31035	20.1
3048.494	nan	27042	1.22420e-04	3.31055	20.8	25226	1.31280e-04	3.31172	21.0	25909	1.27770e-04	3.31035	19.3	25991	1.27350e-04	3.30996	20.1
3049.682	nan	27069	1.22310e-04	3.31074	20.7	25213	1.31340e-04	3.31152	21.0	25933	1.27640e-04	3.30996	19.3	25995	1.27340e-04	3.31016	20.1
3050.870	nan	27034	1.22470e-04	3.31074	20.7	25237	1.31210e-04	3.31133	21.0	25921	1.27700e-04	3.31016	19.3	26022	1.27190e-04	3.30977	20.1
3052.058	nan	27037	1.22450e-04	3.31074	20.7	25208	1.31390e-04	3.31211	21.0	25931	1.27650e-04	3.31016	19.3	26009	1.27270e-04	3.31016	20.1
3053.247	nan	27058	1.22330e-04	3.31016	20.7	25256	1.31120e-04	3.31152	21.0	25902	1.27790e-04	3.30996	19.3	26022	1.27200e-04	3.30996	20.1
3054.435	nan	27070	1.22270e-04	3.30996	20.7	25244	1.31170e-04	3.31133	21.0	25924	1.27670e-04	3.30977	19.3	26022	1.27180e-04	3.30957	20.1
3055.623	nan	27036	1.22460e-04	3.31094	20.7	25239	1.31190e-04	3.31113	21.0	25903	1.27760e-04	3.30938	19.3	26001	1.27310e-04	3.31016	20.1
3056.812	nan	27063	1.22330e-04	3.31074	20.7	25240	1.31210e-04	3.31172	21.0	25927	1.27680e-04	3.31035	19.3	26025	1.27180e-04	3.30996	20.1
3058.000	nan	27076	1.22270e-04	3.31055	20.7	25248	1.31160e-04	3.31152	21.0	25941	1.27600e-04	3.31016	19.3	26009	1.27260e-04	3.30996	20.1
3059.188	nan	27097	1.22160e-04	3.31035	20.7	25249	1.31160e-04	3.31152	21.0	25956	1.27520e-04	3.30977	19.3	26047	1.27070e-04	3.30977	20.0
3060.376	nan	27076	1.22260e-04	3.31016	20.7	25276	1.31000e-04	3.31113	21.0	25952	1.27530e-04	3.30957	19.3	26028	1.27160e-04	3.30957	20.0
3061.565	nan	27103	1.22150e-04	3.31074	20.7	25252	1.31120e-04	3.31113	21.0	25890	1.27830e-04	3.30938	19.3	26025	1.27170e-04	3.30957	20.0
3062.753	nan	27108	1.22120e-04	3.31035	20.7	25223	1.31290e-04	3.31152	21.0	25931	1.27640e-04	3.30996	19.3	26026	1.27180e-04	3.30996	20.0
3063.941	nan	27062	1.22320e-04	3.31016	20.7	25253	1.31110e-04	3.31094	21.0	25948	1.27560e-04	3.30977	19.3	26050	1.27050e-04	3.30957	20.0
3065.129	nan	27059	1.22350e-04	3.31074	20.7	25258	1.31110e-04	3.31152	21.0	25916	1.27700e-04	3.30957	19.3	26010	1.27260e-04	3.30996	20.0
3066.317	nan	27105	1.22110e-04	3.30977	20.7	25258	1.31120e-04	3.31172	21.0	25918	1.27710e-04	3.31016	19.3	26021	1.27200e-04	3.30996	20.0
3067.506	nan	27113	1.22120e-04	3.31094	20.7	25262	1.31070e-04	3.31113	21.0	25905	1.27750e-04	3.30938	19.3	26026	1.27160e-04	3.30957	20.0
3068.694	nan	27118	1.22110e-04	3.31133	20.7	25281	1.31010e-04	3.31191	21.0	25934	1.27640e-04	3.31016	19.3	26029	1.27170e-04	3.31016	20.0
3069.882	nan	27104	1.22150e-04	3.31074	20.7	25235	1.31240e-04	3.31191	21.0	25959	1.27530e-04	3.31055	19.3	26042	1.27110e-04	3.31035	20.0
3071.071	nan	27077	1.22260e-04	3.31035	20.7	25261	1.31080e-04	3.31133	21.0	25953	1.27540e-04	3.30996	19.3	26037	1.27110e-04	3.30957	20.0
3072.259	nan	27097	1.22170e-04	3.31055	20.7	25270	1.31040e-04	3.31133	21.0	25941	1.27600e-04	3.30996	19.3	26017	1.27230e-04	3.31016	20.0
3073.447	nan	27070	1.22290e-04	3.31035	20.7	25241	1.31190e-04	3.31133	21.0	25952	1.27540e-04	3.30996	19.3	25998	1.27320e-04	3.31016	20.0
3074.635	nan	27106	1.22130e-04	3.31055	20.7	25254	1.31130e-04	3.31152	21.0	25940	1.27590e-04	3.30977	19.3	26031	1.27160e-04	3.30996	20.0
3075.823	nan	27097	1.22160e-04	3.31016	20.7	25265	1.31060e-04	3.31133	21.0	25916	1.27720e-04	3.30996	19.3	26024	1.27170e-04	3.30957	20.0
3077.012	nan	27102	1.22150e-04	3.31055	20.7	25281	1.30960e-04	3.31094	21.0	25960	1.27490e-04	3.30957	19.3	26047	1.27060e-04	3.30957	20.0
3078.200	nan	27104	1.22140e-04	3.31055	20.7	25233	1.31250e-04	3.31191	21.0	25979	1.27410e-04	3.30996	19.3	26036	1.27140e-04	3.31016	20.0
3079.388	nan	27126	1.22040e-04	3.31035	20.7	25283	1.30980e-04	3.31152	21.0	25964	1.27490e-04	3.31016	19.3	26064	1.26990e-04	3.30996	20.0
3080.577	nan	27077	1.22250e-04	3.31016	20.7	25296	1.30900e-04	3.31113	21.0	25950	1.27540e-04	3.30977	19.3	26010	1.27240e-04	3.30957	20.0
3081.765	nan	27097	1.22180e-04	3.31055	20.7	25277	1.30990e-04	3.31094	21.0	25959	1.27490e-04	3.30957	19.3	26060	1.27010e-04	3.30977	20.0
3082.953	nan	27101	1.22150e-04	3.31035	20.7	25297	1.30910e-04	3.31152	21.0	25942	1.27590e-04	3.30996	19.3	26065	1.26980e-04	3.30977	20.0
3084.141	nan	27102	1.22140e-04	3.31016	20.7	25276	1.31010e-04	3.31133	21.0	25964	1.27470e-04	3.30977	19.3	26054	1.27040e-04	3.30977	20.0
3085.329	nan	27100	1.22160e-04	3.31035	20.7	25296	1.30900e-04	3.31113	21.0	25940	1.27590e-04	3.30957	19.3	26040	1.27100e-04	3.30977	20.0
3086.518	nan	27113	1.22120e-04	3.31094	20.7	25284	1.30970e-04	3.31133	21.0	25937	1.27610e-04	3.30977	19.3	26041	1.27100e-04	3.30996	20.0
3087.706	nan	27155	1.21910e-04	3.31035	20.7	25268	1.31070e-04	3.31172	21.0	25968	1.27480e-04	3.31035	19.3	26037	1.27130e-04	3.30996	20.0
3088.894	nan	27100	1.22150e-04	3.31016	20.7	25285	1.30960e-04	3.31133	21.0	25963	1.27480e-04	3.30977	19.2	26068	1.26980e-04	3.30996	20.0
3090.083	nan	27129	1.22050e-04	3.31094	20.7	25263	1.31080e-04	3.31152	21.0	25972	1.27430e-04	3.30977	19.2	26058	1.27010e-04	3.30957	20.0
3091.271	nan	27101	1.22160e-04	3.31074	20.7	25290	1.30960e-04	3.31191	21.0	25957	1.27530e-04	3.31035	19.2	26070	1.26980e-04	3.31035	20.0
3092.459	nan	27112	1.22100e-04	3.31035	20.7	25279	1.31000e-04	3.31152	21.0	25949	1.27570e-04	3.31016	19.2	26067	1.26980e-04	3.31016	20.0
3093.647	nan	27140	1.21970e-04	3.31035	20.7	25274	1.31020e-04	3.31133	21.0	25967	1.27460e-04	3.30977	19.2	26073	1.26930e-04	3.30957	20.0
3094.835	nan	27136	1.22000e-04	3.31074	20.7	25297	1.30900e-04	3.31133	21.0	25950	1.27540e-04	3.30977	19.2	26063	1.27000e-04	3.30996	20.0
3096.024	nan	27109	1.22120e-04	3.31055	20.7	25279	1.30990e-04	3.31133	21.0	25990	1.27360e-04	3.31016	19.2	26069	1.26970e-04	3.30996	20.0
3097.212	nan	27123	1.22060e-04	3.31055	20.7	25305	1.30850e-04	3.31113	21.0	26000	1.27300e-04	3.30977	19.2	26096	1.26830e-04	3.30957	20.0
3098.400	nan	27130	1.22030e-04	3.31055	20.7	25307	1.30860e-04	3.31172	21.0	25963	1.27480e-04	3.30977	19.2	26076	1.26920e-04	3.30957	20.0
3099.588	nan	27128	1.22040e-04	3.31055	20.7	25313	1.30810e-04	3.31133	21.0	25967	1.27460e-04	3.30977	19.2	26081	1.26910e-04	3.30996	20.0
3100.777	nan	27120	1.22070e-04	3.31055	20.7	25316	1.30810e-04	3.31152	21.0	25942	1.27580e-04	3.30977	19.2	26065	1.26990e-04	3.30996	20.0
3101.965	nan	27159	1.21890e-04	3.31035	20.7	25302	1.30870e-04	3.31133	21.0	25964	1.27480e-04	3.30996	19.2	26051	1.27050e-04	3.30977	20.0
3103.153	nan	27126	1.22030e-04	3.31016	20.7	25296	1.30900e-04	3.31133	21.0	25958	1.27500e-04	3.30977	19.2	26075	1.26920e-04	3.30938	20.0
3104.341	nan	27122	1.22070e-04	3.31074	20.7	25311	1.30830e-04	3.31133	21.0	25982	1.27380e-04	3.30957	19.2	26058	1.27020e-04	3.30996	20.0
3105.530	nan	27146	1.21950e-04	3.31035	20.7	25300	1.30890e-04	3.31152	21.0	26000	1.27300e-04	3.30996	19.2	26061	1.27010e-04	3.30996	20.0
3106.718	nan	27155	1.21890e-04	3.30996	20.7	25292	1.30920e-04	3.31113	21.0	25993	1.27330e-04	3.30977	19.2	26091	1.26850e-04	3.30977	20.0
3107.907	nan	27139	1.21990e-04	3.31055	20.7	25298	1.30880e-04	3.31113	21.0	25980	1.27390e-04	3.30957	19.2	26080	1.26910e-04	3.30977	20.0
3109.095	nan	27149	1.21930e-04	3.31035	20.7	25305	1.30860e-04	3.31133	21.0	25977	1.27420e-04	3.30996	19.2	26067	1.26970e-04	3.30977	20.0
3110.283	nan	27152	1.21920e-04	3.31035	20.7	25317	1.30790e-04	3.31113	21.0	25971	1.27440e-04	3.30977	19.2	26081	1.26900e-04	3.30957	20.0
3111.471	nan	27169	1.21840e-04	3.31016	20.7	25296	1.30890e-04	3.31094	21.0	25990	1.27350e-04	3.30977	19.2	26092	1.26840e-04	3.30957	20.0
3112.659	nan	27134	1.22020e-04	3.31074	20.7	25298	1.30910e-04	3.31172	21.0	26014	1.27220e-04	3.30957	19.2	26063	1.27000e-04	3.31016	20.0
3113.847	nan	27149	1.21930e-04	3.31035	20.7	25298	1.30890e-04	3.31133	21.0	25989	1.27370e-04	3.31016	19.2	26057	1.27030e-04	3.30996	20.0
3115.036	nan	27095	1.22180e-04	3.31035	20.7	25322	1.30770e-04	3.31133	21.0	25980	1.27400e-04	3.30977	19.2	26071	1.26960e-04	3.30996	20.0
3116.224	nan	27148	1.21940e-04	3.31035	20.7	25297	1.30900e-04	3.31133	21.0	25987	1.27360e-04	3.30977	19.2	26088	1.26870e-04	3.30977	20.0
3117.412	nan	27159	1.21900e-04	3.31055	20.7	25326	1.30750e-04	3.31133	21.0	25999	1.27310e-04	3.30996	19.2	26043	1.27090e-04	3.30977	20.0
3118.601	nan	27131	1.22010e-04	3.31016	20.7	25311	1.30830e-04	3.31152	21.0	25993	1.27330e-04	3.30977	19.2	26114	1.26750e-04	3.30996	20.0
3119.789	nan	27146	1.21930e-04	3.30996	20.7	25279	1.30980e-04	3.31113	21.0	25990	1.27350e-04	3.30977	19.2	26118	1.26720e-04	3.30977	20.0
3120.977	nan	27118	1.22090e-04	3.31094	20.7	25323	1.30750e-04	3.31094	21.0	25996	1.27300e-04	3.30938	19.2	26083	1.26880e-04	3.30938	20.0
3122.166	nan	27161	1.21890e-04	3.31074	20.7	25326	1.30770e-04	3.31172	21.0	26026	1.27180e-04	3.30996	19.2	26081	1.26920e-04	3.31016	20.0
3123.354	nan	27150	1.21930e-04	3.31035	20.7	25309	1.30850e-04	3.31172	21.0	26002	1.27310e-04	3.31035	19.2	26092	1.26860e-04	3.31016	20.0
3124.542	nan	27176	1.21800e-04	3.30996	20.7	25310	1.30830e-04	3.31113	21.0	26028	1.27160e-04	3.30977	19.2	26078	1.26910e-04	3.30957	20.0
3125.730	nan	27142	1.21970e-04	3.31055	20.7	25336	1.30700e-04	3.31152	21.0	25977	1.27390e-04	3.30938	19.2	26098	1.26820e-04	3.30977	20.0
3126.918	nan	27134	1.22000e-04	3.31035	20.7	25339	1.30690e-04	3.31152	21.0	26002	1.27300e-04	3.31016	19.2	26104	1.26790e-04	3.30977	20.0
3128.106	nan	27161	1.21880e-04	3.31035	20.7	25323	1.30770e-04	3.31133	21.0	26033	1.27140e-04	3.30977	19.2	26077	1.26910e-04	3.30938	20.0
3129.295	nan	27161	1.21890e-04	3.31055	20.7	25309	1.30820e-04	3.31094	21.0	26031	1.27140e-04	3.30957	19.2	26095	1.26840e-04	3.30977	20.0
3130.483	nan	27166	1.21860e-04	3.31055	20.7	25334	1.30720e-04	3.31172	21.0	26024	1.27180e-04	3.30977	19.2	26102	1.26810e-04	3.30996	20.0
3131.671	nan	27188	1.21750e-04	3.31016	20.7	25317	1.30790e-04	3.31133	21.0	26032	1.27140e-04	3.30977	19.2	26104	1.26800e-04	3.30996	20.0
3132.860	nan	27184	1.21770e-04	3.31016	20.7	25352	1.30610e-04	3.31113	21.0	26003	1.27280e-04	3.30977	19.2	26106	1.26780e-04	3.30957	20.0
3134.048	nan	27186	1.21790e-04	3.31094	20.7	25352	1.30610e-04	3.31133	21.0	26035	1.27130e-04	3.30977	19.2	26104	1.26800e-04	3.30996	20.0
3135.236	nan	27148	1.21940e-04	3.31055	20.7	25360	1.30600e-04	3.31191	21.0	25990	1.27360e-04	3.31016	19.2	26069	1.26980e-04	3.31035	20.0
3136.424	nan	27202	1.21700e-04	3.31055	20.7	25333	1.30720e-04	3.31152	21.0	26029	1.27160e-04	3.30996	19.2	26114	1.26750e-04	3.30977	20.0
3137.613	nan	27206	1.21680e-04	3.31035	20.7	25329	1.30720e-04	3.31094	21.0	26012	1.27240e-04	3.30977	19.2	26111	1.26740e-04	3.30918	20.0
3138.801	nan	27191	1.21750e-04	3.31055	20.7	25331	1.30750e-04	3.31191	21.0	26033	1.27130e-04	3.30957	19.2	26129	1.26700e-04	3.31055	20.0
3139.989	nan	27159	1.21890e-04	3.31035	20.7	25330	1.30740e-04	3.31172	21.0	26007	1.27270e-04	3.30996	19.2	26088	1.26880e-04	3.30996	20.0
3141.177	nan	27174	1.21830e-04	3.31055	20.7	25333	1.30710e-04	3.31133	21.0	26016	1.27230e-04	3.30996	19.2	26124	1.26690e-04	3.30977	20.0
3142.366	nan	27179	1.21800e-04	3.31035	20.7	25347	1.30630e-04	3.31113	21.0	26029	1.27160e-04	3.30977	19.2	26140	1.26620e-04	3.30977	20.0
3143.554	nan	27159	1.21890e-04	3.31035	20.7	25322	1.30770e-04	3.31133	21.0	26027	1.27180e-04	3.30996	19.2	26133	1.26660e-04	3.30996	20.0
3144.742	nan	27197	1.21720e-04	3.31035	20.7	25370	1.30520e-04	3.31133	21.0	26044	1.27080e-04	3.30977	19.2	26126	1.26690e-04	3.30977	20.0
3145.931	nan	27170	1.21830e-04	3.30996	20.7	25357	1.30590e-04	3.31133	21.0	26010	1.27250e-04	3.30977	19.2	26100	1.26810e-04	3.30977	20.0
3147.118	nan	27194	1.21740e-04	3.31055	20.7	25381	1.30450e-04	3.31094	21.0	26062	1.26990e-04	3.30957	19.2	26112	1.26740e-04	3.30938	20.0
3148.307	nan	27185	1.21780e-04	3.31055	20.7	25353	1.30620e-04	3.31172	21.0	26009	1.27250e-04	3.30977	19.2	26131	1.26670e-04	3.31016	20.0
3149.495	nan	27187	1.21760e-04	3.31035	20.7	25333	1.30700e-04	3.31094	21.0	26022	1.27200e-04	3.30996	19.2	26100	1.26800e-04	3.30938	20.0
3150.683	nan	27189	1.21770e-04	3.31074	20.7	25373	1.30510e-04	3.31152	21.0	26050	1.27050e-04	3.30977	19.2	26133	1.26670e-04	3.31016	20.0
3151.872	nan	27193	1.21750e-04	3.31074	20.7	25351	1.30640e-04	3.31172	21.0	26047	1.27080e-04	3.31016	19.2	26150	1.26590e-04	3.31035	20.0
3153.060	nan	27177	1.21790e-04	3.30996	20.7	25338	1.30690e-04	3.31133	21.0	26054	1.27050e-04	3.31016	19.2	26139	1.26620e-04	3.30977	20.0
3154.248	nan	27183	1.21790e-04	3.31055	20.7	25331	1.30720e-04	3.31133	21.0	26030	1.27140e-04	3.30938	19.2	26117	1.26730e-04	3.30977	20.0
3155.436	nan	27196	1.21740e-04	3.31074	20.7	25374	1.30510e-04	3.31152	21.0	26040	1.27110e-04	3.30996	19.2	26114	1.26750e-04	3.30996	20.0
3156.625	nan	27199	1.21720e-04	3.31055	20.7	25335	1.30710e-04	3.31152	21.0	26016	1.27230e-04	3.31016	19.2	26129	1.26670e-04	3.30977	20.0
3157.813	nan	27197	1.21720e-04	3.31035	20.7	25338	1.30690e-04	3.31152	21.0	26035	1.27130e-04	3.30996	19.2	26134	1.26650e-04	3.30996	20.0
3159.001	nan	27246	1.21490e-04	3.31016	20.7	25390	1.30420e-04	3.31133	21.0	26048	1.27060e-04	3.30977	19.2	26140	1.26620e-04	3.30977	20.0
3160.190	nan	27180	1.21810e-04	3.31074	20.7	25343	1.30660e-04	3.31133	21.0	26035	1.27120e-04	3.30957	19.2	26156	1.26550e-04	3.30996	20.0
3161.378	nan	27204	1.21690e-04	3.31055	20.7	25352	1.30610e-04	3.31133	21.0	26061	1.27020e-04	3.31016	19.2	26179	1.26440e-04	3.30996	20.0
3162.566	nan	27188	1.21760e-04	3.31035	20.7	25388	1.30430e-04	3.31133	21.0	26065	1.26980e-04	3.30977	19.2	26131	1.26660e-04	3.30977	20.0
3163.754	nan	27237	1.21540e-04	3.31035	20.7	25357	1.30570e-04	3.31094	21.0	26039	1.27110e-04	3.30977	19.2	26138	1.26620e-04	3.30957	20.0
3164.942	nan	27213	1.21650e-04	3.31035	20.7	25343	1.30670e-04	3.31152	21.0	26048	1.27060e-04	3.30957	19.2	26139	1.26630e-04	3.30996	20.0
3166.131	nan	27193	1.21730e-04	3.31016	20.7	25391	1.30410e-04	3.31133	21.0	26062	1.26990e-04	3.30977	19.2	26141	1.26610e-04	3.30977	20.0
3167.319	nan	27238	1.21540e-04	3.31055	20.7	25393	1.30390e-04	3.31113	21.0	26047	1.27060e-04	3.30957	19.2	26111	1.26760e-04	3.30977	20.0
3168.507	nan	27235	1.21550e-04	3.31035	20.7	25397	1.30380e-04	3.31133	21.0	26069	1.26960e-04	3.30957	19.2	26171	1.26450e-04	3.30938	20.0
3169.695	nan	27156	1.21910e-04	3.31055	20.6	25358	1.30590e-04	3.31133	21.0	26056	1.27030e-04	3.30977	19.2	26151	1.26560e-04	3.30977	20.0
3170.884	nan	27230	1.21570e-04	3.31035	20.7	25360	1.30570e-04	3.31133	21.0	26065	1.26990e-04	3.30996	19.2	26150	1.26570e-04	3.30996	20.0
3172.072	nan	27205	1.21670e-04	3.30996	20.7	25361	1.30560e-04	3.31113	21.0	26050	1.27060e-04	3.30977	19.2	26125	1.26670e-04	3.30938	20.0
3173.260	nan	27169	1.21860e-04	3.31094	20.7	25383	1.30460e-04	3.31152	21.0	26040	1.27090e-04	3.30957	19.2	26176	1.26470e-04	3.31035	20.0
3174.448	nan	27218	1.21630e-04	3.31055	20.6	25398	1.30390e-04	3.31172	21.0	26070	1.26980e-04	3.31035	19.2	26146	1.26600e-04	3.31016	20.0
3175.637	nan	27219	1.21620e-04	3.31035	20.6	25416	1.30290e-04	3.31133	21.0	26080	1.26910e-04	3.30996	19.2	26140	1.26610e-04	3.30957	20.0
3176.825	nan	27209	1.21670e-04	3.31035	20.6	25403	1.30340e-04	3.31113	21.0	26060	1.27000e-04	3.30977	19.2	26154	1.26550e-04	3.30977	20.0
3178.013	nan	27229	1.21570e-04	3.31035	20.6	25378	1.30490e-04	3.31152	21.0	26103	1.26800e-04	3.30977	19.2	26145	1.26600e-04	3.30996	20.0
3179.201	nan	27222	1.21600e-04	3.31016	20.6	25405	1.30340e-04	3.31133	21.0	26061	1.27000e-04	3.30977	19.2	26175	1.26450e-04	3.30977	20.0
3180.390	nan	27224	1.21570e-04	3.30977	20.6	25364	1.30540e-04	3.31094	21.0	26056	1.27020e-04	3.30957	19.2	26162	1.26510e-04	3.30977	20.0
3181.578	nan	27223	1.21610e-04	3.31055	20.6	25381	1.30450e-04	3.31094	21.0	26063	1.26970e-04	3.30918	19.2	26160	1.26510e-04	3.30957	20.0
3182.766	nan	27232	1.21570e-04	3.31074	20.6	25382	1.30450e-04	3.31113	21.0	26054	1.27050e-04	3.31016	19.2	26161	1.26510e-04	3.30957	20.0
3183.955	nan	27236	1.21540e-04	3.31035	20.6	25370	1.30530e-04	3.31152	21.0	26085	1.26900e-04	3.31016	19.2	26155	1.26550e-04	3.30996	20.0
3185.143	nan	27234	1.21540e-04	3.31016	20.6	25358	1.30580e-04	3.31133	21.0	26081	1.26900e-04	3.30977	19.2	26163	1.26500e-04	3.30957	20.0
3186.331	nan	27239	1.21530e-04	3.31035	20.6	25383	1.30450e-04	3.31113	21.0	26066	1.26970e-04	3.30957	19.2	26171	1.26460e-04	3.30977	20.0
3187.519	nan	27259	1.21440e-04	3.31035	20.6	25394	1.30400e-04	3.31133	21.0	26066	1.26980e-04	3.30977	19.2	26182	1.26410e-04	3.30977	20.0
3188.708	nan	27261	1.21410e-04	3.30977	20.6	25382	1.30450e-04	3.31113	21.0	26085	1.26880e-04	3.30977	19.2	26180	1.26420e-04	3.30957	20.0
3189.896	nan	27245	1.21520e-04	3.31094	20.6	25380	1.30450e-04	3.31094	21.0	26063	1.26980e-04	3.30938	19.2	26177	1.26430e-04	3.30957	20.0
3191.084	nan	27239	1.21540e-04	3.31074	20.6	25420	1.30290e-04	3.31191	21.0	26089	1.26880e-04	3.31016	19.2	26149	1.26590e-04	3.31016	20.0
3192.272	nan	27232	1.21550e-04	3.31016	20.6	25394	1.30410e-04	3.31152	21.0	26073	1.26950e-04	3.30996	19.2	26190	1.26370e-04	3.30977	20.0
3193.460	nan	27222	1.21590e-04	3.30996	20.6	25391	1.30400e-04	3.31113	21.0	26082	1.26900e-04	3.30977	19.2	26180	1.26420e-04	3.30977	20.0
3194.649	nan	27250	1.21510e-04	3.31113	20.6	25425	1.30240e-04	3.31133	21.0	26103	1.26780e-04	3.30938	19.2	26191	1.26350e-04	3.30938	20.0
3195.837	nan	27264	1.21430e-04	3.31055	20.6	25403	1.30360e-04	3.31152	21.0	26091	1.26870e-04	3.31016	19.2	26195	1.26360e-04	3.31016	20.0
3197.025	nan	27243	1.21500e-04	3.31016	20.6	25402	1.30360e-04	3.31133	21.0	26074	1.26940e-04	3.30977	19.2	26186	1.26390e-04	3.30977	20.0
3198.214	nan	27277	1.21360e-04	3.31035	20.6	25406	1.30330e-04	3.31113	21.0	26092	1.26850e-04	3.30977	19.2	26183	1.26400e-04	3.30957	20.0
3199.402	nan	27205	1.21690e-04	3.31055	20.6	25396	1.30400e-04	3.31172	21.0	26105	1.26790e-04	3.30996	19.2	26198	1.26350e-04	3.31016	20.0
3200.590	nan	27228	1.21580e-04	3.31055	20.6	25363	1.30570e-04	3.31172	21.0	26106	1.26800e-04	3.31016	19.2	26152	1.26560e-04	3.30996	20.0
3201.778	nan	27240	1.21530e-04	3.31035	20.6	25386	1.30430e-04	3.31113	21.0	26067	1.26970e-04	3.30977	19.2	26176	1.26440e-04	3.30977	20.0
3202.967	nan	27222	1.21600e-04	3.31035	20.6	25427	1.30230e-04	3.31133	21.0	26097	1.26820e-04	3.30977	19.2	26199	1.26330e-04	3.30977	20.0
3204.155	nan	27227	1.21580e-04	3.31016	20.6	25414	1.30290e-04	3.31113	21.0	26104	1.26790e-04	3.30977	19.2	26179	1.26430e-04	3.30977	20.0
3205.343	nan	27240	1.21520e-04	3.31016	20.6	25418	1.30270e-04	3.31113	21.0	26119	1.26710e-04	3.30957	19.2	26182	1.26410e-04	3.30957	20.0
3206.532	nan	27249	1.21460e-04	3.30977	20.6	25406	1.30330e-04	3.31113	21.0	26068	1.26960e-04	3.30957	19.2	26193	1.26350e-04	3.30957	20.0
3207.720	nan	27281	1.21350e-04	3.31055	20.6	25433	1.30180e-04	3.31094	21.0	26064	1.26970e-04	3.30938	19.2	26182	1.26410e-04	3.30957	20.0
3208.908	nan	27222	1.21600e-04	3.31016	20.6	25413	1.30290e-04	3.31094	21.0	26114	1.26740e-04	3.30977	19.2	26160	1.26510e-04	3.30957	19.9
3210.096	nan	27267	1.21400e-04	3.31016	20.6	25404	1.30330e-04	3.31094	21.0	26122	1.26710e-04	3.30977	19.2	26187	1.26370e-04	3.30938	19.9
3211.285	nan	27264	1.21420e-04	3.31035	20.6	25437	1.30180e-04	3.31133	21.0	26111	1.26750e-04	3.30957	19.2	26166	1.26490e-04	3.30977	19.9
3212.472	nan	27246	1.21500e-04	3.31055	20.6	25427	1.30240e-04	3.31172	21.0	26113	1.26750e-04	3.30977	19.2	26193	1.26370e-04	3.30996	19.9
3213.661	nan	27255	1.21470e-04	3.31055	20.6	25422	1.30250e-04	3.31133	21.0	26117	1.26740e-04	3.30996	19.2	26202	1.26310e-04	3.30957	19.9
3214.849	nan	27276	1.21370e-04	3.31055	20.6	25397	1.30390e-04	3.31152	21.0	26104	1.26800e-04	3.30996	19.2	26186	1.26400e-04	3.30977	19.9
3216.037	nan	27241	1.21510e-04	3.31016	20.6	25434	1.30190e-04	3.31113	21.0	26097	1.26830e-04	3.30977	19.2	26218	1.26240e-04	3.30977	19.9
3217.226	nan	27275	1.21380e-04	3.31074	20.6	25421	1.30270e-04	3.31152	21.0	26110	1.26760e-04	3.30977	19.2	26202	1.26330e-04	3.30996	19.9
3218.414	nan	27257	1.21440e-04	3.31016	20.6	25457	1.30070e-04	3.31113	21.0	26118	1.26730e-04	3.30996	19.2	26225	1.26200e-04	3.30957	19.9
3219.602	nan	27272	1.21380e-04	3.31035	20.6	25443	1.30150e-04	3.31152	21.0	26110	1.26750e-04	3.30957	19.2	26196	1.26350e-04	3.30977	19.9
3220.791	nan	27230	1.21560e-04	3.31016	20.6	25456	1.30070e-04	3.31113	21.0	26096	1.26830e-04	3.30977	19.2	26198	1.26330e-04	3.30957	19.9
3221.979	nan	27267	1.21410e-04	3.31055	20.6	25437	1.30170e-04	3.31113	21.0	26115	1.26740e-04	3.30977	19.2	26200	1.26320e-04	3.30957	19.9
3223.167	nan	27299	1.21260e-04	3.31035	20.6	25442	1.30150e-04	3.31133	21.0	26131	1.26670e-04	3.30996	19.1	26205	1.26300e-04	3.30977	19.9
3224.355	nan	27249	1.21480e-04	3.31016	20.6	25428	1.30220e-04	3.31113	21.0	26146	1.26590e-04	3.30977	19.1	26185	1.26390e-04	3.30957	19.9
3225.543	nan	27278	1.21350e-04	3.31016	20.6	25431	1.30200e-04	3.31113	21.0	26142	1.26600e-04	3.30957	19.1	26206	1.26290e-04	3.30957	19.9
3226.732	nan	27261	1.21430e-04	3.31016	20.6	25429	1.30200e-04	3.31094	21.0	26128	1.26670e-04	3.30957	19.1	26217	1.26240e-04	3.30957	19.9
3227.920	nan	27273	1.21370e-04	3.31016	20.6	25414	1.30280e-04	3.31094	21.0	26127	1.26670e-04	3.30957	19.1	26206	1.26290e-04	3.30957	19.9
3229.108	nan	27287	1.21310e-04	3.31016	20.6	25466	1.30020e-04	3.31094	21.0	26108	1.26760e-04	3.30957	19.1	26254	1.26060e-04	3.30957	19.9
3230.296	nan	27261	1.21440e-04	3.31074	20.6	25434	1.30200e-04	3.31152	21.0	26123	1.26690e-04	3.30957	19.1	26219	1.26240e-04	3.30977	19.9
3231.485	nan	27265	1.21400e-04	3.30996	20.6	25418	1.30280e-04	3.31133	21.0	26098	1.26830e-04	3.30996	19.1	26220	1.26220e-04	3.30957	19.9
3232.673	nan	27292	1.21300e-04	3.31035	20.6	25459	1.30060e-04	3.31133	21.0	26135	1.26630e-04	3.30957	19.1	26238	1.26140e-04	3.30977	19.9
3233.861	nan	27258	1.21460e-04	3.31094	20.6	25450	1.30100e-04	3.31113	21.0	26130	1.26670e-04	3.30977	19.1	26256	1.26060e-04	3.30977	19.9
3235.050	nan	27278	1.21360e-04	3.31055	20.6	25450	1.30140e-04	3.31191	21.0	26152	1.26580e-04	3.31035	19.1	26221	1.26250e-04	3.31035	19.9
3236.238	nan	27300	1.21270e-04	3.31074	20.6	25451	1.30100e-04	3.31113	21.0	26131	1.26670e-04	3.30996	19.1	26217	1.26240e-04	3.30957	19.9
3237.426	nan	27255	1.21470e-04	3.31055	20.6	25435	1.30190e-04	3.31152	21.0	26147	1.26590e-04	3.30996	19.1	26232	1.26190e-04	3.31016	19.9
3238.614	nan	27305	1.21250e-04	3.31074	20.6	25398	1.30390e-04	3.31172	21.0	26155	1.26550e-04	3.30996	19.1	26223	1.26230e-04	3.31016	19.9
3239.802	nan	27298	1.21270e-04	3.31035	20.6	25443	1.30150e-04	3.31152	21.0	26137	1.26640e-04	3.30996	19.1	26253	1.26080e-04	3.30996	19.9
3240.991	nan	27301	1.21250e-04	3.31035	20.6	25458	1.30060e-04	3.31113	21.0	26143	1.26600e-04	3.30977	19.1	26207	1.26290e-04	3.30957	19.9
3242.179	nan	27309	1.21230e-04	3.31055	20.6	25464	1.30040e-04	3.31133	21.0	26151	1.26560e-04	3.30977	19.1	26212	1.26280e-04	3.30996	19.9
3243.367	nan	27329	1.21130e-04	3.31055	20.6	25468	1.30030e-04	3.31172	21.0	26128	1.26680e-04	3.30996	19.1	26232	1.26190e-04	3.31016	19.9
3244.556	nan	27283	1.21330e-04	3.31016	20.6	25434	1.30190e-04	3.31133	21.0	26141	1.26620e-04	3.30996	19.1	26251	1.26080e-04	3.30977	19.9
3245.744	nan	27277	1.21360e-04	3.31035	20.6	25463	1.30040e-04	3.31113	21.0	26150	1.26560e-04	3.30957	19.1	26199	1.26330e-04	3.30957	19.9
3246.932	nan	27314	1.21210e-04	3.31055	20.6	25434	1.30180e-04	3.31094	21.0	26150	1.26560e-04	3.30957	19.1	26239	1.26130e-04	3.30957	19.9
3248.120	nan	27294	1.21290e-04	3.31055	20.6	25481	1.29960e-04	3.31152	21.0	26132	1.26660e-04	3.30977	19.1	26245	1.26120e-04	3.30996	19.9
3249.309	nan	27331	1.21120e-04	3.31035	20.6	25481	1.29950e-04	3.31113	21.0	26169	1.26490e-04	3.31016	19.1	26250	1.26090e-04	3.30977	19.9
3250.497	nan	27306	1.21240e-04	3.31074	20.6	25472	1.30000e-04	3.31152	21.0	26151	1.26560e-04	3.30957	19.1	26240	1.26140e-04	3.30996	19.9
3251.685	nan	27310	1.21220e-04	3.31055	20.6	25479	1.29980e-04	3.31172	21.0	26169	1.26490e-04	3.31016	19.1	26279	1.25970e-04	3.31035	19.9
3252.873	nan	27263	1.21420e-04	3.31035	20.6	25460	1.30060e-04	3.31133	21.0	26167	1.26480e-04	3.30977	19.1	26266	1.26000e-04	3.30957	19.9
3254.061	nan	27289	1.21290e-04	3.30996	20.6	25449	1.30110e-04	3.31133	21.0	26148	1.26580e-04	3.30977	19.1	26221	1.26240e-04	3.30996	19.9
3255.250	nan	27282	1.21350e-04	3.31074	20.6	25501	1.29850e-04	3.31133	21.0	26173	1.26450e-04	3.30957	19.1	26233	1.26170e-04	3.30977	19.9
3256.438	nan	27282	1.21350e-04	3.31074	20.6	25472	1.30010e-04	3.31172	21.0	26185	1.26410e-04	3.30996	19.1	26252	1.26080e-04	3.30996	19.9
3257.627	nan	27297	1.21270e-04	3.31035	20.6	25462	1.30060e-04	3.31152	21.0	26183	1.26420e-04	3.30996	19.1	26237	1.26150e-04	3.30977	19.9
3258.814	nan	27298	1.21250e-04	3.30996	20.6	25448	1.30100e-04	3.31094	21.0	26163	1.26500e-04	3.30977	19.1	26234	1.26140e-04	3.30918	19.9
3260.003	nan	27282	1.21350e-04	3.31074	20.6	25481	1.29950e-04	3.31133	21.0	26156	1.26520e-04	3.30938	19.1	26270	1.25990e-04	3.30977	19.9
3261.191	nan	27322	1.21180e-04	3.31074	20.6	25496	1.29890e-04	3.31172	21.0	26170	1.26490e-04	3.31016	19.1	26213	1.26290e-04	3.31035	19.9
3262.380	nan	27290	1.21300e-04	3.31035	20.6	25477	1.29970e-04	3.31113	21.0	26167	1.26500e-04	3.31016	19.1	26241	1.26130e-04	3.30977	19.9
3263.568	nan	27277	1.21370e-04	3.31055	20.6	25490	1.29920e-04	3.31172	21.0	26172	1.26460e-04	3.30977	19.1	26218	1.26250e-04	3.31016	19.9
3264.756	nan	27310	1.21210e-04	3.31016	20.6	25468	1.30030e-04	3.31152	21.0	26174	1.26470e-04	3.31016	19.1	26234	1.26160e-04	3.30977	19.9
3265.944	nan	27353	1.21030e-04	3.31035	20.6	25459	1.30060e-04	3.31113	21.0	26185	1.26390e-04	3.30957	19.1	26225	1.26200e-04	3.30957	19.9
3267.132	nan	27313	1.21200e-04	3.31035	20.6	25468	1.30020e-04	3.31133	21.0	26181	1.26420e-04	3.30977	19.1	26226	1.26200e-04	3.30957	19.9
3268.321	nan	27325	1.21140e-04	3.31016	20.6	25464	1.30030e-04	3.31113	21.0	26182	1.26410e-04	3.30957	19.1	26250	1.26070e-04	3.30938	19.9
3269.509	nan	27325	1.21150e-04	3.31055	20.6	25458	1.30080e-04	3.31152	21.0	26175	1.26450e-04	3.30977	19.1	26264	1.26030e-04	3.31016	19.9
3270.697	nan	27321	1.21160e-04	3.31035	20.6	25455	1.30090e-04	3.31152	21.0	26176	1.26450e-04	3.30996	19.1	26264	1.26010e-04	3.30957	19.9
3271.886	nan	27280	1.21340e-04	3.31016	20.6	25502	1.29830e-04	3.31094	21.0	26171	1.26470e-04	3.30977	19.1	26262	1.26020e-04	3.30957	19.9
3273.073	nan	27323	1.21180e-04	3.31094	20.6	25493	1.29910e-04	3.31191	21.0	26166	1.26490e-04	3.30977	19.1	26247	1.26120e-04	3.31035	19.9
3274.262	nan	27303	1.21250e-04	3.31055	20.6	25480	1.29970e-04	3.31152	21.0	26146	1.26610e-04	3.31035	19.1	26252	1.26090e-04	3.31016	19.9
3275.450	nan	27342	1.21080e-04	3.31055	20.6	25487	1.29920e-04	3.31133	21.0	26156	1.26540e-04	3.30977	19.1	26264	1.26020e-04	3.30977	19.9
3276.639	nan	27360	1.21000e-04	3.31055	20.6	25474	1.29990e-04	3.31133	21.0	26179	1.26440e-04	3.30996	19.1	26272	1.25980e-04	3.30977	19.9
3277.827	nan	27318	1.21190e-04	3.31055	20.6	25507	1.29840e-04	3.31172	21.0	26185	1.26410e-04	3.30996	19.1	26256	1.26070e-04	3.31016	19.9
3279.015	nan	27330	1.21120e-04	3.31016	20.6	25538	1.29660e-04	3.31133	21.0	26190	1.26380e-04	3.30996	19.1	26268	1.26000e-04	3.30977	19.9
3280.203	nan	27313	1.21190e-04	3.30996	20.6	25497	1.29860e-04	3.31113	21.0	26201	1.26310e-04	3.30957	19.1	26251	1.26060e-04	3.30938	19.9
3281.392	nan	27336	1.21110e-04	3.31074	20.6	25488	1.29910e-04	3.31113	21.0	26205	1.26290e-04	3.30938	19.1	26269	1.26000e-04	3.30977	19.9
3282.580	nan	27332	1.21130e-04	3.31055	20.6	25478	1.29980e-04	3.31172	21.0	26189	1.26400e-04	3.31035	19.1	26269	1.26000e-04	3.30996	19.9
3283.768	nan	27345	1.21060e-04	3.31035	20.6	25510	1.29810e-04	3.31133	21.0	26184	1.26410e-04	3.30996	19.1	26267	1.26000e-04	3.30977	19.9
3284.956	nan	27345	1.21060e-04	3.31035	20.6	25501	1.29840e-04	3.31113	21.0	26173	1.26470e-04	3.30996	19.1	26290	1.25890e-04	3.30957	19.9
3286.144	nan	27355	1.21010e-04	3.31035	20.6	25523	1.29740e-04	3.31133	21.0	26184	1.26400e-04	3.30957	19.1	26294	1.25870e-04	3.30977	19.9
3287.333	nan	27354	1.21020e-04	3.31035	20.6	25501	1.29850e-04	3.31133	21.0	26165	1.26500e-04	3.30977	19.1	26246	1.26110e-04	3.30977	19.9
3288.521	nan	27347	1.21030e-04	3.30996	20.6	25519	1.29760e-04	3.31133	21.0	26187	1.26390e-04	3.30977	19.1	26261	1.26030e-04	3.30957	19.9
3289.710	nan	27345	1.21080e-04	3.31094	20.6	25502	1.29860e-04	3.31152	21.0	26202	1.26300e-04	3.30938	19.1	26253	1.26080e-04	3.30996	19.9
3290.897	nan	27312	1.21210e-04	3.31035	20.6	25499	1.29880e-04	3.31172	21.0	26188	1.26410e-04	3.31035	19.1	26256	1.26070e-04	3.30996	19.9
3292.086	nan	27331	1.21130e-04	3.31055	20.6	25500	1.29870e-04	3.31152	21.0	26205	1.26310e-04	3.30996	19.1	26259	1.26050e-04	3.30996	19.9
3293.274	nan	27343	1.21080e-04	3.31055	20.6	25503	1.29830e-04	3.31113	21.0	26185	1.26410e-04	3.30996	19.1	26273	1.25980e-04	3.30977	19.9
3294.462	nan	27361	1.21000e-04	3.31055	20.6	25546	1.29620e-04	3.31133	21.0	26181	1.26430e-04	3.30996	19.1	26237	1.26150e-04	3.30977	19.9
3295.650	nan	27310	1.21220e-04	3.31055	20.6	25495	1.29900e-04	3.31172	21.0	26246	1.26100e-04	3.30977	19.1	26278	1.25970e-04	3.31016	19.9
3296.839	nan	27300	1.21260e-04	3.31035	20.6	25505	1.29830e-04	3.31133	21.0	26213	1.26270e-04	3.30996	19.1	26290	1.25890e-04	3.30957	19.9
3298.027	nan	27325	1.21140e-04	3.31016	20.6	25546	1.29610e-04	3.31094	21.0	26194	1.26360e-04	3.30996	19.1	26276	1.25940e-04	3.30918	19.9
3299.215	nan	27329	1.21140e-04	3.31074	20.6	25528	1.29730e-04	3.31172	21.0	26215	1.26250e-04	3.30957	19.1	26285	1.25930e-04	3.30996	19.9
3300.403	nan	27344	1.21060e-04	3.31035	20.6	25535	1.29680e-04	3.31152	21.0	26202	1.26330e-04	3.30996	19.1	26298	1.25870e-04	3.30996	19.9
3301.592	nan	27377	1.20930e-04	3.31074	20.6	25541	1.29650e-04	3.31133	21.0	26229	1.26190e-04	3.30977	19.1	26283	1.25930e-04	3.30996	19.9
3302.780	nan	27382	1.20900e-04	3.31035	20.6	25530	1.29710e-04	3.31152	21.0	26208	1.26310e-04	3.31035	19.1	26283	1.25930e-04	3.30977	19.9
3303.969	nan	27357	1.21010e-04	3.31055	20.6	25528	1.29720e-04	3.31152	21.0	26207	1.26290e-04	3.30977	19.1	26294	1.25880e-04	3.30996	19.9
3305.156	nan	27333	1.21110e-04	3.31016	20.6	25543	1.29630e-04	3.31113	21.0	26239	1.26150e-04	3.30996	19.1	26251	1.26080e-04	3.30977	19.9
3306.345	nan	27367	1.20960e-04	3.31016	20.6	25512	1.29780e-04	3.31094	21.0	26187	1.26380e-04	3.30957	19.1	26304	1.25820e-04	3.30957	19.9
3307.533	nan	27352	1.21030e-04	3.31055	20.6	25503	1.29830e-04	3.31094	21.0	26209	1.26280e-04	3.30977	19.1	26293	1.25870e-04	3.30938	19.9
3308.721	nan	27360	1.21010e-04	3.31074	20.6	25525	1.29760e-04	3.31211	21.0	26202	1.26330e-04	3.30996	19.1	26276	1.25990e-04	3.31035	19.9
3309.909	nan	27391	1.20850e-04	3.31035	20.6	25529	1.29710e-04	3.31133	21.0	26259	1.26060e-04	3.31016	19.1	26334	1.25680e-04	3.30977	19.9
3311.098	nan	27352	1.21030e-04	3.31055	20.6	25515	1.29770e-04	3.31113	21.0	26231	1.26170e-04	3.30957	19.1	26290	1.25890e-04	3.30977	19.9
3312.286	nan	27382	1.20890e-04	3.31035	20.6	25516	1.29790e-04	3.31172	21.0	26218	1.26250e-04	3.30996	19.1	26283	1.25940e-04	3.31016	19.9
3313.474	nan	27381	1.20910e-04	3.31074	20.6	25506	1.29830e-04	3.31152	21.0	26224	1.26210e-04	3.30977	19.1	26280	1.25940e-04	3.30977	19.9
3314.663	nan	27384	1.20880e-04	3.31016	20.6	25516	1.29770e-04	3.31133	21.0	26214	1.26260e-04	3.30996	19.1	26334	1.25680e-04	3.30977	19.9
3315.851	nan	27404	1.20800e-04	3.31035	20.6	25542	1.29640e-04	3.31133	21.0	26226	1.26200e-04	3.30957	19.1	26306	1.25820e-04	3.30977	19.9
3317.039	nan	27371	1.20950e-04	3.31055	20.6	25557	1.29570e-04	3.31133	21.0	26237	1.26150e-04	3.30977	19.1	26318	1.25770e-04	3.30996	19.9
3318.228	nan	27326	1.21140e-04	3.31035	20.6	25531	1.29700e-04	3.31133	21.0	26215	1.26260e-04	3.30996	19.1	26309	1.25800e-04	3.30977	19.9
3319.416	nan	27353	1.21020e-04	3.31016	20.6	25531	1.29700e-04	3.31133	21.0	26217	1.26240e-04	3.30977	19.1	26308	1.25800e-04	3.30957	19.9
3320.604	nan	27378	1.20920e-04	3.31055	20.6	25522	1.29740e-04	3.31113	21.0	26220	1.26220e-04	3.30957	19.1	26304	1.25820e-04	3.30957	19.9
3321.792	nan	27375	1.20940e-04	3.31074	20.6	25524	1.29750e-04	3.31172	21.0	26207	1.26300e-04	3.30996	19.1	26272	1.25990e-04	3.30996	19.9
3322.980	nan	27365	1.20970e-04	3.31035	20.6	25515	1.29780e-04	3.31133	21.0	26227	1.26210e-04	3.31016	19.1	26290	1.25890e-04	3.30977	19.9
3324.169	nan	27383	1.20880e-04	3.30996	20.6	25547	1.29620e-04	3.31133	21.0	26236	1.26150e-04	3.30977	19.1	26308	1.25810e-04	3.30977	19.9
3325.357	nan	27364	1.20980e-04	3.31035	20.6	25566	1.29520e-04	3.31113	21.0	26245	1.26100e-04	3.30938	19.1	26330	1.25700e-04	3.30957	19.9
3326.545	nan	27380	1.20900e-04	3.31035	20.6	25570	1.29490e-04	3.31113	21.0	26253	1.26070e-04	3.30977	19.1	26309	1.25800e-04	3.30957	19.9
3327.734	nan	27388	1.20870e-04	3.31035	20.6	25523	1.29740e-04	3.31133	21.0	26216	1.26250e-04	3.30977	19.1	26323	1.25740e-04	3.30977	19.9
3328.922	nan	27400	1.20800e-04	3.30996	20.6	25558	1.29550e-04	3.31113	21.0	26239	1.26130e-04	3.30957	19.1	26336	1.25670e-04	3.30957	19.9
3330.110	nan	27434	1.20680e-04	3.31074	20.6	25540	1.29660e-04	3.31152	21.0	26196	1.26330e-04	3.30938	19.1	26330	1.25710e-04	3.30996	19.9
3331.298	nan	27382	1.20880e-04	3.30996	20.6	25554	1.29580e-04	3.31133	21.0	26218	1.26260e-04	3.31016	19.1	26338	1.25660e-04	3.30977	19.9
3332.487	nan	27394	1.20840e-04	3.31035	20.6	25554	1.29560e-04	3.31074	21.0	26257	1.26040e-04	3.30957	19.1	26309	1.25780e-04	3.30918	19.9
3333.675	nan	27364	1.21000e-04	3.31094	20.6	25537	1.29680e-04	3.31172	21.0	26226	1.26200e-04	3.30977	19.1	26288	1.25920e-04	3.31016	19.9
3334.863	nan	27390	1.20870e-04	3.31055	20.6	25564	1.29550e-04	3.31191	21.0	26267	1.26030e-04	3.31035	19.1	26316	1.25790e-04	3.31016	19.9
3336.051	nan	27372	1.20950e-04	3.31074	20.6	25579	1.29460e-04	3.31152	21.0	26263	1.26030e-04	3.30996	19.1	26394	1.25410e-04	3.30996	19.9
3337.240	nan	27402	1.20800e-04	3.31016	20.6	25529	1.29700e-04	3.31113	21.0	26255	1.26070e-04	3.30996	19.1	26320	1.25740e-04	3.30957	19.9
3338.428	nan	27378	1.20920e-04	3.31055	20.6	25553	1.29600e-04	3.31152	21.0	26212	1.26260e-04	3.30957	19.1	26324	1.25730e-04	3.30977	19.9
3339.616	nan	27437	1.20650e-04	3.31035	20.6	25548	1.29610e-04	3.31133	21.0	26249	1.26100e-04	3.30996	19.1	26309	1.25800e-04	3.30977	19.9
3340.805	nan	27401	1.20820e-04	3.31074	20.6	25544	1.29630e-04	3.31133	21.0	26223	1.26210e-04	3.30977	19.1	26288	1.25910e-04	3.30977	19.9
3341.993	nan	27418	1.20740e-04	3.31055	20.6	25536	1.29670e-04	3.31133	21.0	26256	1.26070e-04	3.30996	19.1	26337	1.25660e-04	3.30957	19.9
3343.181	nan	27401	1.20830e-04	3.31074	20.6	25552	1.29610e-04	3.31172	21.0	26261	1.26040e-04	3.30996	19.1	26320	1.25760e-04	3.30996	19.9
3344.369	nan	27375	1.20920e-04	3.31016	20.6	25534	1.29690e-04	3.31152	21.0	26247	1.26110e-04	3.30996	19.1	26329	1.25720e-04	3.30996	19.9
3345.557	nan	27400	1.20810e-04	3.31016	20.6	25523	1.29730e-04	3.31113	21.0	26275	1.25960e-04	3.30977	19.1	26319	1.25750e-04	3.30957	19.9
3346.746	nan	27369	1.20960e-04	3.31055	20.6	25535	1.29680e-04	3.31133	21.0	26248	1.26100e-04	3.30977	19.1	26353	1.25590e-04	3.30957	19.9
3347.934	nan	27398	1.20840e-04	3.31074	20.6	25554	1.29600e-04	3.31172	21.0	26233	1.26180e-04	3.30996	19.1	26371	1.25520e-04	3.31016	19.9
3349.122	nan	27400	1.20820e-04	3.31035	20.6	25568	1.29520e-04	3.31152	21.0	26262	1.26040e-04	3.31016	19.1	26326	1.25730e-04	3.30996	19.9
3350.311	nan	27374	1.20930e-04	3.31035	20.6	25575	1.29480e-04	3.31133	21.0	26262	1.26030e-04	3.30977	19.1	26343	1.25640e-04	3.30977	19.9
3351.499	nan	27403	1.20800e-04	3.31035	20.6	25598	1.29360e-04	3.31152	21.0	26259	1.26050e-04	3.30996	19.1	26349	1.25620e-04	3.30996	19.9
3352.687	nan	27415	1.20750e-04	3.31035	20.6	25541	1.29640e-04	3.31113	21.0	26271	1.25980e-04	3.30977	19.1	26351	1.25600e-04	3.30957	19.9
3353.875	nan	27425	1.20690e-04	3.30996	20.6	25555	1.29570e-04	3.31113	21.0	26257	1.26050e-04	3.30957	19.1	26353	1.25580e-04	3.30938	19.9
3355.063	nan	27413	1.20770e-04	3.31074	20.6	25575	1.29470e-04	3.31133	21.0	26232	1.26160e-04	3.30938	19.1	26322	1.25740e-04	3.30977	19.9
3356.252	nan	27414	1.20770e-04	3.31074	20.6	25561	1.29560e-04	3.31172	21.0	26241	1.26140e-04	3.31016	19.1	26351	1.25620e-04	3.31016	19.9
3357.440	nan	27387	1.20880e-04	3.31055	20.6	25574	1.29480e-04	3.31133	21.0	26273	1.25980e-04	3.30996	19.1	26319	1.25750e-04	3.30977	19.9
3358.628	nan	27400	1.20810e-04	3.31016	20.6	25587	1.29410e-04	3.31113	21.0	26246	1.26100e-04	3.30977	19.1	26360	1.25550e-04	3.30957	19.9
3359.817	nan	27397	1.20840e-04	3.31074	20.6	25579	1.29450e-04	3.31113	21.0	26276	1.25960e-04	3.30977	19.0	26357	1.25580e-04	3.30977	19.9
3361.005	nan	27429	1.20690e-04	3.31055	20.6	25598	1.29360e-04	3.31152	21.0	26264	1.26030e-04	3.30996	19.0	26370	1.25520e-04	3.30996	19.9
3362.193	nan	27405	1.20800e-04	3.31055	20.6	25594	1.29390e-04	3.31152	21.0	26254	1.26070e-04	3.30996	19.0	26330	1.25710e-04	3.30996	19.9
3363.381	nan	27400	1.20820e-04	3.31035	20.6	25551	1.29600e-04	3.31152	21.0	26268	1.26010e-04	3.30996	19.0	26313	1.25790e-04	3.30996	19.9
3364.569	nan	27425	1.20710e-04	3.31035	20.6	25596	1.29370e-04	3.31133	21.0	26268	1.26000e-04	3.30977	19.1	26337	1.25670e-04	3.30977	19.9
3365.758	nan	27402	1.20800e-04	3.31035	20.6	25603	1.29330e-04	3.31113	21.0	26262	1.26030e-04	3.30996	19.0	26342	1.25640e-04	3.30957	19.9
3366.946	nan	27402	1.20800e-04	3.31035	20.6	25578	1.29460e-04	3.31133	21.0	26261	1.26030e-04	3.30977	19.0	26337	1.25670e-04	3.30977	19.9
3368.134	nan	27413	1.20750e-04	3.31016	20.6	25603	1.29320e-04	3.31094	21.0	26268	1.26000e-04	3.30977	19.0	26365	1.25530e-04	3.30957	19.9
3369.322	nan	27428	1.20710e-04	3.31074	20.6	25604	1.29340e-04	3.31152	21.0	26285	1.25930e-04	3.30996	19.0	26347	1.25640e-04	3.31016	19.9
3370.511	nan	27435	1.20650e-04	3.30996	20.6	25574	1.29470e-04	3.31113	21.0	26241	1.26140e-04	3.30996	19.0	26343	1.25630e-04	3.30957	19.9
3371.699	nan	27389	1.20870e-04	3.31055	20.6	25547	1.29620e-04	3.31152	21.0	26270	1.25980e-04	3.30957	19.0	26362	1.25560e-04	3.30996	19.9
3372.887	nan	27433	1.20690e-04	3.31074	20.6	25588	1.29420e-04	3.31152	21.0	26264	1.26030e-04	3.31016	19.0	26369	1.25520e-04	3.30996	19.9
3374.076	nan	27441	1.20640e-04	3.31035	20.6	25585	1.29420e-04	3.31133	21.0	26255	1.26070e-04	3.30996	19.0	26376	1.25480e-04	3.30977	19.9
3375.264	nan	27406	1.20800e-04	3.31074	20.6	25595	1.29380e-04	3.31152	21.0	26272	1.25990e-04	3.30996	19.0	26371	1.25520e-04	3.30996	19.9
3376.452	nan	27433	1.20680e-04	3.31055	20.6	25577	1.29470e-04	3.31133	21.0	26271	1.25990e-04	3.30996	19.0	26355	1.25590e-04	3.30977	19.9
3377.640	nan	27429	1.20690e-04	3.31055	20.6	25602	1.29350e-04	3.31152	21.0	26265	1.26020e-04	3.30996	19.0	26375	1.25510e-04	3.31016	19.9
3378.829	nan	27435	1.20660e-04	3.31035	20.6	25618	1.29240e-04	3.31094	21.0	26274	1.25980e-04	3.30996	19.0	26366	1.25520e-04	3.30938	19.9
3380.017	nan	27428	1.20690e-04	3.31035	20.6	25605	1.29340e-04	3.31172	21.0	26285	1.25910e-04	3.30957	19.0	26354	1.25610e-04	3.31016	19.9
3381.205	nan	27428	1.20700e-04	3.31055	20.6	25581	1.29440e-04	3.31113	21.0	26287	1.25920e-04	3.30996	19.0	26359	1.25560e-04	3.30957	19.9
3382.393	nan	27447	1.20620e-04	3.31074	20.6	25591	1.29420e-04	3.31191	21.0	26260	1.26040e-04	3.30996	19.0	26357	1.25600e-04	3.31035	19.9
3383.581	nan	27440	1.20640e-04	3.31035	20.6	25601	1.29340e-04	3.31113	21.0	26280	1.25960e-04	3.31035	19.0	26368	1.25520e-04	3.30977	19.9
3384.770	nan	27425	1.20710e-04	3.31035	20.6	25597	1.29360e-04	3.31133	21.0	26254	1.26060e-04	3.30957	19.0	26385	1.25440e-04	3.30977	19.9
3385.958	nan	27427	1.20700e-04	3.31035	20.6	25602	1.29340e-04	3.31133	21.0	26266	1.26000e-04	3.30957	19.0	26407	1.25330e-04	3.30957	19.9
3387.147	nan	27443	1.20620e-04	3.31035	20.6	25593	1.29380e-04	3.31133	21.0	26328	1.25710e-04	3.30977	19.0	26381	1.25470e-04	3.30996	19.9
3388.335	nan	27426	1.20700e-04	3.31035	20.6	25572	1.29490e-04	3.31133	21.0	26293	1.25880e-04	3.30977	19.0	26383	1.25440e-04	3.30957	19.9
3389.523	nan	27442	1.20630e-04	3.31035	20.6	25605	1.29320e-04	3.31113	21.0	26305	1.25820e-04	3.30957	19.0	26361	1.25550e-04	3.30957	19.9
3390.711	nan	27433	1.20660e-04	3.30996	20.6	25586	1.29410e-04	3.31113	21.0	26307	1.25810e-04	3.30957	19.0	26386	1.25430e-04	3.30957	19.9
3391.899	nan	27450	1.20580e-04	3.30996	20.6	25572	1.29470e-04	3.31074	21.0	26268	1.25980e-04	3.30938	19.0	26389	1.25410e-04	3.30938	19.9
3393.088	nan	27455	1.20570e-04	3.31035	20.6	25622	1.29240e-04	3.31133	21.0	26283	1.25920e-04	3.30957	19.0	26369	1.25520e-04	3.30977	19.9
3394.276	nan	27424	1.20720e-04	3.31074	20.6	25597	1.29370e-04	3.31152	21.0	26312	1.25790e-04	3.30977	19.0	26369	1.25510e-04	3.30977	19.9
3395.464	nan	27417	1.20750e-04	3.31055	20.6	25606	1.29330e-04	3.31152	21.0	26317	1.25780e-04	3.31016	19.0	26362	1.25560e-04	3.30996	19.9
3396.652	nan	27457	1.20550e-04	3.30996	20.6	25581	1.29430e-04	3.31094	21.0	26265	1.26020e-04	3.30996	19.0	26345	1.25620e-04	3.30938	19.9
3397.841	nan	27452	1.20600e-04	3.31074	20.6	25592	1.29400e-04	3.31172	21.0	26304	1.25820e-04	3.30957	19.0	26377	1.25490e-04	3.31016	19.9
3399.029	nan	27432	1.20700e-04	3.31094	20.6	25559	1.29570e-04	3.31172	21.0	26304	1.25840e-04	3.31016	19.0	26379	1.25480e-04	3.31016	19.9
3400.217	nan	27421	1.20730e-04	3.31055	20.6	25593	1.29390e-04	3.31152	21.0	26324	1.25750e-04	3.31035	19.0	26386	1.25440e-04	3.30996	19.9
3401.405	nan	27416	1.20740e-04	3.31035	20.6	25591	1.29400e-04	3.31133	21.0	26301	1.25850e-04	3.30996	19.0	26358	1.25570e-04	3.30977	19.9
3402.594	nan	27495	1.20390e-04	3.31016	20.6	25605	1.29320e-04	3.31133	21.0	26329	1.25710e-04	3.30977	19.0	26366	1.25530e-04	3.30977	19.9
3403.782	nan	27449	1.20620e-04	3.31094	20.6	25607	1.29330e-04	3.31172	21.0	26306	1.25810e-04	3.30957	19.0	26386	1.25440e-04	3.30996	19.9
3404.970	nan	27431	1.20680e-04	3.31035	20.6	25622	1.29240e-04	3.31133	21.0	26294	1.25900e-04	3.31035	19.0	26364	1.25540e-04	3.30977	19.9
3406.159	nan	27447	1.20620e-04	3.31055	20.6	25611	1.29290e-04	3.31133	21.0	26336	1.25680e-04	3.30977	19.0	26421	1.25270e-04	3.30977	19.9
3407.347	nan	27450	1.20600e-04	3.31055	20.6	25604	1.29340e-04	3.31152	21.0	26299	1.25860e-04	3.30996	19.0	26386	1.25440e-04	3.30996	19.9
3408.535	nan	27437	1.20660e-04	3.31055	20.6	25590	1.29410e-04	3.31172	21.0	26307	1.25820e-04	3.30996	19.0	26409	1.25340e-04	3.31016	19.9
3409.724	nan	27456	1.20560e-04	3.31016	20.6	25632	1.29170e-04	3.31074	21.0	26289	1.25900e-04	3.30977	19.0	26411	1.25300e-04	3.30918	19.9
3410.911	nan	27483	1.20490e-04	3.31133	20.6	25563	1.29570e-04	3.31230	21.0	26307	1.25810e-04	3.30977	19.0	26401	1.25390e-04	3.31055	19.9
3412.100	nan	27462	1.20550e-04	3.31055	20.6	25603	1.29340e-04	3.31152	21.0	26321	1.25780e-04	3.31055	19.0	26408	1.25340e-04	3.30996	19.9
3413.288	nan	27458	1.20560e-04	3.31035	20.6	25615	1.29270e-04	3.31133	21.0	26316	1.25780e-04	3.31016	19.0	26426	1.25250e-04	3.30977	19.9
3414.476	nan	27453	1.20590e-04	3.31055	20.6	25635	1.29180e-04	3.31152	21.0	26290	1.25890e-04	3.30977	19.0	26343	1.25650e-04	3.30996	19.9
3415.664	nan	27470	1.20520e-04	3.31055	20.6	25602	1.29360e-04	3.31172	21.0	26326	1.25740e-04	3.31016	19.0	26361	1.25570e-04	3.31016	19.9
3416.853	nan	27466	1.20550e-04	3.31113	20.6	25630	1.29230e-04	3.31211	21.0	26313	1.25800e-04	3.31016	19.0	26391	1.25440e-04	3.31055	19.8
3418.041	nan	27434	1.20670e-04	3.31055	20.6	25622	1.29240e-04	3.31133	21.0	26327	1.25740e-04	3.31035	19.0	26415	1.25300e-04	3.30977	19.8
3419.230	nan	27467	1.20530e-04	3.31055	20.6	25639	1.29150e-04	3.31133	21.0	26333	1.25700e-04	3.30996	19.0	26409	1.25330e-04	3.30977	19.8
3420.418	nan	27493	1.20420e-04	3.31074	20.6	25603	1.29340e-04	3.31152	21.0	26338	1.25660e-04	3.30977	19.0	26398	1.25390e-04	3.30996	19.8
3421.606	nan	27462	1.20570e-04	3.31113	20.6	25644	1.29160e-04	3.31211	21.0	26320	1.25760e-04	3.31016	19.0	26441	1.25210e-04	3.31055	19.9
3422.794	nan	27465	1.20530e-04	3.31035	20.6	25619	1.29250e-04	3.31133	21.0	26317	1.25790e-04	3.31035	19.0	26416	1.25290e-04	3.30977	19.8
3423.983	nan	27506	1.20350e-04	3.31035	20.6	25622	1.29260e-04	3.31172	21.0	26346	1.25630e-04	3.30996	19.0	26425	1.25270e-04	3.31016	19.8
3425.171	nan	27476	1.20490e-04	3.31074	20.6	25633	1.29180e-04	3.31133	21.0	26331	1.25700e-04	3.30977	19.0	26382	1.25450e-04	3.30977	19.8
3426.359	nan	27450	1.20600e-04	3.31055	20.6	25592	1.29400e-04	3.31152	21.0	26329	1.25730e-04	3.31035	19.0	26427	1.25250e-04	3.30996	19.9
3427.547	nan	27505	1.20360e-04	3.31055	20.6	25630	1.29200e-04	3.31152	21.0	26325	1.25730e-04	3.30996	19.0	26401	1.25370e-04	3.30996	19.8
3428.736	nan	27448	1.20610e-04	3.31035	20.6	25603	1.29330e-04	3.31113	21.0	26329	1.25720e-04	3.30996	19.0	26413	1.25300e-04	3.30957	19.8
3429.923	nan	27450	1.20620e-04	3.31094	20.6	25646	1.29130e-04	3.31172	21.0	26348	1.25610e-04	3.30957	19.0	26386	1.25450e-04	3.31016	19.8
3431.112	nan	27464	1.20520e-04	3.30996	20.6	25659	1.29040e-04	3.31113	21.0	26344	1.25650e-04	3.31016	19.0	26409	1.25320e-04	3.30957	19.8
3432.300	nan	27458	1.20570e-04	3.31055	20.6	25643	1.29120e-04	3.31113	21.0	26352	1.25590e-04	3.30938	19.0	26391	1.25400e-04	3.30938	19.8
3433.488	nan	27493	1.20420e-04	3.31074	20.6	25633	1.29210e-04	3.31191	21.0	26330	1.25710e-04	3.30996	19.0	26399	1.25390e-04	3.31035	19.8
3434.677	nan	27458	1.20560e-04	3.31035	20.6	25653	1.29100e-04	3.31172	21.0	26338	1.25690e-04	3.31035	19.0	26386	1.25440e-04	3.30996	19.8
3435.865	nan	27500	1.20380e-04	3.31055	20.6	25643	1.29130e-04	3.31113	21.0	26290	1.25900e-04	3.30996	19.0	26411	1.25320e-04	3.30977	19.8
3437.053	nan	27462	1.20560e-04	3.31074	20.6	25626	1.29230e-04	3.31152	21.0	26364	1.25550e-04	3.30996	19.0	26421	1.25280e-04	3.30996	19.8
3438.242	nan	27455	1.20590e-04	3.31074	20.6	25658	1.29060e-04	3.31152	21.0	26361	1.25570e-04	3.31016	19.0	26404	1.25360e-04	3.30996	19.8
3439.430	nan	27482	1.20470e-04	3.31074	20.6	25633	1.29210e-04	3.31191	21.0	26362	1.25560e-04	3.30996	19.0	26402	1.25380e-04	3.31035	19.8
3440.618	nan	27445	1.20630e-04	3.31074	20.6	25642	1.29150e-04	3.31172	21.0	26334	1.25710e-04	3.31035	19.0	26431	1.25240e-04	3.31016	19.8
3441.806	nan	27495	1.20390e-04	3.31016	20.6	25632	1.29170e-04	3.31094	21.0	26331	1.25710e-04	3.30996	19.0	26413	1.25290e-04	3.30938	19.8
3442.994	nan	27471	1.20520e-04	3.31094	20.6	25628	1.29240e-04	3.31211	21.0	26315	1.25770e-04	3.30977	19.0	26444	1.25190e-04	3.31055	19.8
3444.183	nan	27514	1.20320e-04	3.31055	20.6	25638	1.29170e-04	3.31172	21.0	26352	1.25620e-04	3.31035	19.0	26442	1.25180e-04	3.30996	19.8
3445.371	nan	27512	1.20340e-04	3.31074	20.6	25660	1.29050e-04	3.31133	21.0	26341	1.25650e-04	3.30977	19.0	26436	1.25200e-04	3.30977	19.8
3446.559	nan	27459	1.20570e-04	3.31074	20.6	25637	1.29190e-04	3.31191	21.0	26351	1.25620e-04	3.31016	19.0	26435	1.25220e-04	3.31016	19.8
3447.747	nan	27492	1.20410e-04	3.31035	20.6	25658	1.29050e-04	3.31113	21.0	26370	1.25530e-04	3.31016	19.0	26459	1.25090e-04	3.30977	19.8
3448.936	nan	27509	1.20350e-04	3.31055	20.6	25640	1.29150e-04	3.31152	21.0	26363	1.25540e-04	3.30957	19.0	26437	1.25190e-04	3.30977	19.8
3450.124	nan	27496	1.20410e-04	3.31074	20.6	25635	1.29190e-04	3.31172	21.0	26357	1.25580e-04	3.30996	19.0	26440	1.25190e-04	3.31016	19.8
3451.312	nan	27495	1.20400e-04	3.31035	20.6	25689	1.28900e-04	3.31133	21.0	26362	1.25560e-04	3.30996	19.0	26470	1.25050e-04	3.30996	19.8
3452.501	nan	27524	1.20260e-04	3.30996	20.6	25631	1.29180e-04	3.31113	21.0	26346	1.25620e-04	3.30977	19.0	26454	1.25100e-04	3.30938	19.8
3453.689	nan	27477	1.20510e-04	3.31113	20.6	25652	1.29100e-04	3.31172	21.0	26328	1.25710e-04	3.30957	19.0	26444	1.25180e-04	3.31016	19.8
3454.877	nan	27495	1.20430e-04	3.31133	20.6	25625	1.29250e-04	3.31211	21.0	26327	1.25750e-04	3.31055	19.0	26440	1.25220e-04	3.31074	19.8
3456.066	nan	27516	1.20310e-04	3.31055	20.6	25656	1.29070e-04	3.31152	21.0	26376	1.25510e-04	3.31055	19.0	26448	1.25160e-04	3.31016	19.8
3457.254	nan	27515	1.20300e-04	3.31016	20.6	25653	1.29070e-04	3.31094	21.0	26336	1.25680e-04	3.30996	19.0	26429	1.25220e-04	3.30957	19.8
3458.442	nan	27500	1.20390e-04	3.31055	20.6	25669	1.29010e-04	3.31152	21.0	26324	1.25720e-04	3.30957	19.0	26433	1.25230e-04	3.31016	19.8
3459.630	nan	27538	1.20240e-04	3.31113	20.6	25673	1.29010e-04	3.31191	21.0	26308	1.25820e-04	3.30996	19.0	26431	1.25240e-04	3.31016	19.8
3460.818	nan	27506	1.20360e-04	3.31055	20.6	25642	1.29140e-04	3.31152	21.0	26324	1.25750e-04	3.31035	19.0	26420	1.25290e-04	3.31016	19.8
3462.007	nan	27525	1.20270e-04	3.31035	20.6	25658	1.29050e-04	3.31113	21.0	26330	1.25710e-04	3.30996	19.0	26413	1.25290e-04	3.30938	19.8
3463.195	nan	27489	1.20450e-04	3.31094	20.6	25659	1.29080e-04	3.31211	21.0	26323	1.25730e-04	3.30977	19.0	26458	1.25120e-04	3.31035	19.8
3464.383	nan	27530	1.20270e-04	3.31094	20.6	25679	1.28970e-04	3.31172	21.0	26331	1.25720e-04	3.31035	19.0	26411	1.25330e-04	3.31016	19.8
3465.571	nan	27513	1.20330e-04	3.31074	20.6	25658	1.29070e-04	3.31172	21.0	26347	1.25650e-04	3.31035	19.0	26460	1.25100e-04	3.31016	19.8
3466.760	nan	27501	1.20380e-04	3.31055	20.6	25676	1.28970e-04	3.31133	21.0	26364	1.25550e-04	3.30996	19.0	26439	1.25190e-04	3.30996	19.8
3467.948	nan	27505	1.20360e-04	3.31035	20.6	25674	1.28980e-04	3.31133	21.0	26334	1.25690e-04	3.30996	19.0	26457	1.25110e-04	3.30996	19.8
3469.136	nan	27515	1.20340e-04	3.31113	20.6	25651	1.29110e-04	3.31191	21.0	26335	1.25680e-04	3.30977	19.0	26467	1.25070e-04	3.31035	19.8
3470.324	nan	27510	1.20340e-04	3.31055	20.6	25690	1.28900e-04	3.31152	21.0	26349	1.25640e-04	3.31055	19.0	26439	1.25190e-04	3.30996	19.8
3471.513	nan	27523	1.20280e-04	3.31055	20.6	25664	1.29030e-04	3.31152	21.0	26351	1.25610e-04	3.30996	19.0	26450	1.25130e-04	3.30977	19.8
3472.701	nan	27506	1.20350e-04	3.31035	20.6	25683	1.28930e-04	3.31133	21.0	26358	1.25570e-04	3.30977	19.0	26473	1.25020e-04	3.30977	19.8
3473.889	nan	27486	1.20450e-04	3.31055	20.6	25666	1.29020e-04	3.31152	21.0	26363	1.25550e-04	3.30977	19.0	26463	1.25080e-04	3.30996	19.8
3475.077	nan	27520	1.20280e-04	3.30996	20.6	25719	1.28750e-04	3.31113	21.0	26387	1.25440e-04	3.30996	19.0	26482	1.24970e-04	3.30957	19.8
3476.266	nan	27516	1.20330e-04	3.31094	20.6	25663	1.29060e-04	3.31191	21.0	26377	1.25470e-04	3.30957	19.0	26466	1.25070e-04	3.31016	19.8
3477.454	nan	27510	1.20330e-04	3.31035	20.6	25692	1.28890e-04	3.31133	21.0	26355	1.25610e-04	3.31035	19.0	26470	1.25040e-04	3.30977	19.8
3478.642	nan	27512	1.20330e-04	3.31055	20.6	25676	1.28970e-04	3.31133	21.0	26332	1.25690e-04	3.30977	19.0	26449	1.25140e-04	3.30996	19.8
3479.831	nan	27533	1.20240e-04	3.31055	20.6	25713	1.28780e-04	3.31133	21.0	26355	1.25590e-04	3.30996	19.0	26481	1.24980e-04	3.30957	19.8
3481.019	nan	27500	1.20400e-04	3.31094	20.6	25693	1.28910e-04	3.31191	21.0	26328	1.25720e-04	3.30996	19.0	26455	1.25140e-04	3.31055	19.8
3482.207	nan	27498	1.20410e-04	3.31094	20.6	25709	1.28830e-04	3.31191	21.0	26349	1.25630e-04	3.31016	19.0	26473	1.25040e-04	3.31016	19.8
3483.395	nan	27524	1.20270e-04	3.31035	20.6	25688	1.28900e-04	3.31113	21.0	26342	1.25660e-04	3.31016	19.0	26456	1.25110e-04	3.30977	19.8
3484.583	nan	27535	1.20250e-04	3.31113	20.6	25692	1.28910e-04	3.31191	21.0	26408	1.25330e-04	3.30977	19.0	26457	1.25110e-04	3.31016	19.8
3485.772	nan	27539	1.20230e-04	3.31094	20.6	25686	1.28930e-04	3.31172	21.0	26369	1.25540e-04	3.31035	19.0	26461	1.25090e-04	3.30996	19.8
3486.960	nan	27511	1.20350e-04	3.31094	20.6	25720	1.28770e-04	3.31191	21.0	26411	1.25340e-04	3.31035	19.0	26444	1.25190e-04	3.31055	19.8
3488.148	nan	27528	1.20250e-04	3.31016	20.6	25721	1.28730e-04	3.31113	21.0	26382	1.25470e-04	3.31016	19.0	26500	1.24900e-04	3.30977	19.8
3489.337	nan	27511	1.20340e-04	3.31074	20.6	25699	1.28860e-04	3.31152	21.0	26350	1.25610e-04	3.30977	19.0	26476	1.25030e-04	3.31016	19.8
3490.525	nan	27502	1.20380e-04	3.31074	20.6	25737	1.28670e-04	3.31152	21.0	26376	1.25490e-04	3.30996	19.0	26449	1.25140e-04	3.30977	19.8
3491.713	nan	27533	1.20260e-04	3.31094	20.6	25714	1.28800e-04	3.31191	21.0	26392	1.25430e-04	3.31035	19.0	26485	1.24990e-04	3.31035	19.8
3492.901	nan	27543	1.20190e-04	3.31055	20.6	25729	1.28710e-04	3.31152	21.0	26382	1.25480e-04	3.31035	19.0	26470	1.25040e-04	3.30996	19.8
3494.090	nan	27573	1.20070e-04	3.31074	20.6	25703	1.28850e-04	3.31172	21.0	26382	1.25460e-04	3.30996	19.0	26447	1.25160e-04	3.31016	19.8
3495.278	nan	27491	1.20430e-04	3.31074	20.6	25721	1.28750e-04	3.31172	21.0	26382	1.25460e-04	3.30996	19.0	26456	1.25110e-04	3.30996	19.8
3496.466	nan	27522	1.20280e-04	3.31035	20.6	25720	1.28750e-04	3.31133	21.0	26347	1.25640e-04	3.31016	19.0	26490	1.24950e-04	3.30996	19.8
3497.654	nan	27516	1.20320e-04	3.31074	20.5	25721	1.28750e-04	3.31172	21.0	26373	1.25500e-04	3.30977	18.9	26508	1.24870e-04	3.30996	19.8
3498.842	nan	27551	1.20150e-04	3.31035	20.5	25718	1.28760e-04	3.31152	21.0	26394	1.25410e-04	3.30996	18.9	26508	1.24870e-04	3.30996	19.8
3500.031	nan	27527	1.20270e-04	3.31074	20.5	25721	1.28750e-04	3.31152	21.0	26397	1.25380e-04	3.30977	18.9	26518	1.24820e-04	3.30996	19.8
3501.219	nan	27553	1.20150e-04	3.31055	20.5	25705	1.28830e-04	3.31152	21.0	26380	1.25480e-04	3.31016	18.9	26481	1.24990e-04	3.30996	19.8
3502.407	nan	27526	1.20290e-04	3.31094	20.5	25715	1.28780e-04	3.31152	21.0	26353	1.25600e-04	3.30996	18.9	26492	1.24950e-04	3.31016	19.8
3503.596	nan	27505	1.20350e-04	3.31016	20.5	25727	1.28730e-04	3.31172	21.0	26353	1.25620e-04	3.31035	18.9	26517	1.24810e-04	3.30957	19.8
3504.784	nan	27566	1.20100e-04	3.31074	20.5	25712	1.28780e-04	3.31113	21.0	26375	1.25480e-04	3.30957	18.9	26504	1.24890e-04	3.31016	19.8
3505.972	nan	27557	1.20120e-04	3.31016	20.5	25715	1.28780e-04	3.31152	21.0	26415	1.25310e-04	3.30996	18.9	26537	1.24720e-04	3.30957	19.8
3507.160	nan	27546	1.20210e-04	3.31133	20.5	25708	1.28800e-04	3.31113	21.0	26377	1.25480e-04	3.30977	18.9	26505	1.24900e-04	3.31055	19.8
3508.348	nan	27538	1.20220e-04	3.31055	20.5	25721	1.28770e-04	3.31211	21.0	26375	1.25520e-04	3.31055	18.9	26518	1.24820e-04	3.30996	19.8
3509.536	nan	27574	1.20060e-04	3.31055	20.5	25718	1.28760e-04	3.31152	21.0	26382	1.25460e-04	3.30996	18.9	26500	1.24900e-04	3.30996	19.8
3510.725	nan	27574	1.20050e-04	3.31035	20.5	25721	1.28750e-04	3.31152	21.0	26398	1.25390e-04	3.30996	18.9	26518	1.24810e-04	3.30957	19.8
3511.914	nan	27582	1.20020e-04	3.31055	20.5	25719	1.28750e-04	3.31133	21.0	26388	1.25430e-04	3.30977	18.9	26547	1.24670e-04	3.30977	19.8
3513.102	nan	27541	1.20230e-04	3.31113	20.5	25721	1.28740e-04	3.31133	21.0	26379	1.25480e-04	3.30996	18.9	26495	1.24950e-04	3.31055	19.8
3514.290	nan	27523	1.20290e-04	3.31074	20.5	25744	1.28650e-04	3.31191	21.0	26356	1.25610e-04	3.31055	18.9	26537	1.24730e-04	3.30996	19.8
3515.478	nan	27556	1.20150e-04	3.31094	20.5	25740	1.28650e-04	3.31152	21.0	26419	1.25290e-04	3.30996	18.9	26528	1.24790e-04	3.31035	19.8
3516.667	nan	27604	1.19930e-04	3.31055	20.5	25715	1.28790e-04	3.31191	21.0	26386	1.25460e-04	3.31035	18.9	26522	1.24800e-04	3.30996	19.8
3517.854	nan	27554	1.20150e-04	3.31074	20.5	25735	1.28680e-04	3.31152	21.0	26384	1.25450e-04	3.30996	18.9	26534	1.24750e-04	3.31016	19.8
3519.043	nan	27555	1.20140e-04	3.31055	20.5	25728	1.28710e-04	3.31152	21.0	26389	1.25440e-04	3.31016	18.9	26523	1.24790e-04	3.30996	19.8
3520.231	nan	27588	1.20000e-04	3.31055	20.5	25742	1.28640e-04	3.31152	21.0	26377	1.25490e-04	3.30996	18.9	26520	1.24800e-04	3.30977	19.7
3521.420	nan	27613	1.19890e-04	3.31055	20.5	25741	1.28650e-04	3.31152	21.0	26420	1.25280e-04	3.30996	18.9	26534	1.24740e-04	3.30996	19.7
3522.608	nan	27572	1.20080e-04	3.31094	20.5	25748	1.28610e-04	3.31152	21.0	26381	1.25470e-04	3.31016	18.9	26511	1.24860e-04	3.31016	19.7
3523.796	nan	27563	1.20090e-04	3.31016	20.5	25733	1.28700e-04	3.31172	21.0	26399	1.25390e-04	3.31016	18.9	26517	1.24810e-04	3.30957	19.7
3524.984	nan	27568	1.20080e-04	3.31055	20.5	25748	1.28600e-04	3.31113	21.0	26427	1.25240e-04	3.30957	18.9	26544	1.24710e-04	3.31016	19.7
3526.172	nan	27592	1.19990e-04	3.31074	20.5	25747	1.28620e-04	3.31172	21.0	26407	1.25350e-04	3.31016	18.9	26540	1.24720e-04	3.31016	19.7
3527.361	nan	27586	1.20000e-04	3.31035	20.5	25765	1.28540e-04	3.31172	21.0	26431	1.25240e-04	3.31016	18.9	26509	1.24850e-04	3.30977	19.7
3528.549	nan	27592	1.19990e-04	3.31074	20.5	25721	1.28740e-04	3.31133	21.0	26411	1.25320e-04	3.30977	18.9	26530	1.24760e-04	3.30996	19.7
3529.737	nan	27597	1.19960e-04	3.31055	20.5	25753	1.28590e-04	3.31152	21.0	26418	1.25300e-04	3.31016	18.9	26539	1.24710e-04	3.30977	19.7
3530.926	nan	27566	1.20090e-04	3.31035	20.5	25766	1.28520e-04	3.31152	21.0	26390	1.25420e-04	3.30977	18.9	26513	1.24840e-04	3.30977	19.7
3532.114	nan	27596	1.19950e-04	3.31016	20.5	25701	1.28840e-04	3.31133	21.0	26407	1.25340e-04	3.30996	18.9	26495	1.24910e-04	3.30957	19.7
3533.302	nan	27568	1.20110e-04	3.31113	20.5	25763	1.28520e-04	3.31113	21.0	26406	1.25330e-04	3.30957	18.9	26520	1.24840e-04	3.31074	19.7
3534.491	nan	27593	1.19980e-04	3.31055	20.5	25739	1.28680e-04	3.31211	21.0	26417	1.25320e-04	3.31055	18.9	26552	1.24670e-04	3.31016	19.7
3535.679	nan	27594	1.19970e-04	3.31055	20.5	25721	1.28750e-04	3.31152	21.0	26414	1.25310e-04	3.30996	18.9	26517	1.24820e-04	3.30996	19.7
3536.867	nan	27614	1.19880e-04	3.31035	20.5	25765	1.28530e-04	3.31152	21.0	26405	1.25360e-04	3.30996	18.9	26561	1.24600e-04	3.30957	19.7
3538.055	nan	27578	1.20030e-04	3.31016	20.5	25748	1.28600e-04	3.31133	21.0	26392	1.25410e-04	3.30977	18.9	26531	1.24750e-04	3.30977	19.7
3539.243	nan	27630	1.19840e-04	3.31133	20.5	25743	1.28630e-04	3.31133	21.0	26412	1.25310e-04	3.30977	18.9	26553	1.24680e-04	3.31055	19.7
3540.432	nan	27614	1.19900e-04	3.31094	20.5	25729	1.28730e-04	3.31211	21.0	26386	1.25470e-04	3.31055	18.8	26572	1.24580e-04	3.31035	19.7
3541.620	nan	27616	1.19880e-04	3.31074	20.5	25769	1.28520e-04	3.31172	21.0	26401	1.25380e-04	3.31016	18.8	26547	1.24690e-04	3.31016	19.7
3542.808	nan	27593	1.19980e-04	3.31074	20.5	25760	1.28560e-04	3.31172	21.0	26399	1.25390e-04	3.31016	18.8	26566	1.24600e-04	3.31016	19.7
3543.996	nan	27623	1.19860e-04	3.31094	20.5	25714	1.28790e-04	3.31172	21.0	26424	1.25270e-04	3.31016	18.8	26554	1.24670e-04	3.31035	19.7
3545.185	nan	27591	1.20000e-04	3.31094	20.5	25772	1.28500e-04	3.31172	21.0	26394	1.25410e-04	3.31016	18.8	26541	1.24720e-04	3.31016	19.7
3546.373	nan	27602	1.19950e-04	3.31074	20.5	25756	1.28580e-04	3.31172	21.0	26415	1.25310e-04	3.31016	18.8	26557	1.24640e-04	3.31016	19.7
3547.561	nan	27608	1.19910e-04	3.31055	20.5	25763	1.28540e-04	3.31152	21.0	26413	1.25310e-04	3.30996	18.8	26557	1.24630e-04	3.30977	19.7
3548.749	nan	27645	1.19760e-04	3.31074	20.5	25789	1.28400e-04	3.31133	21.0	26434	1.25210e-04	3.30977	18.8	26573	1.24570e-04	3.31016	19.7
3549.937	nan	27627	1.19810e-04	3.31016	20.5	25749	1.28620e-04	3.31172	21.0	26464	1.25080e-04	3.31016	18.8	26545	1.24680e-04	3.30957	19.7
3551.126	nan	27652	1.19730e-04	3.31074	20.5	25744	1.28610e-04	3.31094	21.0	26407	1.25330e-04	3.30957	18.8	26564	1.24610e-04	3.31016	19.7
3552.314	nan	27611	1.19910e-04	3.31074	20.5	25754	1.28590e-04	3.31172	20.9	26427	1.25260e-04	3.31016	18.8	26564	1.24610e-04	3.31016	19.7
3553.502	nan	27623	1.19850e-04	3.31074	20.5	25740	1.28650e-04	3.31152	20.9	26418	1.25290e-04	3.30996	18.8	26574	1.24570e-04	3.31016	19.7
3554.691	nan	27661	1.19690e-04	3.31074	20.5	25763	1.28540e-04	3.31172	20.9	26442	1.25190e-04	3.31016	18.8	26573	1.24560e-04	3.30996	19.7
3555.879	nan	27660	1.19690e-04	3.31074	20.5	25807	1.28320e-04	3.31152	20.9	26423	1.25270e-04	3.30996	18.8	26573	1.24570e-04	3.31016	19.7
3557.067	nan	27645	1.19750e-04	3.31055	20.4	25783	1.28440e-04	3.31152	20.9	26428	1.25250e-04	3.31016	18.8	26564	1.24600e-04	3.30996	19.7
3558.256	nan	27597	1.19960e-04	3.31055	20.4	25751	1.28590e-04	3.31133	20.9	26433	1.25220e-04	3.30996	18.8	26574	1.24550e-04	3.30977	19.7
3559.444	nan	27653	1.19720e-04	3.31074	20.4	25798	1.28360e-04	3.31133	20.9	26424	1.25260e-04	3.30996	18.8	26561	1.24630e-04	3.31016	19.7
3560.632	nan	27665	1.19670e-04	3.31074	20.4	25776	1.28470e-04	3.31152	20.9	26419	1.25290e-04	3.31016	18.8	26615	1.24370e-04	3.31016	19.7
3561.820	nan	27616	1.19880e-04	3.31055	20.4	25821	1.28270e-04	3.31191	20.9	26413	1.25320e-04	3.31016	18.8	26575	1.24550e-04	3.30996	19.7
3563.009	nan	27659	1.19680e-04	3.31035	20.4	25793	1.28390e-04	3.31152	20.9	26415	1.25310e-04	3.30996	18.8	26579	1.24530e-04	3.30996	19.7
3564.197	nan	27663	1.19690e-04	3.31113	20.4	25781	1.28440e-04	3.31133	20.9	26429	1.25230e-04	3.30977	18.8	26595	1.24450e-04	3.30977	19.7
3565.385	nan	27644	1.19760e-04	3.31074	20.4	25791	1.28420e-04	3.31211	20.9	26439	1.25210e-04	3.31055	18.8	26609	1.24420e-04	3.31074	19.7
3566.573	nan	27677	1.19610e-04	3.31055	20.4	25781	1.28440e-04	3.31133	20.9	26437	1.25200e-04	3.30996	18.8	26588	1.24500e-04	3.31016	19.7
3567.762	nan	27656	1.19700e-04	3.31035	20.4	25761	1.28560e-04	3.31172	20.9	26432	1.25220e-04	3.30996	18.8	26586	1.24500e-04	3.30996	19.6
3568.950	nan	27658	1.19710e-04	3.31094	20.4	25785	1.28430e-04	3.31152	20.9	26429	1.25240e-04	3.30996	18.8	26572	1.24560e-04	3.30977	19.6
3570.138	nan	27687	1.19580e-04	3.31074	20.4	25779	1.28470e-04	3.31191	20.9	26429	1.25250e-04	3.31035	18.8	26587	1.24510e-04	3.31035	19.6
3571.326	nan	27658	1.19700e-04	3.31074	20.4	25786	1.28420e-04	3.31152	20.9	26428	1.25250e-04	3.31016	18.8	26611	1.24390e-04	3.31016	19.6
3572.514	nan	27676	1.19620e-04	3.31074	20.4	25808	1.28310e-04	3.31152	20.9	26451	1.25130e-04	3.30996	18.8	26591	1.24470e-04	3.30996	19.6
3573.703	nan	27638	1.19770e-04	3.31016	20.4	25808	1.28320e-04	3.31172	20.9	26457	1.25110e-04	3.31016	18.8	26559	1.24630e-04	3.30996	19.6
3574.891	nan	27643	1.19770e-04	3.31094	20.4	25787	1.28400e-04	3.31113	20.9	26445	1.25150e-04	3.30957	18.8	26613	1.24360e-04	3.30957	19.6
3576.079	nan	27706	1.19490e-04	3.31055	20.4	25801	1.28350e-04	3.31172	20.9	26430	1.25240e-04	3.31016	18.8	26585	1.24510e-04	3.31016	19.6
3577.267	nan	27698	1.19530e-04	3.31074	20.4	25796	1.28370e-04	3.31133	20.9	26417	1.25300e-04	3.30996	18.8	26623	1.24320e-04	3.30977	19.6
3578.456	nan	27668	1.19650e-04	3.31055	20.4	25800	1.28360e-04	3.31172	20.9	26436	1.25210e-04	3.31016	18.8	26585	1.24510e-04	3.31016	19.6
3579.644	nan	27679	1.19610e-04	3.31055	20.4	25777	1.28470e-04	3.31152	20.9	26445	1.25160e-04	3.30996	18.8	26599	1.24440e-04	3.30996	19.6
3580.832	nan	27689	1.19550e-04	3.31016	20.4	25811	1.28290e-04	3.31133	20.9	26418	1.25290e-04	3.30996	18.8	26612	1.24370e-04	3.30977	19.6
3582.020	nan	27654	1.19740e-04	3.31133	20.4	25806	1.28310e-04	3.31113	20.9	26446	1.25140e-04	3.30957	18.8	26615	1.24350e-04	3.30957	19.6
3583.209	nan	27690	1.19560e-04	3.31055	20.4	25819	1.28280e-04	3.31211	20.9	26438	1.25230e-04	3.31074	18.8	26616	1.24390e-04	3.31074	19.6
3584.397	nan	27680	1.19590e-04	3.31035	20.4	25821	1.28250e-04	3.31152	20.9	26429	1.25240e-04	3.30996	18.8	26612	1.24380e-04	3.30996	19.6
3585.585	nan	27666	1.19660e-04	3.31055	20.4	25803	1.28330e-04	3.31133	20.9	26450	1.25130e-04	3.30977	18.8	26599	1.24430e-04	3.30977	19.6
3586.773	nan	27702	1.19520e-04	3.31094	20.4	25831	1.28210e-04	3.31172	20.9	26455	1.25110e-04	3.30996	18.8	26614	1.24370e-04	3.30996	19.6
3587.962	nan	27695	1.19550e-04	3.31094	20.4	25822	1.28240e-04	3.31152	20.9	26462	1.25090e-04	3.31016	18.8	26616	1.24370e-04	3.31035	19.6
3589.150	nan	27690	1.19560e-04	3.31055	20.4	25802	1.28370e-04	3.31211	20.9	26433	1.25240e-04	3.31035	18.8	26600	1.24450e-04	3.31035	19.6
3590.338	nan	27667	1.19670e-04	3.31094	20.4	25818	1.28260e-04	3.31152	20.9	26448	1.25150e-04	3.30996	18.8	26633	1.24280e-04	3.30996	19.6
3591.527	nan	27674	1.19620e-04	3.31035	20.4	25796	1.28380e-04	3.31172	20.9	26462	1.25090e-04	3.31016	18.8	26615	1.24370e-04	3.31016	19.6
3592.715	nan	27673	1.19650e-04	3.31113	20.4	25830	1.28200e-04	3.31152	20.9	26512	1.24850e-04	3.30996	18.8	26653	1.24190e-04	3.30996	19.6
3593.903	nan	27679	1.19600e-04	3.31035	20.4	25805	1.28330e-04	3.31172	20.9	26461	1.25100e-04	3.31035	18.8	26612	1.24400e-04	3.31055	19.6
3595.091	nan	27709	1.19480e-04	3.31074	20.4	25813	1.28290e-04	3.31152	20.9	26424	1.25260e-04	3.30996	18.8	26595	1.24450e-04	3.30977	19.6
3596.279	nan	27725	1.19430e-04	3.31113	20.4	25808	1.28320e-04	3.31172	20.9	26466	1.25070e-04	3.31016	18.8	26598	1.24450e-04	3.31016	19.6
3597.468	nan	27724	1.19420e-04	3.31074	20.4	25817	1.28280e-04	3.31191	20.9	26429	1.25250e-04	3.31035	18.8	26625	1.24340e-04	3.31055	19.6
3598.656	nan	27689	1.19570e-04	3.31094	20.4	25825	1.28240e-04	3.31172	20.9	26468	1.25060e-04	3.31016	18.8	26609	1.24400e-04	3.31016	19.6
3599.844	nan	27714	1.19450e-04	3.31055	20.4	25848	1.28120e-04	3.31172	20.9	26429	1.25260e-04	3.31035	18.8	26621	1.24350e-04	3.31035	19.6
3601.033	nan	27681	1.19590e-04	3.31055	20.4	25840	1.28160e-04	3.31152	20.9	26457	1.25100e-04	3.30996	18.8	26602	1.24420e-04	3.30996	19.6
3602.221	nan	27720	1.19420e-04	3.31035	20.4	25819	1.28260e-04	3.31152	20.9	26464	1.25080e-04	3.31016	18.8	26629	1.24300e-04	3.30996	19.6
3603.409	nan	27693	1.19550e-04	3.31074	20.4	25822	1.28240e-04	3.31152	20.9	26473	1.25030e-04	3.30996	18.8	26636	1.24270e-04	3.30996	19.6
3604.597	nan	27721	1.19430e-04	3.31055	20.4	25827	1.28230e-04	3.31172	20.9	26450	1.25150e-04	3.31016	18.8	26603	1.24420e-04	3.30996	19.6
3605.786	nan	27693	1.19550e-04	3.31074	20.4	25797	1.28360e-04	3.31133	20.9	26439	1.25190e-04	3.30996	18.8	26626	1.24310e-04	3.30996	19.6
3606.974	nan	27707	1.19470e-04	3.31016	20.4	25812	1.28300e-04	3.31152	20.9	26451	1.25140e-04	3.31016	18.8	26623	1.24330e-04	3.30996	19.6
3608.162	nan	27705	1.19520e-04	3.31133	20.4	25833	1.28170e-04	3.31094	20.9	26455	1.25100e-04	3.30957	18.8	26607	1.24380e-04	3.30938	19.6
3609.350	nan	27726	1.19400e-04	3.31055	20.4	25837	1.28200e-04	3.31230	20.9	26465	1.25090e-04	3.31055	18.8	26628	1.24340e-04	3.31074	19.6
3610.538	nan	27720	1.19440e-04	3.31074	20.4	25842	1.28140e-04	3.31152	20.9	26456	1.25110e-04	3.30996	18.8	26631	1.24290e-04	3.30996	19.6
3611.727	nan	27688	1.19540e-04	3.30996	20.4	25814	1.28280e-04	3.31133	20.9	26487	1.24980e-04	3.31016	18.8	26609	1.24400e-04	3.31016	19.6
3612.915	nan	27735	1.19410e-04	3.31172	20.4	25836	1.28180e-04	3.31152	20.9	26471	1.25030e-04	3.30957	18.8	26646	1.24200e-04	3.30938	19.6
3614.103	nan	27734	1.19370e-04	3.31074	20.4	25832	1.28220e-04	3.31211	20.9	26482	1.25030e-04	3.31113	18.8	26624	1.24360e-04	3.31094	19.6
3615.291	nan	27702	1.19510e-04	3.31074	20.4	25837	1.28180e-04	3.31191	20.9	26470	1.25050e-04	3.31016	18.8	26636	1.24270e-04	3.31016	19.6
3616.480	nan	27685	1.19590e-04	3.31074	20.4	25813	1.28300e-04	3.31172	20.9	26473	1.25040e-04	3.31016	18.8	26628	1.24310e-04	3.31016	19.6
3617.668	nan	27744	1.19330e-04	3.31074	20.4	25839	1.28170e-04	3.31172	20.9	26465	1.25080e-04	3.31016	18.8	26673	1.24100e-04	3.31016	19.6
3618.856	nan	27696	1.19550e-04	3.31094	20.4	25803	1.28340e-04	3.31152	20.9	26496	1.24920e-04	3.30996	18.8	26673	1.24100e-04	3.30996	19.6
3620.044	nan	27756	1.19270e-04	3.31055	20.4	25845	1.28140e-04	3.31191	20.9	26483	1.25010e-04	3.31055	18.8	26632	1.24300e-04	3.31035	19.6
3621.233	nan	27729	1.19400e-04	3.31074	20.4	25853	1.28090e-04	3.31133	20.9	26499	1.24920e-04	3.31016	18.8	26673	1.24090e-04	3.30996	19.6
3622.421	nan	27719	1.19440e-04	3.31074	20.4	25822	1.28250e-04	3.31172	20.9	26479	1.25020e-04	3.31035	18.8	26639	1.24260e-04	3.31016	19.6
3623.609	nan	27704	1.19520e-04	3.31113	20.4	25841	1.28160e-04	3.31191	20.9	26488	1.24970e-04	3.31016	18.8	26658	1.24170e-04	3.31016	19.6
3624.798	nan	27721	1.19420e-04	3.31035	20.4	25856	1.28080e-04	3.31172	20.9	26455	1.25130e-04	3.31035	18.8	26667	1.24140e-04	3.31035	19.6
3625.986	nan	27692	1.19570e-04	3.31094	20.4	25863	1.28040e-04	3.31152	20.9	26486	1.24970e-04	3.30996	18.8	26637	1.24260e-04	3.30996	19.6
3627.174	nan	27726	1.19400e-04	3.31055	20.4	25839	1.28170e-04	3.31191	20.9	26474	1.25040e-04	3.31035	18.8	26617	1.24370e-04	3.31035	19.6
3628.362	nan	27743	1.19330e-04	3.31055	20.4	25852	1.28100e-04	3.31152	20.9	26490	1.24950e-04	3.30996	18.8	26625	1.24320e-04	3.30996	19.6
3629.550	nan	27725	1.19400e-04	3.31035	20.4	25832	1.28170e-04	3.31094	20.9	26471	1.25030e-04	3.30977	18.8	26616	1.24350e-04	3.30977	19.6
3630.739	nan	27761	1.19270e-04	3.31094	20.4	25854	1.28100e-04	3.31191	20.9	26494	1.24930e-04	3.30996	18.8	26656	1.24170e-04	3.30996	19.6
3631.927	nan	27723	1.19420e-04	3.31074	20.4	25787	1.28420e-04	3.31152	20.9	26497	1.24920e-04	3.31016	18.8	26618	1.24360e-04	3.31035	19.6
3633.115	nan	27735	1.19360e-04	3.31035	20.4	25860	1.28060e-04	3.31172	20.9	26493	1.24950e-04	3.31035	18.8	26640	1.24260e-04	3.31016	19.6
3634.304	nan	27745	1.19340e-04	3.31113	20.4	25861	1.28040e-04	3.31133	20.9	26485	1.24970e-04	3.30977	18.8	26665	1.24120e-04	3.30977	19.6
3635.492	nan	27723	1.19410e-04	3.31035	20.4	25861	1.28080e-04	3.31230	20.9	26480	1.25010e-04	3.31035	18.8	26677	1.24090e-04	3.31035	19.6
3636.680	nan	27717	1.19450e-04	3.31074	20.4	25858	1.28070e-04	3.31152	20.9	26500	1.24900e-04	3.30996	18.8	26656	1.24170e-04	3.30996	19.6
3637.868	nan	27768	1.19210e-04	3.31035	20.4	25846	1.28130e-04	3.31152	20.9	26509	1.24870e-04	3.31016	18.8	26665	1.24130e-04	3.30996	19.6
3639.056	nan	27716	1.19490e-04	3.31172	20.4	25830	1.28200e-04	3.31133	20.9	26491	1.24940e-04	3.30977	18.8	26651	1.24190e-04	3.30977	19.6
3640.245	nan	27780	1.19170e-04	3.31055	20.4	25875	1.28010e-04	3.31230	20.9	26471	1.25080e-04	3.31094	18.8	26640	1.24290e-04	3.31094	19.6
3641.433	nan	27748	1.19320e-04	3.31094	20.4	25837	1.28170e-04	3.31152	20.9	26509	1.24870e-04	3.31016	18.8	26681	1.24050e-04	3.30996	19.6
3642.621	nan	27759	1.19260e-04	3.31055	20.4	25868	1.28010e-04	3.31152	20.9	26503	1.24900e-04	3.31016	18.8	26692	1.24010e-04	3.31016	19.6
3643.810	nan	27786	1.19140e-04	3.31055	20.4	25848	1.28120e-04	3.31152	20.9	26506	1.24880e-04	3.30996	18.8	26656	1.24170e-04	3.30996	19.6
3644.998	nan	27777	1.19200e-04	3.31094	20.4	25868	1.28010e-04	3.31133	20.9	26518	1.24810e-04	3.30977	18.8	26695	1.23990e-04	3.30996	19.6
3646.186	nan	27754	1.19280e-04	3.31055	20.4	25857	1.28100e-04	3.31211	20.9	26491	1.24960e-04	3.31035	18.8	26674	1.24100e-04	3.31035	19.6
3647.374	nan	27774	1.19230e-04	3.31133	20.4	25843	1.28140e-04	3.31152	20.9	26507	1.24870e-04	3.30996	18.8	26686	1.24030e-04	3.30996	19.6
3648.562	nan	27761	1.19270e-04	3.31113	20.4	25855	1.28100e-04	3.31211	20.9	26484	1.25010e-04	3.31074	18.8	26667	1.24150e-04	3.31074	19.6
3649.751	nan	27769	1.19220e-04	3.31074	20.4	25884	1.27950e-04	3.31191	20.9	26489	1.24980e-04	3.31055	18.8	26663	1.24160e-04	3.31055	19.6
3650.939	nan	27770	1.19210e-04	3.31055	20.4	25868	1.28030e-04	3.31191	20.9	26522	1.24810e-04	3.31016	18.8	26678	1.24080e-04	3.31035	19.6
3652.127	nan	27776	1.19190e-04	3.31055	20.4	25848	1.28110e-04	3.31152	20.9	26513	1.24850e-04	3.31016	18.8	26677	1.24070e-04	3.30996	19.6
3653.315	nan	27754	1.19280e-04	3.31055	20.4	25860	1.28050e-04	3.31152	20.9	26512	1.24850e-04	3.30996	18.8	26664	1.24140e-04	3.30996	19.6
3654.503	nan	27757	1.19270e-04	3.31074	20.4	25869	1.28010e-04	3.31152	20.9	26522	1.24800e-04	3.30996	18.8	26648	1.24210e-04	3.30996	19.6
3655.692	nan	27763	1.19220e-04	3.30996	20.4	25885	1.27930e-04	3.31152	20.9	26510	1.24860e-04	3.30996	18.8	26647	1.24210e-04	3.30996	19.6
3656.880	nan	27759	1.19270e-04	3.31094	20.4	25866	1.28020e-04	3.31133	20.9	26503	1.24880e-04	3.30957	18.8	26699	1.23960e-04	3.30957	19.6
3658.068	nan	27746	1.19310e-04	3.31035	20.4	25858	1.28070e-04	3.31152	20.9	26520	1.24820e-04	3.31016	18.8	26655	1.24180e-04	3.31016	19.6
3659.257	nan	27761	1.19260e-04	3.31074	20.4	25870	1.28010e-04	3.31152	20.9	26530	1.24760e-04	3.30977	18.8	26675	1.24080e-04	3.30977	19.6
3660.445	nan	27763	1.19240e-04	3.31055	20.4	25886	1.27920e-04	3.31133	20.9	26528	1.24770e-04	3.30996	18.8	26645	1.24220e-04	3.30996	19.6
3661.633	nan	27781	1.19170e-04	3.31074	20.4	25899	1.27870e-04	3.31172	20.9	26507	1.24870e-04	3.30996	18.8	26663	1.24140e-04	3.30996	19.6
3662.822	nan	27792	1.19130e-04	3.31094	20.4	25884	1.27950e-04	3.31191	20.9	26509	1.24870e-04	3.31016	18.8	26719	1.23890e-04	3.31016	19.6
3664.010	nan	27759	1.19240e-04	3.30996	20.4	25855	1.28080e-04	3.31152	20.9	26512	1.24860e-04	3.31035	18.8	26679	1.24070e-04	3.31016	19.6
3665.198	nan	27797	1.19120e-04	3.31113	20.4	25884	1.27910e-04	3.31094	20.9	26510	1.24840e-04	3.30957	18.8	26685	1.24020e-04	3.30938	19.6
3666.386	nan	27785	1.19150e-04	3.31074	20.4	25892	1.27930e-04	3.31230	20.9	26501	1.24920e-04	3.31055	18.8	26657	1.24190e-04	3.31055	19.6
3667.574	nan	27778	1.19180e-04	3.31055	20.4	25886	1.27920e-04	3.31133	20.9	26543	1.24720e-04	3.31035	18.8	26682	1.24060e-04	3.31016	19.6
3668.763	nan	27777	1.19170e-04	3.31035	20.4	25881	1.27960e-04	3.31172	20.9	26538	1.24730e-04	3.30996	18.8	26668	1.24120e-04	3.31016	19.6
3669.951	nan	27767	1.19240e-04	3.31094	20.4	25908	1.27820e-04	3.31152	20.9	26525	1.24790e-04	3.30996	18.8	26685	1.24040e-04	3.30996	19.6
3671.139	nan	27758	1.19280e-04	3.31094	20.4	25891	1.27900e-04	3.31152	20.9	26519	1.24830e-04	3.31035	18.8	26692	1.24020e-04	3.31035	19.6
3672.328	nan	27787	1.19150e-04	3.31094	20.4	25874	1.28010e-04	3.31211	20.9	26524	1.24810e-04	3.31055	18.8	26704	1.23960e-04	3.31035	19.6
3673.516	nan	27760	1.19270e-04	3.31094	20.4	25879	1.27970e-04	3.31172	20.9	26528	1.24790e-04	3.31035	18.8	26696	1.24000e-04	3.31035	19.6
3674.704	nan	27790	1.19120e-04	3.31035	20.4	25905	1.27840e-04	3.31172	20.9	26552	1.24670e-04	3.31016	18.8	26680	1.24070e-04	3.31016	19.6
3675.892	nan	27790	1.19130e-04	3.31074	20.4	25876	1.27980e-04	3.31152	20.9	26512	1.24840e-04	3.30977	18.8	26668	1.24120e-04	3.30996	19.6
3677.080	nan	27782	1.19160e-04	3.31055	20.4	25892	1.27900e-04	3.31152	20.9	26516	1.24840e-04	3.31016	18.8	26679	1.24070e-04	3.31016	19.6
3678.269	nan	27763	1.19250e-04	3.31074	20.4	25902	1.27830e-04	3.31094	20.9	26525	1.24780e-04	3.30977	18.8	26680	1.24050e-04	3.30977	19.6
3679.457	nan	27792	1.19120e-04	3.31055	20.4	25905	1.27850e-04	3.31191	20.9	26559	1.24640e-04	3.31016	18.8	26713	1.23920e-04	3.31016	19.6
3680.645	nan	27779	1.19180e-04	3.31074	20.4	25922	1.27740e-04	3.31133	20.9	26548	1.24680e-04	3.30996	18.8	26715	1.23900e-04	3.30996	19.6
3681.834	nan	27788	1.19130e-04	3.31035	20.4	25898	1.27870e-04	3.31172	20.9	26553	1.24650e-04	3.30996	18.8	26708	1.23940e-04	3.31016	19.6
3683.022	nan	27781	1.19170e-04	3.31074	20.4	25885	1.27930e-04	3.31152	20.9	26554	1.24650e-04	3.30996	18.8	26715	1.23890e-04	3.30977	19.6
3684.210	nan	27809	1.19050e-04	3.31055	20.4	25904	1.27830e-04	3.31133	20.9	26544	1.24690e-04	3.30996	18.8	26662	1.24140e-04	3.30977	19.6
3685.398	nan	27786	1.19140e-04	3.31035	20.4	25887	1.27920e-04	3.31152	20.9	26573	1.24560e-04	3.30996	18.8	26727	1.23840e-04	3.30996	19.6
3686.586	nan	27807	1.19060e-04	3.31074	20.4	25887	1.27930e-04	3.31172	20.9	26543	1.24690e-04	3.30977	18.8	26728	1.23830e-04	3.30977	19.6
3687.774	nan	27784	1.19170e-04	3.31113	20.4	25907	1.27830e-04	3.31172	20.9	26526	1.24790e-04	3.31016	18.8	26687	1.24050e-04	3.31035	19.6
3688.963	nan	27821	1.19000e-04	3.31074	20.4	25900	1.27880e-04	3.31191	20.9	26534	1.24770e-04	3.31055	18.8	26704	1.23960e-04	3.31035	19.6
3690.151	nan	27804	1.19070e-04	3.31055	20.4	25859	1.28080e-04	3.31191	20.9	26539	1.24740e-04	3.31035	18.8	26687	1.24040e-04	3.31035	19.6
3691.340	nan	27808	1.19060e-04	3.31094	20.4	25898	1.27840e-04	3.31094	20.9	26581	1.24520e-04	3.30977	18.8	26692	1.23990e-04	3.30957	19.6
3692.528	nan	27833	1.18950e-04	3.31055	20.4	25900	1.27890e-04	3.31230	20.9	26567	1.24600e-04	3.31035	18.8	26677	1.24090e-04	3.31035	19.6
3693.716	nan	27796	1.19100e-04	3.31055	20.4	25906	1.27830e-04	3.31152	20.9	26549	1.24670e-04	3.30996	18.8	26725	1.23850e-04	3.30996	19.6
3694.904	nan	27813	1.19030e-04	3.31055	20.4	25909	1.27800e-04	3.31133	20.9	26584	1.24510e-04	3.30996	18.8	26712	1.23910e-04	3.30996	19.6
3696.093	nan	27781	1.19170e-04	3.31074	20.4	25879	1.27960e-04	3.31152	20.9	26533	1.24740e-04	3.30977	18.8	26701	1.23950e-04	3.30977	19.6
3697.281	nan	27773	1.19210e-04	3.31074	20.4	25912	1.27800e-04	3.31152	20.9	26561	1.24630e-04	3.31035	18.8	26703	1.23970e-04	3.31035	19.6
3698.469	nan	27818	1.19030e-04	3.31113	20.4	25902	1.27870e-04	3.31211	20.9	26582	1.24520e-04	3.30996	18.8	26763	1.23690e-04	3.31016	19.6
3699.657	nan	27846	1.18890e-04	3.31055	20.4	25922	1.27760e-04	3.31172	20.9	26575	1.24570e-04	3.31055	18.8	26708	1.23950e-04	3.31035	19.6
3700.845	nan	27823	1.18980e-04	3.31035	20.4	25888	1.27920e-04	3.31152	20.9	26566	1.24600e-04	3.31016	18.8	26698	1.23980e-04	3.30996	19.6
3702.034	nan	27800	1.19100e-04	3.31113	20.4	25926	1.27730e-04	3.31152	20.9	26576	1.24540e-04	3.30977	18.8	26669	1.24100e-04	3.30957	19.6
3703.222	nan	27835	1.18930e-04	3.31035	20.4	25901	1.27870e-04	3.31191	20.9	26555	1.24670e-04	3.31055	18.8	26727	1.23870e-04	3.31074	19.6
3704.410	nan	27810	1.19050e-04	3.31074	20.4	25924	1.27730e-04	3.31133	20.9	26570	1.24560e-04	3.30957	18.8	26708	1.23920e-04	3.30977	19.6
3705.598	nan	27830	1.18960e-04	3.31074	20.4	25922	1.27750e-04	3.31152	20.9	26548	1.24690e-04	3.31035	18.8	26687	1.24040e-04	3.31016	19.6
3706.787	nan	27810	1.19050e-04	3.31074	20.4	25915	1.27790e-04	3.31172	20.9	26610	1.24400e-04	3.31016	18.8	26695	1.24000e-04	3.31016	19.6
3707.975	nan	27774	1.19170e-04	3.30996	20.4	25938	1.27660e-04	3.31133	20.9	26564	1.24620e-04	3.31035	18.8	26736	1.23810e-04	3.31016	19.6
3709.163	nan	27857	1.18880e-04	3.31152	20.4	25938	1.27660e-04	3.31133	20.9	26552	1.24640e-04	3.30957	18.8	26699	1.23950e-04	3.30938	19.6
3710.351	nan	27815	1.19020e-04	3.31055	20.4	25894	1.27910e-04	3.31211	20.9	26574	1.24580e-04	3.31074	18.8	26740	1.23820e-04	3.31094	19.6
3711.540	nan	27841	1.18920e-04	3.31074	20.4	25909	1.27820e-04	3.31172	20.9	26568	1.24580e-04	3.30996	18.8	26708	1.23930e-04	3.30996	19.6
3712.728	nan	27837	1.18910e-04	3.31016	20.4	25914	1.27800e-04	3.31172	20.9	26556	1.24660e-04	3.31035	18.8	26755	1.23710e-04	3.30996	19.6
3713.916	nan	27809	1.19070e-04	3.31133	20.4	25936	1.27680e-04	3.31152	20.9	26562	1.24600e-04	3.30957	18.8	26771	1.23640e-04	3.30996	19.6
3715.105	nan	27812	1.19030e-04	3.31055	20.4	25915	1.27780e-04	3.31152	20.9	26596	1.24470e-04	3.31055	18.8	26716	1.23910e-04	3.31035	19.6
3716.293	nan	27792	1.19120e-04	3.31055	20.4	25954	1.27620e-04	3.31211	20.9	26600	1.24440e-04	3.30996	18.8	26719	1.23890e-04	3.31016	19.6
3717.481	nan	27799	1.19120e-04	3.31133	20.4	25891	1.27890e-04	3.31113	20.9	26562	1.24600e-04	3.30977	18.8	26733	1.23820e-04	3.30996	19.6
3718.669	nan	27833	1.18950e-04	3.31074	20.4	25938	1.27690e-04	3.31211	20.9	26552	1.24680e-04	3.31055	18.8	26705	1.23970e-04	3.31055	19.6
3719.858	nan	27844	1.18930e-04	3.31152	20.4	25943	1.27650e-04	3.31172	20.9	26589	1.24490e-04	3.31016	18.8	26711	1.23920e-04	3.30996	19.6
3721.046	nan	27813	1.19030e-04	3.31055	20.4	25934	1.27710e-04	3.31211	20.9	26576	1.24580e-04	3.31074	18.8	26737	1.23830e-04	3.31074	19.6
3722.234	nan	27807	1.19060e-04	3.31074	20.4	25932	1.27690e-04	3.31113	20.9	26592	1.24470e-04	3.30996	18.8	26708	1.23930e-04	3.30977	19.6
3723.422	nan	27831	1.18970e-04	3.31094	20.4	25898	1.27890e-04	3.31211	20.9	26579	1.24540e-04	3.31016	18.8	26724	1.23860e-04	3.31016	19.6
3724.610	nan	27807	1.19070e-04	3.31094	20.4	25946	1.27650e-04	3.31191	20.9	26586	1.24510e-04	3.31016	18.8	26743	1.23790e-04	3.31035	19.6
3725.799	nan	27765	1.19230e-04	3.31055	20.4	25933	1.27690e-04	3.31133	20.9	26573	1.24580e-04	3.31035	18.8	26737	1.23810e-04	3.31035	19.6
3726.987	nan	27821	1.19000e-04	3.31055	20.4	25924	1.27750e-04	3.31172	20.9	26566	1.24590e-04	3.30996	18.8	26706	1.23940e-04	3.30996	19.6
3728.175	nan	27831	1.18950e-04	3.31055	20.4	25906	1.27820e-04	3.31133	20.9	26615	1.24360e-04	3.30996	18.8	26735	1.23800e-04	3.30977	19.6
3729.363	nan	27842	1.18900e-04	3.31035	20.4	25931	1.27710e-04	3.31152	20.9	26584	1.24510e-04	3.30996	18.8	26755	1.23710e-04	3.30977	19.6
3730.552	nan	27809	1.19040e-04	3.31035	20.4	25929	1.27690e-04	3.31094	20.9	26620	1.24330e-04	3.30977	18.8	26738	1.23790e-04	3.30977	19.6
3731.740	nan	27853	1.18870e-04	3.31074	20.4	25935	1.27700e-04	3.31191	20.9	26611	1.24380e-04	3.30996	18.8	26738	1.23800e-04	3.31016	19.6
3732.928	nan	27841	1.18910e-04	3.31055	20.4	25952	1.27600e-04	3.31152	20.9	26612	1.24380e-04	3.31016	18.8	26752	1.23730e-04	3.31016	19.6
3734.116	nan	27846	1.18900e-04	3.31074	20.4	25955	1.27600e-04	3.31172	20.9	26585	1.24500e-04	3.30996	18.8	26727	1.23840e-04	3.30996	19.6
3735.305	nan	27835	1.18940e-04	3.31074	20.4	25939	1.27670e-04	3.31172	20.9	26602	1.24430e-04	3.31016	18.8	26715	1.23910e-04	3.31016	19.6
3736.493	nan	27827	1.18950e-04	3.31016	20.4	25932	1.27690e-04	3.31133	20.9	26587	1.24500e-04	3.30996	18.8	26745	1.23760e-04	3.30996	19.6
3737.681	nan	27849	1.18890e-04	3.31094	20.4	25949	1.27600e-04	3.31113	20.9	26598	1.24430e-04	3.30957	18.8	26762	1.23670e-04	3.30957	19.6
3738.870	nan	27879	1.18720e-04	3.30996	20.4	25914	1.27790e-04	3.31152	20.9	26587	1.24510e-04	3.31035	18.8	26733	1.23830e-04	3.31035	19.6
3740.058	nan	27830	1.18980e-04	3.31133	20.4	25966	1.27530e-04	3.31152	20.9	26577	1.24530e-04	3.30957	18.8	26733	1.23810e-04	3.30977	19.6
3741.246	nan	27863	1.18810e-04	3.31055	20.4	25956	1.27600e-04	3.31191	20.9	26636	1.24290e-04	3.31055	18.8	26721	1.23890e-04	3.31035	19.6
3742.434	nan	27818	1.19010e-04	3.31055	20.4	25913	1.27790e-04	3.31133	20.9	26611	1.24380e-04	3.30996	18.8	26747	1.23750e-04	3.30996	19.6
3743.622	nan	27884	1.18720e-04	3.31055	20.4	25930	1.27700e-04	3.31113	20.9	26587	1.24490e-04	3.30977	18.8	26748	1.23740e-04	3.30977	19.6
3744.811	nan	27805	1.19080e-04	3.31094	20.4	25950	1.27610e-04	3.31152	20.9	26605	1.24420e-04	3.31016	18.8	26784	1.23590e-04	3.31016	19.6
3745.999	nan	27839	1.18930e-04	3.31094	20.4	25942	1.27650e-04	3.31152	20.9	26602	1.24440e-04	3.31035	18.8	26752	1.23730e-04	3.30996	19.6
3747.187	nan	27860	1.18840e-04	3.31094	20.4	25923	1.27770e-04	3.31230	20.9	26563	1.24630e-04	3.31055	18.8	26764	1.23700e-04	3.31055	19.6
3748.376	nan	27878	1.18760e-04	3.31074	20.4	25954	1.27590e-04	3.31152	20.9	26625	1.24330e-04	3.31035	18.8	26746	1.23750e-04	3.30996	19.6
3749.564	nan	27855	1.18840e-04	3.31035	20.5	25939	1.27680e-04	3.31191	20.9	26610	1.24400e-04	3.31035	18.8	26754	1.23730e-04	3.31016	19.6
3750.752	nan	27839	1.18920e-04	3.31074	20.4	25949	1.27620e-04	3.31152	20.9	26622	1.24330e-04	3.30996	18.8	26755	1.23720e-04	3.31016	19.6
3751.941	nan	27820	1.18990e-04	3.31035	20.4	25969	1.27520e-04	3.31152	20.9	26590	1.24490e-04	3.31016	18.8	26737	1.23810e-04	3.31016	19.6
3753.128	nan	27845	1.18900e-04	3.31074	20.5	25953	1.27590e-04	3.31133	20.9	26600	1.24430e-04	3.30977	18.8	26756	1.23700e-04	3.30957	19.6
3754.317	nan	27855	1.18850e-04	3.31055	20.4	25958	1.27570e-04	3.31152	20.9	26643	1.24240e-04	3.31016	18.8	26779	1.23610e-04	3.31016	19.6
3755.505	nan	27832	1.18930e-04	3.30996	20.5	25963	1.27550e-04	3.31152	20.9	26635	1.24260e-04	3.30977	18.8	26772	1.23630e-04	3.30977	19.6
3756.693	nan	27879	1.18720e-04	3.30996	20.4	25931	1.27680e-04	3.31094	20.9	26604	1.24400e-04	3.30957	18.8	26744	1.23750e-04	3.30957	19.6
3757.882	nan	27882	1.18760e-04	3.31133	20.5	25940	1.27670e-04	3.31172	20.9	26608	1.24380e-04	3.30957	18.8	26749	1.23720e-04	3.30957	19.6
3759.070	nan	27870	1.18810e-04	3.31113	20.5	25970	1.27520e-04	3.31172	20.9	26590	1.24510e-04	3.31074	18.8	26751	1.23750e-04	3.31035	19.6
3760.258	nan	27877	1.18760e-04	3.31074	20.5	25966	1.27550e-04	3.31191	20.9	26611	1.24400e-04	3.31055	18.8	26753	1.23740e-04	3.31055	19.6
3761.446	nan	27857	1.18850e-04	3.31074	20.5	25968	1.27510e-04	3.31113	20.9	26619	1.24340e-04	3.30996	18.8	26725	1.23850e-04	3.30996	19.6
3762.635	nan	27881	1.18750e-04	3.31094	20.5	25975	1.27520e-04	3.31230	20.9	26632	1.24290e-04	3.31016	18.8	26748	1.23750e-04	3.31016	19.6
3763.823	nan	27847	1.18900e-04	3.31094	20.5	25962	1.27560e-04	3.31172	21.0	26580	1.24550e-04	3.31055	18.8	26757	1.23730e-04	3.31055	19.6
3765.011	nan	27863	1.18820e-04	3.31055	20.4	25948	1.27630e-04	3.31172	21.0	26606	1.24410e-04	3.31016	18.8	26767	1.23660e-04	3.30996	19.6
3766.199	nan	27867	1.18810e-04	3.31074	20.5	25954	1.27590e-04	3.31152	21.0	26634	1.24270e-04	3.30996	18.8	26765	1.23670e-04	3.31016	19.6
3767.387	nan	27885	1.18740e-04	3.31094	20.5	25982	1.27460e-04	3.31152	21.0	26621	1.24350e-04	3.31035	18.8	26766	1.23670e-04	3.31016	19.6
3768.576	nan	27863	1.18830e-04	3.31094	20.4	25957	1.27600e-04	3.31211	21.0	26598	1.24460e-04	3.31035	18.8	26785	1.23600e-04	3.31055	19.6
3769.764	nan	27838	1.18920e-04	3.31055	20.5	25950	1.27610e-04	3.31152	21.0	26634	1.24280e-04	3.31016	18.8	26751	1.23740e-04	3.31016	19.6
3770.952	nan	27909	1.18630e-04	3.31074	20.5	25991	1.27410e-04	3.31152	21.0	26613	1.24370e-04	3.30996	18.8	26778	1.23610e-04	3.30996	19.6
3772.141	nan	27867	1.18800e-04	3.31055	20.5	25975	1.27490e-04	3.31152	21.0	26661	1.24160e-04	3.31016	18.8	26758	1.23710e-04	3.31016	19.6
3773.329	nan	27855	1.18840e-04	3.31035	20.5	25949	1.27610e-04	3.31133	21.0	26622	1.24340e-04	3.31016	18.8	26785	1.23580e-04	3.30996	19.6
3774.517	nan	27855	1.18850e-04	3.31055	20.5	25969	1.27500e-04	3.31113	21.0	26578	1.24530e-04	3.30977	18.8	26778	1.23600e-04	3.30977	19.6
3775.705	nan	27881	1.18730e-04	3.31035	20.5	25979	1.27480e-04	3.31191	21.0	26613	1.24370e-04	3.30996	18.8	26745	1.23760e-04	3.30996	19.6
3776.894	nan	27872	1.18790e-04	3.31074	20.5	25978	1.27470e-04	3.31133	21.0	26633	1.24270e-04	3.30977	18.8	26779	1.23590e-04	3.30977	19.6
3778.082	nan	27868	1.18770e-04	3.30996	20.5	25963	1.27530e-04	3.31113	21.0	26615	1.24370e-04	3.31016	18.8	26757	1.23700e-04	3.30977	19.6
3779.270	nan	27921	1.18590e-04	3.31113	20.5	25961	1.27550e-04	3.31133	21.0	26587	1.24480e-04	3.30957	18.8	26790	1.23540e-04	3.30977	19.6
3780.459	nan	27854	1.18860e-04	3.31074	20.5	25976	1.27490e-04	3.31172	21.0	26619	1.24370e-04	3.31074	18.8	26788	1.23590e-04	3.31074	19.6
3781.647	nan	27894	1.18690e-04	3.31074	20.5	25957	1.27590e-04	3.31172	21.0	26660	1.24160e-04	3.31016	18.8	26770	1.23640e-04	3.30996	19.6
3782.835	nan	27895	1.18660e-04	3.30996	20.5	25962	1.27550e-04	3.31152	21.0	26632	1.24280e-04	3.30996	18.8	26751	1.23720e-04	3.30977	19.6
3784.023	nan	27888	1.18730e-04	3.31113	20.5	25962	1.27540e-04	3.31133	21.0	26619	1.24330e-04	3.30957	18.8	26762	1.23670e-04	3.30977	19.6
3785.212	nan	27869	1.18790e-04	3.31055	20.5	25967	1.27530e-04	3.31152	21.0	26663	1.24160e-04	3.31035	18.8	26756	1.23710e-04	3.30996	19.6
3786.399	nan	27915	1.18600e-04	3.31074	20.5	26002	1.27340e-04	3.31113	21.0	26631	1.24290e-04	3.30996	18.8	26785	1.23570e-04	3.30996	19.6
3787.588	nan	27862	1.18830e-04	3.31094	20.5	25955	1.27600e-04	3.31191	21.0	26642	1.24240e-04	3.30996	18.8	26771	1.23650e-04	3.31016	19.6
3788.776	nan	27877	1.18740e-04	3.31016	20.5	25995	1.27400e-04	3.31172	21.0	26657	1.24170e-04	3.31016	18.8	26787	1.23570e-04	3.31016	19.6
3789.965	nan	27895	1.18700e-04	3.31113	20.5	25990	1.27420e-04	3.31172	21.0	26662	1.24130e-04	3.30957	18.8	26776	1.23610e-04	3.30977	19.6
3791.153	nan	27853	1.18860e-04	3.31055	20.5	25976	1.27480e-04	3.31152	21.0	26621	1.24360e-04	3.31055	18.8	26786	1.23580e-04	3.31035	19.6
3792.341	nan	27847	1.18890e-04	3.31074	20.5	25960	1.27560e-04	3.31152	21.0	26696	1.23990e-04	3.30996	18.8	26768	1.23650e-04	3.30996	19.6
3793.529	nan	27892	1.18690e-04	3.31055	20.5	25971	1.27480e-04	3.31074	21.0	26658	1.24170e-04	3.31016	18.8	26768	1.23640e-04	3.30957	19.6
3794.718	nan	27916	1.18600e-04	3.31074	20.5	25967	1.27560e-04	3.31230	21.0	26667	1.24120e-04	3.30996	18.7	26806	1.23500e-04	3.31035	19.6
3795.906	nan	27874	1.18750e-04	3.31016	20.5	25949	1.27610e-04	3.31133	21.0	26640	1.24260e-04	3.31016	18.8	26759	1.23700e-04	3.30996	19.6
3797.094	nan	27878	1.18760e-04	3.31074	20.5	25972	1.27490e-04	3.31133	21.0	26619	1.24330e-04	3.30957	18.7	26772	1.23640e-04	3.30996	19.6
3798.282	nan	27860	1.18820e-04	3.31035	20.5	25971	1.27500e-04	3.31133	21.0	26621	1.24340e-04	3.31016	18.7	26763	1.23680e-04	3.30996	19.6
3799.470	nan	27889	1.18710e-04	3.31055	20.5	25970	1.27510e-04	3.31152	21.0	26659	1.24160e-04	3.30996	18.7	26793	1.23540e-04	3.30996	19.6
3800.659	nan	27921	1.18580e-04	3.31074	20.5	25982	1.27440e-04	3.31113	21.0	26659	1.24160e-04	3.30996	18.7	26786	1.23550e-04	3.30957	19.6
3801.847	nan	27866	1.18790e-04	3.31035	20.5	25992	1.27430e-04	3.31211	21.0	26651	1.24210e-04	3.31016	18.7	26825	1.23410e-04	3.31055	19.6
3803.035	nan	27894	1.18700e-04	3.31094	20.5	25988	1.27420e-04	3.31133	21.0	26666	1.24120e-04	3.30977	18.7	26813	1.23420e-04	3.30938	19.6
3804.224	nan	27927	1.18540e-04	3.31035	20.4	25944	1.27650e-04	3.31172	21.0	26674	1.24110e-04	3.31055	18.7	26786	1.23600e-04	3.31074	19.6
3805.412	nan	27922	1.18590e-04	3.31113	20.4	25991	1.27410e-04	3.31152	21.0	26639	1.24240e-04	3.30977	18.7	26777	1.23600e-04	3.30977	19.6
3806.600	nan	27892	1.18710e-04	3.31094	20.4	25974	1.27490e-04	3.31152	21.0	26648	1.24230e-04	3.31055	18.7	26778	1.23620e-04	3.31016	19.6
3807.788	nan	27888	1.18720e-04	3.31074	20.4	25999	1.27400e-04	3.31230	21.0	26689	1.24030e-04	3.31035	18.7	26783	1.23610e-04	3.31055	19.6
3808.977	nan	27910	1.18610e-04	3.31055	20.4	26002	1.27360e-04	3.31152	21.0	26697	1.23990e-04	3.31016	18.7	26777	1.23620e-04	3.31016	19.6
3810.165	nan	27940	1.18500e-04	3.31074	20.4	26007	1.27330e-04	3.31152	21.0	26666	1.24120e-04	3.30977	18.7	26800	1.23510e-04	3.30996	19.6
3811.353	nan	27867	1.18820e-04	3.31113	20.4	25998	1.27390e-04	3.31172	21.0	26649	1.24210e-04	3.31016	18.7	26756	1.23710e-04	3.30996	19.6
3812.541	nan	27887	1.18710e-04	3.31055	20.4	26018	1.27290e-04	3.31191	21.0	26638	1.24280e-04	3.31055	18.7	26803	1.23520e-04	3.31074	19.6
3813.730	nan	27914	1.18620e-04	3.31113	20.4	25989	1.27430e-04	3.31172	21.0	26683	1.24050e-04	3.31016	18.7	26811	1.23450e-04	3.30977	19.6
3814.918	nan	27913	1.18600e-04	3.31055	20.4	26023	1.27270e-04	3.31191	21.0	26647	1.24240e-04	3.31055	18.7	26786	1.23590e-04	3.31055	19.6
3816.106	nan	27906	1.18650e-04	3.31113	20.4	25992	1.27430e-04	3.31211	21.0	26675	1.24080e-04	3.30996	18.7	26823	1.23420e-04	3.31035	19.6
3817.294	nan	27896	1.18670e-04	3.31055	20.4	25984	1.27450e-04	3.31172	21.0	26650	1.24220e-04	3.31055	18.7	26800	1.23520e-04	3.31035	19.6
3818.483	nan	27899	1.18680e-04	3.31094	20.4	26007	1.27340e-04	3.31172	21.0	26670	1.24100e-04	3.30977	18.7	26803	1.23490e-04	3.30996	19.6
3819.671	nan	27902	1.18650e-04	3.31055	20.4	26009	1.27320e-04	3.31152	21.0	26665	1.24150e-04	3.31035	18.7	26784	1.23590e-04	3.31035	19.6
3820.859	nan	27901	1.18640e-04	3.31016	20.4	25991	1.27410e-04	3.31152	21.0	26660	1.24160e-04	3.30996	18.7	26813	1.23430e-04	3.30957	19.6
3822.047	nan	27913	1.18620e-04	3.31113	20.4	25973	1.27490e-04	3.31113	21.0	26679	1.24050e-04	3.30957	18.7	26785	1.23570e-04	3.30977	19.6
3823.236	nan	27934	1.18530e-04	3.31094	20.4	25996	1.27420e-04	3.31250	21.0	26695	1.24010e-04	3.31055	18.7	26831	1.23390e-04	3.31074	19.6
3824.424	nan	27944	1.18480e-04	3.31074	20.4	26004	1.27340e-04	3.31133	21.0	26670	1.24120e-04	3.31035	18.7	26790	1.23550e-04	3.30996	19.6
3825.612	nan	27912	1.18610e-04	3.31074	20.4	26021	1.27270e-04	3.31172	21.0	26681	1.24060e-04	3.31016	18.7	26823	1.23410e-04	3.31016	19.6
3826.801	nan	27865	1.18810e-04	3.31074	20.4	26021	1.27260e-04	3.31133	21.0	26682	1.24050e-04	3.30996	18.7	26806	1.23480e-04	3.31016	19.6
3827.989	nan	27903	1.18650e-04	3.31055	20.4	26011	1.27340e-04	3.31211	21.0	26688	1.24030e-04	3.31016	18.7	26796	1.23530e-04	3.31016	19.6
3829.177	nan	27947	1.18470e-04	3.31094	20.4	25991	1.27410e-04	3.31152	21.0	26692	1.24010e-04	3.30996	18.7	26831	1.23360e-04	3.30996	19.6
3830.365	nan	27931	1.18520e-04	3.31035	20.4	26015	1.27300e-04	3.31172	21.0	26675	1.24100e-04	3.31035	18.7	26822	1.23410e-04	3.31016	19.6
3831.553	nan	27902	1.18670e-04	3.31113	20.4	26004	1.27330e-04	3.31094	21.0	26693	1.23980e-04	3.30957	18.7	26837	1.23310e-04	3.30938	19.6
3832.741	nan	27919	1.18590e-04	3.31094	20.4	25977	1.27510e-04	3.31230	21.0	26691	1.24030e-04	3.31055	18.7	26836	1.23370e-04	3.31074	19.6
3833.930	nan	27941	1.18490e-04	3.31074	20.4	26039	1.27180e-04	3.31152	21.0	26673	1.24110e-04	3.31035	18.7	26789	1.23560e-04	3.30996	19.6
3835.118	nan	27929	1.18520e-04	3.30996	20.4	25986	1.27430e-04	3.31152	21.0	26709	1.23930e-04	3.31016	18.7	26823	1.23420e-04	3.31035	19.6
3836.307	nan	27941	1.18510e-04	3.31113	20.4	26032	1.27200e-04	3.31133	21.0	26667	1.24110e-04	3.30957	18.7	26814	1.23410e-04	3.30918	19.6
3837.495	nan	27910	1.18610e-04	3.31055	20.4	26015	1.27300e-04	3.31172	21.0	26703	1.23980e-04	3.31055	18.7	26835	1.23380e-04	3.31094	19.6
3838.683	nan	27942	1.18510e-04	3.31133	20.4	26002	1.27380e-04	3.31211	21.0	26711	1.23920e-04	3.30996	18.7	26801	1.23500e-04	3.30996	19.6
3839.871	nan	27930	1.18540e-04	3.31074	20.4	26036	1.27180e-04	3.31133	21.0	26690	1.24040e-04	3.31055	18.7	26813	1.23450e-04	3.31016	19.6
3841.059	nan	27950	1.18470e-04	3.31133	20.4	26021	1.27300e-04	3.31250	21.0	26672	1.24100e-04	3.30996	18.7	26821	1.23420e-04	3.31035	19.6
3842.248	nan	27945	1.18500e-04	3.31133	20.4	26026	1.27240e-04	3.31152	21.0	26691	1.24040e-04	3.31074	18.7	26816	1.23450e-04	3.31035	19.6
3843.436	nan	27936	1.18520e-04	3.31094	20.4	26025	1.27280e-04	3.31250	21.0	26678	1.24100e-04	3.31074	18.7	26836	1.23380e-04	3.31094	19.6
3844.624	nan	27902	1.18660e-04	3.31094	20.4	26033	1.27210e-04	3.31172	21.0	26679	1.24080e-04	3.31035	18.7	26849	1.23290e-04	3.31035	19.6
3845.813	nan	27939	1.18490e-04	3.31035	20.4	26040	1.27180e-04	3.31172	21.0	26688	1.24040e-04	3.31035	18.7	26852	1.23280e-04	3.31035	19.6
3847.001	nan	27955	1.18460e-04	3.31152	20.4	26024	1.27260e-04	3.31172	21.0	26689	1.24010e-04	3.30977	18.7	26827	1.23370e-04	3.30957	19.6
3848.189	nan	27924	1.18560e-04	3.31055	20.4	26014	1.27330e-04	3.31230	21.0	26717	1.23920e-04	3.31074	18.7	26831	1.23400e-04	3.31094	19.6
3849.377	nan	27899	1.18670e-04	3.31074	20.4	26026	1.27220e-04	3.31113	21.0	26710	1.23930e-04	3.31016	18.7	26817	1.23430e-04	3.30996	19.6
3850.566	nan	27933	1.18530e-04	3.31094	20.4	26027	1.27260e-04	3.31211	21.0	26687	1.24040e-04	3.31016	18.7	26856	1.23260e-04	3.31016	19.6
3851.754	nan	27938	1.18520e-04	3.31133	20.4	25993	1.27420e-04	3.31211	21.0	26714	1.23920e-04	3.31035	18.7	26837	1.23350e-04	3.31035	19.6
3852.942	nan	27940	1.18500e-04	3.31094	20.4	26019	1.27290e-04	3.31191	21.0	26691	1.24040e-04	3.31074	18.7	26811	1.23490e-04	3.31074	19.6
3854.130	nan	27890	1.18710e-04	3.31074	20.4	26046	1.27150e-04	3.31172	21.0	26686	1.24040e-04	3.31016	18.7	26825	1.23400e-04	3.31016	19.6
3855.319	nan	27968	1.18360e-04	3.31035	20.4	26013	1.27310e-04	3.31172	21.0	26714	1.23910e-04	3.31016	18.7	26831	1.23370e-04	3.31016	19.6
3856.507	nan	27934	1.18540e-04	3.31113	20.4	25988	1.27440e-04	3.31191	21.0	26698	1.23980e-04	3.30996	18.7	26801	1.23500e-04	3.30996	19.6
3857.694	nan	27956	1.18430e-04	3.31074	20.4	26016	1.27300e-04	3.31191	21.0	26701	1.23990e-04	3.31055	18.7	26802	1.23530e-04	3.31074	19.6
3858.883	nan	27939	1.18500e-04	3.31074	20.4	26022	1.27250e-04	3.31133	21.0	26703	1.23960e-04	3.31016	18.7	26831	1.23350e-04	3.30977	19.6
3860.071	nan	27938	1.18500e-04	3.31055	20.4	26027	1.27240e-04	3.31152	21.0	26690	1.24010e-04	3.30996	18.7	26837	1.23340e-04	3.31016	19.6
3861.260	nan	27982	1.18340e-04	3.31133	20.4	26039	1.27200e-04	3.31211	21.0	26722	1.23870e-04	3.31016	18.7	26832	1.23380e-04	3.31055	19.6
3862.448	nan	27955	1.18410e-04	3.31016	20.4	26019	1.27280e-04	3.31172	21.0	26687	1.24060e-04	3.31074	18.7	26816	1.23450e-04	3.31035	19.6
3863.637	nan	27918	1.18590e-04	3.31074	20.4	26023	1.27250e-04	3.31133	21.0	26705	1.23930e-04	3.30957	18.7	26853	1.23250e-04	3.30957	19.6
3864.825	nan	27941	1.18500e-04	3.31094	20.4	26036	1.27180e-04	3.31133	21.0	26669	1.24120e-04	3.31016	18.7	26868	1.23200e-04	3.30996	19.6
3866.012	nan	27959	1.18430e-04	3.31113	20.4	26022	1.27290e-04	3.31230	21.0	26691	1.24030e-04	3.31035	18.7	26843	1.23350e-04	3.31094	19.6
3867.201	nan	27942	1.18480e-04	3.31055	20.4	26003	1.27360e-04	3.31172	21.0	26722	1.23890e-04	3.31055	18.7	26811	1.23460e-04	3.30996	19.6
3868.389	nan	27935	1.18500e-04	3.31035	20.4	26017	1.27290e-04	3.31172	21.0	26686	1.24040e-04	3.31016	18.7	26822	1.23420e-04	3.31035	19.6
3869.577	nan	27958	1.18400e-04	3.31035	20.4	26034	1.27180e-04	3.31113	21.0	26740	1.23770e-04	3.30957	18.7	26845	1.23280e-04	3.30957	19.6
3870.766	nan	27966	1.18390e-04	3.31094	20.4	26005	1.27350e-04	3.31172	21.0	26683	1.24040e-04	3.30977	18.7	26861	1.23240e-04	3.31035	19.6
3871.954	nan	27978	1.18320e-04	3.31035	20.4	26034	1.27190e-04	3.31133	21.0	26681	1.24070e-04	3.31035	18.7	26809	1.23460e-04	3.30996	19.6
3873.142	nan	27946	1.18470e-04	3.31074	20.4	26035	1.27200e-04	3.31172	21.0	26714	1.23900e-04	3.30977	18.7	26825	1.23390e-04	3.30996	19.6
3874.331	nan	27984	1.18300e-04	3.31055	20.4	26041	1.27170e-04	3.31152	21.0	26683	1.24050e-04	3.30996	18.7	26837	1.23340e-04	3.30996	19.6
3875.519	nan	27940	1.18470e-04	3.30996	20.4	26022	1.27250e-04	3.31133	21.0	26692	1.24000e-04	3.30996	18.7	26855	1.23250e-04	3.30996	19.6
3876.707	nan	27963	1.18410e-04	3.31113	20.4	25993	1.27390e-04	3.31113	21.0	26710	1.23890e-04	3.30918	18.7	26857	1.23230e-04	3.30957	19.6
3877.895	nan	27943	1.18480e-04	3.31074	20.4	26029	1.27240e-04	3.31191	21.0	26695	1.24020e-04	3.31055	18.7	26842	1.23340e-04	3.31055	19.6
3879.084	nan	27973	1.18350e-04	3.31055	20.4	26052	1.27100e-04	3.31133	21.0	26707	1.23940e-04	3.31016	18.7	26824	1.23390e-04	3.30977	19.6
3880.272	nan	27960	1.18390e-04	3.31016	20.4	26043	1.27160e-04	3.31152	21.0	26729	1.23830e-04	3.30996	18.7	26818	1.23420e-04	3.30996	19.6
3881.460	nan	27971	1.18380e-04	3.31113	20.4	26047	1.27140e-04	3.31172	21.0	26709	1.23900e-04	3.30938	18.7	26842	1.23310e-04	3.30996	19.6
3882.648	nan	27949	1.18450e-04	3.31055	20.4	26017	1.27290e-04	3.31152	21.0	26701	1.23990e-04	3.31074	18.7	26810	1.23460e-04	3.30996	19.6
3883.836	nan	27950	1.18460e-04	3.31113	20.4	26062	1.27070e-04	3.31172	21.0	26711	1.23920e-04	3.30996	18.7	26889	1.23120e-04	3.31055	19.6
3885.025	nan	27976	1.18330e-04	3.31035	20.4	26046	1.27150e-04	3.31172	21.0	26698	1.24000e-04	3.31055	18.7	26859	1.23240e-04	3.30996	19.6
3886.213	nan	27930	1.18570e-04	3.31172	20.4	26046	1.27160e-04	3.31191	21.0	26723	1.23850e-04	3.30977	18.7	26823	1.23410e-04	3.31016	19.6
3887.401	nan	27965	1.18390e-04	3.31074	20.4	26037	1.27190e-04	3.31172	21.0	26731	1.23850e-04	3.31074	18.7	26819	1.23430e-04	3.31035	19.6
3888.589	nan	27979	1.18340e-04	3.31113	20.4	26042	1.27180e-04	3.31191	21.0	26710	1.23930e-04	3.31016	18.7	26840	1.23340e-04	3.31055	19.6
3889.778	nan	27996	1.18250e-04	3.31055	20.4	26055	1.27080e-04	3.31113	21.0	26704	1.23960e-04	3.31016	18.7	26826	1.23380e-04	3.30977	19.6
3890.966	nan	27942	1.18500e-04	3.31113	20.4	26025	1.27260e-04	3.31211	21.0	26734	1.23820e-04	3.31016	18.7	26886	1.23120e-04	3.31016	19.6
3892.154	nan	27959	1.18410e-04	3.31074	20.4	26005	1.27340e-04	3.31152	21.0	26747	1.23770e-04	3.31055	18.7	26810	1.23450e-04	3.30977	19.6
3893.342	nan	27985	1.18300e-04	3.31055	20.4	26035	1.27200e-04	3.31172	21.0	26756	1.23720e-04	3.31016	18.7	26856	1.23280e-04	3.31074	19.6
3894.531	nan	27969	1.18370e-04	3.31074	20.4	26003	1.27350e-04	3.31152	21.0	26737	1.23800e-04	3.30996	18.7	26833	1.23350e-04	3.30996	19.6
3895.719	nan	27989	1.18290e-04	3.31074	20.4	26061	1.27080e-04	3.31172	21.0	26726	1.23860e-04	3.31016	18.7	26874	1.23180e-04	3.31035	19.6
3896.907	nan	27963	1.18400e-04	3.31074	20.4	26060	1.27060e-04	3.31113	21.0	26741	1.23780e-04	3.30996	18.7	26878	1.23140e-04	3.30977	19.6
3898.096	nan	27994	1.18270e-04	3.31074	20.4	26056	1.27110e-04	3.31191	21.0	26767	1.23670e-04	3.31035	18.7	26881	1.23140e-04	3.31016	19.6
3899.284	nan	28032	1.18100e-04	3.31055	20.4	26100	1.26860e-04	3.31094	21.0	26741	1.23780e-04	3.30996	18.7	26884	1.23110e-04	3.30977	19.6
3900.472	nan	27973	1.18350e-04	3.31074	20.4	26040	1.27200e-04	3.31230	21.0	26723	1.23870e-04	3.31016	18.7	26850	1.23300e-04	3.31055	19.6
3901.661	nan	28005	1.18250e-04	3.31152	20.4	26047	1.27160e-04	3.31211	21.0	26734	1.23820e-04	3.31016	18.7	26877	1.23170e-04	3.31035	19.6
3902.848	nan	28031	1.18100e-04	3.31055	20.4	26064	1.27060e-04	3.31172	21.0	26716	1.23930e-04	3.31094	18.7	26868	1.23210e-04	3.31035	19.6
3904.037	nan	28021	1.18160e-04	3.31113	20.4	26033	1.27220e-04	3.31191	21.0	26754	1.23720e-04	3.30996	18.7	26850	1.23260e-04	3.30957	19.6
3905.225	nan	28007	1.18220e-04	3.31094	20.4	26052	1.27110e-04	3.31152	21.0	26729	1.23850e-04	3.31035	18.7	26904	1.23040e-04	3.31035	19.6
3906.414	nan	28011	1.18220e-04	3.31152	20.4	26061	1.27120e-04	3.31289	21.0	26702	1.23980e-04	3.31055	18.7	26879	1.23180e-04	3.31094	19.6
3907.602	nan	27986	1.18290e-04	3.31055	20.4	26050	1.27120e-04	3.31152	21.0	26776	1.23640e-04	3.31074	18.7	26862	1.23230e-04	3.31035	19.6
3908.790	nan	27944	1.18490e-04	3.31094	20.4	26033	1.27220e-04	3.31191	21.0	26739	1.23790e-04	3.30996	18.7	26839	1.23350e-04	3.31055	19.6
3909.978	nan	28014	1.18200e-04	3.31113	20.4	26075	1.26990e-04	3.31133	21.0	26736	1.23810e-04	3.31016	18.7	26884	1.23110e-04	3.30957	19.6
3911.166	nan	27953	1.18450e-04	3.31094	20.4	26029	1.27260e-04	3.31250	21.0	26716	1.23920e-04	3.31055	18.7	26870	1.23230e-04	3.31113	19.6
3912.355	nan	27980	1.18310e-04	3.31035	20.4	26051	1.27120e-04	3.31152	21.0	26760	1.23710e-04	3.31055	18.7	26852	1.23270e-04	3.30996	19.6
3913.543	nan	27960	1.18440e-04	3.31152	20.4	26058	1.27110e-04	3.31230	21.0	26755	1.23710e-04	3.30977	18.7	26858	1.23250e-04	3.31035	19.6
3914.731	nan	27981	1.18340e-04	3.31133	20.4	26050	1.27140e-04	3.31211	21.0	26757	1.23740e-04	3.31094	18.7	26860	1.23250e-04	3.31055	19.6
3915.920	nan	27972	1.18370e-04	3.31094	20.4	26055	1.27130e-04	3.31230	21.0	26758	1.23730e-04	3.31074	18.7	26851	1.23300e-04	3.31074	19.6
3917.108	nan	27994	1.18260e-04	3.31055	20.4	26053	1.27100e-04	3.31133	21.0	26731	1.23840e-04	3.31035	18.7	26905	1.23030e-04	3.31016	19.6
3918.296	nan	27997	1.18260e-04	3.31094	20.4	26043	1.27170e-04	3.31191	21.0	26751	1.23740e-04	3.31016	18.7	26863	1.23220e-04	3.31016	19.6
3919.484	nan	28016	1.18190e-04	3.31113	20.4	26052	1.27130e-04	3.31211	21.0	26758	1.23720e-04	3.31035	18.7	26900	1.23070e-04	3.31055	19.6
3920.672	nan	27991	1.18280e-04	3.31074	20.4	26051	1.27130e-04	3.31191	21.0	26744	1.23780e-04	3.31035	18.7	26862	1.23240e-04	3.31055	19.6
3921.860	nan	28016	1.18170e-04	3.31055	20.4	26081	1.26960e-04	3.31133	21.0	26741	1.23790e-04	3.31016	18.7	26916	1.22970e-04	3.30996	19.6
3923.049	nan	27991	1.18270e-04	3.31055	20.4	26040	1.27170e-04	3.31152	21.0	26740	1.23780e-04	3.30996	18.7	26910	1.23000e-04	3.30996	19.6
3924.237	nan	28009	1.18230e-04	3.31152	20.4	26043	1.27190e-04	3.31250	21.0	26750	1.23740e-04	3.31016	18.7	26879	1.23150e-04	3.31016	19.6
3925.425	nan	28006	1.18220e-04	3.31094	20.4	26071	1.27030e-04	3.31191	21.0	26726	1.23880e-04	3.31074	18.7	26861	1.23250e-04	3.31055	19.6
3926.614	nan	28000	1.18240e-04	3.31074	20.4	26068	1.27050e-04	3.31191	21.0	26745	1.23770e-04	3.31016	18.7	26883	1.23130e-04	3.31016	19.6
3927.802	nan	28022	1.18130e-04	3.31035	20.4	26057	1.27060e-04	3.31094	21.0	26736	1.23810e-04	3.31016	18.7	26866	1.23200e-04	3.30977	19.6
3928.990	nan	27985	1.18310e-04	3.31094	20.4	26080	1.27000e-04	3.31211	21.0	26756	1.23700e-04	3.30977	18.7	26894	1.23080e-04	3.31016	19.6
3930.178	nan	27992	1.18260e-04	3.31035	20.4	26060	1.27070e-04	3.31152	21.0	26766	1.23680e-04	3.31035	18.7	26890	1.23100e-04	3.31016	19.6
3931.366	nan	28029	1.18120e-04	3.31094	20.4	26068	1.27040e-04	3.31172	21.0	26760	1.23680e-04	3.30977	18.7	26907	1.23010e-04	3.30996	19.6
3932.555	nan	27967	1.18370e-04	3.31055	20.4	26040	1.27170e-04	3.31152	21.0	26783	1.23600e-04	3.31035	18.7	26883	1.23130e-04	3.31016	19.6
3933.743	nan	28002	1.18230e-04	3.31055	20.4	26047	1.27150e-04	3.31172	21.0	26782	1.23590e-04	3.30996	18.7	26871	1.23180e-04	3.30996	19.6
3934.931	nan	28042	1.18040e-04	3.30996	20.4	26062	1.27060e-04	3.31133	21.0	26742	1.23770e-04	3.30996	18.7	26882	1.23110e-04	3.30957	19.6
3936.120	nan	28015	1.18200e-04	3.31133	20.4	26069	1.27040e-04	3.31172	21.0	26779	1.23590e-04	3.30977	18.7	26857	1.23250e-04	3.31016	19.5
3937.308	nan	28025	1.18130e-04	3.31074	20.4	26069	1.27030e-04	3.31152	21.0	26740	1.23810e-04	3.31055	18.7	26895	1.23080e-04	3.31016	19.5
3938.496	nan	28019	1.18160e-04	3.31074	20.4	26039	1.27180e-04	3.31172	21.0	26741	1.23780e-04	3.30996	18.7	26876	1.23170e-04	3.31016	19.5
3939.684	nan	28052	1.18010e-04	3.31035	20.4	26067	1.27030e-04	3.31133	21.0	26767	1.23660e-04	3.31016	18.7	26893	1.23080e-04	3.30996	19.5
3940.873	nan	28014	1.18180e-04	3.31055	20.4	26074	1.27010e-04	3.31172	21.0	26764	1.23660e-04	3.30977	18.7	26881	1.23140e-04	3.31016	19.5
3942.061	nan	28049	1.18020e-04	3.31035	20.4	26057	1.27080e-04	3.31133	21.0	26765	1.23660e-04	3.30977	18.7	26875	1.23150e-04	3.30977	19.5
3943.249	nan	28019	1.18160e-04	3.31074	20.4	26073	1.27000e-04	3.31113	21.0	26762	1.23680e-04	3.30996	18.7	26905	1.23020e-04	3.30996	19.5
3944.437	nan	28030	1.18110e-04	3.31055	20.4	26075	1.27000e-04	3.31152	21.0	26781	1.23600e-04	3.30996	18.7	26885	1.23110e-04	3.30977	19.5
3945.626	nan	28041	1.18060e-04	3.31055	20.4	26063	1.27060e-04	3.31152	21.0	26768	1.23650e-04	3.30996	18.7	26873	1.23190e-04	3.31035	19.5
3946.814	nan	28016	1.18180e-04	3.31094	20.4	26089	1.26950e-04	3.31191	21.0	26746	1.23760e-04	3.30996	18.7	26915	1.22980e-04	3.30996	19.5
3948.002	nan	28026	1.18120e-04	3.31055	20.4	26063	1.27060e-04	3.31172	21.0	26769	1.23660e-04	3.31035	18.7	26884	1.23130e-04	3.31035	19.5
3949.191	nan	28019	1.18160e-04	3.31074	20.4	26037	1.27190e-04	3.31152	21.0	26776	1.23620e-04	3.30996	18.7	26911	1.22990e-04	3.30977	19.5
3950.379	nan	28003	1.18230e-04	3.31074	20.4	26072	1.27020e-04	3.31152	21.0	26777	1.23620e-04	3.31016	18.7	26904	1.23050e-04	3.31055	19.5
3951.567	nan	28028	1.18130e-04	3.31094	20.4	26046	1.27160e-04	3.31211	21.0	26760	1.23710e-04	3.31035	18.7	26927	1.22930e-04	3.31016	19.5
3952.755	nan	27994	1.18240e-04	3.31016	20.4	26065	1.27050e-04	3.31152	21.0	26776	1.23630e-04	3.31035	18.7	26915	1.22980e-04	3.30996	19.5
3953.943	nan	28018	1.18190e-04	3.31152	20.4	26076	1.27020e-04	3.31211	21.0	26754	1.23710e-04	3.30977	18.7	26927	1.22930e-04	3.31016	19.5
3955.132	nan	28014	1.18180e-04	3.31055	20.4	26090	1.26930e-04	3.31152	21.0	26768	1.23680e-04	3.31074	18.7	26902	1.23060e-04	3.31055	19.5
3956.320	nan	27997	1.18260e-04	3.31094	20.4	26057	1.27100e-04	3.31191	21.0	26775	1.23620e-04	3.30996	18.7	26903	1.23050e-04	3.31035	19.5
3957.508	nan	28048	1.18030e-04	3.31055	20.4	26042	1.27150e-04	3.31113	21.0	26776	1.23630e-04	3.31035	18.7	26895	1.23070e-04	3.30996	19.5
3958.696	nan	28029	1.18120e-04	3.31074	20.4	26081	1.26990e-04	3.31191	21.0	26784	1.23570e-04	3.30977	18.7	26903	1.23050e-04	3.31035	19.5
3959.885	nan	28059	1.17990e-04	3.31074	20.4	26061	1.27080e-04	3.31172	21.0	26768	1.23660e-04	3.31016	18.7	26920	1.22950e-04	3.30996	19.5
3961.073	nan	28012	1.18210e-04	3.31113	20.4	26062	1.27080e-04	3.31191	21.0	26771	1.23650e-04	3.31035	18.7	26893	1.23100e-04	3.31035	19.5
3962.261	nan	28041	1.18070e-04	3.31094	20.4	26098	1.26890e-04	3.31172	21.0	26787	1.23580e-04	3.31035	18.7	26902	1.23050e-04	3.31016	19.5
3963.449	nan	28020	1.18130e-04	3.30996	20.4	26073	1.27000e-04	3.31113	21.0	26794	1.23540e-04	3.31016	18.7	26899	1.23050e-04	3.30996	19.5
3964.637	nan	28055	1.18040e-04	3.31172	20.4	26074	1.27030e-04	3.31230	21.0	26777	1.23610e-04	3.30977	18.7	26939	1.22880e-04	3.31016	19.5
3965.826	nan	28098	1.17820e-04	3.31055	20.4	26086	1.26950e-04	3.31152	21.0	26790	1.23600e-04	3.31113	18.7	26886	1.23130e-04	3.31055	19.5
3967.014	nan	28023	1.18160e-04	3.31133	20.4	26071	1.27040e-04	3.31211	21.0	26763	1.23680e-04	3.30996	18.7	26904	1.23040e-04	3.31035	19.5
3968.202	nan	28018	1.18160e-04	3.31074	20.4	26081	1.26980e-04	3.31191	21.0	26790	1.23570e-04	3.31055	18.7	26908	1.23020e-04	3.31035	19.5
3969.390	nan	28028	1.18140e-04	3.31113	20.4	26071	1.27030e-04	3.31172	21.0	26763	1.23680e-04	3.31016	18.7	26897	1.23070e-04	3.31035	19.5
3970.579	nan	28043	1.18050e-04	3.31055	20.4	26073	1.27000e-04	3.31133	21.0	26771	1.23660e-04	3.31055	18.7	26932	1.22900e-04	3.30996	19.5
3971.767	nan	28030	1.18130e-04	3.31113	20.4	26061	1.27100e-04	3.31230	21.0	26785	1.23570e-04	3.30977	18.7	26887	1.23110e-04	3.30996	19.5
3972.955	nan	28055	1.18010e-04	3.31094	20.4	26083	1.26960e-04	3.31152	21.0	26764	1.23690e-04	3.31055	18.7	26922	1.22970e-04	3.31055	19.5
3974.144	nan	28042	1.18090e-04	3.31133	20.4	26087	1.26970e-04	3.31230	21.0	26775	1.23640e-04	3.31035	18.7	26901	1.23070e-04	3.31074	19.5
3975.332	nan	28014	1.18180e-04	3.31055	20.4	26081	1.26960e-04	3.31133	21.0	26764	1.23700e-04	3.31055	18.7	26937	1.22890e-04	3.31035	19.5
3976.520	nan	28018	1.18170e-04	3.31074	20.4	26083	1.26960e-04	3.31152	21.0	26807	1.23470e-04	3.30996	18.7	26877	1.23150e-04	3.30977	19.5
3977.708	nan	28033	1.18110e-04	3.31113	20.4	26080	1.26990e-04	3.31191	21.0	26755	1.23720e-04	3.31016	18.7	26909	1.23020e-04	3.31035	19.5
3978.897	nan	28038	1.18090e-04	3.31094	20.4	26064	1.27080e-04	3.31211	21.0	26787	1.23580e-04	3.31035	18.7	26904	1.23040e-04	3.31035	19.5
3980.085	nan	28044	1.18050e-04	3.31055	20.4	26041	1.27160e-04	3.31133	21.0	26794	1.23550e-04	3.31035	18.7	26901	1.23050e-04	3.31016	19.5
3981.273	nan	28035	1.18080e-04	3.31035	20.4	26063	1.27060e-04	3.31152	21.0	26811	1.23450e-04	3.30996	18.7	26899	1.23050e-04	3.30996	19.5
3982.461	nan	28059	1.18000e-04	3.31094	20.4	26102	1.26850e-04	3.31113	21.0	26765	1.23650e-04	3.30957	18.7	26926	1.22910e-04	3.30957	19.5
3983.650	nan	28042	1.18070e-04	3.31094	20.4	26070	1.27040e-04	3.31191	21.0	26789	1.23560e-04	3.31016	18.7	26891	1.23100e-04	3.31016	19.5
3984.838	nan	28051	1.18020e-04	3.31055	20.4	26067	1.27040e-04	3.31152	21.0	26811	1.23470e-04	3.31035	18.7	26899	1.23050e-04	3.30977	19.5
3986.026	nan	28063	1.17970e-04	3.31055	20.4	26085	1.26950e-04	3.31152	21.0	26796	1.23520e-04	3.30996	18.7	26930	1.22910e-04	3.30996	19.5
3987.214	nan	28083	1.17880e-04	3.31035	20.4	26088	1.26930e-04	3.31133	21.0	26784	1.23570e-04	3.30977	18.7	26924	1.22940e-04	3.30996	19.5
3988.403	nan	28063	1.17960e-04	3.31016	20.4	26103	1.26840e-04	3.31094	21.0	26804	1.23480e-04	3.30977	18.6	26910	1.23000e-04	3.30977	19.5
3989.591	nan	28039	1.18080e-04	3.31074	20.4	26066	1.27040e-04	3.31152	21.0	26775	1.23610e-04	3.30957	18.6	26946	1.22810e-04	3.30938	19.5
3990.779	nan	28048	1.18030e-04	3.31055	20.4	26090	1.26940e-04	3.31172	21.0	26793	1.23540e-04	3.30996	18.7	26919	1.22980e-04	3.31035	19.5
3991.968	nan	28046	1.18050e-04	3.31074	20.4	26080	1.26980e-04	3.31152	21.0	26771	1.23640e-04	3.30996	18.7	26880	1.23140e-04	3.30996	19.5
3993.156	nan	28064	1.17950e-04	3.31016	20.4	26092	1.26900e-04	3.31113	21.0	26783	1.23590e-04	3.31016	18.7	26933	1.22900e-04	3.30996	19.5
3994.344	nan	28040	1.18070e-04	3.31055	20.4	26096	1.26900e-04	3.31152	20.9	26795	1.23520e-04	3.30977	18.6	26940	1.22850e-04	3.30957	19.5
3995.532	nan	28070	1.17940e-04	3.31055	20.4	26094	1.26890e-04	3.31113	21.0	26775	1.23620e-04	3.30996	18.6	26940	1.22870e-04	3.31016	19.5
3996.720	nan	28036	1.18090e-04	3.31074	20.4	26102	1.26870e-04	3.31152	21.0	26785	1.23570e-04	3.30977	18.6	26922	1.22950e-04	3.30996	19.5
3997.909	nan	28013	1.18170e-04	3.31016	20.4	26069	1.27000e-04	3.31074	20.9	26782	1.23590e-04	3.30996	18.7	26931	1.22900e-04	3.30977	19.5
3999.097	nan	28048	1.18050e-04	3.31113	20.4	26067	1.27060e-04	3.31211	20.9	26811	1.23440e-04	3.30957	18.6	26947	1.22830e-04	3.30996	19.5
4000.285	nan	28067	1.17940e-04	3.31035	20.4	26088	1.26940e-04	3.31152	20.9	26806	1.23490e-04	3.31035	18.6	26941	1.22880e-04	3.31035	19.5
4001.473	nan	28074	1.17920e-04	3.31055	20.4	26083	1.26960e-04	3.31152	20.9	26819	1.23420e-04	3.30996	18.6	26940	1.22860e-04	3.30977	19.5
4002.662	nan	28064	1.17960e-04	3.31035	20.4	26072	1.26990e-04	3.31074	20.9	26786	1.23560e-04	3.30977	18.6	26900	1.23030e-04	3.30957	19.5
4003.850	nan	28063	1.18000e-04	3.31152	20.4	26094	1.26940e-04	3.31250	20.9	26778	1.23600e-04	3.30977	18.6	26930	1.22920e-04	3.31016	19.5
4005.038	nan	28049	1.18040e-04	3.31094	20.4	26099	1.26890e-04	3.31172	20.9	26761	1.23720e-04	3.31074	18.6	26928	1.22930e-04	3.31035	19.5
4006.226	nan	28047	1.18020e-04	3.31016	20.4	26060	1.27070e-04	3.31152	20.9	26789	1.23560e-04	3.31016	18.6	26900	1.23060e-04	3.31035	19.5
4007.415	nan	28060	1.17990e-04	3.31074	20.4	26104	1.26860e-04	3.31152	20.9	26801	1.23500e-04	3.30977	18.6	26922	1.22940e-04	3.30977	19.5
4008.603	nan	28081	1.17900e-04	3.31074	20.4	26087	1.26960e-04	3.31191	20.9	26806	1.23480e-04	3.31016	18.6	26941	1.22880e-04	3.31035	19.5
4009.791	nan	28022	1.18160e-04	3.31094	20.4	26092	1.26920e-04	3.31152	20.9	26790	1.23550e-04	3.30996	18.6	26924	1.22930e-04	3.30977	19.5
4010.979	nan	28051	1.18020e-04	3.31055	20.4	26101	1.26870e-04	3.31133	20.9	26813	1.23460e-04	3.31035	18.6	26896	1.23070e-04	3.31016	19.5
4012.167	nan	28042	1.18060e-04	3.31055	20.4	26070	1.27020e-04	3.31152	20.9	26775	1.23620e-04	3.30996	18.6	26928	1.22910e-04	3.30977	19.5
4013.356	nan	28057	1.17990e-04	3.31055	20.4	26099	1.26890e-04	3.31172	20.9	26818	1.23430e-04	3.31016	18.6	26919	1.22980e-04	3.31055	19.5
4014.544	nan	28095	1.17860e-04	3.31133	20.4	26116	1.26820e-04	3.31191	20.9	26819	1.23420e-04	3.30996	18.6	26944	1.22840e-04	3.30996	19.5
4015.733	nan	28069	1.17940e-04	3.31055	20.4	26079	1.26980e-04	3.31133	20.9	26808	1.23490e-04	3.31055	18.6	26927	1.22940e-04	3.31035	19.5
4016.921	nan	28099	1.17830e-04	3.31094	20.4	26104	1.26870e-04	3.31191	20.9	26806	1.23470e-04	3.30977	18.6	26928	1.22900e-04	3.30938	19.5
4018.109	nan	28066	1.17960e-04	3.31074	20.4	26114	1.26810e-04	3.31152	20.9	26811	1.23470e-04	3.31035	18.6	26958	1.22800e-04	3.31055	19.5
4019.297	nan	28045	1.18090e-04	3.31172	20.4	26097	1.26940e-04	3.31270	20.9	26825	1.23410e-04	3.31035	18.6	26961	1.22790e-04	3.31055	19.5
4020.485	nan	28068	1.17940e-04	3.31035	20.4	26091	1.26910e-04	3.31113	20.9	26816	1.23470e-04	3.31094	18.6	26930	1.22920e-04	3.31035	19.5
4021.673	nan	28075	1.17940e-04	3.31113	20.4	26116	1.26810e-04	3.31191	20.9	26806	1.23470e-04	3.30977	18.6	26910	1.23010e-04	3.31016	19.5
4022.862	nan	28096	1.17860e-04	3.31152	20.4	26103	1.26890e-04	3.31230	20.9	26811	1.23470e-04	3.31035	18.6	26914	1.23000e-04	3.31055	19.5
4024.050	nan	28063	1.17990e-04	3.31113	20.4	26124	1.26780e-04	3.31211	20.9	26829	1.23410e-04	3.31094	18.6	26958	1.22800e-04	3.31055	19.5
4025.239	nan	28110	1.17760e-04	3.31016	20.4	26083	1.26950e-04	3.31113	20.9	26817	1.23440e-04	3.31035	18.6	26950	1.22830e-04	3.31016	19.5
4026.426	nan	28047	1.18060e-04	3.31113	20.4	26101	1.26890e-04	3.31191	20.9	26818	1.23420e-04	3.30977	18.6	26955	1.22810e-04	3.31035	19.5
4027.615	nan	28098	1.17850e-04	3.31152	20.4	26113	1.26850e-04	3.31230	20.9	26811	1.23470e-04	3.31035	18.6	26956	1.22800e-04	3.31016	19.5
4028.803	nan	28075	1.17930e-04	3.31094	20.4	26121	1.26800e-04	3.31211	20.9	26789	1.23590e-04	3.31094	18.6	26912	1.23030e-04	3.31094	19.5
4029.991	nan	28095	1.17850e-04	3.31094	20.4	26128	1.26740e-04	3.31152	20.9	26787	1.23580e-04	3.31035	18.6	26951	1.22810e-04	3.30996	19.5
4031.179	nan	28073	1.17930e-04	3.31074	20.4	26105	1.26860e-04	3.31172	20.9	26811	1.23470e-04	3.31035	18.6	26951	1.22830e-04	3.31035	19.5
4032.368	nan	28017	1.18190e-04	3.31133	20.4	26130	1.26760e-04	3.31230	20.9	26845	1.23310e-04	3.31016	18.6	26949	1.22840e-04	3.31035	19.5
4033.556	nan	28099	1.17820e-04	3.31055	20.4	26107	1.26840e-04	3.31152	20.9	26804	1.23520e-04	3.31074	18.6	26962	1.22790e-04	3.31055	19.5
4034.745	nan	28091	1.17860e-04	3.31074	20.4	26119	1.26800e-04	3.31191	20.9	26774	1.23620e-04	3.30977	18.6	26925	1.22930e-04	3.30996	19.5
4035.933	nan	28089	1.17870e-04	3.31074	20.4	26150	1.26650e-04	3.31172	20.9	26830	1.23370e-04	3.31016	18.6	26956	1.22800e-04	3.31035	19.5
4037.121	nan	28106	1.17820e-04	3.31133	20.4	26106	1.26870e-04	3.31211	20.9	26831	1.23380e-04	3.31035	18.6	26947	1.22840e-04	3.31016	19.5
4038.309	nan	28067	1.17940e-04	3.31035	20.4	26126	1.26750e-04	3.31152	20.9	26809	1.23490e-04	3.31074	18.6	26942	1.22870e-04	3.31035	19.5
4039.497	nan	28079	1.17920e-04	3.31113	20.4	26117	1.26820e-04	3.31211	20.9	26818	1.23420e-04	3.30977	18.6	26939	1.22870e-04	3.30996	19.5
4040.686	nan	28082	1.17890e-04	3.31055	20.4	26090	1.26920e-04	3.31133	20.9	26792	1.23570e-04	3.31074	18.6	26957	1.22800e-04	3.31035	19.5
4041.874	nan	28087	1.17900e-04	3.31133	20.4	26128	1.26760e-04	3.31211	20.9	26832	1.23360e-04	3.30996	18.6	26955	1.22810e-04	3.31035	19.5
4043.062	nan	28072	1.17930e-04	3.31055	20.4	26123	1.26760e-04	3.31152	20.9	26800	1.23520e-04	3.31035	18.6	26941	1.22870e-04	3.31016	19.5
4044.250	nan	28109	1.17780e-04	3.31074	20.4	26116	1.26800e-04	3.31152	20.9	26817	1.23430e-04	3.30996	18.6	26981	1.22680e-04	3.30996	19.5
4045.439	nan	28113	1.17770e-04	3.31094	20.4	26131	1.26730e-04	3.31172	20.9	26819	1.23420e-04	3.31016	18.6	26959	1.22780e-04	3.31016	19.5
4046.627	nan	28099	1.17840e-04	3.31113	20.4	26128	1.26770e-04	3.31230	20.9	26849	1.23290e-04	3.31035	18.6	26964	1.22780e-04	3.31055	19.5
4047.815	nan	28090	1.17850e-04	3.31055	20.4	26155	1.26610e-04	3.31152	20.9	26825	1.23420e-04	3.31074	18.6	26950	1.22820e-04	3.31016	19.5
4049.003	nan	28122	1.17730e-04	3.31074	20.4	26150	1.26640e-04	3.31152	20.9	26820	1.23410e-04	3.30977	18.6	26949	1.22820e-04	3.30977	19.5
4050.192	nan	28064	1.17980e-04	3.31094	20.4	26122	1.26780e-04	3.31191	20.9	26796	1.23540e-04	3.31035	18.6	26949	1.22830e-04	3.31016	19.5
4051.380	nan	28081	1.17910e-04	3.31094	20.4	26135	1.26730e-04	3.31191	20.9	26852	1.23270e-04	3.31016	18.6	26962	1.22790e-04	3.31055	19.5
4052.568	nan	28114	1.17740e-04	3.31016	20.4	26123	1.26750e-04	3.31113	20.9	26841	1.23320e-04	3.31016	18.6	26953	1.22810e-04	3.31016	19.5
4053.756	nan	28075	1.17920e-04	3.31074	20.4	26148	1.26650e-04	3.31172	20.9	26855	1.23250e-04	3.30977	18.6	26947	1.22820e-04	3.30977	19.5
4054.945	nan	28108	1.17810e-04	3.31133	20.4	26100	1.26900e-04	3.31211	20.9	26845	1.23310e-04	3.31016	18.6	26945	1.22850e-04	3.31016	19.5
4056.133	nan	28143	1.17640e-04	3.31074	20.4	26109	1.26850e-04	3.31191	20.9	26816	1.23450e-04	3.31055	18.6	26977	1.22710e-04	3.31035	19.5
4057.321	nan	28108	1.17780e-04	3.31055	20.4	26138	1.26690e-04	3.31152	20.9	26888	1.23110e-04	3.31016	18.6	26958	1.22770e-04	3.30977	19.5
4058.509	nan	28098	1.17800e-04	3.30996	20.4	26124	1.26740e-04	3.31094	20.9	26834	1.23350e-04	3.30996	18.6	26983	1.22670e-04	3.30996	19.5
4059.698	nan	28096	1.17860e-04	3.31133	20.4	26116	1.26820e-04	3.31211	20.9	26820	1.23390e-04	3.30938	18.6	26989	1.22630e-04	3.30977	19.5
4060.886	nan	28090	1.17850e-04	3.31035	20.4	26129	1.26720e-04	3.31113	20.9	26820	1.23440e-04	3.31074	18.6	26968	1.22750e-04	3.31035	19.5
4062.074	nan	28121	1.17730e-04	3.31074	20.4	26172	1.26540e-04	3.31172	20.9	26801	1.23490e-04	3.30977	18.6	26974	1.22700e-04	3.30977	19.5
4063.262	nan	28145	1.17610e-04	3.31016	20.4	26123	1.26750e-04	3.31113	20.9	26852	1.23270e-04	3.31016	18.6	26988	1.22650e-04	3.31016	19.5
4064.450	nan	28109	1.17790e-04	3.31113	20.4	26130	1.26750e-04	3.31191	20.9	26830	1.23360e-04	3.30977	18.6	26978	1.22690e-04	3.30996	19.5
4065.639	nan	28098	1.17820e-04	3.31055	20.4	26134	1.26710e-04	3.31152	20.9	26810	1.23480e-04	3.31035	18.6	26993	1.22630e-04	3.31016	19.5
4066.827	nan	28084	1.17880e-04	3.31055	20.4	26138	1.26700e-04	3.31172	20.9	26851	1.23260e-04	3.30977	18.6	26966	1.22740e-04	3.30977	19.5
4068.016	nan	28112	1.17750e-04	3.31035	20.4	26170	1.26530e-04	3.31133	20.9	26826	1.23380e-04	3.30977	18.6	26982	1.22670e-04	3.30996	19.5
4069.204	nan	28107	1.17780e-04	3.31055	20.4	26120	1.26780e-04	3.31152	20.9	26842	1.23310e-04	3.30977	18.6	26961	1.22760e-04	3.30977	19.5
4070.392	nan	28086	1.17860e-04	3.31016	20.4	26131	1.26700e-04	3.31094	20.9	26875	1.23160e-04	3.30996	18.6	26989	1.22640e-04	3.30977	19.5
4071.580	nan	28112	1.17780e-04	3.31094	20.4	26133	1.26730e-04	3.31191	20.9	26818	1.23400e-04	3.30938	18.6	26976	1.22690e-04	3.30977	19.5
4072.769	nan	28094	1.17830e-04	3.31035	20.4	26151	1.26620e-04	3.31133	20.9	26840	1.23330e-04	3.31035	18.6	26999	1.22600e-04	3.31016	19.5
4073.957	nan	28158	1.17570e-04	3.31035	20.4	26109	1.26820e-04	3.31113	20.9	26830	1.23370e-04	3.30996	18.6	26984	1.22660e-04	3.30977	19.5
4075.145	nan	28086	1.17870e-04	3.31035	20.4	26135	1.26700e-04	3.31133	20.9	26809	1.23460e-04	3.30977	18.6	26969	1.22710e-04	3.30938	19.5
4076.333	nan	28089	1.17870e-04	3.31094	20.4	26147	1.26670e-04	3.31211	20.9	26850	1.23270e-04	3.30977	18.6	26971	1.22740e-04	3.31035	19.5
4077.521	nan	28106	1.17790e-04	3.31074	20.4	26120	1.26780e-04	3.31152	20.9	26866	1.23220e-04	3.31035	18.6	26976	1.22690e-04	3.30977	19.5
4078.709	nan	28142	1.17640e-04	3.31055	20.4	26149	1.26630e-04	3.31133	20.9	26863	1.23220e-04	3.31016	18.6	26992	1.22650e-04	3.31055	19.5
4079.898	nan	28146	1.17630e-04	3.31074	20.4	26120	1.26780e-04	3.31152	20.9	26832	1.23360e-04	3.30996	18.6	26995	1.22610e-04	3.30996	19.5
4081.086	nan	28111	1.17770e-04	3.31055	20.4	26163	1.26570e-04	3.31152	20.9	26851	1.23270e-04	3.30996	18.6	26987	1.22640e-04	3.30977	19.5
4082.274	nan	28100	1.17820e-04	3.31074	20.4	26103	1.26870e-04	3.31172	20.9	26873	1.23170e-04	3.30996	18.6	26968	1.22740e-04	3.30996	19.5
4083.462	nan	28101	1.17810e-04	3.31055	20.4	26100	1.26880e-04	3.31152	20.9	26885	1.23120e-04	3.31016	18.6	27000	1.22600e-04	3.31035	19.5
4084.651	nan	28126	1.17720e-04	3.31094	20.4	26138	1.26690e-04	3.31152	20.9	26853	1.23270e-04	3.31016	18.6	27046	1.22370e-04	3.30977	19.5
4085.839	nan	28120	1.17740e-04	3.31074	20.4	26106	1.26860e-04	3.31191	20.9	26856	1.23260e-04	3.31035	18.6	26985	1.22690e-04	3.31074	19.5
4087.028	nan	28106	1.17820e-04	3.31133	20.4	26103	1.26860e-04	3.31152	20.9	26864	1.23220e-04	3.31016	18.6	27012	1.22540e-04	3.30996	19.5
4088.216	nan	28122	1.17710e-04	3.31016	20.4	26142	1.26700e-04	3.31211	20.9	26826	1.23410e-04	3.31055	18.6	27000	1.22600e-04	3.31016	19.5
4089.404	nan	28108	1.17810e-04	3.31152	20.4	26157	1.26580e-04	3.31094	20.9	26847	1.23280e-04	3.30957	18.6	26993	1.22610e-04	3.30957	19.5
4090.592	nan	28094	1.17850e-04	3.31074	20.4	26143	1.26700e-04	3.31230	20.9	26854	1.23290e-04	3.31094	18.6	27003	1.22620e-04	3.31113	19.5
4091.780	nan	28120	1.17750e-04	3.31113	20.4	26165	1.26570e-04	3.31172	20.9	26836	1.23350e-04	3.31016	18.6	27007	1.22570e-04	3.31016	19.5
4092.969	nan	28117	1.17730e-04	3.31016	20.4	26144	1.26690e-04	3.31211	20.9	26876	1.23180e-04	3.31055	18.6	26977	1.22690e-04	3.30977	19.5
4094.157	nan	28126	1.17720e-04	3.31094	20.4	26149	1.26630e-04	3.31113	20.9	26861	1.23210e-04	3.30957	18.6	27013	1.22540e-04	3.31016	19.5
4095.345	nan	28142	1.17690e-04	3.31191	20.4	26145	1.26680e-04	3.31211	20.9	26893	1.23100e-04	3.31055	18.6	26971	1.22740e-04	3.31035	19.5
4096.533	nan	28131	1.17720e-04	3.31152	20.4	26126	1.26800e-04	3.31270	20.9	26875	1.23210e-04	3.31113	18.6	26986	1.22710e-04	3.31152	19.5
4097.722	nan	28122	1.17730e-04	3.31074	20.4	26157	1.26630e-04	3.31230	20.9	26886	1.23140e-04	3.31074	18.6	26987	1.22660e-04	3.31016	19.5
4098.910	nan	28097	1.17820e-04	3.31055	20.4	26142	1.26680e-04	3.31152	20.9	26874	1.23180e-04	3.31035	18.6	26977	1.22700e-04	3.31016	19.5
4100.098	nan	28113	1.17790e-04	3.31133	20.4	26141	1.26670e-04	3.31133	20.9	26859	1.23240e-04	3.30996	18.6	26965	1.22760e-04	3.31035	19.5
4101.286	nan	28123	1.17720e-04	3.31074	20.4	26154	1.26650e-04	3.31230	20.9	26872	1.23210e-04	3.31094	18.6	27026	1.22500e-04	3.31074	19.5
4102.475	nan	28106	1.17810e-04	3.31113	20.4	26129	1.26750e-04	3.31172	20.9	26844	1.23310e-04	3.31016	18.6	27006	1.22560e-04	3.30996	19.5
4103.663	nan	28120	1.17730e-04	3.31055	20.4	26174	1.26530e-04	3.31191	20.9	26900	1.23060e-04	3.31035	18.6	26989	1.22660e-04	3.31035	19.5
4104.851	nan	28161	1.17590e-04	3.31152	20.4	26185	1.26460e-04	3.31152	20.9	26828	1.23380e-04	3.30996	18.6	27003	1.22590e-04	3.31016	19.5
4106.039	nan	28124	1.17700e-04	3.31035	20.4	26136	1.26730e-04	3.31230	20.9	26841	1.23350e-04	3.31094	18.6	26993	1.22650e-04	3.31074	19.5
4107.228	nan	28085	1.17900e-04	3.31113	20.4	26150	1.26630e-04	3.31133	20.9	26867	1.23190e-04	3.30977	18.6	27007	1.22560e-04	3.30996	19.5
4108.416	nan	28149	1.17610e-04	3.31055	20.4	26170	1.26550e-04	3.31191	20.9	26823	1.23420e-04	3.31035	18.6	26965	1.22760e-04	3.31016	19.5
4109.604	nan	28159	1.17590e-04	3.31113	20.4	26147	1.26640e-04	3.31133	20.9	26891	1.23090e-04	3.30996	18.6	26977	1.22710e-04	3.31035	19.5
4110.792	nan	28164	1.17550e-04	3.31074	20.4	26131	1.26740e-04	3.31191	20.9	26880	1.23170e-04	3.31074	18.6	26998	1.22610e-04	3.31016	19.5
4111.980	nan	28138	1.17660e-04	3.31074	20.4	26145	1.26660e-04	3.31152	20.9	26857	1.23240e-04	3.30996	18.6	26992	1.22620e-04	3.30977	19.5
4113.169	nan	28160	1.17580e-04	3.31094	20.4	26171	1.26540e-04	3.31152	20.9	26863	1.23220e-04	3.31016	18.6	27017	1.22530e-04	3.31055	19.5
4114.357	nan	28117	1.17750e-04	3.31074	20.4	26145	1.26680e-04	3.31191	20.9	26864	1.23230e-04	3.31035	18.6	27013	1.22540e-04	3.31016	19.5
4115.545	nan	28156	1.17580e-04	3.31055	20.4	26198	1.26400e-04	3.31152	20.9	26885	1.23120e-04	3.31016	18.6	26997	1.22600e-04	3.30996	19.5
4116.733	nan	28058	1.17990e-04	3.31055	20.4	26153	1.26620e-04	3.31152	20.9	26844	1.23310e-04	3.31016	18.6	27005	1.22570e-04	3.30996	19.5
4117.922	nan	28131	1.17680e-04	3.31055	20.4	26130	1.26730e-04	3.31152	20.9	26855	1.23250e-04	3.30996	18.6	26992	1.22620e-04	3.30977	19.5
4119.110	nan	28105	1.17800e-04	3.31074	20.4	26165	1.26560e-04	3.31152	20.9	26846	1.23290e-04	3.30996	18.6	27018	1.22530e-04	3.31035	19.5
4120.298	nan	28126	1.17700e-04	3.31055	20.4	26166	1.26570e-04	3.31172	20.9	26891	1.23100e-04	3.31016	18.6	27007	1.22560e-04	3.30996	19.5
4121.487	nan	28083	1.17880e-04	3.31055	20.4	26124	1.26760e-04	3.31152	20.9	26883	1.23120e-04	3.30996	18.6	26989	1.22640e-04	3.30996	19.5
4122.675	nan	28143	1.17630e-04	3.31035	20.4	26149	1.26640e-04	3.31152	20.9	26860	1.23230e-04	3.30996	18.6	27010	1.22530e-04	3.30957	19.5
4123.863	nan	28129	1.17690e-04	3.31055	20.4	26176	1.26500e-04	3.31133	20.9	26853	1.23260e-04	3.30996	18.6	27017	1.22510e-04	3.30996	19.5
4125.051	nan	28107	1.17780e-04	3.31055	20.4	26176	1.26510e-04	3.31152	20.9	26871	1.23170e-04	3.30977	18.6	26993	1.22620e-04	3.30977	19.5
4126.240	nan	28083	1.17880e-04	3.31035	20.4	26159	1.26590e-04	3.31133	20.9	26862	1.23220e-04	3.30996	18.6	27030	1.22460e-04	3.31016	19.5
4127.428	nan	28128	1.17690e-04	3.31035	20.4	26164	1.26560e-04	3.31133	20.9	26882	1.23130e-04	3.30996	18.6	27008	1.22550e-04	3.30977	19.5
4128.616	nan	28137	1.17650e-04	3.31016	20.4	26153	1.26610e-04	3.31133	20.9	26869	1.23180e-04	3.30977	18.6	26997	1.22580e-04	3.30938	19.5
4129.804	nan	28125	1.17720e-04	3.31074	20.4	26165	1.26550e-04	3.31113	20.9	26883	1.23110e-04	3.30957	18.6	26981	1.22690e-04	3.31016	19.5
4130.993	nan	28121	1.17730e-04	3.31074	20.4	26115	1.26820e-04	3.31191	20.9	26895	1.23090e-04	3.31055	18.6	27022	1.22510e-04	3.31035	19.5
4132.181	nan	28175	1.17490e-04	3.31035	20.4	26147	1.26650e-04	3.31152	20.9	26870	1.23190e-04	3.30996	18.6	27017	1.22510e-04	3.30977	19.5
4133.369	nan	28143	1.17610e-04	3.30996	20.4	26176	1.26510e-04	3.31152	20.9	26869	1.23190e-04	3.30996	18.6	26992	1.22620e-04	3.30977	19.5
4134.558	nan	28136	1.17680e-04	3.31094	20.4	26145	1.26640e-04	3.31094	20.9	26890	1.23080e-04	3.30957	18.6	27020	1.22490e-04	3.30977	19.5
4135.746	nan	28130	1.17690e-04	3.31074	20.4	26143	1.26680e-04	3.31172	20.9	26897	1.23080e-04	3.31035	18.6	27028	1.22480e-04	3.31035	19.5
4136.934	nan	28166	1.17540e-04	3.31055	20.4	26151	1.26640e-04	3.31172	20.9	26883	1.23120e-04	3.30996	18.6	27000	1.22580e-04	3.30977	19.5
4138.122	nan	28173	1.17510e-04	3.31055	20.4	26128	1.26740e-04	3.31152	20.9	26899	1.23050e-04	3.30996	18.6	27034	1.22440e-04	3.30996	19.5
4139.310	nan	28144	1.17640e-04	3.31094	20.4	26173	1.26520e-04	3.31152	20.9	26893	1.23080e-04	3.30996	18.6	27040	1.22430e-04	3.31055	19.5
4140.499	nan	28132	1.17700e-04	3.31113	20.4	26168	1.26560e-04	3.31172	20.9	26900	1.23060e-04	3.31035	18.6	27042	1.22410e-04	3.31016	19.5
4141.687	nan	28172	1.17520e-04	3.31094	20.4	26196	1.26430e-04	3.31191	20.9	26895	1.23090e-04	3.31035	18.6	26997	1.22620e-04	3.31035	19.5
4142.875	nan	28143	1.17630e-04	3.31035	20.4	26206	1.26370e-04	3.31172	20.9	26880	1.23150e-04	3.31035	18.6	27038	1.22410e-04	3.30977	19.5
4144.063	nan	28136	1.17680e-04	3.31113	20.4	26183	1.26480e-04	3.31152	20.9	26880	1.23140e-04	3.30996	18.6	27005	1.22580e-04	3.31035	19.5
4145.252	nan	28152	1.17610e-04	3.31113	20.4	26173	1.26540e-04	3.31191	20.9	26896	1.23080e-04	3.31035	18.6	27048	1.22380e-04	3.31016	19.5
4146.440	nan	28100	1.17820e-04	3.31074	20.4	26187	1.26480e-04	3.31211	20.9	26876	1.23190e-04	3.31074	18.6	27007	1.22590e-04	3.31074	19.5
4147.628	nan	28115	1.17740e-04	3.31035	20.4	26195	1.26430e-04	3.31172	20.9	26885	1.23130e-04	3.31035	18.6	27060	1.22300e-04	3.30938	19.5
4148.816	nan	28170	1.17550e-04	3.31152	20.4	26179	1.26490e-04	3.31133	20.9	26925	1.22930e-04	3.30996	18.6	27026	1.22490e-04	3.31055	19.5
4150.005	nan	28113	1.17790e-04	3.31133	20.4	26174	1.26550e-04	3.31230	20.9	26902	1.23070e-04	3.31094	18.6	26997	1.22650e-04	3.31113	19.5
4151.193	nan	28110	1.17760e-04	3.31016	20.4	26166	1.26580e-04	3.31211	20.9	26891	1.23120e-04	3.31074	18.6	27014	1.22540e-04	3.31016	19.5
4152.381	nan	28170	1.17530e-04	3.31094	20.4	26170	1.26530e-04	3.31133	20.9	26927	1.22910e-04	3.30977	18.6	27012	1.22540e-04	3.30996	19.5
4153.570	nan	28147	1.17620e-04	3.31055	20.4	26188	1.26460e-04	3.31172	20.9	26882	1.23150e-04	3.31035	18.6	27022	1.22480e-04	3.30977	19.5
4154.758	nan	28118	1.17780e-04	3.31172	20.4	26170	1.26540e-04	3.31172	20.9	26890	1.23100e-04	3.31016	18.6	27059	1.22370e-04	3.31113	19.5
4155.946	nan	28157	1.17580e-04	3.31055	20.4	26158	1.26630e-04	3.31230	20.9	26909	1.23040e-04	3.31094	18.6	27057	1.22330e-04	3.30996	19.5
4157.134	nan	28146	1.17640e-04	3.31113	20.4	26230	1.26250e-04	3.31152	20.9	26867	1.23200e-04	3.30996	18.6	27031	1.22470e-04	3.31035	19.5
4158.323	nan	28111	1.17780e-04	3.31094	20.4	26185	1.26490e-04	3.31211	20.9	26907	1.23030e-04	3.31035	18.6	27030	1.22470e-04	3.31035	19.5
4159.511	nan	28139	1.17660e-04	3.31094	20.4	26229	1.26270e-04	3.31191	20.9	26902	1.23050e-04	3.31035	18.6	27033	1.22460e-04	3.31035	19.5
4160.699	nan	28143	1.17610e-04	3.30996	20.4	26195	1.26430e-04	3.31172	20.9	26891	1.23100e-04	3.31016	18.6	27017	1.22500e-04	3.30957	19.5
4161.887	nan	28137	1.17670e-04	3.31094	20.4	26198	1.26400e-04	3.31133	20.9	26906	1.23010e-04	3.30977	18.6	27041	1.22410e-04	3.31016	19.5
4163.076	nan	28151	1.17630e-04	3.31133	20.4	26196	1.26420e-04	3.31172	20.9	26895	1.23090e-04	3.31055	18.6	27033	1.22450e-04	3.31016	19.5
4164.264	nan	28116	1.17770e-04	3.31133	20.4	26192	1.26450e-04	3.31211	20.9	26910	1.23020e-04	3.31055	18.6	27021	1.22530e-04	3.31074	19.5
4165.452	nan	28152	1.17580e-04	3.31016	20.4	26171	1.26550e-04	3.31191	20.9	26897	1.23080e-04	3.31055	18.6	27044	1.22400e-04	3.31016	19.5
4166.640	nan	28158	1.17600e-04	3.31152	20.4	26190	1.26440e-04	3.31152	20.9	26871	1.23170e-04	3.30977	18.6	27023	1.22510e-04	3.31055	19.5
4167.829	nan	28161	1.17580e-04	3.31113	20.4	26166	1.26590e-04	3.31230	20.9	26902	1.23070e-04	3.31074	18.6	27022	1.22500e-04	3.31016	19.5
4169.017	nan	28176	1.17510e-04	3.31113	20.4	26195	1.26440e-04	3.31211	20.9	26948	1.22860e-04	3.31074	18.6	27046	1.22420e-04	3.31094	19.5
4170.205	nan	28120	1.17730e-04	3.31055	20.4	26201	1.26410e-04	3.31191	20.9	26896	1.23090e-04	3.31055	18.6	27045	1.22390e-04	3.30996	19.5
4171.393	nan	28173	1.17490e-04	3.31016	20.4	26194	1.26420e-04	3.31152	20.9	26889	1.23100e-04	3.30996	18.6	27050	1.22360e-04	3.30996	19.5
4172.582	nan	28226	1.17300e-04	3.31094	20.4	26169	1.26540e-04	3.31133	20.9	26899	1.23040e-04	3.30977	18.6	27054	1.22360e-04	3.31035	19.5
4173.770	nan	28146	1.17620e-04	3.31055	20.4	26245	1.26190e-04	3.31172	20.9	26913	1.23000e-04	3.31035	18.6	27080	1.22230e-04	3.30996	19.5
4174.958	nan	28148	1.17620e-04	3.31074	20.4	26209	1.26350e-04	3.31152	20.9	26934	1.22890e-04	3.30996	18.6	27063	1.22310e-04	3.31016	19.5
4176.147	nan	28155	1.17570e-04	3.31016	20.4	26213	1.26330e-04	3.31152	20.9	26951	1.22820e-04	3.31016	18.6	27047	1.22360e-04	3.30938	19.5
4177.334	nan	28157	1.17590e-04	3.31113	20.4	26206	1.26360e-04	3.31133	20.9	26901	1.23030e-04	3.30957	18.6	27057	1.22360e-04	3.31055	19.5
4178.523	nan	28120	1.17740e-04	3.31074	20.4	26218	1.26320e-04	3.31191	20.9	26904	1.23050e-04	3.31055	18.6	27051	1.22360e-04	3.30996	19.5
4179.711	nan	28156	1.17580e-04	3.31055	20.4	26220	1.26290e-04	3.31133	20.9	26929	1.22910e-04	3.30996	18.6	27035	1.22440e-04	3.31016	19.5
4180.899	nan	28163	1.17540e-04	3.31035	20.4	26199	1.26400e-04	3.31152	20.9	26940	1.22860e-04	3.30996	18.6	27067	1.22270e-04	3.30938	19.5
4182.088	nan	28144	1.17630e-04	3.31074	20.4	26238	1.26210e-04	3.31133	20.9	26941	1.22860e-04	3.30996	18.6	27088	1.22210e-04	3.31055	19.5
4183.276	nan	28165	1.17540e-04	3.31055	20.4	26209	1.26360e-04	3.31172	20.9	26914	1.22990e-04	3.31016	18.6	27041	1.22400e-04	3.30977	19.5
4184.464	nan	28168	1.17550e-04	3.31113	20.4	26225	1.26270e-04	3.31152	20.9	26939	1.22880e-04	3.31016	18.6	27032	1.22470e-04	3.31074	19.5
4185.653	nan	28176	1.17500e-04	3.31074	20.4	26212	1.26350e-04	3.31191	20.9	26895	1.23090e-04	3.31055	18.6	27026	1.22470e-04	3.30996	19.5
4186.841	nan	28138	1.17640e-04	3.31016	20.4	26221	1.26290e-04	3.31152	20.9	26901	1.23040e-04	3.30996	18.6	27063	1.22300e-04	3.30996	19.5
4188.029	nan	28146	1.17620e-04	3.31055	20.4	26216	1.26310e-04	3.31133	20.9	26941	1.22850e-04	3.30977	18.6	27058	1.22310e-04	3.30957	19.5
4189.217	nan	28144	1.17650e-04	3.31113	20.4	26196	1.26410e-04	3.31152	20.9	26932	1.22900e-04	3.30996	18.6	27019	1.22530e-04	3.31055	19.5
4190.405	nan	28144	1.17630e-04	3.31074	20.4	26226	1.26280e-04	3.31191	20.9	26972	1.22740e-04	3.31055	18.6	27010	1.22550e-04	3.31016	19.5
4191.594	nan	28158	1.17580e-04	3.31074	20.4	26215	1.26320e-04	3.31152	20.9	26918	1.22960e-04	3.30996	18.6	27053	1.22360e-04	3.31016	19.4
4192.782	nan	28167	1.17550e-04	3.31094	20.4	26185	1.26470e-04	3.31172	20.9	26914	1.22990e-04	3.31016	18.6	27056	1.22340e-04	3.30996	19.4
4193.970	nan	28166	1.17540e-04	3.31074	20.4	26221	1.26310e-04	3.31191	20.9	26924	1.22950e-04	3.31035	18.6	27056	1.22360e-04	3.31055	19.4
4195.158	nan	28150	1.17630e-04	3.31113	20.4	26214	1.26340e-04	3.31172	20.9	26904	1.23030e-04	3.30996	18.6	27056	1.22340e-04	3.30996	19.4
4196.347	nan	28200	1.17390e-04	3.31035	20.4	26220	1.26310e-04	3.31191	20.9	26958	1.22800e-04	3.31055	18.6	27048	1.22360e-04	3.30957	19.4
4197.535	nan	28171	1.17520e-04	3.31074	20.4	26228	1.26250e-04	3.31133	20.9	26920	1.22960e-04	3.30996	18.6	27078	1.22260e-04	3.31055	19.4
4198.723	nan	28158	1.17590e-04	3.31094	20.4	26192	1.26450e-04	3.31211	20.9	26928	1.22930e-04	3.31035	18.6	27049	1.22380e-04	3.31035	19.4
4199.911	nan	28175	1.17530e-04	3.31133	20.4	26220	1.26310e-04	3.31172	20.9	26935	1.22900e-04	3.31035	18.6	27094	1.22190e-04	3.31055	19.4
4201.100	nan	28163	1.17550e-04	3.31055	20.4	26206	1.26380e-04	3.31191	20.9	26910	1.23020e-04	3.31035	18.6	27065	1.22280e-04	3.30957	19.4
4202.288	nan	28155	1.17600e-04	3.31113	20.4	26220	1.26290e-04	3.31133	20.9	26913	1.22990e-04	3.30996	18.6	27074	1.22270e-04	3.31035	19.4
4203.476	nan	28169	1.17530e-04	3.31074	20.4	26231	1.26280e-04	3.31250	20.9	26945	1.22870e-04	3.31074	18.6	27057	1.22350e-04	3.31035	19.4
4204.664	nan	28181	1.17500e-04	3.31133	20.4	26214	1.26330e-04	3.31152	20.9	26941	1.22870e-04	3.31016	18.6	27078	1.22280e-04	3.31113	19.4
4205.853	nan	28151	1.17590e-04	3.31016	20.4	26230	1.26280e-04	3.31230	20.9	26963	1.22790e-04	3.31074	18.6	27070	1.22260e-04	3.30977	19.4
4207.041	nan	28195	1.17430e-04	3.31094	20.4	26277	1.26030e-04	3.31172	20.9	26924	1.22930e-04	3.30977	18.6	27105	1.22130e-04	3.31016	19.4
4208.229	nan	28154	1.17630e-04	3.31172	20.4	26246	1.26170e-04	3.31152	20.9	26954	1.22810e-04	3.31035	18.6	27079	1.22260e-04	3.31055	19.4
4209.418	nan	28172	1.17520e-04	3.31094	20.4	26234	1.26280e-04	3.31270	20.9	26924	1.22980e-04	3.31113	18.6	27041	1.22430e-04	3.31074	19.4
4210.605	nan	28165	1.17550e-04	3.31074	20.4	26252	1.26150e-04	3.31172	20.9	26941	1.22880e-04	3.31035	18.6	27059	1.22320e-04	3.30996	19.4
4211.794	nan	28162	1.17550e-04	3.31055	20.4	26256	1.26140e-04	3.31191	20.9	26929	1.22930e-04	3.31035	18.6	27062	1.22330e-04	3.31055	19.4
4212.982	nan	28181	1.17510e-04	3.31152	20.4	26254	1.26140e-04	3.31172	20.9	26943	1.22860e-04	3.31016	18.6	27056	1.22350e-04	3.31035	19.4
4214.170	nan	28185	1.17470e-04	3.31074	20.4	26235	1.26260e-04	3.31230	20.9	26938	1.22900e-04	3.31074	18.6	27072	1.22280e-04	3.31035	19.4
4215.359	nan	28189	1.17450e-04	3.31074	20.4	26270	1.26060e-04	3.31152	20.9	26990	1.22640e-04	3.30996	18.5	27069	1.22270e-04	3.30977	19.4
4216.547	nan	28179	1.17480e-04	3.31035	20.4	26244	1.26180e-04	3.31152	20.9	26908	1.23020e-04	3.31016	18.5	27049	1.22370e-04	3.30996	19.4
4217.735	nan	28189	1.17490e-04	3.31191	20.4	26273	1.26040e-04	3.31152	20.9	26943	1.22840e-04	3.30977	18.6	27093	1.22210e-04	3.31094	19.4
4218.923	nan	28218	1.17310e-04	3.31035	20.4	26247	1.26210e-04	3.31270	20.9	26952	1.22850e-04	3.31113	18.5	27082	1.22240e-04	3.31035	19.4
4220.112	nan	28229	1.17290e-04	3.31113	20.4	26240	1.26190e-04	3.31133	20.9	26946	1.22840e-04	3.30996	18.5	27087	1.22210e-04	3.31016	19.4
4221.300	nan	28218	1.17320e-04	3.31055	20.4	26226	1.26280e-04	3.31191	20.9	26926	1.22950e-04	3.31055	18.5	27062	1.22310e-04	3.30996	19.4
4222.488	nan	28190	1.17490e-04	3.31191	20.4	26234	1.26250e-04	3.31191	20.9	26976	1.22700e-04	3.30996	18.5	27079	1.22270e-04	3.31094	19.4
4223.676	nan	28195	1.17410e-04	3.31055	20.4	26243	1.26230e-04	3.31250	20.9	26967	1.22780e-04	3.31113	18.5	27103	1.22130e-04	3.30996	19.4
4224.865	nan	28198	1.17420e-04	3.31113	20.4	26245	1.26170e-04	3.31133	20.9	26945	1.22840e-04	3.30996	18.5	27076	1.22270e-04	3.31055	19.4
4226.053	nan	28224	1.17310e-04	3.31113	20.4	26244	1.26220e-04	3.31250	20.9	26944	1.22870e-04	3.31074	18.5	27074	1.22270e-04	3.31035	19.4
4227.241	nan	28186	1.17480e-04	3.31133	20.4	26251	1.26160e-04	3.31191	20.9	26951	1.22840e-04	3.31055	18.5	27089	1.22220e-04	3.31074	19.4
4228.429	nan	28192	1.17430e-04	3.31055	20.4	26238	1.26230e-04	3.31191	20.9	26971	1.22740e-04	3.31055	18.5	27089	1.22190e-04	3.31016	19.4
4229.617	nan	28243	1.17240e-04	3.31113	20.4	26263	1.26080e-04	3.31133	20.9	26961	1.22770e-04	3.30996	18.5	27107	1.22110e-04	3.31016	19.4
4230.806	nan	28175	1.17510e-04	3.31094	20.4	26287	1.25980e-04	3.31172	20.9	26971	1.22740e-04	3.31035	18.5	27104	1.22130e-04	3.31035	19.4
4231.994	nan	28223	1.17320e-04	3.31113	20.4	26282	1.26030e-04	3.31230	20.9	26961	1.22790e-04	3.31055	18.5	27099	1.22160e-04	3.31055	19.4
4233.182	nan	28212	1.17350e-04	3.31055	20.4	26260	1.26110e-04	3.31172	20.9	26966	1.22760e-04	3.31035	18.5	27089	1.22190e-04	3.30996	19.4
4234.371	nan	28211	1.17340e-04	3.31035	20.4	26265	1.26090e-04	3.31172	20.9	26955	1.22800e-04	3.31016	18.5	27076	1.22250e-04	3.30996	19.4
4235.559	nan	28190	1.17450e-04	3.31094	20.4	26252	1.26130e-04	3.31113	20.9	26966	1.22730e-04	3.30957	18.5	27077	1.22240e-04	3.30977	19.4
4236.747	nan	28251	1.17200e-04	3.31094	20.4	26261	1.26120e-04	3.31191	20.9	26978	1.22710e-04	3.31035	18.5	27079	1.22250e-04	3.31035	19.4
4237.935	nan	28231	1.17260e-04	3.31055	20.4	26259	1.26120e-04	3.31172	20.9	27005	1.22570e-04	3.31016	18.5	27076	1.22250e-04	3.30996	19.4
4239.124	nan	28209	1.17340e-04	3.31016	20.4	26264	1.26090e-04	3.31152	20.9	27000	1.22590e-04	3.30996	18.5	27057	1.22330e-04	3.30996	19.4
4240.312	nan	28170	1.17530e-04	3.31094	20.4	26269	1.26050e-04	3.31113	20.9	26970	1.22710e-04	3.30957	18.5	27066	1.22290e-04	3.30996	19.4
4241.500	nan	28250	1.17190e-04	3.31074	20.4	26283	1.26010e-04	3.31191	20.9	26974	1.22730e-04	3.31055	18.5	27117	1.22070e-04	3.31016	19.4
4242.688	nan	28222	1.17300e-04	3.31055	20.4	26274	1.26040e-04	3.31152	20.9	26959	1.22780e-04	3.31016	18.5	27080	1.22230e-04	3.30996	19.4
4243.877	nan	28235	1.17240e-04	3.31035	20.4	26274	1.26040e-04	3.31152	20.9	26965	1.22750e-04	3.30996	18.5	27135	1.21980e-04	3.30996	19.4
4245.065	nan	28199	1.17400e-04	3.31055	20.4	26287	1.25970e-04	3.31133	20.9	26978	1.22680e-04	3.30977	18.5	27096	1.22150e-04	3.30977	19.4
4246.253	nan	28246	1.17180e-04	3.30996	20.4	26276	1.26020e-04	3.31133	20.9	27003	1.22580e-04	3.30996	18.5	27102	1.22120e-04	3.30957	19.4
4247.441	nan	28255	1.17190e-04	3.31113	20.4	26305	1.25870e-04	3.31094	20.9	26977	1.22670e-04	3.30938	18.5	27116	1.22060e-04	3.30996	19.4
4248.630	nan	28244	1.17220e-04	3.31074	20.4	26277	1.26040e-04	3.31191	20.9	26978	1.22710e-04	3.31035	18.5	27102	1.22140e-04	3.31016	19.4
4249.818	nan	28234	1.17260e-04	3.31055	20.4	26264	1.26090e-04	3.31172	20.9	26978	1.22700e-04	3.31016	18.5	27114	1.22080e-04	3.31016	19.4
4251.006	nan	28236	1.17270e-04	3.31113	20.4	26257	1.26100e-04	3.31094	20.9	26981	1.22670e-04	3.30977	18.5	27075	1.22260e-04	3.31016	19.4
4252.194	nan	28257	1.17170e-04	3.31074	20.4	26267	1.26100e-04	3.31211	20.9	27011	1.22560e-04	3.31035	18.5	27115	1.22090e-04	3.31035	19.4
4253.383	nan	28253	1.17180e-04	3.31055	20.4	26297	1.25930e-04	3.31152	20.9	26992	1.22630e-04	3.31016	18.5	27136	1.21960e-04	3.30957	19.4
4254.571	nan	28248	1.17190e-04	3.31035	20.4	26243	1.26180e-04	3.31133	20.9	26984	1.22670e-04	3.30996	18.5	27079	1.22230e-04	3.30996	19.4
4255.759	nan	28228	1.17290e-04	3.31094	20.4	26271	1.26060e-04	3.31172	20.9	26989	1.22640e-04	3.30977	18.5	27101	1.22140e-04	3.31016	19.4
4256.948	nan	28227	1.17300e-04	3.31113	20.4	26286	1.25980e-04	3.31152	20.9	27007	1.22570e-04	3.31035	18.5	27134	1.22010e-04	3.31055	19.4
4258.136	nan	28222	1.17300e-04	3.31055	20.4	26282	1.26020e-04	3.31211	20.9	26938	1.22900e-04	3.31055	18.5	27109	1.22100e-04	3.30996	19.4
4259.324	nan	28232	1.17250e-04	3.31016	20.4	26298	1.25920e-04	3.31152	20.9	27014	1.22530e-04	3.30996	18.5	27126	1.22010e-04	3.30977	19.4
4260.512	nan	28221	1.17310e-04	3.31055	20.4	26286	1.25970e-04	3.31133	20.9	26998	1.22590e-04	3.30977	18.5	27119	1.22040e-04	3.30957	19.4
4261.701	nan	28272	1.17120e-04	3.31113	20.4	26305	1.25900e-04	3.31172	21.0	26978	1.22690e-04	3.30996	18.5	27105	1.22130e-04	3.31035	19.4
4262.888	nan	28222	1.17320e-04	3.31113	20.4	26296	1.25930e-04	3.31152	21.0	27004	1.22590e-04	3.31035	18.5	27126	1.22040e-04	3.31035	19.4
4264.077	nan	28277	1.17090e-04	3.31094	20.4	26270	1.26100e-04	3.31250	21.0	26986	1.22680e-04	3.31055	18.5	27136	1.21990e-04	3.31035	19.4
4265.265	nan	28244	1.17230e-04	3.31113	20.4	26300	1.25910e-04	3.31152	21.0	26992	1.22630e-04	3.31016	18.5	27139	1.21980e-04	3.31035	19.4
4266.454	nan	28280	1.17080e-04	3.31113	20.4	26287	1.26010e-04	3.31230	21.0	26982	1.22700e-04	3.31074	18.5	27111	1.22120e-04	3.31074	19.4
4267.642	nan	28238	1.17270e-04	3.31152	20.4	26300	1.25930e-04	3.31211	21.0	27008	1.22570e-04	3.31055	18.5	27094	1.22190e-04	3.31074	19.4
4268.830	nan	28253	1.17170e-04	3.31035	20.4	26285	1.26010e-04	3.31211	21.0	27010	1.22570e-04	3.31074	18.5	27140	1.21960e-04	3.31016	19.4
4270.018	nan	28308	1.16970e-04	3.31113	20.4	26287	1.25980e-04	3.31152	21.0	27030	1.22460e-04	3.30996	18.5	27094	1.22190e-04	3.31055	19.4
4271.207	nan	28266	1.17150e-04	3.31133	20.4	26281	1.26010e-04	3.31172	21.0	27000	1.22610e-04	3.31055	18.5	27130	1.22030e-04	3.31055	19.4
4272.394	nan	28256	1.17190e-04	3.31133	20.4	26291	1.26000e-04	3.31270	21.0	26973	1.22740e-04	3.31074	18.5	27115	1.22100e-04	3.31074	19.4
4273.583	nan	28235	1.17250e-04	3.31055	20.4	26299	1.25920e-04	3.31152	21.0	27016	1.22540e-04	3.31055	18.5	27130	1.22000e-04	3.30977	19.4
4274.771	nan	28253	1.17190e-04	3.31113	20.4	26300	1.25930e-04	3.31191	21.0	27035	1.22440e-04	3.31016	18.5	27097	1.22160e-04	3.31035	19.4
4275.959	nan	28260	1.17170e-04	3.31133	20.4	26294	1.25950e-04	3.31172	21.0	27019	1.22520e-04	3.31035	18.5	27134	1.22010e-04	3.31055	19.4
4277.148	nan	28266	1.17150e-04	3.31133	20.4	26270	1.26090e-04	3.31250	21.0	27037	1.22450e-04	3.31074	18.5	27136	1.22010e-04	3.31074	19.4
4278.336	nan	28319	1.16900e-04	3.31055	20.4	26299	1.25930e-04	3.31172	21.0	26992	1.22650e-04	3.31055	18.5	27110	1.22090e-04	3.30996	19.4
4279.524	nan	28271	1.17110e-04	3.31074	20.4	26278	1.26030e-04	3.31191	21.0	27002	1.22590e-04	3.31035	18.5	27148	1.21930e-04	3.31016	19.4
4280.712	nan	28330	1.16890e-04	3.31152	20.4	26323	1.25800e-04	3.31133	21.0	26979	1.22690e-04	3.31016	18.5	27112	1.22100e-04	3.31035	19.4
4281.901	nan	28258	1.17180e-04	3.31113	20.4	26340	1.25780e-04	3.31289	21.0	26991	1.22660e-04	3.31074	18.5	27139	1.22000e-04	3.31094	19.4
4283.089	nan	28265	1.17140e-04	3.31094	20.4	26274	1.26040e-04	3.31152	21.0	27051	1.22380e-04	3.31055	18.5	27143	1.21950e-04	3.30996	19.4
4284.277	nan	28277	1.17080e-04	3.31074	20.4	26289	1.25990e-04	3.31211	21.0	27012	1.22550e-04	3.31035	18.5	27181	1.21800e-04	3.31055	19.4
4285.465	nan	28290	1.17050e-04	3.31152	20.4	26341	1.25720e-04	3.31172	21.0	27028	1.22470e-04	3.31016	18.5	27144	1.21960e-04	3.31055	19.4
4286.654	nan	28295	1.17020e-04	3.31094	20.4	26285	1.26020e-04	3.31250	21.0	27036	1.22470e-04	3.31094	18.5	27141	1.21980e-04	3.31055	19.4
4287.842	nan	28273	1.17100e-04	3.31074	20.4	26317	1.25830e-04	3.31152	21.0	27024	1.22490e-04	3.31035	18.5	27179	1.21780e-04	3.30977	19.4
4289.030	nan	28300	1.16990e-04	3.31074	20.4	26313	1.25860e-04	3.31172	21.0	27055	1.22350e-04	3.31016	18.5	27157	1.21890e-04	3.31016	19.4
4290.218	nan	28317	1.16950e-04	3.31172	20.4	26299	1.25930e-04	3.31172	21.0	27004	1.22580e-04	3.31016	18.4	27136	1.22010e-04	3.31094	19.4
4291.407	nan	28276	1.17090e-04	3.31074	20.4	26336	1.25770e-04	3.31230	21.0	27030	1.22490e-04	3.31094	18.4	27155	1.21910e-04	3.31035	19.4
4292.595	nan	28324	1.16890e-04	3.31074	20.4	26286	1.25980e-04	3.31152	21.0	27029	1.22470e-04	3.31016	18.4	27181	1.21770e-04	3.30996	19.4
4293.783	nan	28275	1.17080e-04	3.31055	20.4	26325	1.25780e-04	3.31113	21.0	27034	1.22440e-04	3.31016	18.4	27148	1.21910e-04	3.30977	19.4
4294.972	nan	28293	1.17020e-04	3.31074	20.4	26296	1.25950e-04	3.31191	21.0	27055	1.22340e-04	3.30996	18.4	27168	1.21850e-04	3.31035	19.4
4296.160	nan	28312	1.16940e-04	3.31074	20.4	26290	1.25950e-04	3.31113	21.0	27016	1.22530e-04	3.31016	18.4	27156	1.21890e-04	3.30996	19.4
4297.348	nan	28278	1.17080e-04	3.31074	20.4	26318	1.25860e-04	3.31230	21.0	27064	1.22310e-04	3.31016	18.4	27137	1.21990e-04	3.31035	19.4
4298.536	nan	28325	1.16870e-04	3.31035	20.4	26307	1.25870e-04	3.31113	21.0	27012	1.22540e-04	3.31016	18.4	27157	1.21880e-04	3.30977	19.4
4299.725	nan	28297	1.17010e-04	3.31113	20.4	26317	1.25850e-04	3.31191	21.0	27056	1.22340e-04	3.30996	18.4	27141	1.21980e-04	3.31055	19.4
4300.913	nan	28309	1.16950e-04	3.31074	20.4	26312	1.25860e-04	3.31172	21.0	27056	1.22360e-04	3.31055	18.4	27157	1.21890e-04	3.31016	19.4
4302.101	nan	28341	1.16820e-04	3.31074	20.4	26321	1.25820e-04	3.31172	21.0	27046	1.22390e-04	3.31016	18.4	27135	1.21990e-04	3.31035	19.4
4303.289	nan	28285	1.17040e-04	3.31055	20.4	26330	1.25760e-04	3.31133	21.0	27029	1.22470e-04	3.31016	18.4	27161	1.21860e-04	3.30996	19.4
4304.478	nan	28281	1.17060e-04	3.31055	20.4	26335	1.25750e-04	3.31172	21.0	27044	1.22390e-04	3.30996	18.4	27166	1.21840e-04	3.30996	19.4
4305.666	nan	28307	1.16950e-04	3.31055	20.4	26307	1.25860e-04	3.31094	21.0	27047	1.22370e-04	3.30977	18.4	27166	1.21830e-04	3.30977	19.4
4306.854	nan	28289	1.17050e-04	3.31113	20.4	26355	1.25670e-04	3.31211	21.0	27039	1.22420e-04	3.31016	18.4	27194	1.21740e-04	3.31055	19.4
4308.042	nan	28306	1.16960e-04	3.31074	20.4	26353	1.25670e-04	3.31172	21.0	27049	1.22380e-04	3.31035	18.4	27201	1.21690e-04	3.31016	19.4
4309.230	nan	28315	1.16920e-04	3.31055	20.4	26316	1.25840e-04	3.31172	21.0	27039	1.22410e-04	3.30996	18.4	27173	1.21820e-04	3.31016	19.4
4310.419	nan	28369	1.16710e-04	3.31094	20.4	26302	1.25910e-04	3.31152	21.0	27050	1.22370e-04	3.30996	18.4	27197	1.21720e-04	3.31035	19.4
4311.607	nan	28308	1.16960e-04	3.31094	20.4	26302	1.25920e-04	3.31191	21.0	27054	1.22370e-04	3.31055	18.4	27175	1.21810e-04	3.31016	19.4
4312.795	nan	28296	1.17000e-04	3.31055	20.4	26333	1.25750e-04	3.31133	21.0	27052	1.22360e-04	3.31016	18.4	27171	1.21810e-04	3.30977	19.4
4313.983	nan	28306	1.16950e-04	3.31035	20.4	26342	1.25710e-04	3.31133	21.0	27051	1.22360e-04	3.30996	18.4	27175	1.21790e-04	3.30977	19.4
4315.172	nan	28318	1.16940e-04	3.31152	20.4	26333	1.25770e-04	3.31191	21.0	27041	1.22410e-04	3.30996	18.4	27160	1.21900e-04	3.31074	19.4
4316.360	nan	28299	1.16980e-04	3.31035	20.4	26339	1.25740e-04	3.31191	21.0	27072	1.22280e-04	3.31055	18.4	27164	1.21840e-04	3.30957	19.4
4317.548	nan	28318	1.16940e-04	3.31152	20.4	26313	1.25860e-04	3.31172	21.0	27050	1.22370e-04	3.30996	18.4	27188	1.21790e-04	3.31113	19.4
4318.736	nan	28325	1.16870e-04	3.31035	20.4	26311	1.25860e-04	3.31152	21.0	27038	1.22450e-04	3.31074	18.4	27172	1.21810e-04	3.30977	19.4
4319.925	nan	28356	1.16790e-04	3.31172	20.4	26319	1.25840e-04	3.31191	21.0	27065	1.22290e-04	3.30977	18.4	27178	1.21820e-04	3.31074	19.4
4321.113	nan	28327	1.16880e-04	3.31094	20.4	26344	1.25720e-04	3.31211	21.0	27038	1.22460e-04	3.31094	18.4	27181	1.21780e-04	3.31016	19.4
4322.301	nan	28338	1.16840e-04	3.31113	20.4	26350	1.25700e-04	3.31211	21.0	27091	1.22190e-04	3.31016	18.4	27182	1.21800e-04	3.31074	19.4
4323.490	nan	28357	1.16750e-04	3.31055	20.4	26362	1.25620e-04	3.31152	21.0	27070	1.22300e-04	3.31055	18.4	27194	1.21700e-04	3.30957	19.4
4324.678	nan	28352	1.16800e-04	3.31152	20.4	26345	1.25730e-04	3.31230	21.1	27070	1.22280e-04	3.31016	18.4	27164	1.21890e-04	3.31094	19.4
4325.866	nan	28300	1.17010e-04	3.31152	20.4	26335	1.25770e-04	3.31211	21.1	27065	1.22330e-04	3.31074	18.4	27190	1.21780e-04	3.31113	19.4
4327.054	nan	28356	1.16770e-04	3.31094	20.4	26349	1.25720e-04	3.31270	21.1	27075	1.22290e-04	3.31094	18.4	27199	1.21710e-04	3.31035	19.4
4328.242	nan	28338	1.16840e-04	3.31094	20.4	26360	1.25620e-04	3.31133	21.1	27060	1.22330e-04	3.31035	18.4	27170	1.21830e-04	3.31016	19.4
4329.431	nan	28349	1.16800e-04	3.31133	20.4	26313	1.25870e-04	3.31211	21.1	27063	1.22320e-04	3.31035	18.4	27218	1.21630e-04	3.31055	19.4
4330.619	nan	28336	1.16860e-04	3.31133	20.4	26381	1.25560e-04	3.31230	21.1	27057	1.22360e-04	3.31074	18.4	27144	1.21970e-04	3.31094	19.4
4331.808	nan	28361	1.16720e-04	3.31035	20.4	26379	1.25550e-04	3.31191	21.1	27072	1.22290e-04	3.31074	18.4	27173	1.21800e-04	3.30977	19.4
4332.996	nan	28341	1.16820e-04	3.31094	20.4	26309	1.25870e-04	3.31152	21.1	27086	1.22190e-04	3.30977	18.4	27192	1.21730e-04	3.31016	19.4
4334.184	nan	28320	1.16890e-04	3.31035	20.4	26345	1.25700e-04	3.31152	21.1	27065	1.22300e-04	3.31016	18.4	27213	1.21630e-04	3.30977	19.4
4335.372	nan	28319	1.16950e-04	3.31191	20.4	26362	1.25630e-04	3.31191	21.1	27096	1.22160e-04	3.31016	18.4	27165	1.21900e-04	3.31133	19.4
4336.561	nan	28295	1.17010e-04	3.31074	20.4	26333	1.25780e-04	3.31230	21.1	27043	1.22440e-04	3.31113	18.4	27206	1.21670e-04	3.31016	19.4
4337.749	nan	28372	1.16700e-04	3.31094	20.4	26349	1.25690e-04	3.31172	21.1	27079	1.22230e-04	3.30996	18.4	27209	1.21660e-04	3.31016	19.4
4338.937	nan	28324	1.16890e-04	3.31074	20.4	26331	1.25770e-04	3.31172	21.1	27085	1.22220e-04	3.31035	18.4	27176	1.21810e-04	3.31016	19.4
4340.125	nan	28338	1.16850e-04	3.31133	20.4	26338	1.25750e-04	3.31211	21.1	27075	1.22260e-04	3.31035	18.4	27215	1.21660e-04	3.31094	19.4
4341.313	nan	28336	1.16820e-04	3.31016	20.4	26335	1.25740e-04	3.31152	21.1	27104	1.22150e-04	3.31074	18.4	27211	1.21640e-04	3.30977	19.4
4342.502	nan	28379	1.16680e-04	3.31133	20.4	26336	1.25750e-04	3.31172	21.1	27092	1.22170e-04	3.30977	18.4	27223	1.21620e-04	3.31074	19.4
4343.690	nan	28335	1.16850e-04	3.31094	20.4	26357	1.25650e-04	3.31191	21.1	27093	1.22200e-04	3.31074	18.4	27227	1.21580e-04	3.31035	19.4
4344.878	nan	28366	1.16730e-04	3.31113	20.4	26379	1.25570e-04	3.31230	21.1	27045	1.22410e-04	3.31055	18.4	27204	1.21700e-04	3.31074	19.4
4346.066	nan	28360	1.16730e-04	3.31055	20.4	26339	1.25730e-04	3.31172	21.1	27097	1.22170e-04	3.31055	18.4	27214	1.21620e-04	3.30977	19.4
4347.255	nan	28368	1.16720e-04	3.31094	20.4	26346	1.25700e-04	3.31172	21.1	27083	1.22210e-04	3.30996	18.4	27238	1.21540e-04	3.31035	19.4
4348.443	nan	28401	1.16590e-04	3.31133	20.4	26342	1.25720e-04	3.31172	21.1	27074	1.22260e-04	3.31016	18.4	27202	1.21700e-04	3.31055	19.4
4349.631	nan	28356	1.16750e-04	3.31055	20.4	26378	1.25550e-04	3.31172	21.1	27077	1.22260e-04	3.31035	18.4	27211	1.21640e-04	3.30996	19.4
4350.819	nan	28335	1.16830e-04	3.31035	20.4	26392	1.25480e-04	3.31172	21.1	27080	1.22240e-04	3.31016	18.4	27207	1.21650e-04	3.30977	19.4
4352.008	nan	28368	1.16680e-04	3.30996	20.4	26361	1.25620e-04	3.31133	21.1	27057	1.22330e-04	3.30996	18.4	27219	1.21580e-04	3.30938	19.4
4353.196	nan	28361	1.16760e-04	3.31133	20.4	26358	1.25630e-04	3.31133	21.1	27057	1.22310e-04	3.30938	18.4	27236	1.21550e-04	3.31055	19.4
4354.384	nan	28353	1.16770e-04	3.31074	20.4	26397	1.25460e-04	3.31172	21.1	27052	1.22390e-04	3.31074	18.4	27221	1.21600e-04	3.31016	19.4
4355.572	nan	28387	1.16630e-04	3.31074	20.4	26375	1.25560e-04	3.31152	21.1	27104	1.22120e-04	3.30996	18.4	27218	1.21610e-04	3.30996	19.4
4356.761	nan	28356	1.16750e-04	3.31055	20.4	26374	1.25570e-04	3.31172	21.1	27073	1.22260e-04	3.30996	18.4	27219	1.21600e-04	3.30977	19.4
4357.949	nan	28327	1.16870e-04	3.31055	20.4	26380	1.25530e-04	3.31152	21.1	27089	1.22190e-04	3.30996	18.4	27225	1.21580e-04	3.30996	19.4
4359.137	nan	28341	1.16800e-04	3.31016	20.4	26362	1.25600e-04	3.31113	21.1	27058	1.22320e-04	3.30977	18.4	27225	1.21560e-04	3.30957	19.4
4360.325	nan	28373	1.16700e-04	3.31113	20.4	26366	1.25600e-04	3.31172	21.1	27095	1.22160e-04	3.30977	18.3	27206	1.21690e-04	3.31074	19.4
4361.514	nan	28381	1.16650e-04	3.31074	20.4	26408	1.25410e-04	3.31191	21.1	27058	1.22350e-04	3.31055	18.3	27227	1.21580e-04	3.31016	19.4
4362.702	nan	28372	1.16680e-04	3.31055	20.4	26382	1.25520e-04	3.31152	21.1	27074	1.22260e-04	3.30996	18.3	27232	1.21550e-04	3.31016	19.4
4363.890	nan	28397	1.16580e-04	3.31055	20.4	26364	1.25610e-04	3.31152	21.1	27059	1.22330e-04	3.30996	18.3	27222	1.21580e-04	3.30977	19.4
4365.079	nan	28386	1.16640e-04	3.31094	20.4	26363	1.25620e-04	3.31172	21.1	27115	1.22080e-04	3.31016	18.3	27209	1.21650e-04	3.31016	19.4
4366.267	nan	28375	1.16680e-04	3.31074	20.4	26371	1.25560e-04	3.31113	21.1	27073	1.22270e-04	3.31016	18.3	27209	1.21650e-04	3.30996	19.4
4367.455	nan	28333	1.16840e-04	3.31055	20.4	26380	1.25560e-04	3.31230	21.1	27086	1.22210e-04	3.31016	18.3	27207	1.21670e-04	3.31016	19.4
4368.643	nan	28352	1.16780e-04	3.31094	20.4	26384	1.25500e-04	3.31133	21.1	27077	1.22250e-04	3.31016	18.3	27207	1.21670e-04	3.31035	19.4
4369.832	nan	28406	1.16560e-04	3.31113	20.4	26390	1.25510e-04	3.31211	21.1	27115	1.22080e-04	3.31035	18.3	27198	1.21720e-04	3.31055	19.4
4371.020	nan	28362	1.16740e-04	3.31094	20.4	26361	1.25640e-04	3.31191	21.1	27139	1.21990e-04	3.31055	18.3	27205	1.21680e-04	3.31016	19.4
4372.208	nan	28373	1.16670e-04	3.31016	20.4	26377	1.25550e-04	3.31152	21.1	27118	1.22070e-04	3.31035	18.3	27206	1.21650e-04	3.30957	19.4
4373.396	nan	28320	1.16930e-04	3.31133	20.4	26363	1.25610e-04	3.31152	21.1	27089	1.22180e-04	3.30957	18.3	27279	1.21370e-04	3.31074	19.4
4374.584	nan	28390	1.16610e-04	3.31055	20.4	26384	1.25510e-04	3.31152	21.1	27096	1.22180e-04	3.31055	18.3	27226	1.21580e-04	3.31016	19.4
4375.773	nan	28374	1.16710e-04	3.31152	20.4	26384	1.25550e-04	3.31250	21.1	27039	1.22430e-04	3.31035	18.3	27205	1.21700e-04	3.31094	19.4
4376.961	nan	28398	1.16570e-04	3.31035	20.4	26392	1.25490e-04	3.31191	21.1	27070	1.22300e-04	3.31074	18.3	27206	1.21660e-04	3.30977	19.4
4378.149	nan	28401	1.16580e-04	3.31094	20.4	26394	1.25460e-04	3.31133	21.1	27090	1.22180e-04	3.30977	18.3	27238	1.21530e-04	3.31016	19.4
4379.337	nan	28364	1.16750e-04	3.31133	20.4	26369	1.25590e-04	3.31172	21.1	27062	1.22330e-04	3.31035	18.3	27213	1.21650e-04	3.31055	19.4
4380.525	nan	28372	1.16710e-04	3.31133	20.4	26372	1.25610e-04	3.31250	21.1	27090	1.22210e-04	3.31055	18.3	27203	1.21710e-04	3.31074	19.4
4381.714	nan	28337	1.16840e-04	3.31074	20.4	26364	1.25610e-04	3.31152	21.1	27091	1.22210e-04	3.31074	18.3	27249	1.21480e-04	3.31016	19.3
4382.902	nan	28414	1.16530e-04	3.31094	20.4	26382	1.25540e-04	3.31191	21.1	27069	1.22280e-04	3.31016	18.3	27220	1.21610e-04	3.31035	19.3
4384.091	nan	28407	1.16560e-04	3.31113	20.4	26397	1.25450e-04	3.31152	21.1	27120	1.22060e-04	3.31035	18.3	27258	1.21440e-04	3.31035	19.3
4385.279	nan	28391	1.16620e-04	3.31094	20.4	26423	1.25370e-04	3.31250	21.1	27094	1.22190e-04	3.31055	18.3	27236	1.21550e-04	3.31055	19.3
4386.467	nan	28430	1.16450e-04	3.31074	20.4	26372	1.25570e-04	3.31152	21.1	27097	1.22160e-04	3.31035	18.3	27225	1.21570e-04	3.30977	19.3
4387.655	nan	28367	1.16710e-04	3.31074	20.4	26365	1.25620e-04	3.31191	21.1	27076	1.22260e-04	3.31016	18.3	27233	1.21560e-04	3.31035	19.3
4388.843	nan	28386	1.16660e-04	3.31152	20.4	26399	1.25450e-04	3.31191	21.1	27066	1.22300e-04	3.31016	18.3	27217	1.21640e-04	3.31074	19.3
4390.031	nan	28428	1.16460e-04	3.31074	20.4	26416	1.25390e-04	3.31230	21.1	27115	1.22110e-04	3.31094	18.3	27238	1.21530e-04	3.31035	19.3
4391.220	nan	28424	1.16470e-04	3.31055	20.4	26400	1.25430e-04	3.31133	21.1	27091	1.22180e-04	3.31016	18.3	27223	1.21580e-04	3.30977	19.3
4392.408	nan	28386	1.16630e-04	3.31074	20.4	26383	1.25520e-04	3.31152	21.1	27103	1.22130e-04	3.31016	18.3	27253	1.21450e-04	3.30996	19.3
4393.597	nan	28437	1.16440e-04	3.31133	20.4	26399	1.25450e-04	3.31172	21.1	27108	1.22100e-04	3.30996	18.3	27215	1.21650e-04	3.31074	19.3
4394.785	nan	28404	1.16570e-04	3.31094	20.4	26392	1.25490e-04	3.31211	21.1	27129	1.22040e-04	3.31074	18.3	27239	1.21520e-04	3.31016	19.3
4395.973	nan	28393	1.16600e-04	3.31074	20.4	26415	1.25370e-04	3.31152	21.1	27135	1.21990e-04	3.31016	18.3	27270	1.21380e-04	3.30996	19.3
4397.161	nan	28419	1.16480e-04	3.31035	20.4	26424	1.25320e-04	3.31152	21.1	27098	1.22150e-04	3.30996	18.3	27218	1.21600e-04	3.30977	19.3
4398.349	nan	28425	1.16470e-04	3.31055	20.4	26398	1.25450e-04	3.31172	21.1	27141	1.21950e-04	3.30977	18.3	27260	1.21420e-04	3.30996	19.3
4399.538	nan	28393	1.16590e-04	3.31035	20.4	26407	1.25390e-04	3.31113	21.1	27123	1.22040e-04	3.30996	18.3	27279	1.21330e-04	3.30977	19.3
4400.726	nan	28380	1.16650e-04	3.31055	20.4	26395	1.25460e-04	3.31152	21.1	27101	1.22130e-04	3.30977	18.3	27263	1.21410e-04	3.30996	19.3
4401.914	nan	28387	1.16620e-04	3.31055	20.4	26407	1.25380e-04	3.31094	21.1	27108	1.22100e-04	3.30996	18.3	27262	1.21410e-04	3.30977	19.3
4403.102	nan	28470	1.16270e-04	3.31035	20.4	26357	1.25660e-04	3.31211	21.1	27119	1.22050e-04	3.30977	18.3	27265	1.21390e-04	3.30977	19.3
4404.291	nan	28365	1.16710e-04	3.31055	20.4	26414	1.25350e-04	3.31094	21.2	27107	1.22110e-04	3.30996	18.3	27277	1.21350e-04	3.30996	19.3
4405.479	nan	28403	1.16580e-04	3.31133	20.4	26421	1.25370e-04	3.31230	21.2	27105	1.22130e-04	3.31016	18.3	27227	1.21600e-04	3.31074	19.3
4406.667	nan	28374	1.16670e-04	3.31055	20.4	26414	1.25360e-04	3.31133	21.2	27098	1.22160e-04	3.31035	18.3	27245	1.21490e-04	3.30996	19.3
4407.855	nan	28430	1.16440e-04	3.31055	20.4	26416	1.25360e-04	3.31152	21.2	27110	1.22090e-04	3.30996	18.3	27241	1.21510e-04	3.30996	19.3
4409.044	nan	28398	1.16590e-04	3.31094	20.4	26387	1.25500e-04	3.31152	21.2	27119	1.22060e-04	3.30996	18.3	27234	1.21550e-04	3.31035	19.3
4410.232	nan	28385	1.16650e-04	3.31113	20.4	26396	1.25490e-04	3.31250	21.2	27127	1.22040e-04	3.31055	18.3	27245	1.21500e-04	3.31035	19.3
4411.420	nan	28397	1.16580e-04	3.31055	20.4	26413	1.25370e-04	3.31133	21.2	27078	1.22250e-04	3.31035	18.3	27254	1.21450e-04	3.30996	19.3
4412.609	nan	28426	1.16470e-04	3.31074	20.4	26413	1.25380e-04	3.31172	21.2	27074	1.22260e-04	3.30996	18.3	27259	1.21440e-04	3.31016	19.3
4413.797	nan	28429	1.16460e-04	3.31094	20.4	26404	1.25420e-04	3.31172	21.2	27130	1.22000e-04	3.30996	18.3	27220	1.21620e-04	3.31055	19.3
4414.985	nan	28430	1.16460e-04	3.31094	20.4	26401	1.25460e-04	3.31211	21.2	27107	1.22130e-04	3.31055	18.3	27237	1.21540e-04	3.31035	19.3
4416.173	nan	28413	1.16540e-04	3.31133	20.4	26406	1.25410e-04	3.31172	21.2	27115	1.22090e-04	3.31035	18.3	27240	1.21540e-04	3.31074	19.3
4417.361	nan	28423	1.16450e-04	3.30996	20.4	26426	1.25310e-04	3.31152	21.2	27124	1.22050e-04	3.31055	18.3	27272	1.21350e-04	3.30957	19.3
4418.550	nan	28352	1.16800e-04	3.31152	20.4	26394	1.25480e-04	3.31191	21.2	27136	1.21960e-04	3.30957	18.3	27285	1.21350e-04	3.31113	19.3
4419.738	nan	28389	1.16630e-04	3.31094	20.4	26434	1.25300e-04	3.31211	21.2	27127	1.22050e-04	3.31094	18.3	27281	1.21340e-04	3.31035	19.3
4420.926	nan	28440	1.16430e-04	3.31113	20.4	26403	1.25440e-04	3.31191	21.2	27117	1.22080e-04	3.31035	18.3	27253	1.21470e-04	3.31055	19.3
4422.114	nan	28441	1.16400e-04	3.31055	20.4	26409	1.25390e-04	3.31152	21.2	27119	1.22080e-04	3.31055	18.3	27219	1.21600e-04	3.30977	19.3
4423.302	nan	28381	1.16660e-04	3.31094	20.4	26432	1.25310e-04	3.31211	21.2	27116	1.22080e-04	3.31016	18.3	27223	1.21600e-04	3.31035	19.3
4424.491	nan	28418	1.16520e-04	3.31133	20.4	26408	1.25400e-04	3.31152	21.2	27098	1.22160e-04	3.31035	18.3	27239	1.21540e-04	3.31055	19.3
4425.679	nan	28422	1.16490e-04	3.31094	20.4	26433	1.25310e-04	3.31230	21.2	27127	1.22050e-04	3.31074	18.3	27243	1.21510e-04	3.31035	19.3
4426.867	nan	28431	1.16460e-04	3.31094	20.4	26413	1.25370e-04	3.31133	21.2	27125	1.22040e-04	3.31035	18.3	27273	1.21370e-04	3.31016	19.3
4428.056	nan	28364	1.16720e-04	3.31074	20.4	26412	1.25390e-04	3.31191	21.2	27118	1.22070e-04	3.31035	18.3	27293	1.21280e-04	3.31016	19.3
4429.244	nan	28411	1.16540e-04	3.31094	20.4	26394	1.25470e-04	3.31152	21.2	27111	1.22100e-04	3.31016	18.3	27279	1.21340e-04	3.31016	19.3
4430.432	nan	28453	1.16360e-04	3.31074	20.4	26417	1.25380e-04	3.31211	21.2	27130	1.22020e-04	3.31035	18.3	27255	1.21440e-04	3.30996	19.3
4431.621	nan	28407	1.16540e-04	3.31055	20.4	26416	1.25350e-04	3.31133	21.2	27109	1.22100e-04	3.30996	18.3	27255	1.21440e-04	3.30996	19.3
4432.809	nan	28423	1.16470e-04	3.31035	20.4	26419	1.25340e-04	3.31152	21.2	27113	1.22090e-04	3.31016	18.3	27285	1.21310e-04	3.30977	19.3
4433.997	nan	28398	1.16620e-04	3.31172	20.4	26415	1.25370e-04	3.31172	21.2	27126	1.22010e-04	3.30977	18.3	27268	1.21430e-04	3.31113	19.3
4435.185	nan	28415	1.16500e-04	3.31035	20.4	26408	1.25420e-04	3.31211	21.2	27113	1.22130e-04	3.31133	18.3	27259	1.21420e-04	3.30977	19.3
4436.374	nan	28455	1.16370e-04	3.31133	20.4	26437	1.25260e-04	3.31152	21.2	27104	1.22110e-04	3.30977	18.3	27241	1.21540e-04	3.31074	19.3
4437.561	nan	28400	1.16570e-04	3.31055	20.4	26424	1.25340e-04	3.31191	21.2	27114	1.22110e-04	3.31074	18.3	27273	1.21360e-04	3.30996	19.3
4438.750	nan	28440	1.16430e-04	3.31133	20.4	26407	1.25430e-04	3.31211	21.2	27119	1.22050e-04	3.30996	18.3	27241	1.21540e-04	3.31074	19.3
4439.938	nan	28427	1.16460e-04	3.31055	20.4	26422	1.25340e-04	3.31172	21.2	27107	1.22140e-04	3.31074	18.3	27263	1.21410e-04	3.30996	19.3
4441.126	nan	28423	1.16490e-04	3.31094	20.4	26433	1.25290e-04	3.31172	21.2	27128	1.22020e-04	3.31016	18.3	27302	1.21250e-04	3.31035	19.3
4442.315	nan	28404	1.16560e-04	3.31074	20.4	26424	1.25320e-04	3.31152	21.2	27101	1.22140e-04	3.31016	18.3	27303	1.21240e-04	3.31016	19.3
4443.503	nan	28421	1.16490e-04	3.31074	20.4	26433	1.25300e-04	3.31211	21.2	27097	1.22160e-04	3.31016	18.3	27271	1.21370e-04	3.30996	19.3
4444.691	nan	28452	1.16350e-04	3.31035	20.4	26432	1.25290e-04	3.31152	21.2	27115	1.22070e-04	3.30996	18.3	27269	1.21380e-04	3.30996	19.3
4445.880	nan	28467	1.16300e-04	3.31055	20.4	26434	1.25270e-04	3.31133	21.2	27123	1.22040e-04	3.30996	18.3	27282	1.21330e-04	3.30996	19.3
4447.068	nan	28421	1.16480e-04	3.31055	20.4	26453	1.25170e-04	3.31113	21.2	27097	1.22150e-04	3.30996	18.3	27288	1.21290e-04	3.30977	19.3
4448.256	nan	28427	1.16460e-04	3.31055	20.4	26424	1.25320e-04	3.31152	21.2	27111	1.22080e-04	3.30977	18.3	27265	1.21400e-04	3.30996	19.3
4449.444	nan	28432	1.16430e-04	3.31035	20.4	26437	1.25240e-04	3.31113	21.2	27114	1.22080e-04	3.30996	18.3	27289	1.21290e-04	3.30996	19.3
4450.633	nan	28472	1.16280e-04	3.31074	20.4	26442	1.25250e-04	3.31191	21.2	27105	1.22120e-04	3.30996	18.3	27269	1.21380e-04	3.30977	19.3
4451.821	nan	28442	1.16390e-04	3.31035	20.4	26431	1.25280e-04	3.31133	21.2	27126	1.22030e-04	3.31016	18.3	27287	1.21310e-04	3.31016	19.3
4453.009	nan	28435	1.16430e-04	3.31055	20.4	26419	1.25330e-04	3.31113	21.2	27120	1.22050e-04	3.30996	18.3	27282	1.21320e-04	3.30977	19.3
4454.197	nan	28456	1.16350e-04	3.31094	20.4	26424	1.25340e-04	3.31191	21.2	27108	1.22100e-04	3.30977	18.3	27284	1.21320e-04	3.30996	19.3
4455.385	nan	28472	1.16280e-04	3.31074	20.4	26465	1.25140e-04	3.31191	21.2	27146	1.21950e-04	3.31055	18.3	27275	1.21380e-04	3.31055	19.3
4456.574	nan	28441	1.16410e-04	3.31074	20.4	26457	1.25170e-04	3.31172	21.2	27090	1.22180e-04	3.30996	18.3	27295	1.21270e-04	3.31016	19.3
4457.762	nan	28420	1.16470e-04	3.30996	20.5	26425	1.25300e-04	3.31113	21.2	27115	1.22070e-04	3.30996	18.3	27295	1.21270e-04	3.31016	19.3
4458.951	nan	28405	1.16570e-04	3.31113	20.5	26440	1.25250e-04	3.31152	21.2	27141	1.21950e-04	3.30977	18.3	27286	1.21290e-04	3.30957	19.3
4460.138	nan	28438	1.16410e-04	3.31035	20.5	26466	1.25110e-04	3.31133	21.2	27147	1.21940e-04	3.31035	18.3	27288	1.21320e-04	3.31055	19.3
4461.327	nan	28425	1.16480e-04	3.31094	20.5	26461	1.25170e-04	3.31211	21.2	27114	1.22080e-04	3.30996	18.3	27286	1.21300e-04	3.30977	19.3
4462.515	nan	28448	1.16360e-04	3.31035	20.5	26439	1.25250e-04	3.31152	21.2	27136	1.22000e-04	3.31055	18.3	27237	1.21540e-04	3.31035	19.3
4463.703	nan	28427	1.16490e-04	3.31152	20.5	26489	1.25020e-04	3.31172	21.2	27107	1.22110e-04	3.30996	18.3	27280	1.21330e-04	3.30977	19.3
4464.891	nan	28429	1.16470e-04	3.31113	20.5	26459	1.25180e-04	3.31211	21.2	27109	1.22130e-04	3.31074	18.3	27272	1.21410e-04	3.31094	19.3
4466.080	nan	28433	1.16450e-04	3.31094	20.5	26459	1.25170e-04	3.31191	21.2	27109	1.22110e-04	3.31035	18.3	27281	1.21340e-04	3.31035	19.3
4467.268	nan	28443	1.16410e-04	3.31094	20.5	26447	1.25200e-04	3.31113	21.2	27104	1.22130e-04	3.31016	18.3	27273	1.21370e-04	3.31016	19.3
4468.456	nan	28413	1.16520e-04	3.31074	20.5	26439	1.25270e-04	3.31191	21.2	27142	1.21950e-04	3.31016	18.3	27293	1.21280e-04	3.31016	19.3
4469.645	nan	28423	1.16510e-04	3.31152	20.5	26426	1.25340e-04	3.31230	21.2	27097	1.22160e-04	3.31035	18.3	27306	1.21230e-04	3.31016	19.3
4470.833	nan	28459	1.16330e-04	3.31055	20.5	26451	1.25210e-04	3.31191	21.2	27137	1.22000e-04	3.31074	18.3	27308	1.21230e-04	3.31074	19.3
4472.021	nan	28410	1.16540e-04	3.31094	20.5	26419	1.25340e-04	3.31152	21.2	27098	1.22150e-04	3.30996	18.3	27238	1.21520e-04	3.30996	19.3
4473.209	nan	28463	1.16330e-04	3.31094	20.5	26455	1.25180e-04	3.31152	21.2	27123	1.22060e-04	3.31055	18.3	27280	1.21350e-04	3.31035	19.3
4474.397	nan	28481	1.16260e-04	3.31113	20.5	26443	1.25260e-04	3.31211	21.2	27143	1.21950e-04	3.31016	18.3	27294	1.21280e-04	3.31016	19.3
4475.586	nan	28443	1.16400e-04	3.31074	20.5	26457	1.25180e-04	3.31172	21.2	27140	1.21970e-04	3.31035	18.3	27286	1.21320e-04	3.31035	19.3
4476.774	nan	28462	1.16330e-04	3.31094	20.5	26480	1.25070e-04	3.31191	21.2	27103	1.22130e-04	3.31016	18.3	27282	1.21330e-04	3.31016	19.3
4477.962	nan	28444	1.16370e-04	3.31016	20.5	26442	1.25220e-04	3.31113	21.2	27105	1.22130e-04	3.31035	18.3	27296	1.21270e-04	3.31035	19.3
4479.151	nan	28481	1.16280e-04	3.31172	20.5	26446	1.25250e-04	3.31250	21.2	27111	1.22080e-04	3.30957	18.3	27311	1.21180e-04	3.30957	19.3
4480.339	nan	28427	1.16460e-04	3.31055	20.5	26462	1.25140e-04	3.31152	21.2	27109	1.22140e-04	3.31113	18.3	27279	1.21380e-04	3.31113	19.3
4481.527	nan	28421	1.16510e-04	3.31133	20.5	26476	1.25100e-04	3.31230	21.2	27133	1.21980e-04	3.30977	18.3	27287	1.21300e-04	3.30996	19.3
4482.715	nan	28450	1.16370e-04	3.31074	20.5	26445	1.25220e-04	3.31152	21.2	27130	1.22030e-04	3.31074	18.3	27290	1.21320e-04	3.31074	19.3
4483.904	nan	28431	1.16460e-04	3.31113	20.5	26453	1.25220e-04	3.31230	21.2	27120	1.22070e-04	3.31055	18.3	27248	1.21480e-04	3.31016	19.3
4485.092	nan	28459	1.16330e-04	3.31055	20.5	26464	1.25120e-04	3.31133	21.2	27120	1.22060e-04	3.31035	18.3	27339	1.21090e-04	3.31055	19.3
4486.280	nan	28480	1.16230e-04	3.31035	20.5	26419	1.25350e-04	3.31152	21.2	27132	1.22000e-04	3.31016	18.3	27305	1.21220e-04	3.30996	19.3
4487.469	nan	28435	1.16440e-04	3.31113	20.5	26458	1.25160e-04	3.31152	21.2	27145	1.21930e-04	3.30977	18.3	27278	1.21330e-04	3.30957	19.3
4488.657	nan	28450	1.16380e-04	3.31094	20.5	26445	1.25240e-04	3.31211	21.2	27146	1.21950e-04	3.31055	18.3	27330	1.21130e-04	3.31055	19.3
4489.845	nan	28448	1.16370e-04	3.31035	20.5	26438	1.25260e-04	3.31152	21.2	27123	1.22050e-04	3.31035	18.3	27279	1.21350e-04	3.31035	19.3
4491.033	nan	28441	1.16390e-04	3.31016	20.5	26456	1.25170e-04	3.31152	21.2	27118	1.22060e-04	3.30996	18.3	27298	1.21240e-04	3.30977	19.3
4492.221	nan	28429	1.16470e-04	3.31113	20.5	26463	1.25140e-04	3.31152	21.2	27082	1.22200e-04	3.30957	18.3	27283	1.21310e-04	3.30957	19.3
4493.410	nan	28451	1.16360e-04	3.31055	20.5	26442	1.25240e-04	3.31152	21.2	27114	1.22100e-04	3.31055	18.3	27281	1.21350e-04	3.31055	19.3
4494.598	nan	28484	1.16230e-04	3.31074	20.5	26464	1.25130e-04	3.31152	21.2	27122	1.22050e-04	3.31016	18.3	27306	1.21210e-04	3.30977	19.3
4495.786	nan	28479	1.16230e-04	3.31016	20.5	26479	1.25050e-04	3.31133	21.2	27139	1.21960e-04	3.30996	18.3	27296	1.21270e-04	3.31016	19.3
4496.975	nan	28452	1.16350e-04	3.31055	20.5	26469	1.25100e-04	3.31133	21.2	27100	1.22130e-04	3.30977	18.3	27276	1.21340e-04	3.30957	19.3
4498.163	nan	28436	1.16410e-04	3.31016	20.5	26488	1.25010e-04	3.31133	21.3	27134	1.21990e-04	3.30996	18.3	27290	1.21290e-04	3.30996	19.3
4499.351	nan	28458	1.16350e-04	3.31113	20.5	26455	1.25180e-04	3.31152	21.3	27143	1.21930e-04	3.30957	18.3	27293	1.21260e-04	3.30957	19.3
4500.539	nan	28436	1.16420e-04	3.31055	20.5	26467	1.25120e-04	3.31152	21.3	27129	1.22030e-04	3.31055	18.3	27268	1.21410e-04	3.31055	19.3
4501.727	nan	28414	1.16520e-04	3.31074	20.5	26475	1.25090e-04	3.31172	21.3	27120	1.22050e-04	3.30996	18.3	27342	1.21050e-04	3.30977	19.3
4502.916	nan	28441	1.16400e-04	3.31055	20.5	26479	1.25060e-04	3.31133	21.3	27116	1.22080e-04	3.31016	18.3	27336	1.21090e-04	3.31016	19.3
4504.104	nan	28472	1.16290e-04	3.31094	20.5	26474	1.25110e-04	3.31211	21.3	27108	1.22100e-04	3.30996	18.3	27318	1.21170e-04	3.30996	19.3
4505.292	nan	28454	1.16350e-04	3.31055	20.5	26466	1.25110e-04	3.31113	21.3	27111	1.22110e-04	3.31055	18.3	27302	1.21250e-04	3.31035	19.3
4506.481	nan	28432	1.16440e-04	3.31074	20.5	26471	1.25120e-04	3.31211	21.3	27153	1.21900e-04	3.30996	18.3	27287	1.21300e-04	3.30996	19.3
4507.669	nan	28471	1.16280e-04	3.31055	20.5	26480	1.25040e-04	3.31113	21.3	27110	1.22090e-04	3.30996	18.3	27313	1.21190e-04	3.31016	19.3
4508.857	nan	28471	1.16300e-04	3.31113	20.5	26477	1.25090e-04	3.31211	21.3	27100	1.22150e-04	3.31016	18.3	27288	1.21300e-04	3.30996	19.3
4510.045	nan	28483	1.16230e-04	3.31074	20.5	26489	1.25010e-04	3.31152	21.3	27134	1.22000e-04	3.31035	18.3	27289	1.21310e-04	3.31055	19.3
4511.233	nan	28464	1.16290e-04	3.31016	20.5	26459	1.25160e-04	3.31152	21.3	27123	1.22040e-04	3.31016	18.3	27288	1.21300e-04	3.31016	19.3
4512.422	nan	28425	1.16470e-04	3.31074	20.5	26489	1.25000e-04	3.31113	21.3	27134	1.21980e-04	3.30977	18.3	27310	1.21190e-04	3.30977	19.3
4513.610	nan	28481	1.16270e-04	3.31133	20.5	26485	1.25060e-04	3.31211	21.3	27099	1.22150e-04	3.31016	18.3	27321	1.21150e-04	3.30996	19.3
4514.798	nan	28463	1.16320e-04	3.31074	20.5	26491	1.25010e-04	3.31172	21.3	27156	1.21910e-04	3.31055	18.3	27298	1.21270e-04	3.31055	19.3
4515.986	nan	28448	1.16380e-04	3.31074	20.5	26461	1.25150e-04	3.31172	21.3	27083	1.22230e-04	3.31035	18.3	27336	1.21090e-04	3.31016	19.3
4517.175	nan	28459	1.16350e-04	3.31113	20.5	26520	1.24880e-04	3.31172	21.3	27153	1.21910e-04	3.31016	18.3	27302	1.21240e-04	3.31016	19.3
4518.363	nan	28479	1.16260e-04	3.31094	20.5	26467	1.25130e-04	3.31191	21.3	27111	1.22110e-04	3.31055	18.3	27307	1.21230e-04	3.31035	19.3
4519.551	nan	28495	1.16200e-04	3.31113	20.5	26469	1.25120e-04	3.31172	21.3	27065	1.22300e-04	3.31016	18.3	27339	1.21080e-04	3.31016	19.3
4520.740	nan	28498	1.16170e-04	3.31074	20.5	26516	1.24890e-04	3.31152	21.3	27149	1.21940e-04	3.31055	18.3	27274	1.21370e-04	3.31035	19.3
4521.928	nan	28447	1.16380e-04	3.31074	20.5	26443	1.25230e-04	3.31152	21.3	27127	1.22020e-04	3.30996	18.3	27296	1.21260e-04	3.30996	19.3
4523.116	nan	28475	1.16250e-04	3.31035	20.5	26461	1.25160e-04	3.31191	21.3	27121	1.22060e-04	3.31035	18.3	27295	1.21270e-04	3.31016	19.3
4524.305	nan	28457	1.16360e-04	3.31133	20.5	26474	1.25100e-04	3.31191	21.3	27127	1.22020e-04	3.30996	18.3	27294	1.21260e-04	3.30977	19.3
4525.493	nan	28456	1.16340e-04	3.31055	20.5	26495	1.24980e-04	3.31152	21.3	27124	1.22050e-04	3.31055	18.3	27319	1.21180e-04	3.31055	19.3
4526.681	nan	28448	1.16390e-04	3.31113	20.5	26471	1.25110e-04	3.31191	21.3	27131	1.22000e-04	3.30996	18.3	27334	1.21090e-04	3.30977	19.3
4527.869	nan	28439	1.16410e-04	3.31055	20.5	26489	1.25020e-04	3.31152	21.3	27127	1.22040e-04	3.31055	18.3	27322	1.21160e-04	3.31035	19.3
4529.057	nan	28464	1.16340e-04	3.31152	20.5	26501	1.25000e-04	3.31250	21.3	27124	1.22040e-04	3.31016	18.3	27308	1.21210e-04	3.30996	19.3
4530.246	nan	28465	1.16300e-04	3.31055	20.5	26492	1.25010e-04	3.31172	21.3	27119	1.22080e-04	3.31074	18.3	27302	1.21270e-04	3.31094	19.3
4531.434	nan	28499	1.16190e-04	3.31133	20.5	26454	1.25190e-04	3.31172	21.3	27124	1.22020e-04	3.30977	18.3	27308	1.21210e-04	3.30996	19.3
4532.622	nan	28433	1.16420e-04	3.31016	20.5	26495	1.24970e-04	3.31113	21.3	27147	1.21960e-04	3.31074	18.3	27285	1.21330e-04	3.31055	19.3
4533.811	nan	28473	1.16310e-04	3.31172	20.5	26511	1.24960e-04	3.31270	21.3	27148	1.21920e-04	3.30996	18.3	27336	1.21080e-04	3.30977	19.3
4534.998	nan	28437	1.16430e-04	3.31074	20.5	26477	1.25080e-04	3.31172	21.3	27091	1.22210e-04	3.31094	18.3	27281	1.21360e-04	3.31094	19.3
4536.187	nan	28446	1.16410e-04	3.31133	20.5	26486	1.25060e-04	3.31230	21.3	27173	1.21820e-04	3.31035	18.3	27311	1.21210e-04	3.31035	19.3
4537.375	nan	28486	1.16220e-04	3.31055	20.5	26424	1.25320e-04	3.31133	21.3	27103	1.22150e-04	3.31074	18.3	27324	1.21160e-04	3.31055	19.3
4538.563	nan	28476	1.16280e-04	3.31133	20.5	26467	1.25140e-04	3.31211	21.3	27165	1.21850e-04	3.31016	18.3	27292	1.21280e-04	3.30996	19.3
4539.752	nan	28471	1.16290e-04	3.31074	20.5	26481	1.25050e-04	3.31152	21.3	27147	1.21950e-04	3.31055	18.3	27348	1.21050e-04	3.31055	19.3
4540.940	nan	28502	1.16170e-04	3.31094	20.5	26481	1.25070e-04	3.31191	21.3	27161	1.21870e-04	3.31016	18.3	27341	1.21070e-04	3.31016	19.3
4542.128	nan	28456	1.16340e-04	3.31074	20.5	26498	1.24970e-04	3.31152	21.3	27129	1.22020e-04	3.31035	18.3	27309	1.21220e-04	3.31035	19.3
4543.317	nan	28475	1.16270e-04	3.31074	20.5	26463	1.25150e-04	3.31172	21.3	27131	1.22010e-04	3.31016	18.3	27325	1.21140e-04	3.31016	19.3
4544.505	nan	28484	1.16230e-04	3.31074	20.5	26472	1.25100e-04	3.31152	21.3	27128	1.22000e-04	3.30977	18.3	27318	1.21170e-04	3.30996	19.3
4545.693	nan	28432	1.16440e-04	3.31074	20.5	26491	1.25010e-04	3.31172	21.3	27181	1.21790e-04	3.31035	18.3	27327	1.21130e-04	3.31016	19.3
4546.881	nan	28492	1.16190e-04	3.31055	20.5	26487	1.25020e-04	3.31133	21.3	27145	1.21950e-04	3.31016	18.3	27306	1.21220e-04	3.31016	19.3
4548.069	nan	28506	1.16120e-04	3.31016	20.5	26451	1.25190e-04	3.31152	21.3	27152	1.21910e-04	3.30996	18.3	27321	1.21140e-04	3.30977	19.3
4549.258	nan	28493	1.16190e-04	3.31074	20.5	26485	1.25040e-04	3.31152	21.3	27179	1.21780e-04	3.30977	18.3	27353	1.21000e-04	3.30977	19.3
4550.446	nan	28461	1.16330e-04	3.31074	20.5	26473	1.25090e-04	3.31152	21.3	27153	1.21920e-04	3.31035	18.3	27362	1.20980e-04	3.31016	19.3
4551.634	nan	28494	1.16210e-04	3.31133	20.5	26470	1.25130e-04	3.31211	21.3	27150	1.21920e-04	3.30996	18.3	27287	1.21300e-04	3.30996	19.3
4552.823	nan	28475	1.16250e-04	3.31016	20.5	26469	1.25110e-04	3.31152	21.3	27169	1.21860e-04	3.31094	18.3	27325	1.21160e-04	3.31074	19.3
4554.011	nan	28503	1.16170e-04	3.31113	20.5	26500	1.24970e-04	3.31172	21.3	27139	1.21950e-04	3.30957	18.3	27328	1.21110e-04	3.30957	19.3
4555.199	nan	28495	1.16190e-04	3.31094	20.5	26479	1.25090e-04	3.31230	21.3	27147	1.21960e-04	3.31074	18.2	27331	1.21130e-04	3.31074	19.3
4556.387	nan	28481	1.16280e-04	3.31172	20.5	26492	1.25030e-04	3.31230	21.3	27170	1.21840e-04	3.31035	18.2	27349	1.21040e-04	3.31035	19.3
4557.576	nan	28531	1.16020e-04	3.31016	20.5	26494	1.24990e-04	3.31152	21.3	27151	1.21950e-04	3.31113	18.2	27324	1.21170e-04	3.31094	19.3
4558.764	nan	28524	1.16090e-04	3.31133	20.5	26476	1.25100e-04	3.31211	21.3	27133	1.21970e-04	3.30957	18.2	27368	1.20930e-04	3.30957	19.3
4559.952	nan	28572	1.15900e-04	3.31152	20.5	26487	1.25040e-04	3.31191	21.3	27155	1.21920e-04	3.31074	18.2	27302	1.21260e-04	3.31055	19.3
4561.140	nan	28511	1.16150e-04	3.31152	20.5	26472	1.25140e-04	3.31270	21.3	27157	1.21920e-04	3.31094	18.2	27355	1.21030e-04	3.31074	19.3
4562.328	nan	28506	1.16130e-04	3.31055	20.5	26488	1.25020e-04	3.31152	21.3	27156	1.21910e-04	3.31055	18.2	27346	1.21070e-04	3.31074	19.3
4563.517	nan	28520	1.16100e-04	3.31113	20.5	26498	1.24990e-04	3.31191	21.3	27151	1.21920e-04	3.31016	18.2	27324	1.21130e-04	3.30977	19.2
4564.705	nan	28511	1.16150e-04	3.31152	20.5	26488	1.25040e-04	3.31211	21.3	27140	1.21970e-04	3.31035	18.2	27341	1.21080e-04	3.31035	19.2
4565.893	nan	28531	1.16050e-04	3.31094	20.5	26486	1.25050e-04	3.31211	21.3	27193	1.21760e-04	3.31094	18.2	27349	1.21050e-04	3.31074	19.2
4567.081	nan	28511	1.16110e-04	3.31055	20.5	26468	1.25110e-04	3.31152	21.3	27179	1.21800e-04	3.31035	18.2	27322	1.21160e-04	3.31035	19.2
4568.270	nan	28514	1.16110e-04	3.31074	20.5	26514	1.24910e-04	3.31191	21.3	27161	1.21870e-04	3.31016	18.2	27361	1.20980e-04	3.31016	19.2
4569.458	nan	28495	1.16200e-04	3.31113	20.5	26457	1.25190e-04	3.31211	21.3	27161	1.21870e-04	3.31016	18.2	27350	1.21030e-04	3.31035	19.2
4570.646	nan	28515	1.16110e-04	3.31094	20.4	26491	1.25000e-04	3.31152	21.3	27181	1.21800e-04	3.31055	18.2	27346	1.21060e-04	3.31055	19.2
4571.834	nan	28513	1.16110e-04	3.31074	20.4	26465	1.25130e-04	3.31152	21.3	27169	1.21840e-04	3.31016	18.2	27397	1.20820e-04	3.31016	19.2
4573.023	nan	28504	1.16140e-04	3.31035	20.4	26502	1.24950e-04	3.31133	21.3	27191	1.21740e-04	3.31016	18.2	27344	1.21050e-04	3.30996	19.2
4574.211	nan	28524	1.16100e-04	3.31152	20.4	26479	1.25080e-04	3.31211	21.3	27173	1.21800e-04	3.30977	18.2	27337	1.21070e-04	3.30977	19.2
4575.399	nan	28504	1.16160e-04	3.31094	20.4	26498	1.24990e-04	3.31211	21.3	27147	1.21960e-04	3.31094	18.2	27377	1.20940e-04	3.31094	19.2
4576.588	nan	28560	1.15920e-04	3.31074	20.4	26504	1.24950e-04	3.31172	21.3	27178	1.21790e-04	3.31016	18.2	27352	1.21020e-04	3.31016	19.2
4577.776	nan	28540	1.15990e-04	3.31035	20.4	26502	1.24950e-04	3.31133	21.3	27144	1.21950e-04	3.31035	18.2	27359	1.20990e-04	3.31016	19.2
4578.964	nan	28538	1.16030e-04	3.31133	20.4	26497	1.25010e-04	3.31230	21.3	27180	1.21780e-04	3.30996	18.2	27357	1.20990e-04	3.30996	19.2
4580.152	nan	28523	1.16070e-04	3.31055	20.4	26518	1.24890e-04	3.31172	21.3	27171	1.21850e-04	3.31074	18.2	27340	1.21090e-04	3.31055	19.2
4581.341	nan	28571	1.15880e-04	3.31094	20.4	26510	1.24920e-04	3.31172	21.3	27193	1.21720e-04	3.30996	18.2	27361	1.20970e-04	3.30996	19.2
4582.529	nan	28556	1.15940e-04	3.31074	20.4	26484	1.25040e-04	3.31152	21.3	27179	1.21790e-04	3.31016	18.2	27353	1.21020e-04	3.31016	19.2
4583.717	nan	28537	1.16020e-04	3.31074	20.4	26500	1.24970e-04	3.31172	21.3	27185	1.21770e-04	3.31016	18.2	27362	1.20970e-04	3.30996	19.2
4584.906	nan	28528	1.16020e-04	3.30996	20.4	26500	1.24950e-04	3.31113	21.3	27188	1.21760e-04	3.31035	18.2	27362	1.20980e-04	3.31035	19.2
4586.093	nan	28497	1.16200e-04	3.31133	20.4	26461	1.25180e-04	3.31230	21.3	27229	1.21540e-04	3.30957	18.1	27343	1.21030e-04	3.30938	19.2
4587.282	nan	28556	1.15930e-04	3.31055	20.4	26458	1.25150e-04	3.31133	21.3	27167	1.21860e-04	3.31055	18.1	27392	1.20860e-04	3.31055	19.2
4588.470	nan	28570	1.15910e-04	3.31152	20.4	26508	1.24960e-04	3.31250	21.3	27172	1.21820e-04	3.31016	18.1	27303	1.21240e-04	3.31035	19.2
4589.658	nan	28553	1.15940e-04	3.31055	20.4	26509	1.24920e-04	3.31152	21.3	27184	1.21800e-04	3.31094	18.1	27363	1.21000e-04	3.31074	19.2
4590.847	nan	28522	1.16080e-04	3.31074	20.4	26513	1.24900e-04	3.31152	21.3	27225	1.21590e-04	3.31016	18.1	27367	1.20950e-04	3.30996	19.2
4592.035	nan	28548	1.15970e-04	3.31055	20.4	26498	1.24970e-04	3.31152	21.3	27177	1.21790e-04	3.30996	18.1	27348	1.21030e-04	3.30996	19.1
4593.223	nan	28551	1.15970e-04	3.31094	20.4	26519	1.24890e-04	3.31191	21.3	27188	1.21760e-04	3.31035	18.1	27368	1.20950e-04	3.31016	19.1
4594.411	nan	28538	1.16000e-04	3.31055	20.4	26516	1.24880e-04	3.31133	21.3	27158	1.21880e-04	3.31016	18.1	27335	1.21100e-04	3.31016	19.1
4595.600	nan	28576	1.15840e-04	3.31035	20.4	26532	1.24810e-04	3.31133	21.3	27196	1.21700e-04	3.30977	18.1	27382	1.20870e-04	3.30977	19.1
4596.788	nan	28514	1.16110e-04	3.31074	20.4	26523	1.24850e-04	3.31133	21.3	27194	1.21720e-04	3.30996	18.1	27370	1.20920e-04	3.30977	19.1
4597.976	nan	28534	1.16030e-04	3.31074	20.4	26548	1.24750e-04	3.31172	21.3	27183	1.21770e-04	3.31016	18.1	27362	1.20980e-04	3.31016	19.1
4599.165	nan	28573	1.15860e-04	3.31055	20.4	26522	1.24850e-04	3.31133	21.3	27161	1.21870e-04	3.31016	18.1	27370	1.20930e-04	3.30996	19.1
4600.352	nan	28582	1.15820e-04	3.31035	20.4	26561	1.24660e-04	3.31113	21.2	27194	1.21720e-04	3.30996	18.1	27360	1.20970e-04	3.30977	19.1
4601.541	nan	28568	1.15900e-04	3.31094	20.4	26502	1.24960e-04	3.31172	21.2	27214	1.21620e-04	3.30977	18.1	27361	1.20960e-04	3.30957	19.1
4602.729	nan	28545	1.15980e-04	3.31055	20.4	26552	1.24720e-04	3.31152	21.2	27170	1.21840e-04	3.31035	18.1	27371	1.20950e-04	3.31055	19.1
4603.918	nan	28611	1.15700e-04	3.31035	20.4	26545	1.24750e-04	3.31152	21.2	27169	1.21830e-04	3.30996	18.1	27395	1.20820e-04	3.30977	19.1
4605.106	nan	28549	1.15940e-04	3.30996	20.4	26538	1.24760e-04	3.31094	21.2	27201	1.21680e-04	3.30977	18.1	27386	1.20860e-04	3.30977	19.1
4606.294	nan	28522	1.16090e-04	3.31113	20.4	26535	1.24810e-04	3.31191	21.2	27195	1.21680e-04	3.30918	18.1	27414	1.20710e-04	3.30918	19.1
4607.483	nan	28598	1.15760e-04	3.31055	20.4	26542	1.24770e-04	3.31152	21.2	27195	1.21740e-04	3.31055	18.1	27379	1.20920e-04	3.31055	19.1
4608.671	nan	28557	1.15930e-04	3.31055	20.4	26533	1.24800e-04	3.31133	21.2	27163	1.21860e-04	3.30996	18.1	27368	1.20940e-04	3.30996	19.1
4609.859	nan	28552	1.15920e-04	3.30977	20.4	26547	1.24710e-04	3.31074	21.2	27190	1.21730e-04	3.30977	18.1	27391	1.20830e-04	3.30977	19.1
4611.047	nan	28597	1.15790e-04	3.31133	20.4	26527	1.24860e-04	3.31211	21.2	27188	1.21710e-04	3.30918	18.1	27378	1.20870e-04	3.30918	19.1
4612.235	nan	28582	1.15830e-04	3.31055	20.4	26525	1.24840e-04	3.31152	21.2	27155	1.21910e-04	3.31055	18.1	27375	1.20930e-04	3.31055	19.1
4613.423	nan	28598	1.15760e-04	3.31035	20.4	26538	1.24780e-04	3.31133	21.2	27205	1.21670e-04	3.30996	18.1	27349	1.21030e-04	3.31016	19.1
4614.612	nan	28593	1.15750e-04	3.30977	20.4	26554	1.24670e-04	3.31055	21.2	27173	1.21800e-04	3.30977	18.1	27395	1.20820e-04	3.30977	19.1
4615.800	nan	28544	1.16000e-04	3.31113	20.4	26508	1.24950e-04	3.31230	21.2	27214	1.21600e-04	3.30938	18.1	27388	1.20840e-04	3.30957	19.1
4616.988	nan	28592	1.15790e-04	3.31055	20.4	26521	1.24860e-04	3.31133	21.2	27181	1.21800e-04	3.31055	18.1	27354	1.21020e-04	3.31035	19.1
4618.177	nan	28557	1.15920e-04	3.31035	20.4	26533	1.24800e-04	3.31133	21.2	27202	1.21680e-04	3.30996	18.1	27404	1.20780e-04	3.30977	19.1
4619.365	nan	28556	1.15910e-04	3.30996	20.4	26525	1.24820e-04	3.31074	21.2	27213	1.21620e-04	3.30977	18.1	27352	1.21010e-04	3.30977	19.1
4620.553	nan	28578	1.15870e-04	3.31133	20.4	26546	1.24770e-04	3.31211	21.2	27189	1.21730e-04	3.30957	18.1	27391	1.20830e-04	3.30977	19.1
4621.741	nan	28582	1.15830e-04	3.31055	20.4	26534	1.24800e-04	3.31152	21.2	27220	1.21620e-04	3.31055	18.1	27344	1.21050e-04	3.31016	19.1
4622.929	nan	28569	1.15880e-04	3.31055	20.4	26544	1.24760e-04	3.31152	21.2	27168	1.21830e-04	3.30996	18.1	27354	1.21000e-04	3.30996	19.1
4624.118	nan	28573	1.15860e-04	3.31055	20.4	26513	1.24890e-04	3.31133	21.2	27231	1.21550e-04	3.30996	18.1	27366	1.20940e-04	3.30977	19.1
4625.306	nan	28594	1.15780e-04	3.31055	20.4	26539	1.24780e-04	3.31152	21.2	27195	1.21710e-04	3.30977	18.1	27401	1.20800e-04	3.30996	19.1
4626.494	nan	28624	1.15650e-04	3.31035	20.3	26552	1.24710e-04	3.31133	21.2	27173	1.21810e-04	3.30996	18.1	27398	1.20810e-04	3.30996	19.1
4627.682	nan	28601	1.15750e-04	3.31055	20.3	26555	1.24690e-04	3.31133	21.2	27171	1.21810e-04	3.30977	18.1	27374	1.20910e-04	3.30977	19.1
4628.871	nan	28607	1.15710e-04	3.31016	20.3	26531	1.24810e-04	3.31133	21.2	27194	1.21710e-04	3.30977	18.1	27368	1.20930e-04	3.30957	19.1
4630.059	nan	28574	1.15840e-04	3.30996	20.3	26611	1.24420e-04	3.31094	21.2	27207	1.21660e-04	3.30996	18.1	27379	1.20880e-04	3.30957	19.1
4631.247	nan	28575	1.15840e-04	3.31016	20.3	26584	1.24560e-04	3.31113	21.2	27200	1.21680e-04	3.30957	18.1	27379	1.20870e-04	3.30938	19.1
4632.436	nan	28581	1.15840e-04	3.31074	20.3	26510	1.24920e-04	3.31152	21.2	27205	1.21650e-04	3.30957	18.1	27385	1.20850e-04	3.30957	19.1
4633.624	nan	28585	1.15810e-04	3.31035	20.3	26555	1.24690e-04	3.31133	21.2	27203	1.21680e-04	3.31016	18.1	27387	1.20860e-04	3.30996	19.1
4634.812	nan	28579	1.15840e-04	3.31055	20.3	26575	1.24610e-04	3.31152	21.2	27169	1.21820e-04	3.30977	18.1	27406	1.20780e-04	3.30996	19.1
4636.000	nan	28583	1.15800e-04	3.30996	20.3	26575	1.24580e-04	3.31074	21.2	27183	1.21770e-04	3.30996	18.1	27400	1.20800e-04	3.30996	19.1
4637.189	nan	28603	1.15750e-04	3.31074	20.3	26539	1.24780e-04	3.31152	21.2	27194	1.21700e-04	3.30957	18.1	27360	1.20970e-04	3.30957	19.1
4638.377	nan	28610	1.15710e-04	3.31035	20.3	26575	1.24590e-04	3.31113	21.2	27178	1.21800e-04	3.31016	18.1	27381	1.20890e-04	3.30996	19.1
4639.565	nan	28566	1.15870e-04	3.30977	20.3	26576	1.24580e-04	3.31094	21.2	27196	1.21700e-04	3.30977	18.1	27416	1.20720e-04	3.30977	19.1
4640.753	nan	28596	1.15780e-04	3.31094	20.3	26530	1.24830e-04	3.31172	21.2	27199	1.21670e-04	3.30938	18.1	27405	1.20760e-04	3.30938	19.1
4641.941	nan	28569	1.15860e-04	3.30996	20.3	26600	1.24470e-04	3.31094	21.2	27174	1.21820e-04	3.31035	18.1	27380	1.20900e-04	3.31016	19.1
4643.130	nan	28575	1.15870e-04	3.31094	20.3	26585	1.24580e-04	3.31191	21.2	27185	1.21740e-04	3.30957	18.1	27379	1.20890e-04	3.30977	19.1
4644.318	nan	28566	1.15890e-04	3.31055	20.3	26573	1.24620e-04	3.31152	21.2	27210	1.21660e-04	3.31035	18.1	27376	1.20920e-04	3.31016	19.1
4645.506	nan	28602	1.15740e-04	3.31035	20.3	26598	1.24490e-04	3.31113	21.2	27214	1.21630e-04	3.30996	18.1	27361	1.20970e-04	3.30996	19.1
4646.695	nan	28567	1.15870e-04	3.30996	20.3	26577	1.24580e-04	3.31094	21.2	27202	1.21670e-04	3.30977	18.1	27355	1.20990e-04	3.30977	19.1
4647.883	nan	28591	1.15800e-04	3.31094	20.3	26572	1.24640e-04	3.31191	21.2	27210	1.21630e-04	3.30957	18.1	27425	1.20680e-04	3.30957	19.1
4649.071	nan	28577	1.15830e-04	3.31016	20.3	26571	1.24610e-04	3.31094	21.2	27196	1.21720e-04	3.31016	18.1	27427	1.20670e-04	3.30957	19.1
4650.259	nan	28575	1.15870e-04	3.31094	20.3	26584	1.24580e-04	3.31191	21.2	27177	1.21780e-04	3.30957	18.0	27403	1.20780e-04	3.30977	19.1
4651.448	nan	28575	1.15860e-04	3.31055	20.3	26573	1.24610e-04	3.31133	21.2	27191	1.21750e-04	3.31035	18.0	27428	1.20690e-04	3.31035	19.1
4652.636	nan	28627	1.15650e-04	3.31074	20.3	26576	1.24610e-04	3.31172	21.2	27213	1.21620e-04	3.30977	18.0	27417	1.20730e-04	3.30996	19.1
4653.824	nan	28544	1.15970e-04	3.31016	20.3	26573	1.24600e-04	3.31113	21.2	27188	1.21740e-04	3.30996	18.0	27405	1.20780e-04	3.30996	19.1
4655.012	nan	28593	1.15800e-04	3.31094	20.3	26570	1.24650e-04	3.31191	21.2	27246	1.21480e-04	3.30977	18.0	27401	1.20790e-04	3.30977	19.1
4656.201	nan	28588	1.15790e-04	3.31035	20.3	26540	1.24760e-04	3.31113	21.2	27188	1.21760e-04	3.31035	18.0	27422	1.20720e-04	3.31035	19.1
4657.389	nan	28554	1.15930e-04	3.31016	20.3	26573	1.24600e-04	3.31094	21.2	27240	1.21510e-04	3.30977	18.0	27413	1.20740e-04	3.30977	19.0
4658.577	nan	28593	1.15770e-04	3.31016	20.3	26595	1.24500e-04	3.31113	21.2	27213	1.21620e-04	3.30957	18.0	27385	1.20850e-04	3.30957	19.0
4659.766	nan	28580	1.15850e-04	3.31094	20.3	26592	1.24550e-04	3.31191	21.2	27212	1.21630e-04	3.30977	18.0	27387	1.20850e-04	3.30977	19.0
4660.954	nan	28624	1.15660e-04	3.31055	20.3	26547	1.24730e-04	3.31133	21.2	27203	1.21690e-04	3.31035	18.0	27384	1.20880e-04	3.31016	19.0
4662.142	nan	28591	1.15760e-04	3.30977	20.3	26596	1.24480e-04	3.31074	21.2	27205	1.21660e-04	3.30977	18.0	27362	1.20960e-04	3.30977	19.0
4663.330	nan	28600	1.15760e-04	3.31074	20.3	26621	1.24390e-04	3.31152	21.2	27193	1.21700e-04	3.30938	18.0	27404	1.20770e-04	3.30957	19.0
4664.518	nan	28587	1.15810e-04	3.31074	20.3	26600	1.24500e-04	3.31172	21.2	27186	1.21760e-04	3.31016	18.0	27411	1.20760e-04	3.31016	19.0
4665.707	nan	28577	1.15830e-04	3.31016	20.3	26572	1.24630e-04	3.31172	21.2	27185	1.21770e-04	3.31035	18.0	27413	1.20750e-04	3.31016	19.0
4666.895	nan	28599	1.15760e-04	3.31055	20.3	26598	1.24490e-04	3.31113	21.2	27190	1.21730e-04	3.30977	18.0	27400	1.20790e-04	3.30977	19.0
4668.083	nan	28604	1.15740e-04	3.31055	20.3	26585	1.24560e-04	3.31133	21.2	27198	1.21690e-04	3.30977	18.0	27379	1.20870e-04	3.30938	19.0
4669.272	nan	28583	1.15830e-04	3.31074	20.3	26585	1.24560e-04	3.31133	21.2	27209	1.21660e-04	3.31016	18.0	27406	1.20790e-04	3.31035	19.0
4670.460	nan	28590	1.15790e-04	3.31035	20.3	26563	1.24670e-04	3.31152	21.2	27220	1.21590e-04	3.30977	18.0	27430	1.20660e-04	3.30977	19.0
4671.648	nan	28626	1.15650e-04	3.31055	20.3	26585	1.24560e-04	3.31133	21.2	27220	1.21600e-04	3.30996	18.0	27397	1.20820e-04	3.31016	19.0
4672.836	nan	28610	1.15710e-04	3.31035	20.3	26592	1.24530e-04	3.31152	21.2	27225	1.21580e-04	3.30996	18.0	27385	1.20850e-04	3.30957	19.0
4674.024	nan	28597	1.15770e-04	3.31074	20.3	26560	1.24670e-04	3.31133	21.2	27241	1.21510e-04	3.30996	18.0	27415	1.20760e-04	3.31055	19.0
4675.213	nan	28606	1.15750e-04	3.31113	20.3	26618	1.24420e-04	3.31172	21.2	27221	1.21600e-04	3.31016	18.0	27413	1.20750e-04	3.31016	19.0
4676.401	nan	28614	1.15690e-04	3.31035	20.3	26590	1.24560e-04	3.31191	21.2	27212	1.21660e-04	3.31055	18.0	27437	1.20640e-04	3.31016	19.0
4677.589	nan	28591	1.15800e-04	3.31074	20.3	26607	1.24460e-04	3.31152	21.2	27189	1.21740e-04	3.30996	18.0	27405	1.20790e-04	3.31016	19.0
4678.778	nan	28597	1.15740e-04	3.30996	20.3	26589	1.24550e-04	3.31172	21.2	27226	1.21580e-04	3.31016	18.0	27420	1.20720e-04	3.30996	19.0
4679.966	nan	28598	1.15780e-04	3.31113	20.3	26594	1.24500e-04	3.31094	21.2	27177	1.21770e-04	3.30938	18.0	27443	1.20600e-04	3.30977	19.0
4681.154	nan	28612	1.15700e-04	3.31035	20.3	26600	1.24510e-04	3.31211	21.2	27236	1.21540e-04	3.31035	18.0	27384	1.20880e-04	3.31016	19.0
4682.342	nan	28623	1.15680e-04	3.31113	20.3	26590	1.24530e-04	3.31133	21.2	27256	1.21440e-04	3.30996	18.0	27422	1.20710e-04	3.31016	19.0
4683.530	nan	28588	1.15790e-04	3.31035	20.3	26571	1.24640e-04	3.31191	21.2	27258	1.21450e-04	3.31055	18.0	27402	1.20810e-04	3.31035	19.0
4684.719	nan	28573	1.15870e-04	3.31074	20.3	26605	1.24460e-04	3.31133	21.2	27238	1.21520e-04	3.30996	18.0	27441	1.20620e-04	3.30996	19.0
4685.907	nan	28581	1.15820e-04	3.31035	20.3	26585	1.24570e-04	3.31152	21.2	27222	1.21600e-04	3.31016	18.0	27432	1.20660e-04	3.30996	19.0
4687.095	nan	28631	1.15640e-04	3.31074	20.3	26604	1.24460e-04	3.31113	21.2	27239	1.21510e-04	3.30977	18.0	27448	1.20580e-04	3.30957	19.0
4688.284	nan	28565	1.15900e-04	3.31055	20.3	26596	1.24520e-04	3.31172	21.2	27199	1.21700e-04	3.31016	18.0	27411	1.20760e-04	3.31016	19.0
4689.472	nan	28617	1.15690e-04	3.31055	20.3	26573	1.24620e-04	3.31152	21.2	27229	1.21570e-04	3.31016	18.0	27466	1.20530e-04	3.31035	19.0
4690.660	nan	28631	1.15630e-04	3.31074	20.3	26594	1.24520e-04	3.31152	21.2	27227	1.21570e-04	3.30996	18.0	27442	1.20610e-04	3.30977	19.0
4691.849	nan	28596	1.15780e-04	3.31094	20.3	26602	1.24480e-04	3.31152	21.2	27234	1.21540e-04	3.31016	18.0	27434	1.20660e-04	3.31016	19.0
4693.037	nan	28603	1.15750e-04	3.31074	20.3	26593	1.24540e-04	3.31172	21.2	27248	1.21490e-04	3.31035	18.0	27442	1.20620e-04	3.30996	19.0
4694.225	nan	28633	1.15620e-04	3.31055	20.3	26580	1.24600e-04	3.31172	21.2	27210	1.21660e-04	3.31035	18.0	27443	1.20620e-04	3.31016	19.0
4695.413	nan	28612	1.15710e-04	3.31074	20.3	26616	1.24420e-04	3.31152	21.2	27232	1.21550e-04	3.31016	18.0	27428	1.20690e-04	3.31035	19.0
4696.601	nan	28594	1.15780e-04	3.31074	20.3	26573	1.24620e-04	3.31152	21.2	27251	1.21470e-04	3.31016	18.0	27447	1.20590e-04	3.30996	19.0
4697.790	nan	28587	1.15810e-04	3.31055	20.3	26600	1.24500e-04	3.31172	21.2	27221	1.21600e-04	3.31016	18.0	27408	1.20760e-04	3.30977	19.0
4698.978	nan	28625	1.15640e-04	3.31035	20.3	26605	1.24470e-04	3.31152	21.2	27241	1.21520e-04	3.31016	18.0	27422	1.20700e-04	3.30996	19.0
4700.166	nan	28578	1.15860e-04	3.31094	20.3	26604	1.24460e-04	3.31113	21.2	27292	1.21270e-04	3.30977	18.0	27390	1.20840e-04	3.30996	19.0
4701.354	nan	28644	1.15580e-04	3.31074	20.3	26610	1.24460e-04	3.31191	21.2	27243	1.21510e-04	3.31016	18.0	27444	1.20620e-04	3.31016	19.0
4702.542	nan	28606	1.15730e-04	3.31055	20.3	26614	1.24440e-04	3.31172	21.2	27228	1.21580e-04	3.31035	18.0	27425	1.20690e-04	3.30996	19.0
4703.731	nan	28596	1.15780e-04	3.31074	20.3	26592	1.24530e-04	3.31152	21.2	27232	1.21540e-04	3.30996	18.0	27456	1.20570e-04	3.31035	19.0
4704.919	nan	28614	1.15710e-04	3.31094	20.3	26582	1.24590e-04	3.31172	21.2	27224	1.21590e-04	3.31016	18.0	27422	1.20700e-04	3.30977	19.0
4706.108	nan	28558	1.15920e-04	3.31055	20.3	26615	1.24440e-04	3.31191	21.2	27275	1.21370e-04	3.31035	18.0	27439	1.20650e-04	3.31055	19.0
4707.296	nan	28635	1.15640e-04	3.31133	20.3	26616	1.24410e-04	3.31133	21.2	27262	1.21400e-04	3.30977	18.0	27479	1.20440e-04	3.30957	19.0
4708.484	nan	28616	1.15690e-04	3.31055	20.3	26615	1.24440e-04	3.31211	21.2	27243	1.21530e-04	3.31074	18.0	27440	1.20650e-04	3.31074	19.0
4709.672	nan	28635	1.15620e-04	3.31074	20.3	26614	1.24420e-04	3.31133	21.2	27271	1.21370e-04	3.30996	18.0	27462	1.20520e-04	3.30977	19.0
4710.860	nan	28589	1.15800e-04	3.31055	20.3	26614	1.24430e-04	3.31152	21.2	27255	1.21450e-04	3.31016	18.0	27436	1.20640e-04	3.30977	19.0
4712.049	nan	28586	1.15840e-04	3.31133	20.3	26611	1.24430e-04	3.31133	21.2	27241	1.21510e-04	3.30996	18.0	27446	1.20620e-04	3.31055	19.0
4713.237	nan	28616	1.15680e-04	3.31035	20.3	26608	1.24490e-04	3.31230	21.2	27231	1.21590e-04	3.31094	18.0	27409	1.20780e-04	3.31035	19.0
4714.425	nan	28631	1.15650e-04	3.31113	20.3	26611	1.24440e-04	3.31133	21.2	27212	1.21640e-04	3.30996	18.0	27421	1.20710e-04	3.30996	19.0
4715.614	nan	28649	1.15540e-04	3.31016	20.3	26606	1.24490e-04	3.31211	21.2	27223	1.21610e-04	3.31055	18.0	27446	1.20620e-04	3.31035	19.0
4716.801	nan	28629	1.15660e-04	3.31133	20.3	26625	1.24360e-04	3.31113	21.2	27277	1.21330e-04	3.30957	18.0	27420	1.20710e-04	3.30977	19.0
4717.990	nan	28656	1.15520e-04	3.31035	20.3	26629	1.24380e-04	3.31211	21.2	27254	1.21470e-04	3.31055	18.0	27426	1.20680e-04	3.30977	19.0
4719.179	nan	28615	1.15720e-04	3.31133	20.3	26609	1.24450e-04	3.31152	21.2	27221	1.21600e-04	3.31016	18.0	27452	1.20590e-04	3.31055	19.0
4720.366	nan	28593	1.15790e-04	3.31074	20.3	26621	1.24410e-04	3.31191	21.2	27240	1.21530e-04	3.31055	18.0	27456	1.20570e-04	3.31035	19.0
4721.555	nan	28634	1.15610e-04	3.31055	20.3	26608	1.24460e-04	3.31152	21.2	27269	1.21380e-04	3.30996	18.0	27429	1.20670e-04	3.30996	19.0
4722.743	nan	28646	1.15570e-04	3.31055	20.3	26614	1.24430e-04	3.31152	21.2	27250	1.21470e-04	3.31016	18.0	27443	1.20600e-04	3.30957	19.0
4723.931	nan	28630	1.15640e-04	3.31074	20.3	26641	1.24300e-04	3.31152	21.2	27262	1.21410e-04	3.30996	18.0	27426	1.20700e-04	3.31016	19.0
4725.120	nan	28645	1.15610e-04	3.31152	20.3	26619	1.24410e-04	3.31172	21.2	27241	1.21520e-04	3.31016	18.0	27467	1.20510e-04	3.31016	19.0
4726.308	nan	28614	1.15700e-04	3.31074	20.3	26622	1.24410e-04	3.31211	21.2	27231	1.21580e-04	3.31074	18.0	27426	1.20710e-04	3.31055	19.0
4727.496	nan	28638	1.15610e-04	3.31074	20.3	26602	1.24470e-04	3.31133	21.2	27267	1.21390e-04	3.30996	18.0	27452	1.20570e-04	3.30977	19.0
4728.684	nan	28631	1.15640e-04	3.31074	20.3	26616	1.24430e-04	3.31172	21.2	27248	1.21490e-04	3.31035	18.0	27450	1.20600e-04	3.31055	19.0
4729.872	nan	28661	1.15520e-04	3.31094	20.3	26628	1.24370e-04	3.31172	21.2	27273	1.21370e-04	3.31016	18.0	27419	1.20720e-04	3.30996	19.0
4731.061	nan	28617	1.15680e-04	3.31035	20.3	26619	1.24420e-04	3.31191	21.2	27242	1.21520e-04	3.31035	18.0	27436	1.20660e-04	3.31055	19.0
4732.249	nan	28630	1.15630e-04	3.31055	20.3	26587	1.24550e-04	3.31133	21.2	27262	1.21420e-04	3.30996	18.0	27456	1.20540e-04	3.30957	19.0
4733.437	nan	28658	1.15550e-04	3.31133	20.3	26647	1.24270e-04	3.31152	21.2	27245	1.21490e-04	3.30996	18.0	27471	1.20500e-04	3.31035	19.0
4734.625	nan	28618	1.15710e-04	3.31133	20.3	26619	1.24430e-04	3.31211	21.2	27251	1.21480e-04	3.31055	18.0	27443	1.20640e-04	3.31074	19.0
4735.814	nan	28659	1.15520e-04	3.31055	20.3	26635	1.24360e-04	3.31230	21.2	27260	1.21450e-04	3.31074	18.0	27461	1.20560e-04	3.31055	19.0
4737.002	nan	28667	1.15490e-04	3.31074	20.3	26605	1.24460e-04	3.31133	21.2	27253	1.21450e-04	3.30996	18.0	27428	1.20670e-04	3.30977	19.0
4738.190	nan	28696	1.15380e-04	3.31094	20.3	26562	1.24680e-04	3.31172	21.2	27279	1.21340e-04	3.31016	18.0	27449	1.20600e-04	3.31035	19.0
4739.379	nan	28625	1.15690e-04	3.31152	20.3	26616	1.24430e-04	3.31191	21.2	27279	1.21350e-04	3.31035	18.0	27449	1.20610e-04	3.31055	19.0
4740.567	nan	28656	1.15520e-04	3.31035	20.3	26629	1.24380e-04	3.31211	21.2	27250	1.21500e-04	3.31074	18.0	27468	1.20520e-04	3.31055	19.0
4741.755	nan	28638	1.15610e-04	3.31094	20.3	26625	1.24380e-04	3.31152	21.2	27242	1.21500e-04	3.30996	18.0	27445	1.20590e-04	3.30957	19.0
4742.943	nan	28606	1.15740e-04	3.31094	20.3	26625	1.24380e-04	3.31172	21.2	27271	1.21380e-04	3.31016	18.0	27467	1.20510e-04	3.31016	19.0
4744.132	nan	28663	1.15520e-04	3.31113	20.3	26642	1.24320e-04	3.31211	21.2	27273	1.21390e-04	3.31055	18.0	27478	1.20490e-04	3.31074	19.0
4745.320	nan	28616	1.15690e-04	3.31055	20.3	26607	1.24470e-04	3.31191	21.2	27275	1.21370e-04	3.31035	18.0	27470	1.20500e-04	3.31016	19.0
4746.508	nan	28624	1.15670e-04	3.31094	20.3	26603	1.24480e-04	3.31152	21.2	27295	1.21260e-04	3.30996	18.0	27476	1.20470e-04	3.31016	19.0
4747.696	nan	28651	1.15550e-04	3.31055	20.3	26637	1.24330e-04	3.31172	21.2	27221	1.21610e-04	3.31035	18.0	27455	1.20540e-04	3.30957	19.0
4748.885	nan	28654	1.15560e-04	3.31133	20.3	26632	1.24350e-04	3.31172	21.2	27265	1.21410e-04	3.31016	18.0	27454	1.20590e-04	3.31074	19.0
4750.073	nan	28668	1.15480e-04	3.31055	20.3	26631	1.24370e-04	3.31211	21.2	27244	1.21510e-04	3.31055	18.0	27469	1.20510e-04	3.31016	19.0
4751.261	nan	28653	1.15550e-04	3.31094	20.3	26599	1.24500e-04	3.31152	21.2	27309	1.21200e-04	3.30996	18.0	27445	1.20620e-04	3.31035	19.0
4752.450	nan	28652	1.15560e-04	3.31113	20.3	26609	1.24440e-04	3.31133	21.2	27308	1.21210e-04	3.30996	18.0	27436	1.20630e-04	3.30977	19.0
4753.638	nan	28640	1.15610e-04	3.31094	20.3	26618	1.24430e-04	3.31211	21.2	27276	1.21370e-04	3.31055	18.0	27441	1.20640e-04	3.31055	19.0
4754.826	nan	28665	1.15490e-04	3.31055	20.3	26590	1.24550e-04	3.31172	21.2	27288	1.21310e-04	3.31016	18.0	27483	1.20440e-04	3.31016	19.0
4756.014	nan	28659	1.15510e-04	3.31035	20.3	26607	1.24470e-04	3.31172	21.2	27283	1.21330e-04	3.31016	18.0	27477	1.20470e-04	3.31016	19.0
4757.202	nan	28623	1.15680e-04	3.31113	20.3	26647	1.24260e-04	3.31113	21.2	27247	1.21470e-04	3.30957	18.0	27456	1.20530e-04	3.30938	19.0
4758.391	nan	28624	1.15660e-04	3.31074	20.3	26606	1.24500e-04	3.31230	21.2	27284	1.21340e-04	3.31074	18.0	27447	1.20630e-04	3.31094	19.0
4759.579	nan	28658	1.15530e-04	3.31094	20.3	26605	1.24480e-04	3.31172	21.2	27278	1.21350e-04	3.31016	18.0	27424	1.20690e-04	3.30977	19.0
4760.767	nan	28624	1.15650e-04	3.31035	20.3	26618	1.24430e-04	3.31191	21.2	27294	1.21280e-04	3.31035	18.0	27469	1.20510e-04	3.31035	19.0
4761.955	nan	28651	1.15580e-04	3.31152	20.3	26614	1.24420e-04	3.31133	21.2	27280	1.21330e-04	3.30977	18.0	27461	1.20540e-04	3.31016	19.0
4763.144	nan	28654	1.15520e-04	3.31016	20.3	26611	1.24460e-04	3.31211	21.2	27298	1.21280e-04	3.31074	18.0	27457	1.20580e-04	3.31074	19.0
4764.332	nan	28635	1.15620e-04	3.31094	20.3	26587	1.24540e-04	3.31113	21.2	27310	1.21180e-04	3.30957	18.0	27463	1.20510e-04	3.30957	19.0
4765.521	nan	28656	1.15530e-04	3.31055	20.3	26623	1.24390e-04	3.31172	21.2	27276	1.21370e-04	3.31035	18.0	27483	1.20450e-04	3.31035	19.0
4766.709	nan	28678	1.15470e-04	3.31133	20.3	26602	1.24490e-04	3.31172	21.2	27272	1.21380e-04	3.31016	18.0	27483	1.20450e-04	3.31035	19.0
4767.897	nan	28672	1.15460e-04	3.31055	20.4	26629	1.24370e-04	3.31191	21.2	27277	1.21360e-04	3.31035	18.0	27490	1.20420e-04	3.31035	19.0
4769.085	nan	28678	1.15440e-04	3.31055	20.4	26620	1.24400e-04	3.31152	21.2	27275	1.21360e-04	3.30996	18.0	27437	1.20640e-04	3.30996	19.0
4770.273	nan	28636	1.15600e-04	3.31035	20.4	26606	1.24470e-04	3.31152	21.2	27276	1.21350e-04	3.30996	18.0	27446	1.20590e-04	3.30977	19.0
4771.462	nan	28666	1.15500e-04	3.31094	20.4	26630	1.24350e-04	3.31133	21.2	27272	1.21360e-04	3.30977	18.0	27495	1.20390e-04	3.31016	19.0
4772.650	nan	28646	1.15560e-04	3.31035	20.4	26626	1.24380e-04	3.31172	21.2	27288	1.21310e-04	3.31035	18.0	27450	1.20580e-04	3.30996	19.0
4773.838	nan	28645	1.15570e-04	3.31035	20.4	26612	1.24420e-04	3.31113	21.2	27266	1.21390e-04	3.30977	18.0	27468	1.20490e-04	3.30957	19.0
4775.027	nan	28656	1.15520e-04	3.31035	20.4	26623	1.24370e-04	3.31113	21.2	27302	1.21230e-04	3.30996	18.0	27420	1.20710e-04	3.30977	19.0
4776.215	nan	28651	1.15570e-04	3.31133	20.4	26613	1.24430e-04	3.31152	21.2	27322	1.21140e-04	3.30977	18.0	27445	1.20610e-04	3.31016	19.0
4777.403	nan	28687	1.15400e-04	3.31055	20.4	26622	1.24410e-04	3.31191	21.2	27279	1.21360e-04	3.31055	18.0	27448	1.20600e-04	3.31035	19.1
4778.591	nan	28663	1.15500e-04	3.31055	20.4	26633	1.24340e-04	3.31152	21.2	27302	1.21230e-04	3.30996	18.0	27421	1.20700e-04	3.30977	19.0
4779.780	nan	28674	1.15460e-04	3.31074	20.4	26588	1.24550e-04	3.31152	21.2	27322	1.21140e-04	3.30996	18.0	27468	1.20490e-04	3.30957	19.0
4780.968	nan	28690	1.15400e-04	3.31094	20.4	26618	1.24420e-04	3.31172	21.2	27283	1.21330e-04	3.31016	18.0	27492	1.20410e-04	3.31035	19.0
4782.156	nan	28670	1.15470e-04	3.31055	20.4	26619	1.24410e-04	3.31172	21.2	27294	1.21280e-04	3.31016	18.0	27485	1.20440e-04	3.31035	19.0
4783.344	nan	28657	1.15510e-04	3.31016	20.4	26647	1.24260e-04	3.31133	21.2	27313	1.21190e-04	3.30996	18.0	27436	1.20640e-04	3.30977	19.0
4784.532	nan	28665	1.15510e-04	3.31094	20.4	26637	1.24300e-04	3.31094	21.2	27262	1.21400e-04	3.30957	18.0	27502	1.20330e-04	3.30938	19.0
4785.721	nan	28692	1.15390e-04	3.31074	20.4	26634	1.24350e-04	3.31191	21.2	27309	1.21210e-04	3.31016	18.0	27505	1.20360e-04	3.31055	19.0
4786.909	nan	28711	1.15310e-04	3.31055	20.4	26630	1.24360e-04	3.31152	21.2	27286	1.21310e-04	3.31016	18.0	27483	1.20440e-04	3.30996	19.1
4788.097	nan	28698	1.15340e-04	3.30996	20.4	26613	1.24420e-04	3.31133	21.2	27319	1.21150e-04	3.30977	18.0	27467	1.20500e-04	3.30977	19.0
4789.285	nan	28638	1.15610e-04	3.31094	20.4	26659	1.24190e-04	3.31074	21.2	27309	1.21180e-04	3.30938	18.0	27462	1.20510e-04	3.30938	19.0
4790.473	nan	28660	1.15510e-04	3.31055	20.4	26649	1.24290e-04	3.31211	21.2	27282	1.21340e-04	3.31035	18.0	27462	1.20540e-04	3.31035	19.1
4791.662	nan	28656	1.15530e-04	3.31055	20.4	26634	1.24330e-04	3.31133	21.2	27284	1.21320e-04	3.30996	18.0	27509	1.20320e-04	3.30977	19.1
4792.850	nan	28661	1.15480e-04	3.30977	20.4	26621	1.24390e-04	3.31133	21.2	27296	1.21250e-04	3.30977	18.0	27457	1.20540e-04	3.30977	19.1
4794.038	nan	28663	1.15520e-04	3.31133	20.4	26616	1.24390e-04	3.31094	21.2	27305	1.21190e-04	3.30918	18.0	27460	1.20530e-04	3.30977	19.1
4795.227	nan	28678	1.15430e-04	3.31035	20.4	26636	1.24350e-04	3.31211	21.2	27325	1.21160e-04	3.31074	18.0	27485	1.20450e-04	3.31055	19.1
4796.415	nan	28657	1.15520e-04	3.31055	20.4	26622	1.24380e-04	3.31133	21.2	27320	1.21150e-04	3.30996	18.0	27464	1.20510e-04	3.30977	19.1
4797.603	nan	28680	1.15420e-04	3.31016	20.4	26638	1.24310e-04	3.31133	21.2	27287	1.21300e-04	3.30996	18.0	27444	1.20590e-04	3.30957	19.1
4798.791	nan	28628	1.15650e-04	3.31074	20.4	26617	1.24410e-04	3.31133	21.2	27324	1.21120e-04	3.30957	18.0	27474	1.20460e-04	3.30957	19.1
4799.979	nan	28668	1.15470e-04	3.31035	20.4	26619	1.24410e-04	3.31152	21.2	27282	1.21320e-04	3.30996	18.0	27464	1.20520e-04	3.30996	19.1
4801.168	nan	28643	1.15570e-04	3.31035	20.4	26653	1.24230e-04	3.31113	21.2	27327	1.21120e-04	3.30996	18.0	27455	1.20560e-04	3.30996	19.1
4802.356	nan	28682	1.15410e-04	3.31016	20.4	26619	1.24400e-04	3.31152	21.2	27313	1.21190e-04	3.30996	18.0	27475	1.20460e-04	3.30977	19.1
4803.545	nan	28699	1.15350e-04	3.31035	20.4	26625	1.24360e-04	3.31113	21.2	27298	1.21240e-04	3.30957	18.0	27474	1.20470e-04	3.30977	19.1
4804.733	nan	28667	1.15470e-04	3.31016	20.4	26629	1.24350e-04	3.31133	21.2	27308	1.21200e-04	3.30977	18.0	27478	1.20450e-04	3.30977	19.1
4805.921	nan	28671	1.15470e-04	3.31055	20.4	26625	1.24360e-04	3.31113	21.2	27321	1.21130e-04	3.30957	18.0	27528	1.20230e-04	3.30977	19.1
4807.109	nan	28661	1.15500e-04	3.31035	20.4	26649	1.24260e-04	3.31152	21.2	27353	1.21020e-04	3.31016	18.0	27436	1.20630e-04	3.30957	19.1
4808.297	nan	28654	1.15510e-04	3.30977	20.4	26655	1.24220e-04	3.31113	21.2	27336	1.21070e-04	3.30957	18.0	27467	1.20500e-04	3.30977	19.1
4809.486	nan	28649	1.15550e-04	3.31035	20.4	26622	1.24370e-04	3.31094	21.2	27303	1.21210e-04	3.30938	18.0	27460	1.20520e-04	3.30938	19.1
4810.674	nan	28666	1.15500e-04	3.31094	20.4	26646	1.24280e-04	3.31152	21.2	27322	1.21140e-04	3.30977	18.0	27480	1.20460e-04	3.31016	19.1
4811.863	nan	28635	1.15600e-04	3.31016	20.4	26625	1.24380e-04	3.31172	21.2	27343	1.21060e-04	3.31016	18.0	27460	1.20540e-04	3.30996	19.1
4813.051	nan	28646	1.15560e-04	3.31035	20.4	26627	1.24350e-04	3.31113	21.2	27293	1.21270e-04	3.30977	18.0	27435	1.20640e-04	3.30977	19.1
4814.239	nan	28680	1.15440e-04	3.31074	20.4	26655	1.24230e-04	3.31133	21.2	27315	1.21170e-04	3.30977	18.0	27498	1.20350e-04	3.30938	19.1
4815.427	nan	28684	1.15430e-04	3.31094	20.4	26647	1.24290e-04	3.31191	21.2	27346	1.21050e-04	3.31016	18.0	27500	1.20380e-04	3.31055	19.1
4816.615	nan	28645	1.15560e-04	3.31035	20.4	26646	1.24270e-04	3.31133	21.2	27314	1.21190e-04	3.31016	18.0	27491	1.20390e-04	3.30977	19.1
4817.803	nan	28658	1.15510e-04	3.31016	20.4	26608	1.24460e-04	3.31152	21.2	27322	1.21140e-04	3.30977	18.0	27476	1.20460e-04	3.30977	19.1
4818.992	nan	28691	1.15390e-04	3.31074	20.4	26624	1.24360e-04	3.31094	21.2	27331	1.21100e-04	3.30977	18.0	27490	1.20400e-04	3.30977	19.1
4820.180	nan	28696	1.15360e-04	3.31035	20.4	26651	1.24280e-04	3.31211	21.2	27314	1.21190e-04	3.31016	18.0	27524	1.20260e-04	3.31016	19.1
4821.368	nan	28655	1.15530e-04	3.31055	20.4	26661	1.24200e-04	3.31133	21.2	27277	1.21340e-04	3.30996	18.0	27481	1.20440e-04	3.30996	19.1
4822.556	nan	28719	1.15270e-04	3.31035	20.4	26652	1.24240e-04	3.31133	21.2	27316	1.21170e-04	3.30996	18.0	27466	1.20500e-04	3.30977	19.1
4823.745	nan	28697	1.15370e-04	3.31074	20.4	26635	1.24330e-04	3.31152	21.2	27340	1.21060e-04	3.30977	18.0	27447	1.20590e-04	3.30996	19.1
4824.933	nan	28663	1.15480e-04	3.30996	20.4	26632	1.24340e-04	3.31152	21.2	27291	1.21300e-04	3.31035	18.0	27508	1.20330e-04	3.30996	19.1
4826.121	nan	28660	1.15540e-04	3.31133	20.4	26634	1.24330e-04	3.31133	21.2	27315	1.21160e-04	3.30938	18.0	27437	1.20640e-04	3.30996	19.1
4827.310	nan	28701	1.15330e-04	3.31016	20.4	26645	1.24280e-04	3.31152	21.2	27328	1.21140e-04	3.31055	18.0	27499	1.20350e-04	3.30957	19.1
4828.498	nan	28674	1.15480e-04	3.31113	20.4	26627	1.24380e-04	3.31191	21.2	27347	1.21030e-04	3.30977	18.0	27494	1.20400e-04	3.31035	19.1
4829.686	nan	28678	1.15430e-04	3.31035	20.4	26643	1.24310e-04	3.31191	21.2	27352	1.21030e-04	3.31055	18.0	27484	1.20440e-04	3.31035	19.1
4830.875	nan	28728	1.15250e-04	3.31094	20.4	26629	1.24360e-04	3.31152	21.2	27334	1.21090e-04	3.30977	18.0	27483	1.20440e-04	3.31016	19.1
4832.063	nan	28693	1.15380e-04	3.31074	20.4	26634	1.24330e-04	3.31152	21.2	27332	1.21120e-04	3.31035	18.0	27485	1.20420e-04	3.30977	19.1
4833.251	nan	28674	1.15450e-04	3.31035	20.4	26632	1.24350e-04	3.31172	21.2	27308	1.21210e-04	3.31016	18.0	27484	1.20440e-04	3.31016	19.1
4834.439	nan	28681	1.15450e-04	3.31133	20.4	26647	1.24280e-04	3.31172	21.2	27320	1.21150e-04	3.30996	18.0	27467	1.20510e-04	3.30996	19.1
4835.627	nan	28666	1.15490e-04	3.31074	20.4	26651	1.24280e-04	3.31211	21.2	27354	1.21030e-04	3.31055	18.0	27504	1.20380e-04	3.31094	19.1
4836.816	nan	28703	1.15340e-04	3.31074	20.4	26653	1.24230e-04	3.31113	21.2	27284	1.21310e-04	3.30996	18.0	27516	1.20270e-04	3.30918	19.1
4838.004	nan	28689	1.15410e-04	3.31113	20.4	26634	1.24350e-04	3.31191	21.2	27308	1.21220e-04	3.31035	18.0	27441	1.20640e-04	3.31055	19.1
4839.192	nan	28678	1.15460e-04	3.31113	20.4	26617	1.24430e-04	3.31191	21.2	27310	1.21220e-04	3.31055	18.0	27484	1.20440e-04	3.31035	19.1
4840.381	nan	28716	1.15280e-04	3.31035	20.4	26649	1.24280e-04	3.31191	21.2	27303	1.21240e-04	3.31035	18.0	27477	1.20480e-04	3.31035	19.1
4841.569	nan	28669	1.15480e-04	3.31055	20.4	26623	1.24370e-04	3.31113	21.2	27347	1.21030e-04	3.30977	18.0	27470	1.20490e-04	3.30977	19.1
4842.757	nan	28725	1.15260e-04	3.31094	20.4	26642	1.24300e-04	3.31172	21.2	27335	1.21100e-04	3.31016	18.0	27465	1.20520e-04	3.31016	19.1
4843.945	nan	28696	1.15390e-04	3.31113	20.4	26635	1.24340e-04	3.31191	21.2	27327	1.21140e-04	3.31035	18.0	27515	1.20320e-04	3.31055	19.1
4845.134	nan	28717	1.15280e-04	3.31055	20.4	26618	1.24440e-04	3.31230	21.2	27335	1.21120e-04	3.31074	18.0	27462	1.20540e-04	3.31035	19.1
4846.322	nan	28697	1.15360e-04	3.31035	20.4	26639	1.24290e-04	3.31113	21.2	27346	1.21050e-04	3.31016	18.0	27502	1.20340e-04	3.30957	19.1
4847.510	nan	28705	1.15340e-04	3.31094	20.4	26631	1.24360e-04	3.31172	21.2	27326	1.21130e-04	3.31016	18.0	27504	1.20360e-04	3.31035	19.1
4848.698	nan	28710	1.15340e-04	3.31133	20.4	26667	1.24210e-04	3.31230	21.2	27330	1.21130e-04	3.31055	18.0	27466	1.20550e-04	3.31113	19.1
4849.887	nan	28683	1.15420e-04	3.31055	20.4	26640	1.24320e-04	3.31191	21.2	27346	1.21060e-04	3.31055	18.0	27482	1.20450e-04	3.31016	19.1
4851.075	nan	28665	1.15500e-04	3.31074	20.4	26651	1.24240e-04	3.31113	21.2	27323	1.21130e-04	3.30977	18.0	27447	1.20590e-04	3.30996	19.1
4852.263	nan	28681	1.15430e-04	3.31074	20.4	26667	1.24190e-04	3.31172	21.2	27335	1.21100e-04	3.31035	18.0	27482	1.20430e-04	3.30977	19.1
4853.451	nan	28702	1.15360e-04	3.31094	20.4	26676	1.24140e-04	3.31172	21.2	27319	1.21170e-04	3.31035	18.0	27458	1.20570e-04	3.31055	19.1
4854.640	nan	28716	1.15270e-04	3.31016	20.4	26658	1.24230e-04	3.31172	21.2	27346	1.21050e-04	3.31016	18.0	27472	1.20480e-04	3.30996	19.1
4855.828	nan	28650	1.15550e-04	3.31055	20.4	26629	1.24360e-04	3.31152	21.2	27345	1.21040e-04	3.30977	18.0	27499	1.20370e-04	3.30996	19.1
4857.016	nan	28684	1.15420e-04	3.31074	20.4	26674	1.24130e-04	3.31113	21.2	27323	1.21150e-04	3.31016	18.0	27506	1.20320e-04	3.30938	19.1
4858.205	nan	28686	1.15430e-04	3.31133	20.4	26630	1.24370e-04	3.31211	21.2	27336	1.21100e-04	3.31035	18.0	27488	1.20450e-04	3.31094	19.1
4859.393	nan	28710	1.15320e-04	3.31074	20.4	26653	1.24260e-04	3.31191	21.2	27350	1.21040e-04	3.31055	18.0	27475	1.20480e-04	3.31016	19.1
4860.581	nan	28674	1.15460e-04	3.31074	20.4	26640	1.24320e-04	3.31191	21.2	27296	1.21270e-04	3.31016	18.0	27503	1.20360e-04	3.31035	19.1
4861.769	nan	28640	1.15610e-04	3.31094	20.4	26631	1.24340e-04	3.31133	21.2	27339	1.21070e-04	3.30996	18.0	27475	1.20470e-04	3.30996	19.1
4862.958	nan	28696	1.15370e-04	3.31055	20.4	26625	1.24400e-04	3.31211	21.2	27310	1.21210e-04	3.31035	18.0	27487	1.20430e-04	3.31035	19.1
4864.146	nan	28709	1.15330e-04	3.31094	20.4	26635	1.24320e-04	3.31133	21.2	27295	1.21270e-04	3.30996	18.0	27479	1.20450e-04	3.30977	19.1
4865.334	nan	28678	1.15440e-04	3.31055	20.4	26632	1.24360e-04	3.31211	21.2	27337	1.21090e-04	3.31035	18.0	27509	1.20350e-04	3.31055	19.1
4866.522	nan	28699	1.15380e-04	3.31133	20.4	26629	1.24340e-04	3.31113	21.2	27326	1.21130e-04	3.30996	18.0	27478	1.20460e-04	3.30996	19.1
4867.710	nan	28690	1.15400e-04	3.31094	20.4	26663	1.24240e-04	3.31250	21.2	27337	1.21110e-04	3.31074	18.0	27449	1.20630e-04	3.31113	19.1
4868.898	nan	28740	1.15200e-04	3.31074	20.4	26691	1.24070e-04	3.31172	21.2	27305	1.21240e-04	3.31035	18.0	27508	1.20330e-04	3.30996	19.1
4870.087	nan	28713	1.15290e-04	3.31035	20.4	26654	1.24240e-04	3.31152	21.2	27356	1.21000e-04	3.30996	18.0	27510	1.20320e-04	3.30996	19.1
4871.275	nan	28700	1.15360e-04	3.31094	20.4	26671	1.24160e-04	3.31152	21.2	27343	1.21050e-04	3.30996	18.0	27506	1.20340e-04	3.30996	19.1
4872.463	nan	28720	1.15260e-04	3.31035	20.4	26646	1.24290e-04	3.31191	21.2	27366	1.20960e-04	3.31035	18.0	27479	1.20470e-04	3.31035	19.1
4873.652	nan	28690	1.15410e-04	3.31094	20.4	26650	1.24240e-04	3.31113	21.2	27347	1.21030e-04	3.30977	18.0	27494	1.20370e-04	3.30938	19.1
4874.840	nan	28715	1.15290e-04	3.31055	20.4	26684	1.24120e-04	3.31191	21.2	27311	1.21210e-04	3.31035	18.0	27519	1.20290e-04	3.31035	19.1
4876.028	nan	28683	1.15430e-04	3.31094	20.4	26665	1.24200e-04	3.31172	21.2	27340	1.21070e-04	3.30996	18.0	27488	1.20430e-04	3.31035	19.1
4877.216	nan	28689	1.15380e-04	3.31016	20.4	26667	1.24190e-04	3.31172	21.2	27331	1.21120e-04	3.31035	18.0	27470	1.20500e-04	3.31016	19.1
4878.405	nan	28727	1.15260e-04	3.31113	20.4	26671	1.24150e-04	3.31113	21.2	27352	1.21010e-04	3.30977	18.0	27491	1.20390e-04	3.30977	19.1
4879.593	nan	28699	1.15350e-04	3.31055	20.4	26652	1.24250e-04	3.31152	21.2	27350	1.21030e-04	3.31035	18.0	27470	1.20500e-04	3.31016	19.1
4880.781	nan	28727	1.15250e-04	3.31074	20.4	26657	1.24240e-04	3.31172	21.2	27315	1.21180e-04	3.30996	18.0	27521	1.20290e-04	3.31035	19.1
4881.970	nan	28716	1.15270e-04	3.31016	20.4	26645	1.24290e-04	3.31172	21.2	27369	1.20940e-04	3.31016	18.0	27541	1.20190e-04	3.31016	19.1
4883.158	nan	28685	1.15410e-04	3.31055	20.4	26691	1.24060e-04	3.31133	21.2	27348	1.21020e-04	3.30957	18.0	27507	1.20320e-04	3.30977	19.1
4884.346	nan	28713	1.15280e-04	3.31016	20.4	26651	1.24240e-04	3.31113	21.2	27330	1.21110e-04	3.30996	18.0	27463	1.20500e-04	3.30938	19.1
4885.535	nan	28705	1.15340e-04	3.31094	20.4	26673	1.24170e-04	3.31191	21.2	27361	1.20970e-04	3.30977	18.0	27524	1.20270e-04	3.31035	19.1
4886.722	nan	28703	1.15340e-04	3.31055	20.4	26659	1.24210e-04	3.31133	21.2	27327	1.21130e-04	3.31016	18.0	27474	1.20480e-04	3.30996	19.1
4887.911	nan	28718	1.15280e-04	3.31055	20.4	26665	1.24200e-04	3.31172	21.2	27348	1.21030e-04	3.30996	18.0	27502	1.20360e-04	3.31016	19.1
4889.099	nan	28698	1.15350e-04	3.31035	20.4	26634	1.24300e-04	3.31074	21.2	27349	1.21020e-04	3.30977	18.0	27478	1.20440e-04	3.30957	19.1
4890.287	nan	28701	1.15340e-04	3.31055	20.4	26683	1.24120e-04	3.31191	21.2	27342	1.21050e-04	3.30977	18.0	27492	1.20400e-04	3.31016	19.1
4891.476	nan	28692	1.15380e-04	3.31035	20.4	26669	1.24160e-04	3.31133	21.2	27367	1.20950e-04	3.30996	18.0	27511	1.20310e-04	3.30977	19.1
4892.664	nan	28743	1.15170e-04	3.31035	20.4	26672	1.24150e-04	3.31133	21.2	27378	1.20890e-04	3.30977	18.0	27514	1.20290e-04	3.30957	19.1
4893.852	nan	28692	1.15370e-04	3.31016	20.4	26681	1.24100e-04	3.31113	21.2	27342	1.21050e-04	3.30977	18.0	27505	1.20320e-04	3.30957	19.1
4895.040	nan	28725	1.15230e-04	3.30996	20.4	26628	1.24360e-04	3.31133	21.2	27366	1.20940e-04	3.30977	18.0	27531	1.20210e-04	3.30957	19.1
4896.229	nan	28745	1.15170e-04	3.31055	20.4	26626	1.24350e-04	3.31094	21.2	27326	1.21110e-04	3.30938	18.0	27518	1.20270e-04	3.30957	19.1
4897.417	nan	28706	1.15330e-04	3.31055	20.4	26669	1.24180e-04	3.31172	21.2	27371	1.20930e-04	3.31016	18.0	27489	1.20420e-04	3.31016	19.1
4898.605	nan	28671	1.15460e-04	3.31035	20.4	26672	1.24160e-04	3.31152	21.2	27356	1.20990e-04	3.30996	18.0	27511	1.20310e-04	3.30996	19.1
4899.793	nan	28716	1.15270e-04	3.30996	20.4	26663	1.24180e-04	3.31113	21.2	27371	1.20920e-04	3.30977	18.0	27508	1.20300e-04	3.30918	19.1
4900.982	nan	28721	1.15280e-04	3.31094	20.4	26670	1.24150e-04	3.31113	21.2	27328	1.21100e-04	3.30938	18.0	27477	1.20460e-04	3.30996	19.1
4902.170	nan	28697	1.15350e-04	3.31035	20.4	26670	1.24170e-04	3.31172	21.2	27333	1.21110e-04	3.31035	18.0	27502	1.20360e-04	3.31016	19.1
4903.358	nan	28741	1.15190e-04	3.31074	20.4	26655	1.24230e-04	3.31133	21.2	27359	1.20980e-04	3.30977	18.0	27507	1.20320e-04	3.30977	19.1
4904.546	nan	28714	1.15280e-04	3.30996	20.4	26677	1.24120e-04	3.31113	21.2	27333	1.21100e-04	3.30996	18.0	27487	1.20410e-04	3.30977	19.1
4905.735	nan	28721	1.15280e-04	3.31113	20.4	26677	1.24140e-04	3.31152	21.2	27376	1.20900e-04	3.30977	18.0	27500	1.20360e-04	3.30996	19.1
4906.923	nan	28689	1.15390e-04	3.31055	20.4	26642	1.24300e-04	3.31152	21.2	27354	1.21010e-04	3.31016	18.0	27514	1.20300e-04	3.30996	19.1
4908.111	nan	28724	1.15250e-04	3.31035	20.4	26680	1.24140e-04	3.31191	21.2	27363	1.20970e-04	3.30996	18.0	27507	1.20340e-04	3.31016	19.1
4909.299	nan	28725	1.15260e-04	3.31074	20.4	26702	1.24000e-04	3.31113	21.2	27360	1.20970e-04	3.30977	18.0	27528	1.20230e-04	3.30957	19.1
4910.487	nan	28702	1.15350e-04	3.31074	20.4	26662	1.24220e-04	3.31191	21.2	27356	1.21000e-04	3.31016	18.0	27501	1.20360e-04	3.31016	19.1
4911.676	nan	28712	1.15320e-04	3.31094	20.4	26666	1.24180e-04	3.31152	21.2	27392	1.20840e-04	3.31016	18.0	27505	1.20330e-04	3.30977	19.1
4912.864	nan	28675	1.15460e-04	3.31074	20.4	26675	1.24160e-04	3.31211	21.2	27336	1.21100e-04	3.31035	18.0	27500	1.20390e-04	3.31074	19.1
4914.052	nan	28738	1.15210e-04	3.31094	20.4	26664	1.24190e-04	3.31152	21.2	27367	1.20950e-04	3.30996	18.0	27507	1.20340e-04	3.31016	19.1
4915.241	nan	28689	1.15390e-04	3.31055	20.4	26661	1.24220e-04	3.31172	21.3	27332	1.21120e-04	3.31035	18.0	27526	1.20250e-04	3.31016	19.1
4916.429	nan	28718	1.15280e-04	3.31055	20.4	26646	1.24260e-04	3.31113	21.2	27371	1.20930e-04	3.30996	18.0	27527	1.20230e-04	3.30957	19.1
4917.617	nan	28698	1.15350e-04	3.31035	20.4	26670	1.24190e-04	3.31211	21.2	27372	1.20930e-04	3.31016	18.0	27528	1.20260e-04	3.31035	19.1
4918.805	nan	28664	1.15510e-04	3.31113	20.4	26666	1.24180e-04	3.31152	21.3	27402	1.20790e-04	3.30977	18.0	27524	1.20260e-04	3.30996	19.1
4919.994	nan	28734	1.15210e-04	3.31055	20.4	26680	1.24110e-04	3.31133	21.2	27378	1.20910e-04	3.31035	18.0	27549	1.20130e-04	3.30957	19.1
4921.182	nan	28722	1.15280e-04	3.31113	20.4	26670	1.24200e-04	3.31230	21.2	27398	1.20810e-04	3.30996	18.0	27511	1.20340e-04	3.31074	19.1
4922.370	nan	28677	1.15440e-04	3.31035	20.4	26658	1.24240e-04	3.31191	21.3	27342	1.21080e-04	3.31055	18.0	27499	1.20370e-04	3.30996	19.1
4923.558	nan	28705	1.15340e-04	3.31074	20.4	26668	1.24160e-04	3.31113	21.2	27346	1.21030e-04	3.30977	18.0	27532	1.20220e-04	3.30977	19.1
4924.747	nan	28744	1.15180e-04	3.31055	20.4	26657	1.24230e-04	3.31152	21.2	27326	1.21130e-04	3.31016	18.0	27535	1.20200e-04	3.30977	19.1
4925.935	nan	28728	1.15280e-04	3.31172	20.4	26657	1.24260e-04	3.31230	21.2	27371	1.20930e-04	3.31016	18.0	27527	1.20280e-04	3.31094	19.1
4927.123	nan	28718	1.15270e-04	3.31035	20.4	26688	1.24100e-04	3.31191	21.3	27368	1.20980e-04	3.31094	18.0	27561	1.20100e-04	3.31016	19.1
4928.311	nan	28697	1.15380e-04	3.31094	20.4	26678	1.24140e-04	3.31172	21.2	27368	1.20940e-04	3.30996	18.0	27518	1.20290e-04	3.31016	19.1
4929.500	nan	28765	1.15100e-04	3.31094	20.4	26673	1.24150e-04	3.31152	21.2	27381	1.20910e-04	3.31055	18.0	27559	1.20110e-04	3.31016	19.1
4930.688	nan	28709	1.15330e-04	3.31094	20.4	26671	1.24180e-04	3.31211	21.2	27331	1.21130e-04	3.31055	18.0	27557	1.20140e-04	3.31074	19.1
4931.876	nan	28714	1.15290e-04	3.31055	20.4	26656	1.24230e-04	3.31133	21.2	27384	1.20880e-04	3.31016	18.0	27525	1.20250e-04	3.30977	19.1
4933.065	nan	28692	1.15390e-04	3.31074	20.4	26689	1.24090e-04	3.31172	21.3	27368	1.20950e-04	3.31016	18.0	27499	1.20370e-04	3.31016	19.1
4934.253	nan	28699	1.15370e-04	3.31094	20.4	26709	1.23990e-04	3.31152	21.3	27338	1.21070e-04	3.30996	18.0	27495	1.20390e-04	3.31016	19.1
4935.441	nan	28672	1.15460e-04	3.31055	20.4	26699	1.24050e-04	3.31191	21.2	27363	1.20980e-04	3.31035	18.0	27507	1.20350e-04	3.31035	19.1
4936.630	nan	28742	1.15180e-04	3.31035	20.4	26680	1.24100e-04	3.31094	21.2	27365	1.20950e-04	3.30996	18.0	27524	1.20240e-04	3.30957	19.1
4937.818	nan	28709	1.15330e-04	3.31094	20.4	26641	1.24320e-04	3.31191	21.2	27378	1.20900e-04	3.30996	18.0	27526	1.20260e-04	3.31035	19.1
4939.006	nan	28752	1.15170e-04	3.31133	20.4	26732	1.23880e-04	3.31172	21.3	27370	1.20940e-04	3.31016	18.0	27535	1.20220e-04	3.31016	19.1
4940.194	nan	28728	1.15240e-04	3.31074	20.4	26677	1.24160e-04	3.31211	21.3	27357	1.21020e-04	3.31074	18.0	27508	1.20360e-04	3.31074	19.1
4941.382	nan	28697	1.15360e-04	3.31055	20.4	26673	1.24150e-04	3.31152	21.3	27386	1.20870e-04	3.31016	18.0	27476	1.20470e-04	3.30996	19.1
4942.571	nan	28725	1.15240e-04	3.31035	20.4	26664	1.24190e-04	3.31152	21.2	27403	1.20790e-04	3.30996	18.0	27546	1.20150e-04	3.30977	19.1
4943.759	nan	28731	1.15240e-04	3.31094	20.4	26652	1.24240e-04	3.31133	21.3	27352	1.21000e-04	3.30957	18.0	27550	1.20140e-04	3.30996	19.1
4944.947	nan	28729	1.15230e-04	3.31055	20.4	26656	1.24240e-04	3.31191	21.3	27350	1.21040e-04	3.31055	18.0	27519	1.20290e-04	3.31035	19.1
4946.136	nan	28721	1.15260e-04	3.31035	20.4	26677	1.24130e-04	3.31133	21.3	27365	1.20960e-04	3.30996	18.0	27530	1.20220e-04	3.30977	19.1
4947.324	nan	28748	1.15140e-04	3.30996	20.4	26643	1.24280e-04	3.31113	21.3	27372	1.20920e-04	3.30977	18.0	27524	1.20240e-04	3.30957	19.1
4948.512	nan	28734	1.15230e-04	3.31094	20.4	26651	1.24260e-04	3.31172	21.3	27355	1.20990e-04	3.30977	18.0	27512	1.20320e-04	3.31016	19.1
4949.700	nan	28720	1.15270e-04	3.31055	20.4	26653	1.24240e-04	3.31133	21.3	27316	1.21170e-04	3.30996	18.0	27543	1.20170e-04	3.30977	19.1
4950.889	nan	28700	1.15350e-04	3.31055	20.4	26662	1.24190e-04	3.31113	21.2	27353	1.21010e-04	3.30996	18.0	27528	1.20230e-04	3.30957	19.1
4952.076	nan	28767	1.15070e-04	3.31016	20.4	26708	1.23970e-04	3.31094	21.3	27363	1.20950e-04	3.30957	18.0	27525	1.20240e-04	3.30957	19.1
4953.265	nan	28738	1.15220e-04	3.31113	20.4	26670	1.24180e-04	3.31191	21.3	27338	1.21070e-04	3.30977	18.0	27536	1.20230e-04	3.31055	19.1
4954.453	nan	28743	1.15160e-04	3.31016	20.4	26691	1.24070e-04	3.31172	21.3	27339	1.21090e-04	3.31035	18.0	27505	1.20350e-04	3.31016	19.1
4955.641	nan	28736	1.15200e-04	3.31035	20.4	26679	1.24110e-04	3.31113	21.3	27341	1.21060e-04	3.30977	18.0	27553	1.20120e-04	3.30977	19.1
4956.830	nan	28756	1.15110e-04	3.31016	20.4	26678	1.24100e-04	3.31074	21.2	27384	1.20870e-04	3.30977	18.0	27517	1.20260e-04	3.30918	19.1
4958.018	nan	28731	1.15240e-04	3.31094	20.4	26685	1.24100e-04	3.31172	21.3	27392	1.20830e-04	3.30977	18.0	27527	1.20260e-04	3.31035	19.1
4959.206	nan	28749	1.15150e-04	3.31055	20.4	26700	1.24030e-04	3.31172	21.3	27361	1.20980e-04	3.31016	18.0	27495	1.20390e-04	3.31016	19.1
4960.394	nan	28719	1.15270e-04	3.31035	20.4	26707	1.24000e-04	3.31152	21.3	27382	1.20880e-04	3.30996	18.0	27560	1.20080e-04	3.30957	19.1
4961.583	nan	28727	1.15240e-04	3.31035	20.4	26676	1.24120e-04	3.31094	21.3	27378	1.20880e-04	3.30957	18.0	27493	1.20380e-04	3.30957	19.1
4962.771	nan	28696	1.15370e-04	3.31055	20.4	26684	1.24110e-04	3.31172	21.3	27367	1.20950e-04	3.30996	18.0	27529	1.20240e-04	3.31016	19.1
4963.959	nan	28719	1.15280e-04	3.31055	20.4	26666	1.24180e-04	3.31133	21.3	27381	1.20880e-04	3.30977	18.0	27518	1.20290e-04	3.30996	19.1
4965.147	nan	28724	1.15250e-04	3.31035	20.4	26661	1.24200e-04	3.31133	21.3	27346	1.21040e-04	3.30996	18.0	27510	1.20310e-04	3.30977	19.1
4966.336	nan	28727	1.15240e-04	3.31035	20.4	26678	1.24110e-04	3.31113	21.3	27398	1.20810e-04	3.30996	18.0	27542	1.20170e-04	3.30977	19.1
4967.524	nan	28721	1.15250e-04	3.31016	20.4	26697	1.24040e-04	3.31152	21.3	27404	1.20780e-04	3.30977	18.0	27502	1.20350e-04	3.30977	19.1
4968.712	nan	28774	1.15050e-04	3.31035	20.4	26654	1.24220e-04	3.31094	21.3	27367	1.20930e-04	3.30957	18.0	27484	1.20400e-04	3.30918	19.1
4969.900	nan	28765	1.15090e-04	3.31055	20.4	26706	1.24000e-04	3.31152	21.3	27371	1.20930e-04	3.30996	18.0	27524	1.20270e-04	3.31016	19.1
4971.089	nan	28736	1.15200e-04	3.31035	20.4	26698	1.24030e-04	3.31133	21.3	27336	1.21080e-04	3.30977	18.0	27553	1.20120e-04	3.30977	19.1
4972.277	nan	28779	1.15020e-04	3.31016	20.4	26646	1.24250e-04	3.31074	21.3	27386	1.20850e-04	3.30977	18.0	27527	1.20220e-04	3.30938	19.1
4973.465	nan	28733	1.15210e-04	3.31035	20.4	26682	1.24100e-04	3.31133	21.3	27352	1.21000e-04	3.30957	18.0	27537	1.20200e-04	3.30996	19.1
4974.653	nan	28712	1.15290e-04	3.31016	20.4	26695	1.24060e-04	3.31172	21.3	27362	1.20960e-04	3.30977	18.0	27520	1.20270e-04	3.30996	19.1
4975.842	nan	28752	1.15130e-04	3.31016	20.4	26688	1.24050e-04	3.31074	21.3	27384	1.20860e-04	3.30977	18.0	27521	1.20250e-04	3.30938	19.1
4977.030	nan	28761	1.15080e-04	3.30996	20.4	26701	1.24010e-04	3.31113	21.3	27375	1.20900e-04	3.30957	18.0	27537	1.20190e-04	3.30977	19.1
4978.218	nan	28734	1.15230e-04	3.31113	20.4	26685	1.24090e-04	3.31133	21.3	27392	1.20820e-04	3.30957	18.0	27535	1.20210e-04	3.30996	19.1
4979.406	nan	28769	1.15070e-04	3.31035	20.4	26727	1.23910e-04	3.31172	21.3	27369	1.20950e-04	3.31035	18.0	27514	1.20300e-04	3.30996	19.1
4980.595	nan	28748	1.15150e-04	3.31035	20.4	26679	1.24120e-04	3.31133	21.3	27380	1.20880e-04	3.30977	18.0	27556	1.20120e-04	3.30996	19.1
4981.783	nan	28726	1.15240e-04	3.31035	20.4	26713	1.23960e-04	3.31133	21.3	27380	1.20880e-04	3.30977	18.0	27510	1.20320e-04	3.30996	19.1
4982.971	nan	28753	1.15160e-04	3.31113	20.4	26669	1.24180e-04	3.31172	21.3	27355	1.21000e-04	3.30996	18.0	27534	1.20220e-04	3.31016	19.1
4984.159	nan	28772	1.15060e-04	3.31055	20.4	26674	1.24130e-04	3.31113	21.3	27362	1.20980e-04	3.31035	18.0	27552	1.20120e-04	3.30957	19.1
4985.348	nan	28742	1.15180e-04	3.31055	20.4	26692	1.24080e-04	3.31191	21.3	27389	1.20850e-04	3.30996	18.0	27523	1.20280e-04	3.31055	19.1
4986.536	nan	28751	1.15150e-04	3.31074	20.4	26691	1.24050e-04	3.31094	21.3	27361	1.20970e-04	3.30996	18.0	27537	1.20180e-04	3.30938	19.1
4987.724	nan	28726	1.15260e-04	3.31094	20.4	26705	1.24040e-04	3.31250	21.3	27360	1.20990e-04	3.31016	18.0	27537	1.20240e-04	3.31094	19.1
4988.913	nan	28779	1.15030e-04	3.31035	20.4	26653	1.24230e-04	3.31113	21.3	27367	1.20960e-04	3.31035	18.0	27556	1.20100e-04	3.30957	19.1
4990.101	nan	28746	1.15160e-04	3.31035	20.4	26703	1.24030e-04	3.31191	21.3	27383	1.20880e-04	3.30996	18.0	27548	1.20170e-04	3.31035	19.1
4991.289	nan	28694	1.15380e-04	3.31074	20.4	26686	1.24080e-04	3.31113	21.3	27380	1.20880e-04	3.30977	18.0	27545	1.20160e-04	3.30977	19.1
4992.477	nan	28756	1.15130e-04	3.31074	20.4	26673	1.24160e-04	3.31172	21.3	27371	1.20950e-04	3.31055	18.0	27513	1.20310e-04	3.31016	19.1
4993.666	nan	28742	1.15200e-04	3.31113	20.4	26716	1.23960e-04	3.31172	21.3	27378	1.20900e-04	3.30996	18.0	27520	1.20290e-04	3.31035	19.1
4994.853	nan	28735	1.15210e-04	3.31055	20.4	26681	1.24130e-04	3.31191	21.3	27412	1.20770e-04	3.31055	18.0	27570	1.20080e-04	3.31055	19.1
4996.042	nan	28735	1.15230e-04	3.31113	20.4	26655	1.24240e-04	3.31172	21.3	27428	1.20680e-04	3.30996	18.0	27539	1.20200e-04	3.31016	19.1
4997.230	nan	28772	1.15060e-04	3.31055	20.4	26702	1.24020e-04	3.31152	21.3	27394	1.20850e-04	3.31055	18.0	27522	1.20270e-04	3.30996	19.1
4998.419	nan	28744	1.15200e-04	3.31133	20.4	26707	1.24020e-04	3.31230	21.3	27400	1.20820e-04	3.31035	18.0	27538	1.20220e-04	3.31055	19.1
4999.607	nan	28731	1.15210e-04	3.31016	20.4	26685	1.24100e-04	3.31152	21.3	27363	1.20990e-04	3.31055	18.0	27522	1.20270e-04	3.30996	19.1
5000.795	nan	28724	1.15280e-04	3.31113	20.4	26683	1.24110e-04	3.31172	21.3	27401	1.20790e-04	3.30977	18.0	27517	1.20300e-04	3.31035	19.1
5001.983	nan	28754	1.15140e-04	3.31074	20.4	26679	1.24130e-04	3.31152	21.3	27411	1.20770e-04	3.31035	18.0	27501	1.20360e-04	3.31016	19.1
5003.171	nan	28753	1.15160e-04	3.31113	20.4	26712	1.23980e-04	3.31191	21.3	27395	1.20830e-04	3.31016	18.0	27538	1.20210e-04	3.31035	19.1
5004.360	nan	28733	1.15210e-04	3.31035	20.4	26702	1.24000e-04	3.31113	21.3	27394	1.20850e-04	3.31055	18.0	27541	1.20170e-04	3.30957	19.1
5005.548	nan	28770	1.15070e-04	3.31055	20.4	26686	1.24110e-04	3.31191	21.3	27373	1.20920e-04	3.30996	18.0	27560	1.20110e-04	3.31016	19.1
5006.736	nan	28713	1.15320e-04	3.31113	20.4	26696	1.24050e-04	3.31172	21.3	27384	1.20870e-04	3.30996	18.0	27551	1.20150e-04	3.31016	19.1
5007.924	nan	28726	1.15250e-04	3.31074	20.4	26737	1.23880e-04	3.31211	21.3	27385	1.20890e-04	3.31055	18.0	27533	1.20240e-04	3.31055	19.1
5009.113	nan	28730	1.15210e-04	3.31016	20.4	26726	1.23900e-04	3.31133	21.3	27369	1.20950e-04	3.31016	18.0	27554	1.20120e-04	3.30977	19.1
5010.301	nan	28744	1.15190e-04	3.31094	20.4	26682	1.24110e-04	3.31152	21.3	27394	1.20820e-04	3.30957	18.0	27536	1.20210e-04	3.31016	19.1
5011.490	nan	28743	1.15190e-04	3.31094	20.4	26706	1.23990e-04	3.31113	21.3	27393	1.20850e-04	3.31035	18.0	27516	1.20290e-04	3.30977	19.1
5012.677	nan	28777	1.15060e-04	3.31094	20.4	26719	1.23970e-04	3.31250	21.3	27429	1.20700e-04	3.31055	18.0	27530	1.20270e-04	3.31094	19.1
5013.866	nan	28768	1.15080e-04	3.31074	20.4	26696	1.24040e-04	3.31133	21.3	27379	1.20900e-04	3.31016	18.0	27544	1.20160e-04	3.30977	19.1
5015.054	nan	28763	1.15080e-04	3.31016	20.4	26726	1.23910e-04	3.31152	21.3	27386	1.20880e-04	3.31035	18.0	27534	1.20220e-04	3.31016	19.1
5016.242	nan	28740	1.15210e-04	3.31113	20.4	26705	1.24010e-04	3.31172	21.2	27387	1.20850e-04	3.30977	18.0	27537	1.20210e-04	3.31016	19.1
5017.431	nan	28728	1.15230e-04	3.31035	20.4	26721	1.23950e-04	3.31191	21.3	27381	1.20910e-04	3.31055	18.0	27577	1.20030e-04	3.31016	19.1
5018.619	nan	28748	1.15170e-04	3.31094	20.4	26701	1.24010e-04	3.31113	21.3	27362	1.20960e-04	3.30977	18.0	27561	1.20090e-04	3.30977	19.1
5019.807	nan	28770	1.15060e-04	3.31016	20.4	26708	1.24000e-04	3.31172	21.3	27405	1.20800e-04	3.31035	18.0	27556	1.20130e-04	3.31016	19.1
5020.996	nan	28732	1.15250e-04	3.31133	20.4	26708	1.24000e-04	3.31172	21.3	27408	1.20750e-04	3.30957	18.0	27546	1.20170e-04	3.31016	19.1
5022.183	nan	28765	1.15100e-04	3.31074	20.4	26697	1.24050e-04	3.31191	21.2	27367	1.20980e-04	3.31074	18.0	27524	1.20270e-04	3.31035	19.1
5023.372	nan	28745	1.15180e-04	3.31074	20.4	26716	1.23950e-04	3.31133	21.3	27394	1.20830e-04	3.30996	18.0	27540	1.20190e-04	3.30996	19.1
5024.560	nan	28730	1.15220e-04	3.31035	20.4	26722	1.23920e-04	3.31133	21.2	27384	1.20870e-04	3.30996	18.0	27547	1.20150e-04	3.30977	19.1
5025.748	nan	28765	1.15100e-04	3.31094	20.4	26707	1.24000e-04	3.31172	21.3	27399	1.20810e-04	3.30996	18.0	27543	1.20180e-04	3.31016	19.1
5026.936	nan	28749	1.15150e-04	3.31055	20.4	26701	1.24030e-04	3.31172	21.3	27370	1.20950e-04	3.31035	18.0	27528	1.20250e-04	3.31016	19.1
5028.125	nan	28748	1.15140e-04	3.31016	20.4	26671	1.24150e-04	3.31113	21.3	27402	1.20790e-04	3.30996	18.0	27562	1.20080e-04	3.30977	19.1
5029.313	nan	28720	1.15270e-04	3.31055	20.4	26694	1.24030e-04	3.31094	21.2	27411	1.20740e-04	3.30957	18.0	27541	1.20160e-04	3.30938	19.1
5030.501	nan	28745	1.15180e-04	3.31074	20.4	26717	1.23960e-04	3.31191	21.3	27404	1.20780e-04	3.30996	18.0	27544	1.20180e-04	3.31035	19.1
5031.689	nan	28752	1.15140e-04	3.31035	20.4	26728	1.23890e-04	3.31133	21.3	27353	1.21030e-04	3.31035	18.0	27526	1.20240e-04	3.30977	19.1
5032.878	nan	28747	1.15160e-04	3.31055	20.4	26731	1.23880e-04	3.31152	21.3	27374	1.20910e-04	3.30977	18.0	27538	1.20190e-04	3.30977	19.1
5034.066	nan	28777	1.15030e-04	3.31016	20.4	26704	1.23990e-04	3.31094	21.3	27388	1.20840e-04	3.30957	18.0	27542	1.20160e-04	3.30938	19.1
5035.255	nan	28780	1.15030e-04	3.31055	20.4	26702	1.24030e-04	3.31191	21.2	27366	1.20950e-04	3.30996	18.0	27580	1.20030e-04	3.31035	19.1
5036.443	nan	28779	1.15030e-04	3.31035	20.4	26716	1.23940e-04	3.31113	21.3	27401	1.20800e-04	3.30996	18.0	27559	1.20090e-04	3.30957	19.1
5037.631	nan	28740	1.15180e-04	3.31016	20.4	26674	1.24140e-04	3.31133	21.3	27374	1.20910e-04	3.30977	18.0	27561	1.20090e-04	3.30977	19.1
5038.819	nan	28725	1.15250e-04	3.31055	20.4	26691	1.24050e-04	3.31094	21.3	27397	1.20810e-04	3.30977	18.0	27546	1.20140e-04	3.30938	19.1
5040.008	nan	28785	1.15010e-04	3.31055	20.4	26704	1.24020e-04	3.31191	21.2	27372	1.20930e-04	3.31016	18.0	27541	1.20190e-04	3.31016	19.1
5041.196	nan	28761	1.15100e-04	3.31035	20.4	26693	1.24050e-04	3.31133	21.3	27386	1.20860e-04	3.30996	18.0	27558	1.20100e-04	3.30977	19.1
5042.384	nan	28801	1.14920e-04	3.30977	20.4	26702	1.24000e-04	3.31113	21.2	27364	1.20960e-04	3.30996	18.0	27572	1.20030e-04	3.30957	19.1
5043.572	nan	28793	1.14980e-04	3.31074	20.4	26705	1.23990e-04	3.31113	21.2	27410	1.20730e-04	3.30918	18.0	27534	1.20200e-04	3.30957	19.1
5044.761	nan	28762	1.15080e-04	3.30996	20.4	26705	1.23990e-04	3.31113	21.3	27417	1.20740e-04	3.31035	18.0	27550	1.20130e-04	3.30957	19.1
5045.949	nan	28755	1.15140e-04	3.31094	20.4	26709	1.23990e-04	3.31152	21.2	27388	1.20830e-04	3.30938	18.0	27528	1.20240e-04	3.30996	19.1
5047.137	nan	28813	1.14890e-04	3.31035	20.4	26732	1.23890e-04	3.31172	21.3	27432	1.20680e-04	3.31035	18.0	27550	1.20150e-04	3.31016	19.1
5048.325	nan	28749	1.15150e-04	3.31035	20.4	26737	1.23850e-04	3.31133	21.3	27396	1.20820e-04	3.30996	18.0	27529	1.20230e-04	3.30977	19.1
5049.513	nan	28786	1.14980e-04	3.30977	20.4	26705	1.23990e-04	3.31113	21.3	27408	1.20760e-04	3.30977	18.0	27564	1.20070e-04	3.30957	19.1
5050.702	nan	28743	1.15200e-04	3.31113	20.4	26745	1.23810e-04	3.31133	21.3	27394	1.20810e-04	3.30938	18.0	27556	1.20120e-04	3.30996	19.1
5051.890	nan	28758	1.15120e-04	3.31055	20.4	26701	1.24020e-04	3.31152	21.3	27347	1.21050e-04	3.31035	18.0	27533	1.20210e-04	3.30977	19.1
5053.079	nan	28743	1.15180e-04	3.31055	20.4	26674	1.24160e-04	3.31172	21.2	27391	1.20850e-04	3.31016	18.0	27539	1.20210e-04	3.31035	19.1
5054.266	nan	28776	1.15040e-04	3.31055	20.4	26729	1.23890e-04	3.31152	21.3	27385	1.20870e-04	3.30996	18.0	27547	1.20160e-04	3.30996	19.1
5055.455	nan	28749	1.15170e-04	3.31094	20.4	26729	1.23900e-04	3.31172	21.2	27384	1.20880e-04	3.31016	18.0	27559	1.20110e-04	3.31016	19.1
5056.643	nan	28778	1.15040e-04	3.31055	20.4	26702	1.24000e-04	3.31094	21.2	27380	1.20900e-04	3.31035	18.0	27537	1.20180e-04	3.30938	19.1
5057.832	nan	28757	1.15130e-04	3.31074	20.4	26707	1.24030e-04	3.31230	21.2	27415	1.20730e-04	3.30977	18.0	27551	1.20170e-04	3.31074	19.1
5059.019	nan	28781	1.15030e-04	3.31074	20.4	26707	1.23980e-04	3.31113	21.3	27403	1.20790e-04	3.31016	18.0	27582	1.19990e-04	3.30957	19.1
5060.208	nan	28785	1.15020e-04	3.31094	20.4	26677	1.24160e-04	3.31211	21.3	27426	1.20700e-04	3.31035	18.0	27563	1.20110e-04	3.31055	19.1
5061.396	nan	28815	1.14880e-04	3.31035	20.4	26682	1.24100e-04	3.31113	21.3	27434	1.20660e-04	3.31016	18.0	27571	1.20040e-04	3.30957	19.1
5062.584	nan	28785	1.15000e-04	3.31035	20.4	26689	1.24080e-04	3.31172	21.2	27410	1.20760e-04	3.30996	18.0	27547	1.20160e-04	3.31016	19.1
5063.773	nan	28767	1.15100e-04	3.31094	20.4	26735	1.23860e-04	3.31133	21.2	27380	1.20880e-04	3.30977	18.0	27567	1.20070e-04	3.30996	19.1
5064.961	nan	28758	1.15120e-04	3.31055	20.4	26688	1.24080e-04	3.31133	21.2	27400	1.20810e-04	3.31016	18.0	27589	1.19970e-04	3.30977	19.1
5066.149	nan	28785	1.15030e-04	3.31113	20.4	26701	1.24040e-04	3.31191	21.3	27381	1.20890e-04	3.31016	18.0	27582	1.20030e-04	3.31055	19.1
5067.337	nan	28774	1.15050e-04	3.31035	20.4	26711	1.23980e-04	3.31172	21.3	27444	1.20630e-04	3.31055	18.0	27566	1.20080e-04	3.31016	19.1
5068.525	nan	28804	1.14950e-04	3.31113	20.4	26685	1.24100e-04	3.31152	21.2	27399	1.20790e-04	3.30957	18.0	27545	1.20170e-04	3.30996	19.1
5069.714	nan	28743	1.15190e-04	3.31094	20.4	26723	1.23920e-04	3.31152	21.2	27407	1.20790e-04	3.31055	18.0	27566	1.20080e-04	3.30996	19.1
5070.902	nan	28759	1.15130e-04	3.31113	20.4	26719	1.23960e-04	3.31211	21.3	27403	1.20810e-04	3.31055	18.0	27518	1.20310e-04	3.31055	19.1
5072.090	nan	28763	1.15090e-04	3.31035	20.4	26705	1.24000e-04	3.31133	21.2	27391	1.20860e-04	3.31035	18.0	27563	1.20080e-04	3.30977	19.1
5073.279	nan	28748	1.15170e-04	3.31074	20.4	26705	1.24020e-04	3.31191	21.2	27385	1.20860e-04	3.30977	18.0	27558	1.20120e-04	3.31035	19.1
5074.467	nan	28768	1.15080e-04	3.31074	20.4	26724	1.23930e-04	3.31172	21.3	27378	1.20900e-04	3.31016	18.0	27561	1.20100e-04	3.31016	19.1
5075.655	nan	28765	1.15100e-04	3.31074	20.4	26714	1.23970e-04	3.31172	21.3	27418	1.20740e-04	3.31035	18.0	27528	1.20260e-04	3.31035	19.1
5076.843	nan	28796	1.14960e-04	3.31035	20.4	26689	1.24060e-04	3.31113	21.2	27415	1.20740e-04	3.31016	18.0	27568	1.20050e-04	3.30957	19.1
5078.032	nan	28797	1.14960e-04	3.31055	20.4	26708	1.23990e-04	3.31152	21.2	27441	1.20620e-04	3.30996	18.0	27589	1.19980e-04	3.30996	19.1
5079.220	nan	28805	1.14940e-04	3.31094	20.4	26703	1.24010e-04	3.31152	21.3	27427	1.20680e-04	3.30996	18.0	27564	1.20080e-04	3.30996	19.1
5080.408	nan	28788	1.15000e-04	3.31074	20.4	26713	1.23990e-04	3.31211	21.2	27399	1.20830e-04	3.31055	18.0	27547	1.20180e-04	3.31055	19.1
5081.597	nan	28777	1.15030e-04	3.31035	20.4	26719	1.23930e-04	3.31113	21.2	27397	1.20820e-04	3.31016	18.0	27488	1.20400e-04	3.30957	19.1
5082.785	nan	28795	1.14960e-04	3.31035	20.4	26741	1.23850e-04	3.31172	21.2	27411	1.20750e-04	3.30996	18.0	27569	1.20070e-04	3.31016	19.1
5083.973	nan	28761	1.15120e-04	3.31094	20.4	26730	1.23880e-04	3.31133	21.2	27424	1.20690e-04	3.30977	18.0	27583	1.19990e-04	3.30977	19.1
5085.161	nan	28786	1.15030e-04	3.31113	20.4	26701	1.24060e-04	3.31250	21.2	27379	1.20920e-04	3.31055	18.0	27570	1.20080e-04	3.31074	19.1
5086.350	nan	28750	1.15160e-04	3.31074	20.4	26711	1.23970e-04	3.31133	21.2	27375	1.20920e-04	3.31035	18.0	27533	1.20210e-04	3.30977	19.1
5087.538	nan	28782	1.15010e-04	3.31035	20.4	26705	1.24000e-04	3.31152	21.2	27410	1.20760e-04	3.30996	18.0	27569	1.20060e-04	3.30996	19.1
5088.726	nan	28770	1.15080e-04	3.31094	20.4	26705	1.24010e-04	3.31172	21.3	27403	1.20770e-04	3.30957	18.0	27555	1.20130e-04	3.31016	19.1
5089.914	nan	28776	1.15040e-04	3.31035	20.4	26697	1.24040e-04	3.31152	21.2	27365	1.20980e-04	3.31055	18.0	27567	1.20070e-04	3.30996	19.1
5091.103	nan	28803	1.14940e-04	3.31055	20.4	26745	1.23810e-04	3.31113	21.3	27401	1.20800e-04	3.30996	18.0	27541	1.20170e-04	3.30957	19.1
5092.291	nan	28771	1.15070e-04	3.31055	20.4	26716	1.23960e-04	3.31172	21.2	27373	1.20930e-04	3.31016	18.0	27528	1.20250e-04	3.31016	19.1
5093.479	nan	28769	1.15090e-04	3.31113	20.4	26738	1.23870e-04	3.31191	21.2	27431	1.20670e-04	3.30996	18.0	27573	1.20060e-04	3.31035	19.0
5094.667	nan	28796	1.14970e-04	3.31055	20.4	26731	1.23890e-04	3.31172	21.2	27383	1.20890e-04	3.31035	18.0	27566	1.20080e-04	3.31016	19.1
5095.855	nan	28811	1.14900e-04	3.31035	20.4	26721	1.23920e-04	3.31133	21.2	27417	1.20720e-04	3.30996	18.0	27570	1.20050e-04	3.30977	19.1
5097.044	nan	28781	1.15020e-04	3.31035	20.4	26693	1.24030e-04	3.31074	21.2	27428	1.20660e-04	3.30957	18.0	27573	1.20020e-04	3.30938	19.1
5098.232	nan	28777	1.15050e-04	3.31094	20.4	26712	1.23990e-04	3.31211	21.2	27415	1.20730e-04	3.30977	18.0	27526	1.20270e-04	3.31055	19.1
5099.420	nan	28781	1.15030e-04	3.31074	20.4	26718	1.23950e-04	3.31152	21.2	27402	1.20810e-04	3.31035	18.0	27546	1.20160e-04	3.30996	19.0
5100.608	nan	28747	1.15150e-04	3.31016	20.4	26724	1.23900e-04	3.31113	21.2	27400	1.20800e-04	3.30996	18.0	27536	1.20190e-04	3.30957	19.0
5101.797	nan	28780	1.15010e-04	3.31016	20.4	26691	1.24040e-04	3.31074	21.2	27441	1.20610e-04	3.30957	18.0	27567	1.20040e-04	3.30918	19.0
5102.985	nan	28824	1.14870e-04	3.31113	20.4	26729	1.23920e-04	3.31230	21.2	27399	1.20800e-04	3.30977	18.0	27525	1.20280e-04	3.31074	19.1
5104.173	nan	28797	1.14970e-04	3.31074	20.4	26724	1.23920e-04	3.31152	21.3	27423	1.20710e-04	3.31035	18.0	27568	1.20070e-04	3.31016	19.1
5105.362	nan	28758	1.15110e-04	3.31035	20.4	26690	1.24070e-04	3.31152	21.3	27399	1.20810e-04	3.31016	18.0	27545	1.20170e-04	3.30996	19.1
5106.550	nan	28782	1.15010e-04	3.31035	20.4	26766	1.23700e-04	3.31094	21.2	27384	1.20870e-04	3.30977	18.0	27568	1.20050e-04	3.30957	19.0
5107.738	nan	28758	1.15120e-04	3.31055	20.4	26709	1.24000e-04	3.31191	21.2	27388	1.20860e-04	3.30996	18.0	27558	1.20120e-04	3.31035	19.0
5108.926	nan	28768	1.15070e-04	3.31035	20.4	26726	1.23890e-04	3.31094	21.3	27396	1.20820e-04	3.30996	18.0	27539	1.20170e-04	3.30938	19.0
5110.115	nan	28792	1.14980e-04	3.31055	20.4	26729	1.23910e-04	3.31191	21.2	27430	1.20670e-04	3.30996	18.0	27569	1.20080e-04	3.31035	19.0
5111.303	nan	28839	1.14800e-04	3.31074	20.4	26713	1.23970e-04	3.31152	21.3	27391	1.20830e-04	3.30977	18.0	27542	1.20180e-04	3.30996	19.0
5112.491	nan	28800	1.14950e-04	3.31055	20.4	26747	1.23800e-04	3.31133	21.3	27446	1.20610e-04	3.31016	18.0	27586	1.19990e-04	3.30996	19.0
5113.679	nan	28814	1.14890e-04	3.31035	20.4	26757	1.23750e-04	3.31133	21.2	27436	1.20640e-04	3.30977	18.0	27554	1.20120e-04	3.30977	19.0
5114.867	nan	28801	1.14920e-04	3.30996	20.4	26714	1.23950e-04	3.31113	21.2	27397	1.20810e-04	3.30977	18.0	27533	1.20200e-04	3.30957	19.0
5116.056	nan	28769	1.15060e-04	3.31016	20.4	26730	1.23870e-04	3.31094	21.2	27407	1.20750e-04	3.30938	18.0	27578	1.20000e-04	3.30938	19.0
5117.244	nan	28771	1.15050e-04	3.31016	20.4	26707	1.23980e-04	3.31113	21.3	27387	1.20850e-04	3.30977	18.0	27557	1.20100e-04	3.30957	19.0
5118.432	nan	28794	1.14960e-04	3.31016	20.4	26724	1.23900e-04	3.31113	21.2	27384	1.20860e-04	3.30957	18.0	27575	1.20020e-04	3.30957	19.0
5119.621	nan	28779	1.15020e-04	3.31016	20.4	26733	1.23870e-04	3.31133	21.2	27371	1.20920e-04	3.30957	18.0	27604	1.19900e-04	3.30977	19.0
5120.809	nan	28807	1.14930e-04	3.31074	20.4	26709	1.23990e-04	3.31172	21.3	27364	1.20950e-04	3.30977	18.0	27557	1.20110e-04	3.30996	19.0
5121.997	nan	28773	1.15050e-04	3.31016	20.4	26765	1.23720e-04	3.31133	21.3	27389	1.20860e-04	3.31016	18.0	27590	1.19970e-04	3.30996	19.0
5123.185	nan	28768	1.15100e-04	3.31113	20.4	26741	1.23840e-04	3.31152	21.2	27404	1.20780e-04	3.30977	18.0	27574	1.20040e-04	3.30996	19.0
5124.373	nan	28801	1.14940e-04	3.31035	20.4	26733	1.23870e-04	3.31133	21.2	27412	1.20760e-04	3.31035	18.0	27529	1.20230e-04	3.30977	19.0
5125.562	nan	28762	1.15110e-04	3.31074	20.4	26757	1.23780e-04	3.31191	21.3	27398	1.20810e-04	3.30996	18.0	27561	1.20100e-04	3.31016	19.0
5126.750	nan	28783	1.15000e-04	3.30996	20.4	26737	1.23840e-04	3.31113	21.3	27443	1.20620e-04	3.31016	18.0	27561	1.20080e-04	3.30957	19.0
5127.938	nan	28755	1.15140e-04	3.31094	20.4	26732	1.23890e-04	3.31172	21.2	27435	1.20630e-04	3.30957	18.0	27576	1.20040e-04	3.31016	19.0
5129.127	nan	28770	1.15060e-04	3.31035	20.4	26713	1.23950e-04	3.31113	21.3	27383	1.20890e-04	3.31035	18.0	27590	1.19960e-04	3.30977	19.0
5130.315	nan	28788	1.15010e-04	3.31094	20.4	26715	1.23970e-04	3.31191	21.2	27444	1.20620e-04	3.31016	18.0	27617	1.19870e-04	3.31035	19.0
5131.504	nan	28799	1.14960e-04	3.31074	20.4	26729	1.23890e-04	3.31152	21.2	27412	1.20750e-04	3.31016	18.0	27557	1.20110e-04	3.30996	19.0
5132.692	nan	28808	1.14930e-04	3.31094	20.4	26729	1.23910e-04	3.31191	21.2	27411	1.20760e-04	3.31016	18.0	27567	1.20090e-04	3.31055	19.0
5133.880	nan	28778	1.15030e-04	3.31035	20.4	26765	1.23710e-04	3.31113	21.3	27383	1.20890e-04	3.31035	18.0	27576	1.20020e-04	3.30957	19.0
5135.068	nan	28796	1.14970e-04	3.31055	20.4	26754	1.23790e-04	3.31172	21.2	27402	1.20790e-04	3.30996	18.0	27543	1.20190e-04	3.31035	19.0
5136.256	nan	28770	1.15080e-04	3.31094	20.4	26721	1.23940e-04	3.31172	21.2	27355	1.21000e-04	3.30996	18.0	27578	1.20030e-04	3.31016	19.0
5137.445	nan	28787	1.15000e-04	3.31055	20.4	26724	1.23910e-04	3.31133	21.2	27400	1.20820e-04	3.31035	18.0	27565	1.20080e-04	3.30996	19.0
5138.633	nan	28791	1.15020e-04	3.31152	20.4	26758	1.23790e-04	3.31230	21.3	27391	1.20850e-04	3.31016	18.0	27578	1.20060e-04	3.31094	19.0
5139.821	nan	28821	1.14860e-04	3.31035	20.4	26737	1.23860e-04	3.31152	21.3	27431	1.20700e-04	3.31074	18.0	27565	1.20090e-04	3.31016	19.0
5141.009	nan	28793	1.15000e-04	3.31113	20.4	26753	1.23790e-04	3.31172	21.2	27435	1.20640e-04	3.30977	18.0	27588	1.19990e-04	3.31016	19.0
5142.197	nan	28778	1.15040e-04	3.31055	20.4	26725	1.23910e-04	3.31152	21.3	27389	1.20860e-04	3.31035	18.0	27553	1.20130e-04	3.30996	19.0
5143.386	nan	28771	1.15090e-04	3.31133	20.4	26746	1.23830e-04	3.31191	21.2	27389	1.20860e-04	3.31016	18.0	27578	1.20040e-04	3.31035	19.0
5144.574	nan	28807	1.14920e-04	3.31055	20.4	26736	1.23860e-04	3.31152	21.3	27406	1.20800e-04	3.31055	18.0	27614	1.19870e-04	3.30996	19.0
5145.762	nan	28789	1.14980e-04	3.31016	20.4	26773	1.23690e-04	3.31152	21.3	27427	1.20680e-04	3.30996	18.0	27529	1.20230e-04	3.30977	19.0
5146.950	nan	28798	1.14960e-04	3.31055	20.4	26726	1.23890e-04	3.31113	21.2	27415	1.20730e-04	3.30977	18.0	27572	1.20040e-04	3.30977	19.0
5148.139	nan	28784	1.15020e-04	3.31074	20.4	26774	1.23700e-04	3.31191	21.2	27412	1.20750e-04	3.31016	18.0	27576	1.20040e-04	3.31035	19.0
5149.327	nan	28794	1.14970e-04	3.31035	20.4	26737	1.23840e-04	3.31113	21.2	27419	1.20720e-04	3.31016	18.0	27611	1.19870e-04	3.30977	19.0
5150.515	nan	28800	1.14950e-04	3.31055	20.4	26764	1.23740e-04	3.31172	21.2	27411	1.20750e-04	3.30996	18.0	27520	1.20270e-04	3.30996	19.0
5151.704	nan	28792	1.14990e-04	3.31074	20.4	26730	1.23890e-04	3.31152	21.2	27388	1.20860e-04	3.30996	18.0	27560	1.20100e-04	3.30996	19.0
5152.892	nan	28767	1.15080e-04	3.31055	20.4	26737	1.23870e-04	3.31191	21.2	27411	1.20770e-04	3.31035	18.0	27587	1.20000e-04	3.31055	19.0
5154.080	nan	28809	1.14920e-04	3.31074	20.4	26756	1.23750e-04	3.31113	21.2	27424	1.20690e-04	3.30977	18.0	27563	1.20070e-04	3.30957	19.0
5155.269	nan	28838	1.14800e-04	3.31055	20.4	26745	1.23820e-04	3.31152	21.2	27392	1.20840e-04	3.31016	18.0	27531	1.20230e-04	3.30996	19.0
5156.457	nan	28773	1.15070e-04	3.31074	20.4	26719	1.23950e-04	3.31172	21.2	27428	1.20690e-04	3.31016	18.0	27578	1.20030e-04	3.31016	19.0
5157.645	nan	28796	1.14970e-04	3.31055	20.4	26704	1.24010e-04	3.31152	21.2	27378	1.20900e-04	3.31016	18.0	27543	1.20170e-04	3.30996	19.0
5158.833	nan	28839	1.14790e-04	3.31055	20.4	26757	1.23760e-04	3.31152	21.2	27409	1.20750e-04	3.30977	18.0	27594	1.19950e-04	3.30977	19.0
5160.021	nan	28827	1.14850e-04	3.31074	20.4	26751	1.23800e-04	3.31172	21.2	27387	1.20860e-04	3.31016	18.0	27578	1.20040e-04	3.31035	19.0
5161.209	nan	28828	1.14850e-04	3.31074	20.4	26729	1.23900e-04	3.31172	21.2	27391	1.20850e-04	3.31016	18.0	27578	1.20030e-04	3.31016	19.0
5162.398	nan	28780	1.15020e-04	3.31016	20.4	26726	1.23920e-04	3.31172	21.2	27390	1.20840e-04	3.30996	18.0	27636	1.19770e-04	3.30996	19.0
5163.586	nan	28804	1.14950e-04	3.31094	20.4	26736	1.23860e-04	3.31152	21.3	27432	1.20660e-04	3.30996	18.0	27585	1.20000e-04	3.31016	19.0
5164.774	nan	28778	1.15020e-04	3.30996	20.4	26736	1.23840e-04	3.31094	21.2	27409	1.20780e-04	3.31035	18.0	27593	1.19940e-04	3.30957	19.0
5165.963	nan	28801	1.14970e-04	3.31133	20.4	26738	1.23870e-04	3.31211	21.2	27436	1.20640e-04	3.30977	18.0	27543	1.20190e-04	3.31055	19.0
5167.151	nan	28800	1.14940e-04	3.31035	20.4	26748	1.23800e-04	3.31133	21.2	27425	1.20720e-04	3.31074	18.0	27540	1.20180e-04	3.30977	19.0
5168.339	nan	28777	1.15060e-04	3.31113	20.4	26743	1.23830e-04	3.31172	21.2	27409	1.20750e-04	3.30957	18.0	27576	1.20040e-04	3.31016	19.0
5169.528	nan	28813	1.14890e-04	3.31035	20.4	26750	1.23790e-04	3.31133	21.3	27385	1.20890e-04	3.31055	18.0	27606	1.19900e-04	3.30996	19.0
5170.715	nan	28793	1.15000e-04	3.31113	20.4	26752	1.23800e-04	3.31191	21.2	27435	1.20650e-04	3.30996	18.0	27577	1.20030e-04	3.31016	19.0
5171.904	nan	28797	1.14950e-04	3.31035	20.4	26750	1.23790e-04	3.31133	21.2	27399	1.20820e-04	3.31035	18.0	27561	1.20090e-04	3.30977	19.0
5173.092	nan	28798	1.14980e-04	3.31113	20.4	26758	1.23780e-04	3.31211	21.2	27391	1.20830e-04	3.30977	18.0	27567	1.20090e-04	3.31055	19.0
5174.281	nan	28813	1.14890e-04	3.31035	20.4	26727	1.23890e-04	3.31113	21.2	27404	1.20800e-04	3.31035	18.0	27613	1.19860e-04	3.30957	19.0
5175.469	nan	28807	1.14940e-04	3.31113	20.4	26764	1.23750e-04	3.31211	21.2	27406	1.20770e-04	3.30977	18.0	27594	1.19980e-04	3.31055	19.0
5176.657	nan	28854	1.14740e-04	3.31055	20.4	26753	1.23770e-04	3.31133	21.2	27401	1.20820e-04	3.31055	18.0	27596	1.19940e-04	3.30996	19.0
5177.845	nan	28804	1.14930e-04	3.31055	20.4	26759	1.23750e-04	3.31152	21.2	27420	1.20710e-04	3.30996	18.0	27568	1.20070e-04	3.31016	19.0
5179.033	nan	28873	1.14650e-04	3.31035	20.4	26737	1.23850e-04	3.31133	21.2	27422	1.20700e-04	3.30996	18.0	27570	1.20050e-04	3.30977	19.0
5180.222	nan	28829	1.14860e-04	3.31113	20.4	26701	1.24040e-04	3.31211	21.2	27404	1.20780e-04	3.30996	18.0	27563	1.20110e-04	3.31055	19.0
5181.410	nan	28828	1.14850e-04	3.31094	20.4	26743	1.23830e-04	3.31152	21.2	27384	1.20900e-04	3.31055	18.0	27579	1.20020e-04	3.30996	19.0
5182.598	nan	28780	1.15020e-04	3.31035	20.4	26765	1.23720e-04	3.31152	21.2	27402	1.20800e-04	3.31016	18.0	27580	1.20010e-04	3.30996	19.0
5183.787	nan	28812	1.14900e-04	3.31055	20.4	26759	1.23740e-04	3.31113	21.2	27414	1.20720e-04	3.30957	18.0	27603	1.19900e-04	3.30957	19.0
5184.975	nan	28754	1.15140e-04	3.31074	20.4	26717	1.23960e-04	3.31172	21.2	27445	1.20610e-04	3.30996	18.0	27554	1.20130e-04	3.31016	19.0
5186.163	nan	28787	1.15010e-04	3.31074	20.4	26735	1.23870e-04	3.31172	21.2	27435	1.20660e-04	3.31035	18.0	27591	1.19980e-04	3.31035	19.0
5187.351	nan	28808	1.14910e-04	3.31035	20.4	26755	1.23770e-04	3.31152	21.2	27392	1.20840e-04	3.31016	18.0	27573	1.20050e-04	3.31016	19.0
5188.540	nan	28809	1.14930e-04	3.31094	20.4	26736	1.23870e-04	3.31172	21.2	27415	1.20730e-04	3.30977	18.0	27547	1.20160e-04	3.30996	19.0
5189.728	nan	28875	1.14640e-04	3.31035	20.4	26752	1.23780e-04	3.31133	21.2	27457	1.20570e-04	3.31035	18.0	27562	1.20080e-04	3.30977	19.0
5190.916	nan	28808	1.14930e-04	3.31074	20.4	26786	1.23630e-04	3.31152	21.2	27413	1.20740e-04	3.30977	18.0	27595	1.19960e-04	3.31016	19.0
5192.105	nan	28802	1.14930e-04	3.31016	20.4	26767	1.23700e-04	3.31094	21.2	27414	1.20750e-04	3.31016	18.0	27570	1.20040e-04	3.30957	19.0
5193.292	nan	28785	1.15030e-04	3.31113	20.4	26758	1.23770e-04	3.31172	21.2	27418	1.20710e-04	3.30957	18.0	27561	1.20100e-04	3.31016	19.0
5194.481	nan	28790	1.14990e-04	3.31055	20.4	26748	1.23800e-04	3.31152	21.2	27428	1.20700e-04	3.31055	18.0	27587	1.19980e-04	3.30996	19.0
5195.669	nan	28819	1.14870e-04	3.31055	20.4	26779	1.23660e-04	3.31152	21.2	27455	1.20560e-04	3.30996	18.0	27569	1.20060e-04	3.30996	19.0
5196.857	nan	28820	1.14860e-04	3.31035	20.4	26750	1.23780e-04	3.31113	21.2	27407	1.20770e-04	3.30996	18.0	27593	1.19940e-04	3.30938	19.0
5198.045	nan	28786	1.15010e-04	3.31074	20.4	26711	1.23980e-04	3.31172	21.2	27419	1.20710e-04	3.30957	18.0	27609	1.19910e-04	3.31055	19.0
5199.234	nan	28821	1.14850e-04	3.31016	20.4	26762	1.23730e-04	3.31133	21.2	27413	1.20750e-04	3.31016	18.0	27603	1.19900e-04	3.30957	19.0
5200.422	nan	28842	1.14790e-04	3.31094	20.4	26759	1.23770e-04	3.31191	21.2	27408	1.20770e-04	3.30996	18.0	27579	1.20030e-04	3.31035	19.0
5201.610	nan	28816	1.14880e-04	3.31035	20.4	26731	1.23870e-04	3.31113	21.2	27394	1.20830e-04	3.31016	18.0	27596	1.19930e-04	3.30957	19.0
5202.799	nan	28803	1.14940e-04	3.31074	20.4	26757	1.23770e-04	3.31172	21.2	27421	1.20710e-04	3.30996	18.0	27561	1.20100e-04	3.31016	19.0
5203.987	nan	28787	1.15000e-04	3.31055	20.4	26740	1.23840e-04	3.31152	21.2	27432	1.20660e-04	3.30996	18.0	27619	1.19840e-04	3.30996	19.0
5205.175	nan	28824	1.14850e-04	3.31055	20.4	26731	1.23890e-04	3.31172	21.3	27425	1.20700e-04	3.31016	18.0	27580	1.20020e-04	3.31016	19.0
5206.363	nan	28792	1.14970e-04	3.31035	20.4	26734	1.23860e-04	3.31133	21.2	27406	1.20780e-04	3.31016	18.0	27596	1.19940e-04	3.30977	19.0
5207.552	nan	28836	1.14790e-04	3.31016	20.4	26729	1.23880e-04	3.31133	21.2	27429	1.20670e-04	3.30996	18.0	27612	1.19870e-04	3.30977	19.0
5208.740	nan	28775	1.15060e-04	3.31094	20.4	26756	1.23790e-04	3.31211	21.2	27387	1.20840e-04	3.30957	18.0	27604	1.19930e-04	3.31055	19.0
5209.928	nan	28796	1.14980e-04	3.31094	20.4	26743	1.23840e-04	3.31191	21.2	27386	1.20890e-04	3.31055	18.0	27607	1.19910e-04	3.31035	19.0
5211.116	nan	28792	1.14980e-04	3.31055	20.4	26754	1.23770e-04	3.31133	21.2	27420	1.20730e-04	3.31035	18.0	27604	1.19900e-04	3.30977	19.0
5212.305	nan	28810	1.14890e-04	3.31016	20.4	26741	1.23820e-04	3.31094	21.2	27437	1.20640e-04	3.30996	18.0	27592	1.19950e-04	3.30957	19.0
5213.493	nan	28857	1.14740e-04	3.31094	20.4	26749	1.23810e-04	3.31172	21.2	27448	1.20580e-04	3.30957	18.0	27597	1.19940e-04	3.30996	19.0
5214.681	nan	28818	1.14880e-04	3.31074	20.4	26748	1.23810e-04	3.31172	21.2	27421	1.20720e-04	3.31035	18.0	27584	1.20000e-04	3.31016	19.0
5215.869	nan	28841	1.14790e-04	3.31074	20.4	26755	1.23780e-04	3.31172	21.3	27439	1.20630e-04	3.30996	18.0	27590	1.19970e-04	3.30996	19.0
5217.058	nan	28790	1.14980e-04	3.31016	20.4	26755	1.23750e-04	3.31094	21.2	27403	1.20800e-04	3.31016	18.0	27609	1.19870e-04	3.30957	19.0
5218.246	nan	28806	1.14930e-04	3.31074	20.4	26747	1.23830e-04	3.31191	21.2	27394	1.20820e-04	3.30977	18.0	27579	1.20030e-04	3.31035	19.0
5219.434	nan	28784	1.15030e-04	3.31094	20.4	26785	1.23650e-04	3.31191	21.2	27400	1.20810e-04	3.31016	18.0	27581	1.20020e-04	3.31016	19.0
5220.623	nan	28826	1.14850e-04	3.31074	20.4	26747	1.23820e-04	3.31172	21.2	27444	1.20630e-04	3.31055	18.0	27581	1.20020e-04	3.31016	19.0
5221.811	nan	28813	1.14890e-04	3.31035	20.4	26744	1.23820e-04	3.31133	21.2	27432	1.20660e-04	3.30996	18.0	27604	1.19890e-04	3.30957	19.0
5222.999	nan	28818	1.14880e-04	3.31055	20.4	26767	1.23720e-04	3.31152	21.2	27436	1.20630e-04	3.30977	18.0	27525	1.20260e-04	3.31016	19.0
5224.187	nan	28841	1.14810e-04	3.31133	20.4	26734	1.23880e-04	3.31191	21.2	27410	1.20770e-04	3.31016	18.0	27591	1.19980e-04	3.31035	19.0
5225.375	nan	28817	1.14890e-04	3.31074	20.4	26754	1.23790e-04	3.31191	21.2	27420	1.20730e-04	3.31055	18.0	27608	1.19910e-04	3.31035	19.0
5226.563	nan	28853	1.14730e-04	3.31035	20.4	26745	1.23810e-04	3.31133	21.2	27433	1.20670e-04	3.31035	18.0	27607	1.19890e-04	3.30977	19.0
5227.752	nan	28776	1.15060e-04	3.31094	20.4	26789	1.23620e-04	3.31172	21.3	27400	1.20800e-04	3.30996	18.0	27581	1.20010e-04	3.31016	19.0
5228.940	nan	28770	1.15100e-04	3.31133	20.4	26780	1.23680e-04	3.31211	21.2	27424	1.20700e-04	3.31016	18.0	27598	1.19960e-04	3.31074	19.0
5230.129	nan	28783	1.15020e-04	3.31074	20.4	26759	1.23760e-04	3.31172	21.2	27379	1.20920e-04	3.31074	18.0	27610	1.19890e-04	3.31035	19.0
5231.317	nan	28772	1.15060e-04	3.31035	20.4	26753	1.23770e-04	3.31113	21.2	27385	1.20880e-04	3.31016	18.0	27582	1.19990e-04	3.30957	19.0
5232.505	nan	28819	1.14870e-04	3.31035	20.4	26781	1.23640e-04	3.31133	21.2	27378	1.20890e-04	3.30977	18.0	27569	1.20060e-04	3.30996	19.0
5233.693	nan	28834	1.14840e-04	3.31133	20.4	26777	1.23690e-04	3.31211	21.2	27380	1.20880e-04	3.30977	18.0	27572	1.20070e-04	3.31055	19.0
5234.881	nan	28811	1.14910e-04	3.31055	20.4	26796	1.23580e-04	3.31152	21.2	27371	1.20960e-04	3.31074	18.0	27589	1.19980e-04	3.31016	19.0
5236.070	nan	28833	1.14830e-04	3.31074	20.4	26760	1.23750e-04	3.31172	21.2	27400	1.20800e-04	3.30996	18.0	27613	1.19870e-04	3.30996	19.0
5237.258	nan	28808	1.14920e-04	3.31055	20.4	26751	1.23790e-04	3.31152	21.3	27395	1.20830e-04	3.31016	18.0	27590	1.19970e-04	3.30996	19.0
5238.446	nan	28822	1.14860e-04	3.31055	20.4	26775	1.23680e-04	3.31152	21.2	27420	1.20700e-04	3.30977	18.0	27598	1.19930e-04	3.30977	19.0
5239.634	nan	28829	1.14840e-04	3.31074	20.4	26737	1.23860e-04	3.31172	21.2	27380	1.20900e-04	3.31016	18.0	27579	1.20030e-04	3.31016	19.0
5240.823	nan	28832	1.14810e-04	3.31035	20.4	26771	1.23690e-04	3.31133	21.2	27391	1.20840e-04	3.30996	18.0	27573	1.20040e-04	3.30977	19.0
5242.011	nan	28776	1.15030e-04	3.31016	20.4	26766	1.23710e-04	3.31113	21.3	27369	1.20940e-04	3.30996	18.0	27597	1.19930e-04	3.30957	19.0
5243.199	nan	28822	1.14860e-04	3.31055	20.4	26776	1.23680e-04	3.31152	21.2	27420	1.20700e-04	3.30957	18.0	27567	1.20080e-04	3.31016	19.0
5244.387	nan	28826	1.14830e-04	3.31016	20.4	26763	1.23720e-04	3.31113	21.2	27382	1.20890e-04	3.31016	18.0	27549	1.20140e-04	3.30977	19.0
5245.576	nan	28854	1.14740e-04	3.31074	20.4	26748	1.23810e-04	3.31152	21.3	27396	1.20810e-04	3.30977	18.0	27617	1.19850e-04	3.30996	19.0
5246.764	nan	28816	1.14870e-04	3.31016	20.4	26755	1.23760e-04	3.31113	21.3	27404	1.20790e-04	3.30996	18.0	27596	1.19920e-04	3.30938	19.0
5247.952	nan	28815	1.14920e-04	3.31152	20.4	26783	1.23680e-04	3.31250	21.2	27391	1.20830e-04	3.30977	18.0	27613	1.19900e-04	3.31094	19.0
5249.141	nan	28802	1.14940e-04	3.31035	20.4	26771	1.23730e-04	3.31250	21.3	27376	1.20940e-04	3.31074	18.0	27594	1.19940e-04	3.30977	19.0
5250.329	nan	28795	1.14980e-04	3.31094	20.4	26762	1.23730e-04	3.31133	21.2	27380	1.20880e-04	3.30977	18.0	27605	1.19920e-04	3.31035	19.0
5251.517	nan	28830	1.14820e-04	3.31035	20.4	26755	1.23780e-04	3.31172	21.3	27376	1.20920e-04	3.31035	18.0	27607	1.19900e-04	3.31016	19.0
5252.706	nan	28803	1.14950e-04	3.31094	20.4	26752	1.23780e-04	3.31133	21.3	27378	1.20900e-04	3.30996	18.0	27613	1.19870e-04	3.31016	19.0
5253.893	nan	28819	1.14870e-04	3.31055	20.4	26752	1.23800e-04	3.31191	21.3	27420	1.20730e-04	3.31035	18.0	27634	1.19770e-04	3.30977	19.0
5255.082	nan	28835	1.14810e-04	3.31055	20.4	26741	1.23830e-04	3.31133	21.2	27372	1.20920e-04	3.30996	18.0	27576	1.20040e-04	3.31016	19.0
5256.270	nan	28793	1.14980e-04	3.31055	20.4	26755	1.23760e-04	3.31133	21.2	27405	1.20780e-04	3.30996	18.0	27584	1.19990e-04	3.30977	19.0
5257.458	nan	28835	1.14790e-04	3.31016	20.4	26761	1.23740e-04	3.31133	21.3	27391	1.20840e-04	3.30996	18.0	27611	1.19860e-04	3.30938	19.0
5258.646	nan	28793	1.14970e-04	3.31016	20.4	26751	1.23780e-04	3.31113	21.3	27380	1.20870e-04	3.30957	18.0	27604	1.19890e-04	3.30957	19.0
5259.835	nan	28866	1.14670e-04	3.31016	20.4	26771	1.23680e-04	3.31113	21.3	27430	1.20660e-04	3.30977	18.0	27593	1.19940e-04	3.30957	19.0
5261.023	nan	28811	1.14910e-04	3.31074	20.4	26775	1.23660e-04	3.31113	21.3	27375	1.20900e-04	3.30977	18.0	27596	1.19940e-04	3.30996	19.0
5262.211	nan	28844	1.14760e-04	3.31016	20.4	26781	1.23650e-04	3.31152	21.3	27412	1.20750e-04	3.31016	18.0	27605	1.19900e-04	3.30977	19.0
5263.400	nan	28878	1.14630e-04	3.31035	20.4	26736	1.23850e-04	3.31113	21.3	27390	1.20830e-04	3.30957	18.0	27628	1.19800e-04	3.30977	19.0
5264.588	nan	28805	1.14920e-04	3.31035	20.4	26771	1.23690e-04	3.31133	21.3	27424	1.20690e-04	3.30977	18.0	27593	1.19940e-04	3.30957	19.0
5265.776	nan	28820	1.14860e-04	3.31035	20.4	26763	1.23730e-04	3.31133	21.3	27390	1.20840e-04	3.30977	18.0	27567	1.20060e-04	3.30957	19.0
5266.964	nan	28818	1.14860e-04	3.31016	20.4	26776	1.23660e-04	3.31113	21.3	27386	1.20860e-04	3.30977	18.0	27647	1.19700e-04	3.30938	19.0
5268.153	nan	28804	1.14930e-04	3.31035	20.4	26762	1.23720e-04	3.31094	21.3	27430	1.20650e-04	3.30938	18.0	27605	1.19900e-04	3.30977	19.0
5269.341	nan	28851	1.14720e-04	3.30977	20.4	26751	1.23780e-04	3.31133	21.3	27409	1.20760e-04	3.30977	18.0	27616	1.19830e-04	3.30918	19.0
5270.529	nan	28810	1.14920e-04	3.31074	20.4	26759	1.23720e-04	3.31074	21.3	27402	1.20770e-04	3.30938	18.0	27619	1.19850e-04	3.31016	19.0
5271.717	nan	28796	1.14950e-04	3.31016	20.4	26780	1.23650e-04	3.31152	21.3	27408	1.20770e-04	3.30996	18.0	27600	1.19910e-04	3.30957	19.0
5272.906	nan	28827	1.14860e-04	3.31094	20.4	26739	1.23830e-04	3.31094	21.3	27406	1.20760e-04	3.30957	18.0	27560	1.20110e-04	3.31035	19.0
5274.094	nan	28831	1.14830e-04	3.31074	20.4	26770	1.23720e-04	3.31191	21.3	27410	1.20770e-04	3.31035	18.0	27599	1.19930e-04	3.30996	19.0
5275.282	nan	28790	1.14980e-04	3.31035	20.4	26788	1.23620e-04	3.31152	21.3	27448	1.20590e-04	3.30996	18.0	27609	1.19880e-04	3.30977	19.0
5276.471	nan	28847	1.14740e-04	3.30977	20.4	26785	1.23630e-04	3.31133	21.3	27416	1.20720e-04	3.30977	18.0	27606	1.19880e-04	3.30938	19.0
5277.659	nan	28825	1.14860e-04	3.31074	20.4	26779	1.23640e-04	3.31094	21.3	27387	1.20840e-04	3.30957	18.0	27621	1.19840e-04	3.31016	19.0
5278.847	nan	28811	1.14910e-04	3.31055	20.4	26770	1.23710e-04	3.31172	21.3	27422	1.20720e-04	3.31035	18.0	27628	1.19800e-04	3.30996	19.0
5280.035	nan	28820	1.14860e-04	3.31035	20.4	26745	1.23810e-04	3.31133	21.3	27403	1.20790e-04	3.30996	18.0	27584	1.19990e-04	3.30977	19.0
5281.223	nan	28791	1.14980e-04	3.31035	20.4	26777	1.23650e-04	3.31113	21.3	27409	1.20760e-04	3.30977	18.0	27618	1.19840e-04	3.30977	19.0
5282.412	nan	28807	1.14930e-04	3.31094	20.4	26772	1.23690e-04	3.31133	21.3	27382	1.20890e-04	3.31016	18.0	27600	1.19940e-04	3.31035	19.0
5283.600	nan	28836	1.14810e-04	3.31055	20.4	26753	1.23790e-04	3.31172	21.3	27417	1.20730e-04	3.31016	18.0	27563	1.20080e-04	3.30977	19.0
5284.788	nan	28856	1.14710e-04	3.31016	20.4	26738	1.23840e-04	3.31133	21.3	27400	1.20800e-04	3.30996	18.0	27598	1.19930e-04	3.30977	19.0
5285.976	nan	28817	1.14900e-04	3.31094	20.4	26776	1.23660e-04	3.31113	21.3	27389	1.20830e-04	3.30957	18.0	27580	1.20020e-04	3.31016	19.0
5287.165	nan	28846	1.14770e-04	3.31074	20.4	26764	1.23740e-04	3.31172	21.3	27397	1.20820e-04	3.31016	18.0	27627	1.19820e-04	3.31016	19.0
5288.353	nan	28740	1.15190e-04	3.31055	20.4	26727	1.23900e-04	3.31152	21.3	27401	1.20800e-04	3.31016	18.0	27645	1.19730e-04	3.30996	19.0
5289.541	nan	28814	1.14870e-04	3.30996	20.4	26777	1.23670e-04	3.31152	21.3	27423	1.20710e-04	3.31016	18.0	27644	1.19710e-04	3.30938	19.0
5290.729	nan	28850	1.14770e-04	3.31094	20.4	26729	1.23870e-04	3.31094	21.3	27424	1.20680e-04	3.30938	18.0	27611	1.19890e-04	3.31016	19.0
5291.918	nan	28835	1.14820e-04	3.31074	20.4	26719	1.23950e-04	3.31172	21.3	27400	1.20820e-04	3.31035	18.0	27632	1.19790e-04	3.30996	19.0
5293.106	nan	28839	1.14810e-04	3.31113	20.4	26753	1.23790e-04	3.31172	21.3	27407	1.20780e-04	3.31035	18.0	27637	1.19790e-04	3.31055	19.0
5294.294	nan	28793	1.14970e-04	3.31016	20.4	26751	1.23810e-04	3.31211	21.3	27376	1.20930e-04	3.31055	18.0	27631	1.19770e-04	3.30918	19.0
5295.483	nan	28801	1.14970e-04	3.31113	20.4	26795	1.23570e-04	3.31113	21.3	27381	1.20860e-04	3.30938	18.0	27601	1.19940e-04	3.31055	19.0
5296.671	nan	28829	1.14850e-04	3.31113	20.4	26746	1.23830e-04	3.31191	21.3	27387	1.20880e-04	3.31055	18.0	27595	1.19970e-04	3.31055	19.0
5297.859	nan	28825	1.14870e-04	3.31094	20.4	26776	1.23690e-04	3.31191	21.3	27378	1.20920e-04	3.31055	18.0	27605	1.19910e-04	3.31016	19.0
5299.047	nan	28840	1.14780e-04	3.31035	20.4	26744	1.23830e-04	3.31172	21.3	27410	1.20770e-04	3.31016	18.0	27652	1.19690e-04	3.30957	19.0
5300.235	nan	28847	1.14770e-04	3.31094	20.4	26758	1.23750e-04	3.31133	21.3	27390	1.20840e-04	3.30977	18.0	27580	1.20030e-04	3.31035	19.0
5301.424	nan	28800	1.14960e-04	3.31074	20.4	26760	1.23750e-04	3.31172	21.3	27379	1.20910e-04	3.31035	18.0	27593	1.19970e-04	3.31016	19.0
5302.612	nan	28821	1.14870e-04	3.31055	20.4	26767	1.23720e-04	3.31152	21.3	27395	1.20830e-04	3.31016	18.0	27613	1.19860e-04	3.30977	19.0
5303.800	nan	28821	1.14860e-04	3.31035	20.4	26791	1.23610e-04	3.31152	21.3	27393	1.20830e-04	3.30996	18.0	27594	1.19950e-04	3.30996	19.0
5304.988	nan	28812	1.14900e-04	3.31055	20.4	26767	1.23710e-04	3.31133	21.3	27425	1.20680e-04	3.30977	18.0	27624	1.19820e-04	3.30996	19.0
5306.177	nan	28812	1.14890e-04	3.31035	20.4	26769	1.23710e-04	3.31152	21.3	27407	1.20770e-04	3.30996	18.0	27593	1.19960e-04	3.30996	19.0
5307.365	nan	28786	1.14980e-04	3.30996	20.4	26743	1.23820e-04	3.31133	21.3	27414	1.20740e-04	3.30996	18.0	27643	1.19720e-04	3.30938	19.0
5308.553	nan	28783	1.15040e-04	3.31113	20.4	26752	1.23760e-04	3.31094	21.3	27422	1.20690e-04	3.30957	18.0	27623	1.19850e-04	3.31055	19.0
5309.742	nan	28806	1.14930e-04	3.31074	20.4	26749	1.23810e-04	3.31191	21.3	27403	1.20800e-04	3.31035	18.0	27550	1.20140e-04	3.30977	19.0
5310.930	nan	28808	1.14920e-04	3.31074	20.4	26749	1.23800e-04	3.31152	21.3	27421	1.20710e-04	3.30996	18.0	27561	1.20100e-04	3.31016	19.0
5312.118	nan	28820	1.14860e-04	3.31016	20.4	26713	1.23970e-04	3.31152	21.3	27401	1.20800e-04	3.30996	18.0	27582	1.19990e-04	3.30957	19.0
5313.306	nan	28807	1.14940e-04	3.31113	20.4	26734	1.23850e-04	3.31113	21.3	27426	1.20670e-04	3.30957	18.0	27582	1.20020e-04	3.31055	19.0
5314.495	nan	28776	1.15040e-04	3.31055	20.4	26752	1.23800e-04	3.31191	21.3	27412	1.20760e-04	3.31035	18.0	27597	1.19950e-04	3.31016	19.0
5315.683	nan	28790	1.14980e-04	3.31035	20.4	26725	1.23910e-04	3.31152	21.3	27399	1.20810e-04	3.30996	18.0	27571	1.20040e-04	3.30977	19.0
5316.871	nan	28767	1.15080e-04	3.31035	20.4	26742	1.23830e-04	3.31133	21.3	27464	1.20510e-04	3.30977	18.0	27563	1.20080e-04	3.30977	19.0
5318.059	nan	28774	1.15050e-04	3.31055	20.4	26754	1.23770e-04	3.31133	21.3	27465	1.20510e-04	3.30977	18.0	27614	1.19870e-04	3.30996	19.0
5319.248	nan	28701	1.15350e-04	3.31055	20.4	26769	1.23700e-04	3.31133	21.3	27440	1.20630e-04	3.30996	18.0	27595	1.19950e-04	3.30996	19.0
5320.436	nan	28779	1.15030e-04	3.31035	20.4	26794	1.23590e-04	3.31152	21.3	27430	1.20670e-04	3.30996	18.0	27607	1.19890e-04	3.30977	19.0
5321.624	nan	28748	1.15160e-04	3.31074	20.4	26777	1.23660e-04	3.31133	21.3	27438	1.20630e-04	3.30977	18.0	27589	1.19980e-04	3.30996	19.0
5322.812	nan	28736	1.15200e-04	3.31055	20.4	26780	1.23650e-04	3.31152	21.3	27476	1.20470e-04	3.30996	18.0	27575	1.20040e-04	3.30996	19.0
5324.001	nan	28717	1.15290e-04	3.31074	20.4	26754	1.23780e-04	3.31152	21.3	27437	1.20640e-04	3.30996	18.0	27567	1.20080e-04	3.31016	19.0
5325.189	nan	28702	1.15350e-04	3.31074	20.4	26792	1.23610e-04	3.31172	21.3	27462	1.20530e-04	3.31016	18.0	27576	1.20040e-04	3.31016	19.0
5326.377	nan	28705	1.15330e-04	3.31055	20.5	26764	1.23740e-04	3.31172	21.3	27467	1.20510e-04	3.31016	18.0	27583	1.20000e-04	3.30996	19.0
5327.565	nan	28728	1.15230e-04	3.31035	20.5	26730	1.23890e-04	3.31152	21.3	27467	1.20510e-04	3.31016	18.0	27588	1.19970e-04	3.30977	19.0
5328.753	nan	28698	1.15360e-04	3.31055	20.5	26735	1.23860e-04	3.31152	21.3	27512	1.20310e-04	3.30996	18.0	27585	1.19990e-04	3.30996	19.0
5329.942	nan	28657	1.15530e-04	3.31074	20.5	26733	1.23870e-04	3.31152	21.3	27497	1.20380e-04	3.30996	18.0	27586	1.19990e-04	3.30996	19.0
5331.130	nan	28621	1.15680e-04	3.31074	20.5	26743	1.23830e-04	3.31172	21.3	27502	1.20360e-04	3.30996	18.0	27604	1.19910e-04	3.31016	19.0
5332.318	nan	28661	1.15510e-04	3.31074	20.5	26741	1.23840e-04	3.31152	21.2	27514	1.20310e-04	3.31016	18.0	27604	1.19920e-04	3.31016	19.0
5333.507	nan	28662	1.15510e-04	3.31074	20.5	26716	1.23950e-04	3.31152	21.2	27486	1.20420e-04	3.30996	18.0	27616	1.19860e-04	3.31016	19.0
5334.695	nan	28591	1.15790e-04	3.31055	20.5	26721	1.23940e-04	3.31172	21.2	27515	1.20310e-04	3.31035	18.0	27575	1.20040e-04	3.30996	19.0
5335.883	nan	28616	1.15700e-04	3.31074	20.5	26700	1.24030e-04	3.31152	21.2	27533	1.20220e-04	3.30996	18.0	27578	1.20020e-04	3.30996	19.0
5337.071	nan	28568	1.15900e-04	3.31094	20.5	26789	1.23620e-04	3.31152	21.2	27562	1.20100e-04	3.31016	18.0	27569	1.20060e-04	3.30996	19.0
5338.260	nan	28470	1.16290e-04	3.31094	20.5	26805	1.23550e-04	3.31172	21.2	27600	1.19940e-04	3.31035	18.0	27561	1.20100e-04	3.31016	19.0
5339.448	nan	28397	1.16590e-04	3.31074	20.5	26853	1.23330e-04	3.31172	21.2	27568	1.20070e-04	3.31016	18.0	27563	1.20100e-04	3.31035	19.0
5340.636	nan	28337	1.16830e-04	3.31055	20.5	26909	1.23080e-04	3.31191	21.2	27625	1.19820e-04	3.31016	18.0	27593	1.19970e-04	3.31035	19.0
5341.824	nan	28405	1.16560e-04	3.31094	20.5	27089	1.22250e-04	3.31172	21.2	27636	1.19780e-04	3.31016	18.0	27579	1.20030e-04	3.31016	19.0
5343.013	nan	28415	1.16520e-04	3.31094	20.5	27264	1.21470e-04	3.31172	21.2	27678	1.19600e-04	3.31035	18.0	27513	1.20320e-04	3.31035	19.0
5344.201	nan	28315	1.16940e-04	3.31113	20.5	27318	1.21240e-04	3.31191	21.2	27726	1.19390e-04	3.31035	18.0	27436	1.20660e-04	3.31035	19.0
5345.389	nan	28227	1.17300e-04	3.31094	20.5	27208	1.21730e-04	3.31191	21.2	27738	1.19350e-04	3.31035	18.0	27459	1.20560e-04	3.31055	19.0
5346.577	nan	28307	1.16970e-04	3.31094	20.5	27172	1.21890e-04	3.31191	21.2	27843	1.18890e-04	3.31035	18.0	27634	1.19790e-04	3.31035	19.0
5347.765	nan	28319	1.16910e-04	3.31074	20.5	27121	1.22110e-04	3.31191	21.2	27853	1.18860e-04	3.31055	18.0	27661	1.19680e-04	3.31035	19.0
5348.954	nan	28347	1.16800e-04	3.31094	20.5	27044	1.22460e-04	3.31191	21.2	27820	1.18980e-04	3.31016	18.0	27637	1.19780e-04	3.31035	19.0
5350.142	nan	28384	1.16650e-04	3.31094	20.6	27059	1.22400e-04	3.31191	21.2	27857	1.18840e-04	3.31035	18.0	27597	1.19950e-04	3.31035	19.0
5351.330	nan	28361	1.16740e-04	3.31094	20.6	27093	1.22250e-04	3.31211	21.2	27776	1.19190e-04	3.31055	18.0	27613	1.19890e-04	3.31055	19.0
5352.518	nan	28306	1.16980e-04	3.31133	20.6	27062	1.22380e-04	3.31172	21.2	27818	1.19000e-04	3.31035	18.0	27579	1.20030e-04	3.31035	19.0
5353.707	nan	28374	1.16690e-04	3.31094	20.6	27101	1.22220e-04	3.31230	21.2	27794	1.19110e-04	3.31055	18.0	27560	1.20120e-04	3.31055	19.0
5354.895	nan	28348	1.16810e-04	3.31133	20.6	27086	1.22270e-04	3.31191	21.2	27791	1.19120e-04	3.31035	18.0	27616	1.19870e-04	3.31035	19.0
5356.083	nan	28360	1.16750e-04	3.31113	20.6	27077	1.22320e-04	3.31211	21.2	27815	1.19020e-04	3.31055	18.0	27581	1.20030e-04	3.31055	19.0
5357.271	nan	28292	1.17030e-04	3.31094	20.6	27112	1.22160e-04	3.31191	21.2	27819	1.19000e-04	3.31055	18.0	27516	1.20310e-04	3.31055	19.0
5358.460	nan	28323	1.16900e-04	3.31113	20.6	27095	1.22230e-04	3.31191	21.2	27831	1.18950e-04	3.31055	18.0	27573	1.20060e-04	3.31035	19.0
5359.648	nan	28321	1.16920e-04	3.31113	20.6	27064	1.22380e-04	3.31211	21.2	27816	1.19020e-04	3.31055	18.0	27571	1.20070e-04	3.31055	19.0
5360.836	nan	28294	1.17020e-04	3.31094	20.6	27052	1.22430e-04	3.31191	21.2	27813	1.19030e-04	3.31055	18.0	27553	1.20150e-04	3.31035	19.0
5362.024	nan	28305	1.16980e-04	3.31113	20.6	27095	1.22230e-04	3.31191	21.2	27802	1.19070e-04	3.31055	18.0	27548	1.20170e-04	3.31035	19.0
5363.212	nan	28282	1.17070e-04	3.31113	20.6	27059	1.22400e-04	3.31211	21.2	27811	1.19040e-04	3.31055	18.0	27543	1.20200e-04	3.31055	19.0
5364.401	nan	28286	1.17060e-04	3.31113	20.6	27098	1.22230e-04	3.31211	21.2	27778	1.19180e-04	3.31055	18.0	27540	1.20210e-04	3.31055	19.0
5365.589	nan	28273	1.17120e-04	3.31133	20.6	27070	1.22360e-04	3.31230	21.2	27797	1.19110e-04	3.31074	18.0	27549	1.20170e-04	3.31055	19.0
5366.777	nan	28287	1.17050e-04	3.31113	20.6	27136	1.22060e-04	3.31211	21.2	27836	1.18940e-04	3.31074	18.0	27546	1.20180e-04	3.31055	19.0
5367.966	nan	28266	1.17140e-04	3.31113	20.6	27055	1.22420e-04	3.31211	21.2	27813	1.19030e-04	3.31055	18.0	27530	1.20250e-04	3.31055	19.0
