Sensors: ['0x40', '0x41', '0x44', '0x45']
Die temperature enabled: 1
Time [s]	PT104 [°C]	R_0 [Ω]	I_0 [A]	V_0 [V]	T_die_0 [°C]	R_1 [Ω]	I_1 [A]	V_1 [V]	T_die_1 [°C]	R_2 [Ω]	I_2 [A]	V_2 [V]	T_die_2 [°C]	R_3 [Ω]	I_3 [A]	V_3 [V]	T_die_3 [°C]
59560.196	16.040	31569	1.05170e-04	3.31992	25.6	30926	1.07360e-04	3.32012	26.1	31565	1.05140e-04	3.31875	25.0	31230	1.06250e-04	3.31836	26.3
59561.384	16.040	31521	1.05330e-04	3.32012	25.6	30923	1.07360e-04	3.31992	26.1	31556	1.05170e-04	3.31875	25.0	31203	1.06350e-04	3.31836	26.3
59562.572	16.040	31558	1.05200e-04	3.31992	25.6	30941	1.07310e-04	3.32012	26.1	31518	1.05300e-04	3.31895	25.0	31214	1.06320e-04	3.31855	26.3
59563.761	16.049	31548	1.05240e-04	3.32012	25.6	30944	1.07290e-04	3.31992	26.1	31518	1.05300e-04	3.31875	25.0	31293	1.06050e-04	3.31855	26.3
59564.949	16.049	31611	1.05030e-04	3.32012	25.6	30966	1.07220e-04	3.32012	26.1	31534	1.05250e-04	3.31895	25.0	31221	1.06290e-04	3.31855	26.3
59566.137	16.028	31570	1.05160e-04	3.31992	25.6	30943	1.07290e-04	3.31992	26.1	31529	1.05260e-04	3.31875	25.0	31248	1.06190e-04	3.31836	26.3
59567.326	16.028	31608	1.05040e-04	3.32012	25.6	30983	1.07160e-04	3.32012	26.1	31509	1.05330e-04	3.31875	25.0	31297	1.06030e-04	3.31836	26.3
59568.514	16.026	31567	1.05180e-04	3.32012	25.6	31015	1.07040e-04	3.31992	26.1	31625	1.04950e-04	3.31895	25.0	31293	1.06050e-04	3.31855	26.3
59569.702	16.026	31561	1.05190e-04	3.31992	25.6	30959	1.07240e-04	3.32012	26.1	31603	1.05010e-04	3.31875	25.0	31223	1.06290e-04	3.31875	26.3
59570.890	16.030	31591	1.05100e-04	3.32031	25.6	30931	1.07340e-04	3.32012	26.1	31526	1.05270e-04	3.31875	25.0	31284	1.06080e-04	3.31855	26.3
59572.079	16.030	31592	1.05090e-04	3.32012	25.6	30933	1.07340e-04	3.32051	26.1	31570	1.05130e-04	3.31895	25.0	31286	1.06080e-04	3.31875	26.3
59573.266	16.025	31541	1.05260e-04	3.31992	25.6	30921	1.07380e-04	3.32031	26.1	31582	1.05080e-04	3.31875	25.0	31269	1.06130e-04	3.31855	26.3
59574.455	16.025	31506	1.05380e-04	3.32012	25.6	30981	1.07170e-04	3.32012	26.1	31507	1.05340e-04	3.31895	25.0	31254	1.06180e-04	3.31855	26.3
59575.643	16.025	31485	1.05450e-04	3.31992	25.6	30940	1.07310e-04	3.32012	26.1	31512	1.05320e-04	3.31875	25.0	31219	1.06310e-04	3.31875	26.3
59576.831	16.037	31485	1.05450e-04	3.31992	25.6	30882	1.07510e-04	3.32012	26.1	31526	1.05280e-04	3.31895	25.0	31204	1.06350e-04	3.31855	26.3
59578.020	16.037	31547	1.05250e-04	3.32031	25.6	30893	1.07470e-04	3.31992	26.1	31520	1.05300e-04	3.31895	25.0	31261	1.06160e-04	3.31855	26.3
59579.208	16.059	31566	1.05180e-04	3.31992	25.6	30962	1.07230e-04	3.32012	26.2	31528	1.05270e-04	3.31895	25.0	31270	1.06120e-04	3.31855	26.3
59580.396	16.059	31614	1.05010e-04	3.31992	25.6	30916	1.07400e-04	3.32031	26.2	31604	1.05020e-04	3.31895	25.0	31289	1.06050e-04	3.31836	26.3
59581.584	16.058	31613	1.05030e-04	3.32031	25.6	31016	1.07050e-04	3.32012	26.2	31602	1.05020e-04	3.31895	25.0	31312	1.05990e-04	3.31875	26.3
59582.772	16.058	31628	1.04970e-04	3.32012	25.6	30992	1.07130e-04	3.32031	26.2	31580	1.05100e-04	3.31895	25.0	31298	1.06030e-04	3.31855	26.3
59583.961	16.061	31589	1.05100e-04	3.32012	25.6	30994	1.07120e-04	3.32012	26.2	31545	1.05210e-04	3.31895	25.0	31334	1.05910e-04	3.31855	26.3
59585.149	16.061	31577	1.05140e-04	3.32012	25.6	30978	1.07180e-04	3.32031	26.2	31549	1.05200e-04	3.31895	25.0	31316	1.05970e-04	3.31855	26.3
59586.338	16.061	31505	1.05380e-04	3.32012	25.6	30985	1.07160e-04	3.32031	26.2	31572	1.05120e-04	3.31895	25.0	31216	1.06310e-04	3.31855	26.3
59587.526	16.057	31495	1.05420e-04	3.32031	25.6	30882	1.07510e-04	3.32012	26.2	31508	1.05320e-04	3.31855	25.0	31245	1.06220e-04	3.31875	26.3
59588.713	16.057	31500	1.05400e-04	3.32012	25.6	30882	1.07510e-04	3.32012	26.2	31487	1.05410e-04	3.31914	25.0	31198	1.06380e-04	3.31875	26.3
59589.902	16.048	31503	1.05390e-04	3.32012	25.6	30947	1.07280e-04	3.32012	26.2	31492	1.05390e-04	3.31895	25.0	31261	1.06160e-04	3.31875	26.3
59591.090	16.048	31479	1.05470e-04	3.32012	25.6	30881	1.07510e-04	3.32012	26.2	31518	1.05300e-04	3.31895	25.0	31179	1.06430e-04	3.31855	26.3
59592.278	16.052	31502	1.05390e-04	3.32012	25.6	30927	1.07350e-04	3.32012	26.2	31503	1.05350e-04	3.31895	25.0	31257	1.06170e-04	3.31855	26.3
59593.467	16.052	31534	1.05290e-04	3.32012	25.6	30967	1.07220e-04	3.32031	26.2	31574	1.05110e-04	3.31875	25.0	31313	1.05980e-04	3.31855	26.3
59594.655	16.052	31538	1.05280e-04	3.32031	25.6	30983	1.07160e-04	3.32012	26.2	31524	1.05290e-04	3.31914	25.0	31277	1.06110e-04	3.31875	26.3
59595.843	16.058	31531	1.05290e-04	3.31992	25.6	30931	1.07350e-04	3.32031	26.2	31524	1.05280e-04	3.31895	25.0	31278	1.06100e-04	3.31855	26.3
59597.032	16.058	31499	1.05410e-04	3.32031	25.6	30890	1.07480e-04	3.32012	26.2	31527	1.05270e-04	3.31875	25.0	31257	1.06170e-04	3.31855	26.3
59598.220	16.040	31527	1.05320e-04	3.32031	25.6	30997	1.07120e-04	3.32031	26.2	31518	1.05310e-04	3.31914	25.0	31212	1.06320e-04	3.31855	26.3
59599.408	16.040	31540	1.05270e-04	3.32012	25.6	30932	1.07340e-04	3.32031	26.2	31501	1.05360e-04	3.31895	25.0	31262	1.06150e-04	3.31855	26.3
59600.596	16.067	31543	1.05260e-04	3.32012	25.6	30925	1.07360e-04	3.32012	26.2	31517	1.05310e-04	3.31895	25.0	31223	1.06280e-04	3.31855	26.3
59601.784	16.067	31560	1.05200e-04	3.32012	25.6	30945	1.07290e-04	3.32012	26.2	31589	1.05070e-04	3.31914	25.0	31270	1.06120e-04	3.31855	26.3
59602.972	16.047	31560	1.05200e-04	3.32012	25.6	30981	1.07170e-04	3.32012	26.2	31542	1.05220e-04	3.31895	25.0	31221	1.06290e-04	3.31855	26.3
59604.161	16.047	31615	1.05020e-04	3.32012	25.6	30958	1.07250e-04	3.32031	26.2	31496	1.05380e-04	3.31895	25.0	31268	1.06130e-04	3.31836	26.3
59605.349	16.047	31571	1.05170e-04	3.32031	25.6	30993	1.07120e-04	3.32012	26.2	31569	1.05130e-04	3.31895	25.0	31345	1.05880e-04	3.31875	26.3
59606.537	16.018	31587	1.05120e-04	3.32031	25.7	31015	1.07060e-04	3.32051	26.2	31611	1.04990e-04	3.31895	25.0	31313	1.05990e-04	3.31875	26.3
59607.726	16.018	31573	1.05160e-04	3.32031	25.6	30994	1.07130e-04	3.32031	26.2	31560	1.05160e-04	3.31895	25.0	31258	1.06170e-04	3.31875	26.3
59608.914	16.014	31567	1.05180e-04	3.32012	25.6	30960	1.07250e-04	3.32051	26.2	31588	1.05070e-04	3.31914	25.0	31319	1.05960e-04	3.31855	26.3
59610.102	16.014	31543	1.05260e-04	3.32012	25.7	30992	1.07130e-04	3.32031	26.2	31557	1.05170e-04	3.31895	25.0	31249	1.06200e-04	3.31855	26.3
59611.291	16.034	31550	1.05240e-04	3.32031	25.7	30928	1.07350e-04	3.32012	26.2	31504	1.05350e-04	3.31895	25.0	31285	1.06070e-04	3.31855	26.3
59612.478	16.034	31656	1.04880e-04	3.32012	25.7	30938	1.07320e-04	3.32031	26.2	31525	1.05290e-04	3.31914	25.0	31303	1.06020e-04	3.31875	26.3
59613.667	16.034	31612	1.05030e-04	3.32012	25.7	30940	1.07310e-04	3.32012	26.2	31603	1.05020e-04	3.31895	25.0	31312	1.05990e-04	3.31875	26.3
59614.855	16.018	31524	1.05320e-04	3.32012	25.7	30961	1.07240e-04	3.32012	26.2	31575	1.05110e-04	3.31895	25.0	31249	1.06200e-04	3.31855	26.3
59616.043	16.018	31561	1.05200e-04	3.32012	25.7	30981	1.07170e-04	3.32012	26.2	31555	1.05180e-04	3.31895	25.0	31233	1.06250e-04	3.31855	26.3
59617.232	16.020	31483	1.05460e-04	3.32012	25.7	30936	1.07320e-04	3.32012	26.2	31487	1.05400e-04	3.31875	25.0	31272	1.06110e-04	3.31836	26.3
59618.420	16.020	31456	1.05550e-04	3.32031	25.7	30926	1.07360e-04	3.32012	26.2	31527	1.05270e-04	3.31875	25.0	31213	1.06330e-04	3.31875	26.3
59619.608	16.037	31516	1.05350e-04	3.32012	25.7	30946	1.07300e-04	3.32051	26.2	31539	1.05240e-04	3.31914	25.0	31191	1.06400e-04	3.31875	26.3
59620.796	16.037	31576	1.05150e-04	3.32012	25.7	30918	1.07390e-04	3.32031	26.2	31492	1.05390e-04	3.31895	25.0	31267	1.06140e-04	3.31855	26.3
59621.984	16.036	31569	1.05180e-04	3.32031	25.7	30928	1.07350e-04	3.32012	26.2	31549	1.05200e-04	3.31895	25.0	31297	1.06030e-04	3.31855	26.3
59623.173	16.036	31543	1.05260e-04	3.32012	25.7	30934	1.07330e-04	3.32012	26.2	31570	1.05120e-04	3.31875	25.0	31288	1.06060e-04	3.31855	26.3
59624.361	16.055	31561	1.05200e-04	3.32031	25.7	30953	1.07260e-04	3.32012	26.2	31602	1.05020e-04	3.31895	25.0	31287	1.06070e-04	3.31855	26.3
59625.549	16.055	31586	1.05110e-04	3.32012	25.7	30959	1.07240e-04	3.32012	26.2	31550	1.05200e-04	3.31914	25.0	31340	1.05900e-04	3.31875	26.3
59626.738	16.055	31521	1.05330e-04	3.32012	25.7	30974	1.07190e-04	3.32012	26.2	31490	1.05400e-04	3.31895	25.0	31268	1.06140e-04	3.31875	26.3
59627.926	16.017	31450	1.05570e-04	3.32031	25.7	30907	1.07420e-04	3.32012	26.2	31558	1.05170e-04	3.31895	25.0	31284	1.06080e-04	3.31875	26.3
59629.114	16.017	31525	1.05310e-04	3.31992	25.7	30846	1.07640e-04	3.32012	26.2	31496	1.05380e-04	3.31895	25.0	31268	1.06130e-04	3.31836	26.3
59630.302	16.049	31520	1.05340e-04	3.32031	25.7	30888	1.07480e-04	3.31992	26.2	31497	1.05370e-04	3.31875	25.0	31273	1.06120e-04	3.31875	26.3
59631.491	16.049	31491	1.05430e-04	3.32012	25.7	30911	1.07420e-04	3.32031	26.2	31539	1.05240e-04	3.31914	25.0	31192	1.06400e-04	3.31875	26.3
59632.679	16.043	31542	1.05260e-04	3.32012	25.7	30886	1.07500e-04	3.32031	26.2	31500	1.05360e-04	3.31895	25.0	31172	1.06470e-04	3.31875	26.3
59633.867	16.043	31530	1.05300e-04	3.32012	25.7	30850	1.07630e-04	3.32031	26.2	31454	1.05510e-04	3.31875	25.0	31254	1.06180e-04	3.31855	26.3
59635.055	16.042	31517	1.05350e-04	3.32031	25.7	30911	1.07410e-04	3.32012	26.2	31510	1.05330e-04	3.31895	25.0	31199	1.06370e-04	3.31855	26.3
59636.243	16.042	31520	1.05330e-04	3.32012	25.7	30921	1.07380e-04	3.32031	26.2	31534	1.05250e-04	3.31895	25.0	31311	1.05990e-04	3.31855	26.3
59637.432	16.042	31502	1.05390e-04	3.32012	25.7	30951	1.07260e-04	3.31992	26.2	31526	1.05270e-04	3.31875	25.0	31226	1.06280e-04	3.31855	26.3
59638.620	16.067	31510	1.05370e-04	3.32031	25.7	30919	1.07390e-04	3.32051	26.2	31525	1.05290e-04	3.31934	25.0	31255	1.06190e-04	3.31895	26.3
59639.808	16.067	31543	1.05260e-04	3.32012	25.7	30926	1.07360e-04	3.32012	26.2	31523	1.05290e-04	3.31895	25.0	31361	1.05820e-04	3.31855	26.3
59640.996	16.038	31538	1.05270e-04	3.32012	25.7	30971	1.07200e-04	3.32012	26.2	31568	1.05130e-04	3.31875	25.0	31282	1.06090e-04	3.31855	26.3
59642.185	16.038	31539	1.05270e-04	3.32012	25.7	30946	1.07290e-04	3.32031	26.2	31547	1.05210e-04	3.31914	25.0	31220	1.06300e-04	3.31855	26.3
59643.373	16.047	31528	1.05300e-04	3.31992	25.7	30873	1.07550e-04	3.32031	26.2	31447	1.05540e-04	3.31895	25.0	31257	1.06170e-04	3.31855	26.3
59644.561	16.047	31547	1.05250e-04	3.32031	25.7	30961	1.07240e-04	3.32031	26.2	31514	1.05320e-04	3.31895	25.0	31257	1.06180e-04	3.31895	26.3
59645.749	16.047	31599	1.05060e-04	3.31992	25.7	30948	1.07290e-04	3.32051	26.2	31525	1.05290e-04	3.31914	25.0	31310	1.06000e-04	3.31875	26.3
59646.938	16.036	31560	1.05200e-04	3.32012	25.7	31012	1.07060e-04	3.32012	26.2	31601	1.05020e-04	3.31875	25.0	31328	1.05920e-04	3.31836	26.3
59648.126	16.036	31605	1.05060e-04	3.32031	25.7	30986	1.07150e-04	3.32031	26.2	31516	1.05310e-04	3.31895	25.0	31353	1.05850e-04	3.31875	26.3
59649.314	16.021	31602	1.05060e-04	3.31992	25.7	31015	1.07050e-04	3.32012	26.2	31544	1.05220e-04	3.31914	25.0	31352	1.05850e-04	3.31855	26.3
59650.502	16.021	31621	1.05000e-04	3.32031	25.7	31010	1.07070e-04	3.32012	26.2	31563	1.05150e-04	3.31875	25.0	31342	1.05890e-04	3.31875	26.3
59651.690	16.027	31543	1.05260e-04	3.32012	25.7	30979	1.07180e-04	3.32031	26.2	31557	1.05180e-04	3.31914	25.0	31325	1.05940e-04	3.31875	26.3
59652.879	16.027	31562	1.05200e-04	3.32031	25.7	30902	1.07440e-04	3.32012	26.2	31502	1.05360e-04	3.31895	25.0	31300	1.06020e-04	3.31855	26.3
59654.067	16.034	31523	1.05330e-04	3.32031	25.7	30968	1.07220e-04	3.32031	26.2	31489	1.05400e-04	3.31895	25.0	31237	1.06240e-04	3.31855	26.3
59655.255	16.034	31513	1.05360e-04	3.32012	25.7	30939	1.07320e-04	3.32031	26.2	31519	1.05310e-04	3.31914	25.0	31275	1.06110e-04	3.31855	26.3
59656.443	16.034	31570	1.05160e-04	3.31992	25.7	30937	1.07330e-04	3.32031	26.2	31496	1.05380e-04	3.31895	25.0	31337	1.05900e-04	3.31855	26.3
59657.632	16.026	31596	1.05090e-04	3.32031	25.7	30998	1.07110e-04	3.32031	26.2	31587	1.05070e-04	3.31875	25.0	31336	1.05910e-04	3.31875	26.3
59658.820	16.026	31617	1.05010e-04	3.32012	25.7	30985	1.07160e-04	3.32031	26.2	31574	1.05110e-04	3.31875	25.0	31330	1.05920e-04	3.31836	26.3
59660.008	16.031	31543	1.05260e-04	3.32012	25.7	30964	1.07230e-04	3.32012	26.2	31530	1.05260e-04	3.31875	25.0	31277	1.06100e-04	3.31855	26.3
59661.196	16.031	31500	1.05400e-04	3.32012	25.7	30911	1.07410e-04	3.32012	26.2	31515	1.05310e-04	3.31895	25.0	31242	1.06220e-04	3.31836	26.3
59662.385	16.033	31493	1.05420e-04	3.32012	25.7	30919	1.07380e-04	3.31992	26.2	31481	1.05430e-04	3.31895	25.0	31287	1.06060e-04	3.31836	26.3
59663.573	16.033	31551	1.05240e-04	3.32031	25.7	30913	1.07400e-04	3.32012	26.2	31535	1.05240e-04	3.31875	25.0	31284	1.06090e-04	3.31875	26.3
59664.761	16.033	31461	1.05530e-04	3.32012	25.7	30959	1.07240e-04	3.32012	26.2	31541	1.05230e-04	3.31895	25.0	31274	1.06110e-04	3.31855	26.3
59665.949	16.031	31469	1.05500e-04	3.31992	25.7	30927	1.07350e-04	3.31992	26.2	31505	1.05340e-04	3.31875	25.0	31215	1.06310e-04	3.31836	26.3
59667.138	16.031	31562	1.05200e-04	3.32012	25.7	30879	1.07530e-04	3.32031	26.2	31505	1.05350e-04	3.31895	25.0	31208	1.06340e-04	3.31855	26.3
59668.326	16.044	31542	1.05250e-04	3.31992	25.7	30929	1.07350e-04	3.32031	26.2	31477	1.05440e-04	3.31895	25.0	31214	1.06310e-04	3.31836	26.3
59669.514	16.044	31526	1.05310e-04	3.32012	25.7	30879	1.07520e-04	3.32012	26.2	31459	1.05490e-04	3.31855	25.0	31272	1.06120e-04	3.31855	26.3
59670.702	16.050	31528	1.05310e-04	3.32012	25.7	30865	1.07570e-04	3.32012	26.2	31476	1.05440e-04	3.31875	25.0	31257	1.06170e-04	3.31855	26.3
59671.891	16.050	31493	1.05420e-04	3.32012	25.7	30901	1.07440e-04	3.32012	26.2	31527	1.05270e-04	3.31895	25.0	31224	1.06280e-04	3.31855	26.3
59673.079	16.035	31472	1.05490e-04	3.31992	25.7	30903	1.07440e-04	3.32012	26.2	31469	1.05470e-04	3.31895	25.0	31297	1.06030e-04	3.31855	26.3
59674.267	16.035	31462	1.05530e-04	3.32031	25.7	30920	1.07370e-04	3.31992	26.2	31495	1.05380e-04	3.31875	25.0	31197	1.06370e-04	3.31855	26.3
59675.455	16.067	31500	1.05400e-04	3.32012	25.7	30886	1.07490e-04	3.32012	26.2	31431	1.05600e-04	3.31895	25.0	31213	1.06320e-04	3.31855	26.3
59676.643	16.067	31504	1.05390e-04	3.32012	25.7	30914	1.07400e-04	3.32012	26.2	31502	1.05350e-04	3.31875	25.0	31244	1.06220e-04	3.31875	26.3
59677.832	16.067	31506	1.05380e-04	3.32012	25.7	30980	1.07170e-04	3.32012	26.2	31503	1.05350e-04	3.31875	25.0	31234	1.06250e-04	3.31855	26.3
59679.020	16.059	31562	1.05200e-04	3.32012	25.7	30867	1.07560e-04	3.32012	26.2	31494	1.05380e-04	3.31895	25.0	31233	1.06250e-04	3.31836	26.3
59680.208	16.059	31606	1.05050e-04	3.32012	25.7	30951	1.07270e-04	3.32012	26.2	31497	1.05370e-04	3.31875	25.0	31249	1.06190e-04	3.31836	26.3
59681.397	16.016	31540	1.05270e-04	3.32012	25.7	30936	1.07320e-04	3.32012	26.2	31536	1.05240e-04	3.31875	25.0	31323	1.05950e-04	3.31855	26.3
59682.585	16.016	31606	1.05050e-04	3.32012	25.7	30957	1.07250e-04	3.32031	26.2	31567	1.05140e-04	3.31895	25.0	31331	1.05920e-04	3.31875	26.3
59683.773	16.026	31546	1.05250e-04	3.32012	25.7	30951	1.07270e-04	3.32012	26.2	31613	1.04980e-04	3.31875	25.0	31280	1.06090e-04	3.31855	26.3
59684.961	16.026	31581	1.05140e-04	3.32031	25.7	30912	1.07410e-04	3.32012	26.2	31576	1.05110e-04	3.31895	25.0	31238	1.06230e-04	3.31855	26.3
59686.149	16.034	31514	1.05350e-04	3.32012	25.7	30956	1.07250e-04	3.32012	26.2	31523	1.05290e-04	3.31895	25.0	31277	1.06100e-04	3.31855	26.3
59687.338	16.034	31561	1.05200e-04	3.32012	25.7	30929	1.07350e-04	3.32012	26.2	31519	1.05290e-04	3.31875	25.0	31257	1.06160e-04	3.31836	26.3
59688.526	16.034	31520	1.05330e-04	3.32012	25.7	30927	1.07350e-04	3.31992	26.2	31525	1.05280e-04	3.31875	25.0	31237	1.06250e-04	3.31875	26.3
59689.714	16.047	31509	1.05370e-04	3.31992	25.7	30920	1.07370e-04	3.31992	26.2	31473	1.05450e-04	3.31875	25.0	31283	1.06080e-04	3.31836	26.3
59690.902	16.047	31447	1.05580e-04	3.32012	25.7	30908	1.07420e-04	3.32012	26.2	31475	1.05440e-04	3.31875	25.0	31200	1.06360e-04	3.31855	26.3
59692.091	16.038	31508	1.05370e-04	3.31992	25.7	30836	1.07670e-04	3.32012	26.2	31494	1.05380e-04	3.31895	25.0	31192	1.06380e-04	3.31836	26.3
59693.279	16.038	31473	1.05490e-04	3.32012	25.7	30898	1.07460e-04	3.32012	26.2	31465	1.05480e-04	3.31875	25.0	31254	1.06180e-04	3.31855	26.3
59694.467	16.036	31516	1.05350e-04	3.32012	25.7	30887	1.07500e-04	3.32031	26.2	31450	1.05530e-04	3.31895	25.0	31230	1.06260e-04	3.31855	26.3
59695.655	16.036	31479	1.05470e-04	3.31992	25.7	30933	1.07330e-04	3.32012	26.2	31481	1.05420e-04	3.31875	25.0	31228	1.06270e-04	3.31855	26.3
59696.843	16.036	31516	1.05350e-04	3.32012	25.7	30887	1.07490e-04	3.32012	26.2	31501	1.05350e-04	3.31875	25.0	31287	1.06070e-04	3.31855	26.3
59698.032	16.030	31500	1.05400e-04	3.32012	25.7	30958	1.07250e-04	3.32012	26.2	31447	1.05540e-04	3.31895	25.0	31282	1.06090e-04	3.31855	26.3
59699.220	16.030	31519	1.05330e-04	3.31992	25.7	30913	1.07400e-04	3.31992	26.2	31526	1.05270e-04	3.31875	25.0	31302	1.06020e-04	3.31855	26.3
59700.408	16.022	31517	1.05340e-04	3.32012	25.7	30926	1.07360e-04	3.32012	26.2	31500	1.05360e-04	3.31875	25.0	31204	1.06350e-04	3.31836	26.3
59701.596	16.022	31492	1.05430e-04	3.32031	25.7	30891	1.07480e-04	3.32012	26.2	31519	1.05300e-04	3.31875	25.0	31284	1.06090e-04	3.31875	26.3
59702.785	16.018	31506	1.05380e-04	3.32012	25.7	30875	1.07530e-04	3.32012	26.2	31518	1.05300e-04	3.31895	25.0	31249	1.06200e-04	3.31875	26.3
59703.973	16.018	31500	1.05400e-04	3.32012	25.7	30875	1.07540e-04	3.32031	26.2	31498	1.05370e-04	3.31895	25.0	31230	1.06260e-04	3.31855	26.3
59705.161	16.029	31485	1.05440e-04	3.31992	25.7	30939	1.07310e-04	3.32012	26.2	31442	1.05560e-04	3.31895	25.0	31329	1.05920e-04	3.31836	26.3
59706.350	16.029	31543	1.05260e-04	3.32031	25.7	30970	1.07210e-04	3.32031	26.2	31541	1.05220e-04	3.31875	25.0	31295	1.06040e-04	3.31855	26.3
59707.538	16.029	31563	1.05200e-04	3.32031	25.7	30965	1.07230e-04	3.32051	26.2	31528	1.05270e-04	3.31895	25.0	31290	1.06070e-04	3.31895	26.3
59708.726	16.016	31526	1.05310e-04	3.31992	25.7	30924	1.07370e-04	3.32031	26.2	31477	1.05440e-04	3.31895	25.0	31226	1.06280e-04	3.31855	26.3
59709.915	16.016	31513	1.05360e-04	3.32012	25.7	30913	1.07400e-04	3.32012	26.2	31464	1.05480e-04	3.31895	25.0	31209	1.06330e-04	3.31855	26.3
59711.102	16.006	31526	1.05310e-04	3.32012	25.7	30947	1.07280e-04	3.32012	26.2	31487	1.05410e-04	3.31895	25.0	31220	1.06300e-04	3.31855	26.3
59712.291	16.006	31560	1.05200e-04	3.32012	25.7	30891	1.07470e-04	3.31992	26.2	31538	1.05240e-04	3.31895	25.0	31223	1.06280e-04	3.31855	26.3
59713.479	16.029	31493	1.05430e-04	3.32031	25.7	30909	1.07420e-04	3.32031	26.2	31464	1.05480e-04	3.31895	25.0	31249	1.06200e-04	3.31875	26.3
59714.667	16.029	31553	1.05230e-04	3.32031	25.7	30907	1.07430e-04	3.32031	26.2	31501	1.05360e-04	3.31895	25.0	31258	1.06170e-04	3.31875	26.3
59715.855	16.029	31549	1.05230e-04	3.31992	25.7	30928	1.07350e-04	3.32012	26.2	31514	1.05320e-04	3.31914	25.0	31243	1.06220e-04	3.31855	26.3
59717.044	16.040	31522	1.05330e-04	3.32031	25.7	30924	1.07360e-04	3.32012	26.2	31525	1.05270e-04	3.31875	25.0	31312	1.05980e-04	3.31855	26.3
59718.232	16.040	31473	1.05500e-04	3.32031	25.7	30897	1.07460e-04	3.32031	26.2	31537	1.05240e-04	3.31895	25.0	31305	1.06010e-04	3.31855	26.3
59719.421	15.979	31511	1.05360e-04	3.31992	25.7	30921	1.07380e-04	3.32031	26.2	31518	1.05300e-04	3.31895	25.0	31244	1.06210e-04	3.31855	26.3
59720.608	15.979	31546	1.05250e-04	3.32031	25.7	30931	1.07340e-04	3.32012	26.2	31480	1.05420e-04	3.31855	25.0	31225	1.06290e-04	3.31875	26.3
59721.797	16.049	31556	1.05210e-04	3.32012	25.7	30897	1.07460e-04	3.32031	26.2	31516	1.05310e-04	3.31895	25.0	31241	1.06220e-04	3.31855	26.3
59722.985	16.049	31526	1.05310e-04	3.31992	25.7	30927	1.07350e-04	3.31992	26.2	31545	1.05210e-04	3.31895	25.0	31275	1.06100e-04	3.31836	26.3
59724.173	16.057	31533	1.05300e-04	3.32031	25.7	30943	1.07300e-04	3.32012	26.2	31505	1.05340e-04	3.31875	25.0	31269	1.06130e-04	3.31855	26.3
59725.362	16.057	31490	1.05430e-04	3.31992	25.7	30942	1.07300e-04	3.32012	26.2	31477	1.05430e-04	3.31875	25.0	31205	1.06350e-04	3.31855	26.3
59726.550	16.022	31461	1.05530e-04	3.32012	25.7	30896	1.07450e-04	3.31992	26.2	31492	1.05380e-04	3.31875	25.0	31217	1.06310e-04	3.31875	26.3
59727.738	16.022	31468	1.05510e-04	3.32012	25.7	30909	1.07410e-04	3.32012	26.2	31482	1.05420e-04	3.31895	25.0	31216	1.06310e-04	3.31855	26.3
59728.926	16.022	31497	1.05400e-04	3.31992	25.7	30924	1.07360e-04	3.32012	26.2	31488	1.05400e-04	3.31895	25.0	31210	1.06330e-04	3.31855	26.3
59730.115	16.049	31493	1.05420e-04	3.32012	25.7	30884	1.07500e-04	3.32012	26.2	31505	1.05340e-04	3.31875	25.0	31204	1.06340e-04	3.31836	26.3
59731.303	16.049	31532	1.05300e-04	3.32012	25.7	30921	1.07380e-04	3.32031	26.2	31549	1.05200e-04	3.31875	25.0	31273	1.06120e-04	3.31855	26.3
59732.491	16.049	31544	1.05250e-04	3.31992	25.7	30970	1.07200e-04	3.32012	26.2	31572	1.05120e-04	3.31895	25.0	31347	1.05860e-04	3.31855	26.3
59733.679	16.049	31574	1.05150e-04	3.32012	25.7	30923	1.07370e-04	3.32012	26.2	31577	1.05100e-04	3.31875	25.0	31286	1.06060e-04	3.31836	26.3
59734.867	16.039	31586	1.05110e-04	3.31992	25.7	30921	1.07380e-04	3.32031	26.2	31535	1.05240e-04	3.31875	25.0	31240	1.06230e-04	3.31855	26.3
59736.056	16.039	31556	1.05210e-04	3.31992	25.7	30920	1.07380e-04	3.32012	26.2	31490	1.05400e-04	3.31895	25.0	31229	1.06250e-04	3.31816	26.3
59737.244	16.060	31577	1.05150e-04	3.32031	25.7	30953	1.07260e-04	3.31992	26.2	31518	1.05300e-04	3.31875	25.0	31310	1.06000e-04	3.31875	26.3
59738.432	16.060	31510	1.05370e-04	3.32012	25.7	30919	1.07380e-04	3.32012	26.2	31604	1.05010e-04	3.31875	25.0	31191	1.06390e-04	3.31855	26.3
59739.620	16.060	31467	1.05500e-04	3.31992	25.7	30881	1.07510e-04	3.32012	26.2	31489	1.05400e-04	3.31895	25.0	31225	1.06270e-04	3.31836	26.3
59740.808	16.047	31448	1.05580e-04	3.32031	25.7	30878	1.07520e-04	3.32012	26.2	31508	1.05330e-04	3.31875	25.0	31213	1.06320e-04	3.31855	26.3
59741.997	16.047	31521	1.05330e-04	3.32012	25.7	30900	1.07450e-04	3.32012	26.2	31489	1.05400e-04	3.31895	25.0	31259	1.06160e-04	3.31855	26.3
59743.185	16.039	31493	1.05420e-04	3.31992	25.7	30921	1.07380e-04	3.32012	26.2	31551	1.05190e-04	3.31875	25.0	31287	1.06060e-04	3.31836	26.3
59744.374	16.039	31615	1.05020e-04	3.32012	25.7	30887	1.07500e-04	3.32031	26.2	31518	1.05300e-04	3.31895	25.0	31259	1.06170e-04	3.31875	26.3
59745.562	16.032	31554	1.05210e-04	3.31992	25.7	30988	1.07150e-04	3.32031	26.2	31512	1.05320e-04	3.31895	25.0	31295	1.06040e-04	3.31855	26.3
59746.750	16.032	31571	1.05170e-04	3.32031	25.7	30899	1.07450e-04	3.32012	26.2	31530	1.05260e-04	3.31875	25.0	31263	1.06150e-04	3.31855	26.3
59747.938	16.035	31586	1.05120e-04	3.32031	25.7	30983	1.07170e-04	3.32031	26.2	31527	1.05270e-04	3.31875	25.0	31321	1.05950e-04	3.31836	26.3
59749.126	16.035	31594	1.05080e-04	3.31992	25.7	30953	1.07260e-04	3.32012	26.2	31580	1.05090e-04	3.31875	25.0	31372	1.05770e-04	3.31836	26.3
59750.314	16.035	31492	1.05430e-04	3.32012	25.7	30926	1.07350e-04	3.31992	26.2	31565	1.05140e-04	3.31875	25.0	31255	1.06180e-04	3.31855	26.3
59751.503	16.030	31539	1.05270e-04	3.32012	25.7	30893	1.07470e-04	3.32012	26.2	31533	1.05250e-04	3.31895	25.0	31256	1.06180e-04	3.31875	26.3
59752.691	16.030	31510	1.05360e-04	3.31992	25.7	30897	1.07460e-04	3.32012	26.2	31485	1.05410e-04	3.31895	25.0	31263	1.06140e-04	3.31836	26.3
59753.879	16.033	31588	1.05110e-04	3.32031	25.7	30861	1.07580e-04	3.32012	26.2	31446	1.05540e-04	3.31875	25.0	31273	1.06120e-04	3.31875	26.3
59755.068	16.033	31614	1.05020e-04	3.32012	25.7	30946	1.07290e-04	3.32031	26.2	31564	1.05150e-04	3.31895	25.0	31237	1.06240e-04	3.31855	26.3
59756.256	16.041	31500	1.05400e-04	3.32012	25.7	30974	1.07190e-04	3.32012	26.2	31570	1.05130e-04	3.31895	25.0	31207	1.06340e-04	3.31855	26.3
59757.444	16.041	31504	1.05390e-04	3.32031	25.7	30883	1.07510e-04	3.32031	26.2	31496	1.05380e-04	3.31895	25.0	31240	1.06230e-04	3.31875	26.3
59758.632	16.041	31507	1.05370e-04	3.31992	25.7	30914	1.07400e-04	3.32012	26.2	31489	1.05400e-04	3.31895	25.0	31222	1.06290e-04	3.31855	26.3
59759.821	16.048	31508	1.05380e-04	3.32031	25.7	30926	1.07360e-04	3.32012	26.2	31491	1.05390e-04	3.31875	25.0	31261	1.06160e-04	3.31855	26.3
59761.009	16.048	31493	1.05430e-04	3.32031	25.7	30895	1.07460e-04	3.32012	26.2	31496	1.05380e-04	3.31895	25.0	31184	1.06420e-04	3.31855	26.3
59762.197	16.037	31489	1.05430e-04	3.31992	25.7	30863	1.07580e-04	3.32012	26.2	31463	1.05480e-04	3.31875	25.0	31273	1.06110e-04	3.31836	26.3
59763.385	16.037	31501	1.05400e-04	3.32031	25.7	30885	1.07500e-04	3.32012	26.2	31471	1.05470e-04	3.31914	25.0	31235	1.06260e-04	3.31895	26.3
59764.574	16.051	31587	1.05120e-04	3.32031	25.7	30918	1.07390e-04	3.32031	26.2	31484	1.05420e-04	3.31895	25.0	31283	1.06090e-04	3.31875	26.3
59765.762	16.051	31517	1.05340e-04	3.32012	25.7	30964	1.07230e-04	3.32012	26.2	31481	1.05420e-04	3.31875	25.0	31240	1.06220e-04	3.31836	26.3
59766.950	16.053	31523	1.05320e-04	3.32012	25.7	30925	1.07370e-04	3.32031	26.2	31574	1.05120e-04	3.31895	25.0	31327	1.05930e-04	3.31855	26.3
59768.138	16.053	31555	1.05210e-04	3.31992	25.7	30960	1.07240e-04	3.32031	26.2	31555	1.05180e-04	3.31875	25.0	31315	1.05970e-04	3.31855	26.3
59769.327	16.053	31491	1.05430e-04	3.32012	25.7	30911	1.07410e-04	3.32012	26.2	31551	1.05190e-04	3.31875	25.0	31274	1.06120e-04	3.31875	26.3
59770.515	16.040	31499	1.05400e-04	3.32012	25.7	30863	1.07580e-04	3.32031	26.2	31447	1.05550e-04	3.31914	25.0	31281	1.06090e-04	3.31875	26.3
59771.703	16.040	31480	1.05470e-04	3.32012	25.7	30925	1.07370e-04	3.32031	26.2	31540	1.05220e-04	3.31875	25.0	31227	1.06270e-04	3.31855	26.3
59772.891	16.035	31482	1.05460e-04	3.32012	25.7	30898	1.07460e-04	3.32012	26.2	31460	1.05490e-04	3.31875	25.0	31250	1.06190e-04	3.31855	26.3
59774.079	16.035	31501	1.05400e-04	3.32012	25.7	30902	1.07440e-04	3.32012	26.2	31515	1.05310e-04	3.31895	25.0	31297	1.06030e-04	3.31855	26.3
59775.268	16.065	31470	1.05500e-04	3.31992	25.7	30906	1.07420e-04	3.31992	26.2	31489	1.05400e-04	3.31875	25.0	31245	1.06210e-04	3.31855	26.3
59776.456	16.065	31504	1.05390e-04	3.32031	25.7	30985	1.07160e-04	3.32031	26.2	31494	1.05380e-04	3.31895	25.0	31271	1.06130e-04	3.31875	26.3
59777.644	16.065	31542	1.05260e-04	3.32012	25.7	30933	1.07340e-04	3.32031	26.2	31514	1.05320e-04	3.31895	25.0	31277	1.06100e-04	3.31855	26.3
59778.833	16.048	31584	1.05110e-04	3.31992	25.7	30937	1.07320e-04	3.32012	26.2	31474	1.05440e-04	3.31875	25.0	31265	1.06140e-04	3.31836	26.3
59780.021	16.048	31476	1.05490e-04	3.32031	25.7	30895	1.07470e-04	3.32031	26.2	31489	1.05400e-04	3.31895	25.0	31239	1.06230e-04	3.31855	26.3
59781.209	16.034	31459	1.05540e-04	3.32012	25.7	30869	1.07560e-04	3.32031	26.2	31512	1.05320e-04	3.31895	25.0	31228	1.06270e-04	3.31855	26.3
59782.397	16.034	31496	1.05410e-04	3.31992	25.7	30855	1.07600e-04	3.31992	26.2	31478	1.05430e-04	3.31875	25.0	31310	1.06000e-04	3.31875	26.3
59783.585	16.051	31511	1.05360e-04	3.32012	25.7	30892	1.07480e-04	3.32012	26.2	31522	1.05300e-04	3.31914	25.0	31292	1.06060e-04	3.31875	26.3
59784.774	16.051	31581	1.05130e-04	3.32012	25.7	30874	1.07540e-04	3.32012	26.2	31464	1.05480e-04	3.31875	25.0	31261	1.06160e-04	3.31855	26.3
59785.962	16.041	31547	1.05240e-04	3.31992	25.7	30928	1.07350e-04	3.32012	26.2	31506	1.05340e-04	3.31875	25.0	31290	1.06050e-04	3.31836	26.3
59787.150	16.041	31515	1.05350e-04	3.32012	25.7	30903	1.07440e-04	3.32012	26.2	31551	1.05200e-04	3.31914	25.0	31312	1.05980e-04	3.31855	26.3
59788.339	16.076	31531	1.05300e-04	3.32012	25.7	30957	1.07250e-04	3.32012	26.2	31555	1.05180e-04	3.31875	25.0	31263	1.06150e-04	3.31855	26.3
59789.527	16.076	31467	1.05500e-04	3.31992	25.7	30923	1.07370e-04	3.32012	26.2	31462	1.05480e-04	3.31875	25.0	31258	1.06170e-04	3.31855	26.3
59790.715	16.076	31488	1.05450e-04	3.32031	25.7	30897	1.07460e-04	3.32012	26.2	31475	1.05440e-04	3.31875	25.0	31239	1.06230e-04	3.31855	26.3
59791.903	16.058	31483	1.05460e-04	3.32012	25.7	30886	1.07500e-04	3.32031	26.2	31430	1.05600e-04	3.31895	25.0	31264	1.06140e-04	3.31855	26.3
59793.091	16.058	31457	1.05550e-04	3.32012	25.7	30864	1.07580e-04	3.32031	26.2	31456	1.05510e-04	3.31895	25.0	31243	1.06210e-04	3.31836	26.3
59794.280	16.038	31503	1.05380e-04	3.31992	25.7	30864	1.07570e-04	3.32012	26.2	31486	1.05410e-04	3.31895	25.0	31278	1.06100e-04	3.31855	26.3
59795.468	16.038	31511	1.05360e-04	3.31992	25.7	30901	1.07440e-04	3.32012	26.2	31450	1.05520e-04	3.31875	25.0	31274	1.06110e-04	3.31855	26.3
59796.656	16.022	31541	1.05260e-04	3.32012	25.7	30895	1.07460e-04	3.32012	26.2	31621	1.04950e-04	3.31875	25.0	31298	1.06030e-04	3.31855	26.3
59797.845	16.022	31481	1.05460e-04	3.31992	25.7	30924	1.07360e-04	3.31992	26.2	31558	1.05160e-04	3.31875	25.0	31262	1.06150e-04	3.31836	26.3
59799.033	16.047	31513	1.05350e-04	3.31992	25.7	30931	1.07340e-04	3.32012	26.2	31512	1.05320e-04	3.31875	25.0	31286	1.06060e-04	3.31836	26.3
59800.221	16.047	31551	1.05220e-04	3.31992	25.7	30935	1.07330e-04	3.32012	26.2	31550	1.05200e-04	3.31895	25.0	31263	1.06140e-04	3.31836	26.3
59801.409	16.047	31438	1.05610e-04	3.32012	25.7	30880	1.07510e-04	3.31992	26.2	31561	1.05150e-04	3.31855	25.0	31233	1.06260e-04	3.31875	26.3
59802.597	16.075	31480	1.05470e-04	3.32012	25.7	30809	1.07760e-04	3.32012	26.2	31469	1.05470e-04	3.31895	25.0	31228	1.06270e-04	3.31855	26.3
59803.786	16.075	31531	1.05300e-04	3.32012	25.7	30870	1.07550e-04	3.32012	26.2	31494	1.05380e-04	3.31895	25.0	31201	1.06350e-04	3.31836	26.3
59804.974	16.057	31473	1.05490e-04	3.32012	25.7	30857	1.07600e-04	3.32012	26.2	31494	1.05370e-04	3.31855	25.0	31192	1.06380e-04	3.31836	26.3
59806.162	16.057	31494	1.05420e-04	3.32012	25.7	30823	1.07710e-04	3.32012	26.2	31462	1.05490e-04	3.31895	25.0	31251	1.06180e-04	3.31836	26.3
59807.350	16.066	31471	1.05490e-04	3.31992	25.7	30872	1.07550e-04	3.32012	26.2	31539	1.05230e-04	3.31895	25.0	31306	1.06000e-04	3.31855	26.3
59808.539	16.066	31515	1.05360e-04	3.32031	25.7	30947	1.07280e-04	3.32012	26.2	31551	1.05190e-04	3.31875	25.0	31276	1.06110e-04	3.31875	26.3
59809.727	16.066	31552	1.05220e-04	3.31992	25.7	30909	1.07420e-04	3.32012	26.2	31528	1.05270e-04	3.31895	25.0	31311	1.05990e-04	3.31855	26.3
59810.915	16.053	31503	1.05380e-04	3.31992	25.7	30909	1.07420e-04	3.32012	26.2	31557	1.05170e-04	3.31895	25.0	31238	1.06230e-04	3.31836	26.3
59812.103	16.053	31475	1.05480e-04	3.32012	25.7	30886	1.07490e-04	3.32012	26.2	31514	1.05310e-04	3.31875	25.0	31303	1.06020e-04	3.31855	26.3
59813.292	16.052	31522	1.05330e-04	3.32012	25.7	30932	1.07330e-04	3.31992	26.2	31501	1.05360e-04	3.31895	25.0	31325	1.05940e-04	3.31855	26.3
59814.480	16.052	31554	1.05220e-04	3.32012	25.7	30930	1.07340e-04	3.31992	26.2	31470	1.05460e-04	3.31875	25.0	31248	1.06200e-04	3.31836	26.3
59815.668	16.056	31520	1.05330e-04	3.32012	25.7	30878	1.07530e-04	3.32031	26.2	31523	1.05280e-04	3.31875	25.0	31276	1.06110e-04	3.31855	26.3
59816.856	16.056	31398	1.05740e-04	3.32012	25.7	30852	1.07620e-04	3.32031	26.2	31530	1.05260e-04	3.31895	25.0	31216	1.06300e-04	3.31836	26.3
59818.045	16.056	31506	1.05380e-04	3.32012	25.7	30860	1.07580e-04	3.32012	26.2	31500	1.05360e-04	3.31875	25.0	31233	1.06250e-04	3.31836	26.3
59819.233	16.056	31538	1.05270e-04	3.32012	25.7	30862	1.07580e-04	3.32031	26.2	31481	1.05420e-04	3.31875	25.0	31205	1.06350e-04	3.31875	26.3
59820.421	16.056	31492	1.05430e-04	3.32012	25.7	30872	1.07540e-04	3.32012	26.2	31506	1.05340e-04	3.31895	25.0	31215	1.06310e-04	3.31855	26.3
59821.609	16.055	31491	1.05430e-04	3.32012	25.7	30872	1.07540e-04	3.31992	26.2	31494	1.05370e-04	3.31855	25.0	31223	1.06290e-04	3.31855	26.3
59822.798	16.055	31518	1.05340e-04	3.32012	25.7	30896	1.07470e-04	3.32031	26.2	31526	1.05280e-04	3.31895	25.0	31219	1.06300e-04	3.31855	26.3
59823.985	16.068	31587	1.05110e-04	3.32012	25.7	30932	1.07340e-04	3.32012	26.2	31503	1.05360e-04	3.31914	25.0	31274	1.06110e-04	3.31836	26.3
59825.174	16.068	31606	1.05050e-04	3.32031	25.7	31049	1.06940e-04	3.32031	26.2	31596	1.05030e-04	3.31855	25.0	31286	1.06080e-04	3.31875	26.3
59826.362	16.043	31580	1.05140e-04	3.32031	25.7	30959	1.07250e-04	3.32031	26.2	31571	1.05130e-04	3.31914	25.0	31317	1.05970e-04	3.31875	26.3
59827.550	16.043	31545	1.05240e-04	3.31992	25.7	30922	1.07380e-04	3.32031	26.2	31524	1.05280e-04	3.31895	25.0	31263	1.06150e-04	3.31855	26.3
59828.739	16.043	31594	1.05090e-04	3.32031	25.7	30946	1.07290e-04	3.32031	26.2	31503	1.05350e-04	3.31875	25.0	31285	1.06080e-04	3.31855	26.3
59829.927	16.033	31585	1.05110e-04	3.31992	25.7	30936	1.07340e-04	3.32051	26.2	31566	1.05150e-04	3.31914	25.0	31305	1.06000e-04	3.31836	26.3
59831.115	16.033	31641	1.04930e-04	3.32012	25.7	30905	1.07430e-04	3.32012	26.2	31538	1.05230e-04	3.31875	25.0	31300	1.06020e-04	3.31855	26.3
59832.304	16.031	31602	1.05070e-04	3.32031	25.7	31007	1.07080e-04	3.32031	26.2	31548	1.05200e-04	3.31895	25.0	31320	1.05960e-04	3.31875	26.3
59833.492	16.031	31534	1.05290e-04	3.32012	25.7	30938	1.07320e-04	3.32031	26.2	31503	1.05350e-04	3.31895	25.0	31286	1.06070e-04	3.31855	26.3
59834.680	16.028	31513	1.05360e-04	3.32012	25.7	30903	1.07430e-04	3.31992	26.2	31447	1.05530e-04	3.31875	25.0	31226	1.06280e-04	3.31875	26.3
59835.868	16.028	31427	1.05650e-04	3.32012	25.7	30847	1.07640e-04	3.32031	26.2	31493	1.05390e-04	3.31914	25.0	31240	1.06230e-04	3.31855	26.3
59837.056	16.014	31503	1.05390e-04	3.32012	25.7	30905	1.07430e-04	3.32012	26.2	31482	1.05420e-04	3.31895	25.0	31253	1.06180e-04	3.31836	26.3
59838.245	16.014	31502	1.05400e-04	3.32031	25.7	30849	1.07620e-04	3.32012	26.2	31524	1.05280e-04	3.31895	25.0	31232	1.06260e-04	3.31875	26.3
59839.433	16.037	31574	1.05150e-04	3.32012	25.7	30970	1.07210e-04	3.32031	26.2	31487	1.05410e-04	3.31895	25.0	31256	1.06180e-04	3.31875	26.3
59840.621	16.037	31554	1.05220e-04	3.32012	25.7	30965	1.07220e-04	3.32012	26.2	31592	1.05060e-04	3.31895	25.0	31280	1.06090e-04	3.31855	26.3
59841.809	16.037	31569	1.05170e-04	3.32012	25.7	31016	1.07060e-04	3.32051	26.2	31486	1.05410e-04	3.31895	25.0	31267	1.06130e-04	3.31855	26.3
59842.998	16.038	31542	1.05260e-04	3.32012	25.7	30963	1.07240e-04	3.32031	26.2	31575	1.05110e-04	3.31895	25.0	31298	1.06030e-04	3.31855	26.3
59844.186	16.038	31475	1.05480e-04	3.32012	25.7	30900	1.07450e-04	3.32031	26.2	31563	1.05150e-04	3.31895	25.0	31337	1.05900e-04	3.31855	26.3
59845.374	16.031	31511	1.05360e-04	3.32012	25.7	30949	1.07280e-04	3.32012	26.2	31504	1.05340e-04	3.31855	25.0	31281	1.06090e-04	3.31875	26.3
59846.562	16.031	31534	1.05290e-04	3.32012	25.7	30949	1.07280e-04	3.32031	26.2	31505	1.05350e-04	3.31895	25.0	31255	1.06180e-04	3.31855	26.3
59847.750	16.040	31524	1.05320e-04	3.32012	25.7	30903	1.07440e-04	3.32012	26.2	31485	1.05420e-04	3.31914	25.0	31267	1.06130e-04	3.31855	26.3
59848.939	16.040	31532	1.05300e-04	3.32012	25.7	30956	1.07250e-04	3.32012	26.2	31471	1.05450e-04	3.31875	25.0	31309	1.05990e-04	3.31855	26.3
59850.127	16.027	31497	1.05420e-04	3.32031	25.7	30864	1.07570e-04	3.32012	26.2	31526	1.05280e-04	3.31895	25.0	31246	1.06210e-04	3.31855	26.3
59851.315	16.027	31585	1.05120e-04	3.32012	25.7	30905	1.07430e-04	3.32012	26.2	31513	1.05310e-04	3.31875	25.0	31259	1.06160e-04	3.31855	26.3
59852.503	16.027	31508	1.05370e-04	3.32012	25.7	30975	1.07190e-04	3.32031	26.2	31549	1.05200e-04	3.31875	25.0	31232	1.06260e-04	3.31875	26.3
59853.692	16.031	31490	1.05430e-04	3.31992	25.7	30906	1.07430e-04	3.32031	26.2	31502	1.05360e-04	3.31895	25.0	31272	1.06120e-04	3.31875	26.3
59854.880	16.031	31440	1.05600e-04	3.32012	25.7	30927	1.07350e-04	3.32012	26.2	31495	1.05380e-04	3.31875	25.0	31268	1.06120e-04	3.31836	26.3
59856.068	16.048	31504	1.05390e-04	3.32012	25.7	30919	1.07390e-04	3.32031	26.2	31501	1.05360e-04	3.31895	25.0	31287	1.06070e-04	3.31855	26.3
59857.256	16.048	31526	1.05310e-04	3.31992	25.7	30908	1.07420e-04	3.32012	26.2	31505	1.05350e-04	3.31895	25.0	31283	1.06080e-04	3.31836	26.3
59858.445	16.021	31493	1.05420e-04	3.32012	25.7	30905	1.07430e-04	3.32012	26.2	31503	1.05340e-04	3.31855	25.0	31282	1.06090e-04	3.31855	26.3
59859.633	16.021	31494	1.05420e-04	3.32012	25.7	30892	1.07480e-04	3.32012	26.2	31502	1.05360e-04	3.31895	25.0	31211	1.06330e-04	3.31875	26.3
59860.821	16.021	31532	1.05300e-04	3.32012	25.7	30887	1.07490e-04	3.31992	26.2	31518	1.05300e-04	3.31875	25.0	31227	1.06270e-04	3.31855	26.3
59862.009	16.050	31567	1.05180e-04	3.32012	25.7	31027	1.07010e-04	3.32012	26.2	31527	1.05270e-04	3.31875	25.0	31227	1.06260e-04	3.31836	26.3
59863.198	16.050	31467	1.05510e-04	3.32012	25.7	30912	1.07410e-04	3.32012	26.2	31579	1.05090e-04	3.31875	25.0	31255	1.06180e-04	3.31855	26.3
59864.386	16.031	31521	1.05330e-04	3.32012	25.7	30837	1.07670e-04	3.32012	26.2	31579	1.05090e-04	3.31875	25.0	31355	1.05840e-04	3.31855	26.3
59865.574	16.031	31529	1.05300e-04	3.32012	25.7	30875	1.07540e-04	3.32031	26.2	31508	1.05340e-04	3.31895	25.0	31288	1.06060e-04	3.31855	26.3
59866.762	16.052	31537	1.05270e-04	3.31992	25.7	30901	1.07450e-04	3.32031	26.2	31533	1.05250e-04	3.31875	25.0	31293	1.06050e-04	3.31875	26.3
59867.951	16.052	31507	1.05380e-04	3.32031	25.7	30928	1.07350e-04	3.32012	26.2	31489	1.05390e-04	3.31875	25.0	31235	1.06240e-04	3.31836	26.3
59869.139	16.065	31548	1.05240e-04	3.32012	25.7	30951	1.07280e-04	3.32031	26.2	31505	1.05340e-04	3.31875	25.0	31237	1.06240e-04	3.31855	26.3
59870.327	16.065	31498	1.05400e-04	3.31992	25.7	30889	1.07480e-04	3.32012	26.2	31572	1.05120e-04	3.31895	25.0	31240	1.06230e-04	3.31855	26.3
59871.516	16.065	31532	1.05300e-04	3.32012	25.7	30945	1.07290e-04	3.32012	26.2	31520	1.05300e-04	3.31895	25.0	31273	1.06110e-04	3.31836	26.3
59872.704	16.047	31603	1.05060e-04	3.32012	25.7	30988	1.07140e-04	3.32012	26.2	31513	1.05310e-04	3.31875	25.0	31267	1.06140e-04	3.31875	26.3
59873.892	16.047	31586	1.05110e-04	3.32012	25.7	30957	1.07250e-04	3.32012	26.2	31595	1.05050e-04	3.31895	25.0	31267	1.06130e-04	3.31855	26.3
59875.080	16.028	31559	1.05200e-04	3.32012	25.7	30974	1.07190e-04	3.32012	26.2	31615	1.04970e-04	3.31875	25.0	31349	1.05850e-04	3.31836	26.3
59876.268	16.028	31548	1.05240e-04	3.32012	25.7	30954	1.07260e-04	3.32012	26.2	31534	1.05240e-04	3.31875	25.0	31292	1.06050e-04	3.31855	26.3
59877.456	15.860	31530	1.05300e-04	3.32012	25.7	30922	1.07370e-04	3.31992	26.2	31533	1.05250e-04	3.31875	25.0	31303	1.06010e-04	3.31855	26.3
59878.645	15.860	31548	1.05240e-04	3.32012	25.7	30921	1.07380e-04	3.32031	26.2	31567	1.05140e-04	3.31895	25.0	31311	1.05980e-04	3.31836	26.3
59879.833	15.860	31527	1.05300e-04	3.31992	25.7	30897	1.07460e-04	3.32031	26.2	31567	1.05140e-04	3.31895	25.0	31289	1.06060e-04	3.31855	26.3
59881.021	16.041	31558	1.05210e-04	3.32012	25.7	30927	1.07350e-04	3.31992	26.2	31535	1.05240e-04	3.31875	25.0	31267	1.06130e-04	3.31836	26.3
59882.210	16.041	31520	1.05340e-04	3.32031	25.7	30897	1.07460e-04	3.32031	26.2	31515	1.05310e-04	3.31895	25.0	31287	1.06070e-04	3.31855	26.3
59883.398	16.044	31517	1.05340e-04	3.31992	25.7	30881	1.07510e-04	3.32012	26.2	31520	1.05300e-04	3.31895	25.0	31230	1.06270e-04	3.31875	26.3
59884.586	16.044	31504	1.05390e-04	3.32012	25.7	30912	1.07410e-04	3.32012	26.2	31471	1.05460e-04	3.31895	25.0	31289	1.06060e-04	3.31855	26.3
59885.775	16.084	31554	1.05220e-04	3.32012	25.7	30895	1.07460e-04	3.32012	26.2	31492	1.05390e-04	3.31895	25.0	31238	1.06240e-04	3.31875	26.3
59886.962	16.084	31585	1.05120e-04	3.32031	25.7	30911	1.07410e-04	3.32012	26.2	31485	1.05400e-04	3.31855	25.0	31255	1.06180e-04	3.31855	26.3
59888.151	16.027	31603	1.05060e-04	3.32012	25.7	31004	1.07090e-04	3.32012	26.2	31585	1.05080e-04	3.31895	25.0	31324	1.05940e-04	3.31836	26.3
59889.339	16.027	31577	1.05140e-04	3.32012	25.7	30971	1.07200e-04	3.32012	26.2	31521	1.05290e-04	3.31895	25.0	31297	1.06030e-04	3.31855	26.3
59890.527	16.030	31584	1.05120e-04	3.32012	25.7	30982	1.07160e-04	3.32012	26.2	31558	1.05170e-04	3.31895	25.0	31316	1.05970e-04	3.31855	26.3
59891.715	16.030	31539	1.05270e-04	3.32012	25.7	30951	1.07280e-04	3.32031	26.2	31593	1.05050e-04	3.31895	25.0	31334	1.05910e-04	3.31855	26.3
59892.904	16.030	31577	1.05140e-04	3.31992	25.7	30959	1.07250e-04	3.32031	26.2	31600	1.05020e-04	3.31875	25.0	31320	1.05960e-04	3.31855	26.3
59894.092	16.092	31548	1.05240e-04	3.32012	25.7	30995	1.07120e-04	3.32012	26.2	31581	1.05090e-04	3.31875	25.0	31341	1.05880e-04	3.31836	26.3
59895.281	16.092	31554	1.05220e-04	3.32012	25.7	30925	1.07370e-04	3.32031	26.2	31601	1.05030e-04	3.31914	25.0	31319	1.05960e-04	3.31855	26.3
59896.469	16.045	31487	1.05440e-04	3.31992	25.7	30934	1.07330e-04	3.32012	26.2	31573	1.05120e-04	3.31895	25.0	31272	1.06120e-04	3.31855	26.3
59897.656	16.045	31522	1.05330e-04	3.32012	25.7	30952	1.07260e-04	3.31992	26.2	31519	1.05300e-04	3.31875	25.0	31243	1.06210e-04	3.31836	26.3
59898.845	16.045	31522	1.05320e-04	3.31992	25.7	30965	1.07220e-04	3.32012	26.2	31535	1.05240e-04	3.31875	25.0	31300	1.06020e-04	3.31855	26.3
59900.033	16.045	31573	1.05160e-04	3.32012	25.7	30932	1.07330e-04	3.31992	26.2	31527	1.05270e-04	3.31875	25.0	31318	1.05960e-04	3.31836	26.3
59901.221	16.037	31531	1.05290e-04	3.31992	25.7	30922	1.07370e-04	3.32012	26.2	31487	1.05410e-04	3.31895	25.0	31267	1.06130e-04	3.31855	26.4
59902.410	16.037	31503	1.05390e-04	3.32012	25.7	30933	1.07330e-04	3.32012	26.2	31520	1.05290e-04	3.31875	25.0	31291	1.06060e-04	3.31855	26.4
59903.598	16.037	31541	1.05260e-04	3.32012	25.7	30915	1.07400e-04	3.32031	26.2	31522	1.05280e-04	3.31875	25.0	31245	1.06220e-04	3.31875	26.4
59904.786	16.056	31560	1.05200e-04	3.32012	25.7	30961	1.07240e-04	3.32012	26.2	31562	1.05160e-04	3.31895	25.0	31354	1.05840e-04	3.31855	26.4
59905.975	16.056	31591	1.05100e-04	3.32012	25.7	30964	1.07230e-04	3.32031	26.2	31491	1.05390e-04	3.31875	25.0	31332	1.05910e-04	3.31836	26.4
59907.163	16.039	31559	1.05200e-04	3.32012	25.7	30921	1.07380e-04	3.32012	26.2	31609	1.04990e-04	3.31875	25.0	31319	1.05950e-04	3.31836	26.4
59908.351	16.039	31604	1.05050e-04	3.31992	25.7	30944	1.07290e-04	3.31992	26.2	31504	1.05340e-04	3.31875	25.0	31269	1.06130e-04	3.31855	26.4
59909.539	16.072	31581	1.05130e-04	3.32012	25.7	30968	1.07210e-04	3.32012	26.3	31590	1.05060e-04	3.31895	25.0	31282	1.06080e-04	3.31855	26.4
59910.728	16.072	31586	1.05110e-04	3.32012	25.7	30986	1.07150e-04	3.32012	26.3	31535	1.05240e-04	3.31875	25.0	31334	1.05910e-04	3.31855	26.4
59911.916	16.072	31554	1.05220e-04	3.32012	25.7	30947	1.07280e-04	3.32012	26.2	31571	1.05120e-04	3.31875	25.0	31318	1.05960e-04	3.31836	26.4
59913.104	16.042	31480	1.05470e-04	3.32012	25.7	30887	1.07500e-04	3.32031	26.2	31534	1.05250e-04	3.31895	25.0	31266	1.06130e-04	3.31836	26.4
59914.292	16.042	31523	1.05310e-04	3.31973	25.7	30866	1.07560e-04	3.32012	26.2	31485	1.05410e-04	3.31895	25.0	31261	1.06160e-04	3.31875	26.4
59915.480	16.039	31498	1.05410e-04	3.32031	25.7	30912	1.07400e-04	3.32012	26.2	31470	1.05460e-04	3.31875	25.0	31268	1.06120e-04	3.31836	26.4
59916.669	16.039	31478	1.05470e-04	3.32012	25.7	30875	1.07530e-04	3.32012	26.2	31463	1.05490e-04	3.31895	25.0	31207	1.06350e-04	3.31875	26.4
59917.857	16.060	31498	1.05400e-04	3.31992	25.7	30896	1.07460e-04	3.32012	26.2	31496	1.05380e-04	3.31895	25.0	31233	1.06250e-04	3.31855	26.4
59919.045	16.060	31572	1.05160e-04	3.32012	25.7	30890	1.07490e-04	3.32031	26.2	31498	1.05360e-04	3.31875	25.0	31232	1.06250e-04	3.31836	26.4
59920.234	16.052	31496	1.05410e-04	3.32012	25.7	30898	1.07450e-04	3.32012	26.2	31489	1.05400e-04	3.31895	25.0	31237	1.06240e-04	3.31855	26.4
59921.422	16.052	31544	1.05250e-04	3.31992	25.7	30933	1.07330e-04	3.32012	26.2	31555	1.05180e-04	3.31895	25.0	31288	1.06070e-04	3.31875	26.4
59922.610	16.052	31500	1.05400e-04	3.32012	25.7	30888	1.07480e-04	3.31992	26.2	31497	1.05370e-04	3.31875	25.0	31245	1.06210e-04	3.31855	26.4
59923.798	16.058	31493	1.05430e-04	3.32031	25.7	30892	1.07480e-04	3.32012	26.2	31467	1.05470e-04	3.31875	25.0	31220	1.06290e-04	3.31836	26.4
59924.986	16.058	31566	1.05170e-04	3.31992	25.7	30926	1.07360e-04	3.32012	26.2	31533	1.05250e-04	3.31895	25.0	31249	1.06200e-04	3.31855	26.4
59926.174	16.033	31547	1.05240e-04	3.31992	25.7	30942	1.07300e-04	3.32012	26.2	31494	1.05380e-04	3.31895	25.0	31268	1.06120e-04	3.31836	26.4
59927.363	16.033	31600	1.05070e-04	3.32012	25.7	31041	1.06970e-04	3.32031	26.2	31550	1.05190e-04	3.31875	25.0	31303	1.06010e-04	3.31855	26.4
59928.551	16.031	31586	1.05110e-04	3.32012	25.7	30991	1.07130e-04	3.32012	26.2	31577	1.05110e-04	3.31895	25.0	31353	1.05840e-04	3.31855	26.4
59929.739	16.031	31573	1.05150e-04	3.31992	25.7	30970	1.07200e-04	3.31992	26.2	31609	1.04990e-04	3.31875	25.0	31368	1.05800e-04	3.31855	26.4
59930.928	16.031	31560	1.05210e-04	3.32031	25.7	30894	1.07480e-04	3.32051	26.2	31523	1.05290e-04	3.31895	25.0	31315	1.05970e-04	3.31836	26.4
59932.116	16.054	31473	1.05480e-04	3.31992	25.7	30862	1.07580e-04	3.32012	26.2	31476	1.05450e-04	3.31914	25.0	31266	1.06140e-04	3.31855	26.4
59933.304	16.054	31557	1.05220e-04	3.32031	25.7	30953	1.07260e-04	3.32012	26.2	31539	1.05230e-04	3.31875	25.0	31216	1.06310e-04	3.31855	26.4
59934.493	16.097	31535	1.05290e-04	3.32031	25.7	30893	1.07470e-04	3.32012	26.2	31495	1.05380e-04	3.31895	25.0	31269	1.06130e-04	3.31875	26.4
59935.680	16.097	31558	1.05200e-04	3.31992	25.7	30882	1.07510e-04	3.32012	26.2	31556	1.05180e-04	3.31895	25.0	31297	1.06040e-04	3.31875	26.4
59936.869	16.053	31596	1.05080e-04	3.32012	25.7	30943	1.07300e-04	3.32012	26.2	31519	1.05290e-04	3.31875	25.0	31244	1.06210e-04	3.31855	26.4
59938.057	16.053	31496	1.05420e-04	3.32031	25.7	30909	1.07420e-04	3.32012	26.2	31469	1.05460e-04	3.31875	25.0	31295	1.06030e-04	3.31836	26.4
59939.245	16.047	31538	1.05270e-04	3.32012	25.7	30924	1.07360e-04	3.32012	26.2	31499	1.05370e-04	3.31895	25.0	31231	1.06260e-04	3.31875	26.4
59940.433	16.047	31509	1.05360e-04	3.31992	25.7	30889	1.07480e-04	3.31992	26.2	31513	1.05310e-04	3.31875	25.0	31297	1.06040e-04	3.31875	26.4
59941.622	15.979	31479	1.05480e-04	3.32031	25.7	30854	1.07620e-04	3.32051	26.2	31475	1.05440e-04	3.31875	25.0	31216	1.06300e-04	3.31836	26.4
59942.810	15.979	31448	1.05570e-04	3.31992	25.7	30861	1.07590e-04	3.32031	26.2	31518	1.05300e-04	3.31895	25.0	31250	1.06200e-04	3.31875	26.4
59943.998	15.979	31518	1.05340e-04	3.32012	25.7	30889	1.07480e-04	3.32012	26.2	31501	1.05350e-04	3.31875	25.0	31300	1.06020e-04	3.31836	26.4
59945.187	16.036	31530	1.05300e-04	3.32012	25.7	30882	1.07520e-04	3.32031	26.2	31543	1.05220e-04	3.31895	25.0	31276	1.06110e-04	3.31855	26.4
59946.375	16.036	31514	1.05350e-04	3.32012	25.7	30914	1.07400e-04	3.32012	26.3	31499	1.05370e-04	3.31895	25.0	31262	1.06160e-04	3.31875	26.4
59947.563	16.049	31515	1.05360e-04	3.32031	25.7	30867	1.07560e-04	3.32012	26.3	31453	1.05510e-04	3.31875	25.0	31230	1.06260e-04	3.31855	26.4
59948.751	16.049	31430	1.05630e-04	3.31992	25.7	30912	1.07400e-04	3.32012	26.2	31460	1.05490e-04	3.31875	25.0	31274	1.06110e-04	3.31855	26.4
59949.939	16.049	31498	1.05400e-04	3.31992	25.7	30858	1.07590e-04	3.32012	26.2	31493	1.05380e-04	3.31875	25.0	31250	1.06190e-04	3.31836	26.4
59951.127	16.015	31536	1.05290e-04	3.32031	25.7	30952	1.07270e-04	3.32012	26.2	31482	1.05410e-04	3.31855	25.0	31227	1.06270e-04	3.31836	26.4
59952.316	16.029	31591	1.05100e-04	3.32012	25.7	30945	1.07290e-04	3.32012	26.2	31504	1.05350e-04	3.31895	25.0	31299	1.06030e-04	3.31875	26.4
59953.504	16.029	31544	1.05250e-04	3.32012	25.7	30900	1.07450e-04	3.32012	26.2	31527	1.05270e-04	3.31875	25.0	31329	1.05920e-04	3.31855	26.4
59954.693	16.029	31510	1.05370e-04	3.32012	25.7	30906	1.07430e-04	3.32031	26.2	31494	1.05380e-04	3.31875	25.0	31283	1.06080e-04	3.31836	26.4
59955.881	16.029	31549	1.05230e-04	3.31992	25.7	30932	1.07340e-04	3.32012	26.2	31490	1.05400e-04	3.31895	25.0	31278	1.06100e-04	3.31855	26.4
59957.069	16.029	31465	1.05520e-04	3.32012	25.7	30890	1.07480e-04	3.32012	26.2	31532	1.05250e-04	3.31875	25.0	31282	1.06080e-04	3.31836	26.4
59958.257	16.047	31573	1.05160e-04	3.32012	25.7	30956	1.07250e-04	3.32012	26.2	31515	1.05310e-04	3.31875	25.0	31255	1.06180e-04	3.31855	26.4
59959.445	16.047	31571	1.05160e-04	3.31992	25.7	30960	1.07230e-04	3.31992	26.2	31553	1.05180e-04	3.31875	25.0	31373	1.05780e-04	3.31855	26.4
59960.633	16.045	31545	1.05250e-04	3.32012	25.7	30899	1.07450e-04	3.31992	26.2	31595	1.05030e-04	3.31855	25.0	31385	1.05730e-04	3.31836	26.4
59961.822	16.045	31485	1.05450e-04	3.31992	25.7	30912	1.07400e-04	3.32012	26.2	31502	1.05360e-04	3.31895	25.0	31260	1.06160e-04	3.31855	26.4
59963.010	16.063	31518	1.05330e-04	3.31992	25.7	30889	1.07480e-04	3.32012	26.2	31488	1.05400e-04	3.31875	25.0	31266	1.06130e-04	3.31836	26.4
59964.198	16.063	31537	1.05280e-04	3.32031	25.7	30913	1.07410e-04	3.32031	26.2	31507	1.05330e-04	3.31855	25.0	31280	1.06090e-04	3.31855	26.4
59965.387	16.063	31523	1.05320e-04	3.31992	25.7	30920	1.07380e-04	3.32012	26.2	31498	1.05370e-04	3.31895	25.0	31335	1.05910e-04	3.31855	26.4
59966.575	16.064	31580	1.05130e-04	3.31992	25.7	30974	1.07190e-04	3.32012	26.2	31527	1.05270e-04	3.31875	25.0	31201	1.06360e-04	3.31855	26.4
59967.763	16.064	31512	1.05360e-04	3.32012	25.7	30976	1.07180e-04	3.32012	26.2	31525	1.05270e-04	3.31875	25.0	31291	1.06050e-04	3.31855	26.4
59968.952	16.029	31514	1.05350e-04	3.31992	25.7	30883	1.07510e-04	3.32012	26.2	31523	1.05290e-04	3.31895	25.0	31279	1.06100e-04	3.31855	26.4
59970.140	16.029	31517	1.05340e-04	3.32012	25.7	30911	1.07400e-04	3.31992	26.2	31505	1.05340e-04	3.31875	25.0	31199	1.06370e-04	3.31855	26.4
59971.328	16.056	31499	1.05400e-04	3.32012	25.7	30859	1.07590e-04	3.32012	26.2	31486	1.05400e-04	3.31875	25.0	31250	1.06190e-04	3.31836	26.4
59972.516	16.056	31497	1.05400e-04	3.31992	25.7	30883	1.07510e-04	3.32012	26.2	31487	1.05400e-04	3.31875	25.0	31230	1.06260e-04	3.31855	26.4
59973.704	16.056	31549	1.05230e-04	3.31992	25.7	30900	1.07440e-04	3.31973	26.2	31452	1.05510e-04	3.31855	25.0	31233	1.06240e-04	3.31816	26.4
59974.892	16.032	31566	1.05180e-04	3.31992	25.7	30936	1.07310e-04	3.31992	26.2	31537	1.05240e-04	3.31895	25.0	31186	1.06410e-04	3.31855	26.4
59976.081	16.032	31603	1.05050e-04	3.31992	25.7	30886	1.07490e-04	3.32012	26.2	31517	1.05300e-04	3.31875	25.0	31253	1.06180e-04	3.31836	26.4
59977.269	16.036	31508	1.05380e-04	3.32012	25.7	30912	1.07400e-04	3.32012	26.2	31499	1.05350e-04	3.31855	25.0	31265	1.06140e-04	3.31836	26.4
59978.457	16.036	31547	1.05240e-04	3.32012	25.7	30894	1.07470e-04	3.32012	26.2	31556	1.05180e-04	3.31895	25.0	31328	1.05940e-04	3.31875	26.4
59979.645	16.042	31532	1.05290e-04	3.31992	25.7	30912	1.07400e-04	3.32012	26.2	31594	1.05040e-04	3.31875	25.0	31335	1.05910e-04	3.31855	26.4
59980.834	16.042	31518	1.05340e-04	3.32012	25.7	30936	1.07310e-04	3.31992	26.2	31560	1.05160e-04	3.31875	25.0	31303	1.06020e-04	3.31855	26.4
59982.022	16.036	31556	1.05210e-04	3.31992	25.7	30861	1.07580e-04	3.32012	26.2	31544	1.05210e-04	3.31875	25.0	31256	1.06170e-04	3.31836	26.4
59983.210	16.036	31622	1.04990e-04	3.32012	25.7	30951	1.07270e-04	3.32012	26.2	31550	1.05200e-04	3.31895	25.0	31290	1.06060e-04	3.31855	26.4
59984.399	16.036	31623	1.04990e-04	3.32012	25.7	30981	1.07170e-04	3.32012	26.2	31556	1.05170e-04	3.31855	25.0	31275	1.06100e-04	3.31836	26.4
59985.587	16.020	31571	1.05160e-04	3.31992	25.7	30908	1.07420e-04	3.32012	26.2	31532	1.05260e-04	3.31914	25.0	31212	1.06320e-04	3.31855	26.4
59986.775	16.020	31582	1.05120e-04	3.31992	25.7	30932	1.07340e-04	3.32012	26.2	31550	1.05200e-04	3.31895	25.0	31344	1.05880e-04	3.31855	26.4
59987.963	16.020	31508	1.05370e-04	3.32012	25.7	30873	1.07530e-04	3.31992	26.2	31509	1.05330e-04	3.31875	25.0	31229	1.06250e-04	3.31816	26.4
59989.151	16.043	31536	1.05280e-04	3.32012	25.7	30881	1.07520e-04	3.32031	26.2	31529	1.05270e-04	3.31895	25.0	31255	1.06180e-04	3.31855	26.4
59990.340	16.020	31552	1.05220e-04	3.31992	25.7	30942	1.07310e-04	3.32031	26.2	31490	1.05390e-04	3.31875	25.0	31222	1.06290e-04	3.31855	26.4
59991.528	16.020	31543	1.05260e-04	3.32012	25.7	30924	1.07360e-04	3.32012	26.2	31560	1.05160e-04	3.31875	25.0	31264	1.06140e-04	3.31855	26.4
59992.716	16.020	31516	1.05350e-04	3.32012	25.7	30918	1.07390e-04	3.32031	26.2	31525	1.05280e-04	3.31895	25.0	31244	1.06220e-04	3.31855	26.4
59993.904	16.050	31625	1.04990e-04	3.32012	25.7	30947	1.07280e-04	3.31992	26.2	31544	1.05210e-04	3.31875	25.0	31303	1.06010e-04	3.31836	26.4
59995.092	16.050	31540	1.05270e-04	3.32012	25.7	30936	1.07330e-04	3.32031	26.2	31504	1.05340e-04	3.31855	25.0	31280	1.06090e-04	3.31836	26.4
59996.281	16.036	31498	1.05400e-04	3.31992	25.7	30912	1.07400e-04	3.32012	26.2	31498	1.05370e-04	3.31895	25.0	31248	1.06210e-04	3.31875	26.4
59997.469	16.036	31576	1.05150e-04	3.32012	25.7	30956	1.07250e-04	3.31992	26.2	31522	1.05280e-04	3.31875	25.0	31270	1.06130e-04	3.31875	26.4
59998.657	16.061	31511	1.05360e-04	3.32012	25.7	30947	1.07280e-04	3.32012	26.3	31536	1.05240e-04	3.31895	25.0	31228	1.06270e-04	3.31855	26.4
59999.845	16.061	31573	1.05160e-04	3.32012	25.7	30937	1.07320e-04	3.32012	26.2	31527	1.05270e-04	3.31895	25.0	31282	1.06080e-04	3.31855	26.4
60001.034	16.049	31560	1.05210e-04	3.32031	25.7	30947	1.07280e-04	3.32012	26.3	31575	1.05100e-04	3.31855	25.0	31355	1.05830e-04	3.31836	26.4
60002.222	16.049	31495	1.05420e-04	3.32012	25.7	30847	1.07640e-04	3.32031	26.3	31497	1.05380e-04	3.31914	25.0	31240	1.06230e-04	3.31875	26.4
60003.410	16.046	31543	1.05260e-04	3.32012	25.7	30927	1.07350e-04	3.32012	26.3	31516	1.05310e-04	3.31895	25.0	31221	1.06290e-04	3.31855	26.4
60004.599	16.046	31556	1.05220e-04	3.32031	25.7	30930	1.07350e-04	3.32031	26.3	31473	1.05450e-04	3.31895	25.1	31270	1.06130e-04	3.31875	26.4
60005.787	16.046	31535	1.05280e-04	3.32012	25.7	30974	1.07190e-04	3.32012	26.2	31545	1.05210e-04	3.31895	25.1	31224	1.06280e-04	3.31855	26.4
60006.975	16.038	31602	1.05060e-04	3.32012	25.7	30972	1.07190e-04	3.31992	26.2	31558	1.05160e-04	3.31875	25.0	31286	1.06070e-04	3.31836	26.4
60008.163	16.038	31587	1.05110e-04	3.32012	25.7	30970	1.07210e-04	3.32031	26.2	31550	1.05200e-04	3.31895	25.0	31285	1.06070e-04	3.31855	26.4
60009.351	16.021	31511	1.05360e-04	3.32012	25.7	30909	1.07420e-04	3.32012	26.3	31468	1.05470e-04	3.31895	25.0	31232	1.06260e-04	3.31875	26.4
60010.540	16.021	31551	1.05240e-04	3.32031	25.7	30939	1.07300e-04	3.31992	26.3	31496	1.05370e-04	3.31875	25.0	31329	1.05930e-04	3.31855	26.4
60011.728	16.034	31533	1.05290e-04	3.32012	25.7	30962	1.07230e-04	3.32012	26.3	31554	1.05180e-04	3.31875	25.1	31381	1.05750e-04	3.31855	26.4
60012.916	16.034	31551	1.05230e-04	3.32012	25.7	30950	1.07270e-04	3.32012	26.3	31553	1.05190e-04	3.31895	25.1	31300	1.06020e-04	3.31836	26.4
60014.105	16.040	31472	1.05500e-04	3.32031	25.7	30952	1.07270e-04	3.32031	26.3	31527	1.05270e-04	3.31875	25.1	31235	1.06250e-04	3.31855	26.4
60015.293	16.040	31613	1.05020e-04	3.32012	25.7	30916	1.07400e-04	3.32031	26.3	31495	1.05380e-04	3.31895	25.1	31258	1.06170e-04	3.31875	26.4
60016.481	16.040	31564	1.05190e-04	3.32012	25.7	30904	1.07430e-04	3.32012	26.3	31521	1.05290e-04	3.31895	25.1	31305	1.06010e-04	3.31855	26.4
60017.669	16.053	31539	1.05280e-04	3.32031	25.7	30955	1.07260e-04	3.32031	26.3	31509	1.05330e-04	3.31875	25.1	31255	1.06180e-04	3.31855	26.4
60018.857	16.053	31518	1.05340e-04	3.32012	25.7	30875	1.07540e-04	3.32031	26.3	31525	1.05280e-04	3.31895	25.1	31274	1.06110e-04	3.31855	26.4
60020.045	16.050	31544	1.05250e-04	3.32012	25.7	30846	1.07640e-04	3.32012	26.3	31479	1.05430e-04	3.31895	25.0	31260	1.06160e-04	3.31855	26.4
60021.234	16.050	31530	1.05300e-04	3.32012	25.7	30877	1.07530e-04	3.32031	26.3	31480	1.05430e-04	3.31895	25.0	31260	1.06170e-04	3.31875	26.4
60022.422	16.050	31464	1.05510e-04	3.31992	25.7	30857	1.07590e-04	3.31992	26.3	31474	1.05450e-04	3.31895	25.0	31282	1.06090e-04	3.31855	26.4
60023.610	16.050	31523	1.05330e-04	3.32031	25.7	30893	1.07470e-04	3.32012	26.3	31515	1.05300e-04	3.31855	25.0	31243	1.06210e-04	3.31836	26.4
60024.799	16.050	31558	1.05210e-04	3.32031	25.7	30937	1.07330e-04	3.32031	26.3	31510	1.05330e-04	3.31895	25.0	31258	1.06170e-04	3.31875	26.4
60025.987	16.046	31523	1.05320e-04	3.31992	25.7	30892	1.07480e-04	3.32012	26.3	31507	1.05340e-04	3.31895	25.1	31244	1.06210e-04	3.31855	26.4
60027.175	16.046	31523	1.05320e-04	3.32012	25.7	30912	1.07410e-04	3.32031	26.3	31483	1.05410e-04	3.31875	25.1	31219	1.06300e-04	3.31855	26.4
60028.363	16.040	31482	1.05450e-04	3.31992	25.7	30930	1.07340e-04	3.32012	26.3	31468	1.05470e-04	3.31875	25.1	31250	1.06190e-04	3.31855	26.4
60029.551	16.040	31570	1.05170e-04	3.32012	25.7	30929	1.07350e-04	3.32031	26.3	31514	1.05310e-04	3.31875	25.1	31232	1.06250e-04	3.31855	26.4
60030.740	16.040	31558	1.05210e-04	3.32031	25.7	30917	1.07390e-04	3.32012	26.3	31532	1.05260e-04	3.31895	25.1	31262	1.06150e-04	3.31855	26.4
60031.928	16.047	31534	1.05280e-04	3.31992	25.7	30898	1.07460e-04	3.32012	26.3	31498	1.05360e-04	3.31875	25.1	31247	1.06200e-04	3.31836	26.4
60033.116	16.033	31520	1.05330e-04	3.32012	25.7	30897	1.07460e-04	3.32012	26.3	31505	1.05340e-04	3.31875	25.1	31249	1.06200e-04	3.31855	26.4
60034.304	16.033	31549	1.05240e-04	3.32012	25.7	30964	1.07220e-04	3.32012	26.3	31465	1.05480e-04	3.31895	25.1	31274	1.06110e-04	3.31855	26.4
60035.493	16.033	31560	1.05200e-04	3.31992	25.7	30875	1.07530e-04	3.31992	26.3	31505	1.05340e-04	3.31875	25.1	31265	1.06140e-04	3.31855	26.4
60036.681	16.025	31522	1.05330e-04	3.32031	25.7	30896	1.07460e-04	3.32012	26.3	31543	1.05210e-04	3.31875	25.1	31273	1.06120e-04	3.31855	26.4
60037.869	16.025	31495	1.05410e-04	3.31992	25.7	30894	1.07460e-04	3.31992	26.3	31489	1.05400e-04	3.31875	25.1	31217	1.06310e-04	3.31855	26.4
60039.057	16.040	31512	1.05360e-04	3.32012	25.7	30909	1.07420e-04	3.32031	26.3	31458	1.05490e-04	3.31855	25.1	31245	1.06210e-04	3.31836	26.4
60040.246	16.040	31528	1.05310e-04	3.32031	25.7	30895	1.07470e-04	3.32031	26.3	31498	1.05380e-04	3.31914	25.1	31203	1.06360e-04	3.31875	26.4
60041.434	16.059	31487	1.05440e-04	3.31992	25.7	30912	1.07410e-04	3.32012	26.3	31468	1.05470e-04	3.31875	25.1	31239	1.06230e-04	3.31855	26.4
60042.622	16.059	31506	1.05390e-04	3.32031	25.7	30900	1.07450e-04	3.32031	26.3	31518	1.05300e-04	3.31875	25.1	31212	1.06320e-04	3.31836	26.4
60043.810	16.059	31555	1.05220e-04	3.32012	25.7	30914	1.07400e-04	3.32012	26.3	31511	1.05330e-04	3.31895	25.1	31273	1.06120e-04	3.31855	26.4
60044.999	16.054	31538	1.05270e-04	3.31992	25.7	30986	1.07150e-04	3.32012	26.3	31497	1.05370e-04	3.31895	25.1	31266	1.06140e-04	3.31855	26.4
60046.187	16.054	31577	1.05140e-04	3.32012	25.7	30959	1.07240e-04	3.32012	26.3	31579	1.05100e-04	3.31895	25.1	31330	1.05920e-04	3.31855	26.4
60047.375	16.043	31556	1.05210e-04	3.32012	25.7	30935	1.07330e-04	3.32012	26.3	31537	1.05240e-04	3.31895	25.1	31289	1.06060e-04	3.31855	26.4
60048.564	16.043	31511	1.05360e-04	3.32012	25.7	30917	1.07380e-04	3.31992	26.3	31550	1.05190e-04	3.31875	25.1	31353	1.05840e-04	3.31836	26.4
60049.752	16.053	31534	1.05280e-04	3.31992	25.7	30941	1.07310e-04	3.32012	26.3	31533	1.05250e-04	3.31895	25.1	31338	1.05890e-04	3.31836	26.4
60050.940	16.053	31561	1.05190e-04	3.31992	25.7	30939	1.07300e-04	3.31992	26.3	31517	1.05300e-04	3.31875	25.1	31217	1.06300e-04	3.31836	26.4
60052.128	16.034	31549	1.05230e-04	3.31992	25.7	30922	1.07370e-04	3.32012	26.3	31541	1.05220e-04	3.31875	25.1	31304	1.06010e-04	3.31855	26.4
60053.317	16.034	31571	1.05160e-04	3.32012	25.7	30976	1.07190e-04	3.32031	26.3	31551	1.05190e-04	3.31895	25.1	31323	1.05940e-04	3.31855	26.4
60054.504	16.029	31578	1.05140e-04	3.32012	25.7	30940	1.07310e-04	3.32012	26.3	31574	1.05120e-04	3.31895	25.1	31363	1.05810e-04	3.31855	26.4
60055.693	16.029	31492	1.05430e-04	3.32012	25.7	30918	1.07380e-04	3.32012	26.3	31517	1.05300e-04	3.31875	25.1	31322	1.05940e-04	3.31836	26.4
60056.881	16.029	31496	1.05410e-04	3.32012	25.7	30909	1.07410e-04	3.32012	26.3	31540	1.05230e-04	3.31895	25.1	31295	1.06040e-04	3.31855	26.4
60058.069	16.010	31523	1.05320e-04	3.31992	25.7	30949	1.07270e-04	3.31992	26.3	31474	1.05440e-04	3.31875	25.1	31264	1.06140e-04	3.31855	26.4
60059.258	16.010	31574	1.05150e-04	3.32012	25.7	30951	1.07280e-04	3.32031	26.3	31591	1.05050e-04	3.31875	25.1	31347	1.05870e-04	3.31855	26.4
60060.446	16.017	31569	1.05170e-04	3.32012	25.7	30975	1.07180e-04	3.31992	26.3	31539	1.05230e-04	3.31895	25.1	31307	1.06010e-04	3.31875	26.4
60061.634	16.017	31563	1.05190e-04	3.32012	25.7	30939	1.07310e-04	3.32012	26.3	31554	1.05170e-04	3.31855	25.1	31283	1.06080e-04	3.31836	26.4
60062.822	16.008	31556	1.05210e-04	3.32012	25.7	30937	1.07320e-04	3.32012	26.3	31607	1.05010e-04	3.31914	25.1	31238	1.06240e-04	3.31875	26.4
60064.010	16.008	31554	1.05210e-04	3.31992	25.7	30933	1.07330e-04	3.32012	26.3	31508	1.05340e-04	3.31895	25.1	31252	1.06190e-04	3.31855	26.4
60065.198	16.017	31529	1.05300e-04	3.32012	25.7	30933	1.07340e-04	3.32031	26.3	31541	1.05220e-04	3.31875	25.1	31293	1.06040e-04	3.31836	26.4
60066.387	16.017	31513	1.05360e-04	3.32012	25.8	30931	1.07350e-04	3.32031	26.3	31526	1.05280e-04	3.31895	25.1	31274	1.06120e-04	3.31875	26.4
60067.575	16.017	31585	1.05110e-04	3.31992	25.8	30927	1.07350e-04	3.32012	26.3	31521	1.05290e-04	3.31875	25.1	31273	1.06120e-04	3.31855	26.4
60068.763	16.036	31560	1.05200e-04	3.32012	25.8	30980	1.07170e-04	3.32031	26.3	31543	1.05210e-04	3.31875	25.1	31351	1.05850e-04	3.31855	26.4
60069.952	16.036	31558	1.05210e-04	3.32012	25.8	30964	1.07220e-04	3.32012	26.3	31537	1.05240e-04	3.31895	25.1	31284	1.06080e-04	3.31855	26.4
60071.140	16.050	31537	1.05280e-04	3.32012	25.8	30869	1.07550e-04	3.32012	26.3	31541	1.05220e-04	3.31875	25.1	31286	1.06070e-04	3.31855	26.4
60072.328	16.050	31517	1.05340e-04	3.32012	25.8	30929	1.07350e-04	3.32031	26.3	31504	1.05350e-04	3.31895	25.1	31316	1.05980e-04	3.31875	26.4
60073.517	16.044	31468	1.05500e-04	3.31992	25.8	30903	1.07430e-04	3.31992	26.3	31518	1.05300e-04	3.31895	25.1	31220	1.06300e-04	3.31855	26.4
60074.704	16.044	31497	1.05410e-04	3.32012	25.8	30995	1.07120e-04	3.32031	26.3	31477	1.05430e-04	3.31875	25.1	31284	1.06070e-04	3.31836	26.4
60075.893	16.044	31509	1.05370e-04	3.32012	25.8	30851	1.07620e-04	3.32012	26.3	31473	1.05450e-04	3.31895	25.1	31265	1.06140e-04	3.31855	26.4
60077.081	16.044	31515	1.05350e-04	3.32012	25.8	30934	1.07330e-04	3.32012	26.3	31432	1.05590e-04	3.31895	25.1	31227	1.06270e-04	3.31855	26.4
60078.269	16.044	31518	1.05340e-04	3.32012	25.8	30953	1.07270e-04	3.32031	26.3	31486	1.05400e-04	3.31875	25.1	31277	1.06100e-04	3.31855	26.4
60079.457	16.029	31483	1.05460e-04	3.32012	25.8	30950	1.07280e-04	3.32031	26.3	31548	1.05200e-04	3.31895	25.1	31239	1.06230e-04	3.31855	26.4
60080.646	16.029	31524	1.05320e-04	3.32012	25.8	30930	1.07350e-04	3.32031	26.3	31491	1.05390e-04	3.31895	25.1	31240	1.06230e-04	3.31855	26.4
60081.834	16.039	31502	1.05390e-04	3.32012	25.8	30891	1.07480e-04	3.32012	26.3	31516	1.05310e-04	3.31895	25.1	31219	1.06300e-04	3.31855	26.4
60083.022	16.039	31505	1.05390e-04	3.32031	25.8	30895	1.07460e-04	3.32012	26.3	31428	1.05610e-04	3.31895	25.1	31253	1.06180e-04	3.31855	26.4
60084.211	16.025	31483	1.05460e-04	3.32012	25.8	30926	1.07360e-04	3.32012	26.3	31508	1.05340e-04	3.31895	25.1	31320	1.05960e-04	3.31855	26.4
60085.399	16.025	31562	1.05200e-04	3.32012	25.8	30969	1.07210e-04	3.32012	26.3	31499	1.05360e-04	3.31875	25.1	31277	1.06100e-04	3.31855	26.4
60086.587	16.025	31538	1.05280e-04	3.32012	25.8	30969	1.07210e-04	3.32012	26.3	31473	1.05450e-04	3.31895	25.1	31337	1.05900e-04	3.31855	26.4
60087.775	16.008	31600	1.05070e-04	3.32012	25.8	30944	1.07290e-04	3.31992	26.3	31495	1.05380e-04	3.31895	25.1	31284	1.06070e-04	3.31836	26.4
60088.964	16.008	31509	1.05370e-04	3.32012	25.8	30978	1.07180e-04	3.32031	26.3	31523	1.05290e-04	3.31895	25.1	31341	1.05890e-04	3.31875	26.4
60090.152	16.015	31502	1.05400e-04	3.32012	25.8	30915	1.07400e-04	3.32031	26.3	31519	1.05300e-04	3.31875	25.1	31272	1.06110e-04	3.31836	26.4
60091.340	16.015	31526	1.05310e-04	3.32012	25.8	30874	1.07540e-04	3.32012	26.3	31491	1.05390e-04	3.31895	25.1	31297	1.06050e-04	3.31895	26.4
60092.528	16.036	31466	1.05510e-04	3.31992	25.8	30949	1.07280e-04	3.32031	26.3	31450	1.05530e-04	3.31895	25.1	31270	1.06120e-04	3.31855	26.4
60093.717	16.036	31508	1.05380e-04	3.32031	25.8	30937	1.07320e-04	3.32012	26.3	31473	1.05450e-04	3.31875	25.1	31349	1.05850e-04	3.31836	26.4
60094.904	16.036	31486	1.05450e-04	3.32012	25.8	30882	1.07510e-04	3.32031	26.3	31488	1.05400e-04	3.31895	25.1	31281	1.06090e-04	3.31875	26.4
60096.093	16.044	31574	1.05150e-04	3.32012	25.8	30934	1.07330e-04	3.32012	26.3	31545	1.05210e-04	3.31875	25.1	31344	1.05880e-04	3.31855	26.4
60097.281	16.044	31471	1.05500e-04	3.32012	25.8	30968	1.07210e-04	3.31992	26.3	31520	1.05290e-04	3.31875	25.1	31321	1.05950e-04	3.31855	26.4
60098.469	16.011	31459	1.05540e-04	3.32012	25.8	30966	1.07220e-04	3.32031	26.3	31492	1.05390e-04	3.31895	25.1	31253	1.06190e-04	3.31875	26.4
60099.658	16.011	31562	1.05200e-04	3.32012	25.8	30928	1.07350e-04	3.32012	26.3	31497	1.05370e-04	3.31895	25.1	31275	1.06110e-04	3.31855	26.4
60100.846	16.036	31583	1.05120e-04	3.32012	25.8	30922	1.07370e-04	3.32012	26.3	31559	1.05160e-04	3.31875	25.1	31389	1.05720e-04	3.31855	26.4
60102.034	16.036	31486	1.05450e-04	3.32012	25.8	30937	1.07320e-04	3.32031	26.3	31511	1.05320e-04	3.31875	25.1	31298	1.06030e-04	3.31855	26.4
60103.223	16.044	31580	1.05130e-04	3.32012	25.8	30891	1.07480e-04	3.32012	26.3	31442	1.05550e-04	3.31875	25.1	31279	1.06100e-04	3.31855	26.4
60104.410	16.044	31598	1.05070e-04	3.32012	25.8	30964	1.07230e-04	3.32031	26.3	31530	1.05260e-04	3.31895	25.1	31261	1.06160e-04	3.31855	26.4
60105.599	16.068	31566	1.05180e-04	3.31992	25.8	30945	1.07290e-04	3.32012	26.3	31538	1.05240e-04	3.31895	25.1	31319	1.05960e-04	3.31855	26.4
60106.787	16.068	31636	1.04950e-04	3.32012	25.8	30955	1.07260e-04	3.32012	26.3	31537	1.05230e-04	3.31875	25.1	31337	1.05890e-04	3.31836	26.4
60107.976	16.068	31581	1.05130e-04	3.32012	25.8	31031	1.06990e-04	3.32012	26.3	31603	1.05020e-04	3.31895	25.1	31286	1.06070e-04	3.31855	26.4
60109.163	16.017	31579	1.05130e-04	3.31992	25.8	30973	1.07190e-04	3.32012	26.3	31508	1.05330e-04	3.31875	25.1	31291	1.06050e-04	3.31855	26.4
60110.352	16.017	31545	1.05260e-04	3.32031	25.8	31000	1.07090e-04	3.31992	26.3	31595	1.05040e-04	3.31875	25.1	31332	1.05920e-04	3.31855	26.4
60111.540	16.031	31470	1.05500e-04	3.32012	25.8	30924	1.07370e-04	3.32031	26.3	31522	1.05290e-04	3.31895	25.1	31252	1.06190e-04	3.31855	26.4
60112.729	16.031	31580	1.05130e-04	3.31992	25.8	30929	1.07350e-04	3.32012	26.3	31472	1.05450e-04	3.31875	25.1	31246	1.06200e-04	3.31836	26.4
60113.917	16.031	31578	1.05140e-04	3.32012	25.8	30945	1.07280e-04	3.31992	26.3	31578	1.05100e-04	3.31895	25.1	31261	1.06160e-04	3.31855	26.4
60115.105	16.044	31484	1.05450e-04	3.31992	25.8	30940	1.07320e-04	3.32031	26.3	31496	1.05380e-04	3.31895	25.1	31258	1.06170e-04	3.31855	26.4
60116.293	16.025	31524	1.05320e-04	3.32012	25.8	30887	1.07490e-04	3.32012	26.3	31473	1.05450e-04	3.31875	25.1	31257	1.06170e-04	3.31855	26.4
60117.481	16.025	31540	1.05260e-04	3.31992	25.8	30914	1.07400e-04	3.32031	26.3	31578	1.05100e-04	3.31895	25.1	31279	1.06100e-04	3.31855	26.4
60118.670	16.025	31502	1.05390e-04	3.32012	25.8	30902	1.07440e-04	3.32012	26.3	31488	1.05400e-04	3.31875	25.1	31279	1.06090e-04	3.31836	26.4
60119.858	16.039	31550	1.05230e-04	3.32012	25.8	30918	1.07380e-04	3.32012	26.3	31510	1.05330e-04	3.31895	25.1	31229	1.06260e-04	3.31855	26.4
60121.046	16.039	31503	1.05390e-04	3.32012	25.8	30941	1.07310e-04	3.32012	26.3	31499	1.05360e-04	3.31875	25.1	31246	1.06200e-04	3.31836	26.4
60122.235	16.026	31444	1.05590e-04	3.32012	25.8	30900	1.07450e-04	3.32012	26.3	31570	1.05130e-04	3.31895	25.1	31237	1.06250e-04	3.31875	26.4
60123.423	16.026	31528	1.05310e-04	3.32012	25.8	30852	1.07620e-04	3.32031	26.3	31488	1.05400e-04	3.31895	25.1	31251	1.06190e-04	3.31855	26.4
60124.611	16.040	31541	1.05260e-04	3.32012	25.8	30909	1.07420e-04	3.32012	26.3	31445	1.05540e-04	3.31875	25.1	31210	1.06320e-04	3.31836	26.4
60125.799	16.040	31528	1.05310e-04	3.32012	25.8	30945	1.07290e-04	3.32012	26.3	31507	1.05340e-04	3.31895	25.1	31233	1.06260e-04	3.31875	26.4
60126.987	16.061	31586	1.05110e-04	3.32012	25.8	30934	1.07330e-04	3.32012	26.3	31562	1.05160e-04	3.31895	25.1	31343	1.05880e-04	3.31855	26.4
60128.175	16.061	31589	1.05100e-04	3.32012	25.8	30992	1.07140e-04	3.32031	26.3	31553	1.05190e-04	3.31895	25.1	31395	1.05700e-04	3.31855	26.4
60129.364	16.061	31556	1.05210e-04	3.32012	25.8	30962	1.07230e-04	3.32012	26.3	31575	1.05110e-04	3.31895	25.1	31308	1.06000e-04	3.31855	26.4
60130.552	16.047	31613	1.05020e-04	3.32012	25.8	30975	1.07190e-04	3.32031	26.3	31551	1.05190e-04	3.31895	25.1	31371	1.05780e-04	3.31855	26.4
60131.740	16.047	31636	1.04950e-04	3.32012	25.8	30960	1.07240e-04	3.32012	26.3	31538	1.05240e-04	3.31895	25.1	31358	1.05830e-04	3.31855	26.4
60132.928	16.042	31512	1.05360e-04	3.32012	25.8	30953	1.07260e-04	3.32012	26.3	31522	1.05280e-04	3.31875	25.1	31334	1.05910e-04	3.31855	26.4
60134.117	16.042	31536	1.05280e-04	3.32012	25.8	30933	1.07330e-04	3.32012	26.3	31488	1.05400e-04	3.31895	25.1	31282	1.06080e-04	3.31855	26.4
60135.305	16.047	31497	1.05410e-04	3.32012	25.8	30931	1.07340e-04	3.32012	26.3	31540	1.05230e-04	3.31895	25.1	31251	1.06190e-04	3.31855	26.4
60136.493	16.047	31514	1.05350e-04	3.32012	25.8	30933	1.07330e-04	3.32012	26.3	31522	1.05290e-04	3.31895	25.1	31274	1.06110e-04	3.31855	26.4
60137.681	16.047	31530	1.05310e-04	3.32031	25.8	30903	1.07430e-04	3.31992	26.3	31525	1.05280e-04	3.31895	25.1	31265	1.06140e-04	3.31855	26.4
60138.870	16.038	31539	1.05270e-04	3.32012	25.8	30909	1.07420e-04	3.32012	26.3	31475	1.05440e-04	3.31875	25.1	31249	1.06200e-04	3.31855	26.4
60140.058	16.038	31609	1.05040e-04	3.32012	25.8	30933	1.07330e-04	3.32012	26.3	31488	1.05400e-04	3.31895	25.1	31290	1.06060e-04	3.31855	26.4
60141.246	16.047	31567	1.05180e-04	3.32012	25.8	30929	1.07350e-04	3.32031	26.3	31550	1.05200e-04	3.31895	25.1	31335	1.05910e-04	3.31875	26.4
60142.434	16.047	31527	1.05300e-04	3.31992	25.8	30941	1.07310e-04	3.32031	26.3	31453	1.05520e-04	3.31895	25.1	31317	1.05970e-04	3.31855	26.4
60143.623	16.026	31523	1.05330e-04	3.32031	25.8	30900	1.07450e-04	3.32012	26.3	31499	1.05360e-04	3.31875	25.1	31275	1.06100e-04	3.31836	26.4
60144.811	16.026	31535	1.05280e-04	3.32012	25.8	30840	1.07660e-04	3.32031	26.3	31537	1.05240e-04	3.31895	25.1	31246	1.06210e-04	3.31855	26.4
60145.999	16.041	31617	1.05000e-04	3.31992	25.8	30956	1.07250e-04	3.32012	26.3	31513	1.05310e-04	3.31875	25.1	31313	1.05980e-04	3.31855	26.4
60147.187	16.041	31570	1.05170e-04	3.32012	25.8	30941	1.07300e-04	3.31992	26.3	31525	1.05270e-04	3.31875	25.1	31320	1.05960e-04	3.31855	26.4
60148.376	16.041	31613	1.05020e-04	3.31992	25.8	31027	1.07010e-04	3.32012	26.3	31572	1.05120e-04	3.31895	25.1	31311	1.05990e-04	3.31855	26.4
60149.564	16.041	31623	1.04990e-04	3.32012	25.8	30943	1.07300e-04	3.32012	26.3	31573	1.05110e-04	3.31875	25.1	31330	1.05920e-04	3.31836	26.4
60150.752	16.041	31571	1.05170e-04	3.32031	25.7	30971	1.07200e-04	3.32012	26.3	31518	1.05300e-04	3.31895	25.1	31292	1.06050e-04	3.31855	26.4
60151.940	16.039	31487	1.05440e-04	3.31992	25.7	30913	1.07400e-04	3.32012	26.3	31515	1.05310e-04	3.31895	25.1	31273	1.06120e-04	3.31855	26.4
60153.129	16.039	31509	1.05370e-04	3.31992	25.7	30861	1.07580e-04	3.32012	26.3	31442	1.05550e-04	3.31855	25.1	31288	1.06060e-04	3.31855	26.4
60154.317	16.028	31595	1.05080e-04	3.31992	25.7	30951	1.07270e-04	3.32012	26.3	31511	1.05320e-04	3.31875	25.1	31277	1.06100e-04	3.31855	26.4
60155.505	16.028	31510	1.05360e-04	3.31992	25.7	30930	1.07340e-04	3.32012	26.3	31602	1.05020e-04	3.31875	25.1	31359	1.05820e-04	3.31836	26.4
60156.693	16.028	31586	1.05110e-04	3.32012	25.7	30940	1.07310e-04	3.32012	26.3	31517	1.05300e-04	3.31875	25.1	31280	1.06090e-04	3.31836	26.4
60157.882	16.043	31568	1.05180e-04	3.32012	25.7	31004	1.07080e-04	3.31992	26.3	31556	1.05180e-04	3.31895	25.1	31315	1.05970e-04	3.31855	26.4
60159.070	16.043	31543	1.05260e-04	3.32012	25.7	30981	1.07170e-04	3.32012	26.3	31587	1.05070e-04	3.31875	25.1	31322	1.05950e-04	3.31855	26.4
60160.258	16.037	31520	1.05330e-04	3.32012	25.7	30894	1.07460e-04	3.31992	26.3	31473	1.05450e-04	3.31875	25.1	31278	1.06090e-04	3.31836	26.4
60161.446	16.037	31511	1.05360e-04	3.32012	25.7	30912	1.07400e-04	3.32012	26.3	31501	1.05360e-04	3.31895	25.1	31216	1.06320e-04	3.31875	26.4
60162.635	16.041	31498	1.05410e-04	3.32012	25.7	30874	1.07540e-04	3.32012	26.3	31497	1.05370e-04	3.31875	25.1	31255	1.06180e-04	3.31855	26.4
60163.823	16.041	31508	1.05370e-04	3.32012	25.7	30861	1.07580e-04	3.32012	26.3	31504	1.05340e-04	3.31875	25.1	31242	1.06220e-04	3.31855	26.4
60165.011	16.043	31518	1.05340e-04	3.32012	25.7	30895	1.07470e-04	3.32031	26.3	31504	1.05350e-04	3.31895	25.1	31278	1.06100e-04	3.31855	26.4
60166.199	16.043	31485	1.05450e-04	3.31992	25.7	30879	1.07520e-04	3.32012	26.3	31530	1.05260e-04	3.31875	25.1	31264	1.06140e-04	3.31855	26.4
60167.387	16.043	31531	1.05300e-04	3.32031	25.7	30925	1.07370e-04	3.32031	26.3	31556	1.05180e-04	3.31895	25.1	31260	1.06160e-04	3.31855	26.4
60168.576	16.043	31524	1.05320e-04	3.32012	25.7	30893	1.07480e-04	3.32051	26.3	31489	1.05400e-04	3.31895	25.1	31251	1.06190e-04	3.31855	26.4
60169.764	16.043	31510	1.05370e-04	3.32012	25.7	30909	1.07410e-04	3.32012	26.3	31545	1.05210e-04	3.31875	25.1	31246	1.06210e-04	3.31855	26.4
60170.952	16.066	31548	1.05240e-04	3.32012	25.7	30827	1.07700e-04	3.32012	26.3	31470	1.05460e-04	3.31875	25.1	31243	1.06220e-04	3.31855	26.4
60172.140	16.066	31566	1.05170e-04	3.31992	25.7	30886	1.07490e-04	3.32012	26.3	31458	1.05500e-04	3.31895	25.1	31271	1.06120e-04	3.31855	26.4
60173.328	16.040	31525	1.05320e-04	3.32012	25.7	30916	1.07390e-04	3.32012	26.3	31555	1.05170e-04	3.31875	25.1	31274	1.06120e-04	3.31875	26.4
60174.517	16.040	31586	1.05110e-04	3.31992	25.7	30924	1.07360e-04	3.32012	26.3	31509	1.05330e-04	3.31895	25.1	31252	1.06190e-04	3.31855	26.4
60175.705	16.046	31596	1.05070e-04	3.31992	25.7	30966	1.07220e-04	3.32012	26.3	31523	1.05280e-04	3.31855	25.1	31324	1.05930e-04	3.31816	26.4
60176.894	16.046	31566	1.05190e-04	3.32031	25.7	30956	1.07250e-04	3.32012	26.3	31551	1.05190e-04	3.31895	25.1	31286	1.06080e-04	3.31875	26.4
60178.082	16.044	31553	1.05220e-04	3.31992	25.7	30937	1.07330e-04	3.32031	26.3	31588	1.05070e-04	3.31895	25.1	31289	1.06060e-04	3.31855	26.4
60179.270	16.044	31534	1.05290e-04	3.32012	25.7	30925	1.07360e-04	3.32012	26.3	31551	1.05190e-04	3.31875	25.1	31316	1.05960e-04	3.31836	26.4
60180.458	16.044	31564	1.05190e-04	3.32012	25.7	30916	1.07400e-04	3.32031	26.3	31517	1.05310e-04	3.31895	25.1	31238	1.06240e-04	3.31875	26.4
60181.647	16.043	31574	1.05150e-04	3.32012	25.7	30974	1.07190e-04	3.32012	26.3	31525	1.05280e-04	3.31875	25.1	31277	1.06100e-04	3.31836	26.4
60182.834	16.043	31576	1.05150e-04	3.32012	25.7	30950	1.07270e-04	3.32012	26.3	31553	1.05180e-04	3.31875	25.1	31309	1.06000e-04	3.31855	26.4
60184.023	16.042	31558	1.05210e-04	3.32012	25.7	30931	1.07340e-04	3.32012	26.3	31524	1.05280e-04	3.31895	25.1	31271	1.06120e-04	3.31855	26.4
60185.211	16.042	31625	1.04990e-04	3.32012	25.7	30902	1.07440e-04	3.32012	26.3	31494	1.05380e-04	3.31895	25.1	31223	1.06290e-04	3.31875	26.4
60186.399	16.035	31638	1.04950e-04	3.32031	25.7	30934	1.07320e-04	3.31992	26.3	31563	1.05140e-04	3.31855	25.1	31300	1.06020e-04	3.31855	26.4
60187.588	16.035	31549	1.05240e-04	3.32031	25.7	30980	1.07180e-04	3.32031	26.3	31606	1.05010e-04	3.31895	25.1	31335	1.05910e-04	3.31855	26.4
60188.776	16.035	31505	1.05380e-04	3.32012	25.7	30955	1.07250e-04	3.32012	26.3	31547	1.05200e-04	3.31875	25.1	31259	1.06160e-04	3.31855	26.4
60189.964	16.052	31568	1.05170e-04	3.32012	25.7	30863	1.07580e-04	3.32012	26.3	31462	1.05490e-04	3.31895	25.1	31209	1.06330e-04	3.31855	26.4
60191.153	16.052	31483	1.05460e-04	3.32012	25.7	30892	1.07480e-04	3.32031	26.3	31453	1.05520e-04	3.31895	25.1	31227	1.06280e-04	3.31875	26.4
60192.341	16.053	31527	1.05310e-04	3.32012	25.7	30902	1.07450e-04	3.32031	26.3	31450	1.05530e-04	3.31895	25.1	31241	1.06220e-04	3.31855	26.4
60193.529	16.053	31582	1.05130e-04	3.32012	25.7	30924	1.07360e-04	3.32012	26.3	31547	1.05200e-04	3.31875	25.1	31320	1.05960e-04	3.31855	26.4
60194.717	16.032	31578	1.05140e-04	3.32012	25.7	30991	1.07140e-04	3.32031	26.3	31517	1.05310e-04	3.31895	25.1	31281	1.06090e-04	3.31855	26.4
60195.906	16.032	31560	1.05200e-04	3.32012	25.7	30897	1.07460e-04	3.32012	26.3	31493	1.05380e-04	3.31875	25.1	31278	1.06100e-04	3.31855	26.4
60197.093	16.045	31545	1.05250e-04	3.32012	25.7	30931	1.07340e-04	3.32012	26.3	31514	1.05310e-04	3.31875	25.1	31300	1.06020e-04	3.31855	26.4
60198.282	16.045	31564	1.05190e-04	3.32012	25.7	30923	1.07370e-04	3.32012	26.3	31519	1.05300e-04	3.31895	25.1	31235	1.06240e-04	3.31836	26.4
60199.470	16.045	31576	1.05150e-04	3.32012	25.7	30931	1.07340e-04	3.32012	26.3	31525	1.05270e-04	3.31875	25.1	31242	1.06220e-04	3.31855	26.4
60200.658	16.055	31668	1.04840e-04	3.32012	25.7	30922	1.07370e-04	3.32012	26.3	31574	1.05120e-04	3.31895	25.1	31287	1.06070e-04	3.31855	26.4
60201.846	16.055	31538	1.05280e-04	3.32012	25.7	30989	1.07140e-04	3.32012	26.3	31544	1.05210e-04	3.31875	25.1	31272	1.06120e-04	3.31855	26.4
60203.035	16.046	31608	1.05040e-04	3.32012	25.7	30904	1.07440e-04	3.32031	26.3	31521	1.05290e-04	3.31875	25.1	31234	1.06250e-04	3.31855	26.4
60204.223	16.046	31589	1.05100e-04	3.32012	25.7	30971	1.07200e-04	3.32012	26.3	31576	1.05100e-04	3.31875	25.1	31344	1.05880e-04	3.31855	26.4
60205.412	16.051	31631	1.04970e-04	3.32012	25.7	30963	1.07230e-04	3.32012	26.3	31571	1.05130e-04	3.31895	25.1	31298	1.06030e-04	3.31855	26.4
60206.599	16.051	31592	1.05090e-04	3.31992	25.7	30998	1.07110e-04	3.32012	26.3	31552	1.05180e-04	3.31875	25.1	31336	1.05900e-04	3.31855	26.4
60207.788	16.051	31581	1.05120e-04	3.31992	25.7	30981	1.07170e-04	3.32012	26.3	31574	1.05120e-04	3.31895	25.1	31315	1.05970e-04	3.31855	26.4
60208.976	16.019	31534	1.05290e-04	3.32012	25.7	30907	1.07420e-04	3.32012	26.3	31580	1.05090e-04	3.31875	25.1	31242	1.06220e-04	3.31855	26.4
60210.164	16.019	31603	1.05060e-04	3.32031	25.7	31017	1.07040e-04	3.32012	26.3	31563	1.05150e-04	3.31875	25.1	31344	1.05880e-04	3.31875	26.4
60211.353	16.035	31603	1.05060e-04	3.32012	25.7	31017	1.07040e-04	3.31992	26.3	31615	1.04970e-04	3.31875	25.1	31364	1.05800e-04	3.31836	26.4
60212.541	16.035	31635	1.04950e-04	3.32012	25.7	30983	1.07160e-04	3.32012	26.3	31636	1.04910e-04	3.31895	25.1	31348	1.05860e-04	3.31855	26.4
60213.729	16.054	31652	1.04890e-04	3.31992	25.7	30945	1.07300e-04	3.32031	26.3	31549	1.05200e-04	3.31895	25.1	31374	1.05770e-04	3.31855	26.4
60214.917	16.054	31566	1.05190e-04	3.32031	25.7	30964	1.07230e-04	3.32012	26.3	31544	1.05210e-04	3.31875	25.1	31307	1.06000e-04	3.31855	26.4
60216.106	16.031	31519	1.05340e-04	3.32012	25.7	30926	1.07360e-04	3.32031	26.3	31456	1.05510e-04	3.31895	25.1	31248	1.06210e-04	3.31875	26.4
60217.294	16.031	31503	1.05380e-04	3.31992	25.7	30853	1.07610e-04	3.32012	26.3	31460	1.05500e-04	3.31895	25.1	31214	1.06320e-04	3.31855	26.4
60218.482	16.054	31520	1.05340e-04	3.32031	25.7	30891	1.07480e-04	3.32012	26.3	31525	1.05280e-04	3.31875	25.1	31273	1.06120e-04	3.31855	26.4
60219.670	16.054	31569	1.05170e-04	3.32012	25.7	30949	1.07280e-04	3.32031	26.3	31484	1.05420e-04	3.31895	25.1	31255	1.06180e-04	3.31855	26.4
60220.859	16.054	31522	1.05330e-04	3.32012	25.7	30911	1.07410e-04	3.32012	26.3	31503	1.05350e-04	3.31895	25.1	31280	1.06090e-04	3.31855	26.4
60222.047	16.045	31564	1.05190e-04	3.32012	25.7	30869	1.07550e-04	3.32012	26.3	31498	1.05370e-04	3.31895	25.1	31250	1.06190e-04	3.31855	26.4
60223.235	16.045	31580	1.05130e-04	3.32012	25.7	30877	1.07530e-04	3.32012	26.3	31579	1.05090e-04	3.31875	25.1	31272	1.06120e-04	3.31855	26.4
60224.423	16.027	31502	1.05390e-04	3.32012	25.7	30923	1.07370e-04	3.32012	26.3	31512	1.05320e-04	3.31895	25.1	31312	1.05980e-04	3.31855	26.4
60225.612	16.027	31532	1.05300e-04	3.32012	25.7	30869	1.07560e-04	3.32012	26.3	31493	1.05380e-04	3.31875	25.1	31186	1.06410e-04	3.31855	26.4
60226.800	16.066	31569	1.05170e-04	3.32012	25.7	30918	1.07390e-04	3.32031	26.3	31510	1.05330e-04	3.31895	25.1	31221	1.06290e-04	3.31855	26.4
60227.988	16.066	31505	1.05380e-04	3.32012	25.7	30910	1.07420e-04	3.32031	26.3	31490	1.05400e-04	3.31895	25.1	31227	1.06270e-04	3.31855	26.4
60229.176	16.044	31478	1.05470e-04	3.31992	25.7	30896	1.07470e-04	3.32031	26.3	31525	1.05280e-04	3.31895	25.1	31267	1.06130e-04	3.31836	26.4
60230.364	16.044	31539	1.05280e-04	3.32031	25.7	30904	1.07430e-04	3.32012	26.3	31456	1.05500e-04	3.31875	25.1	31230	1.06270e-04	3.31875	26.4
60231.553	16.044	31629	1.04970e-04	3.31992	25.7	30936	1.07330e-04	3.32031	26.3	31485	1.05410e-04	3.31895	25.1	31313	1.05980e-04	3.31855	26.4
60232.741	16.041	31616	1.05010e-04	3.32012	25.7	30962	1.07230e-04	3.32012	26.3	31596	1.05040e-04	3.31875	25.1	31256	1.06170e-04	3.31855	26.4
60233.929	16.041	31594	1.05090e-04	3.32012	25.7	30926	1.07360e-04	3.32031	26.3	31507	1.05340e-04	3.31895	25.1	31335	1.05910e-04	3.31875	26.4
60235.118	16.020	31571	1.05160e-04	3.31992	25.7	30978	1.07180e-04	3.32012	26.3	31558	1.05170e-04	3.31895	25.1	31316	1.05970e-04	3.31855	26.4
60236.306	16.020	31476	1.05480e-04	3.32012	25.8	30963	1.07220e-04	3.31992	26.3	31588	1.05060e-04	3.31855	25.1	31290	1.06050e-04	3.31836	26.4
60237.494	16.020	31596	1.05090e-04	3.32031	25.8	30935	1.07330e-04	3.32031	26.3	31526	1.05280e-04	3.31895	25.1	31264	1.06150e-04	3.31855	26.4
60238.682	16.017	31544	1.05250e-04	3.31992	25.8	30964	1.07230e-04	3.32031	26.3	31561	1.05160e-04	3.31895	25.1	31342	1.05880e-04	3.31855	26.4
60239.871	16.017	31616	1.05010e-04	3.32012	25.8	30956	1.07260e-04	3.32031	26.3	31580	1.05090e-04	3.31875	25.1	31319	1.05960e-04	3.31855	26.4
60241.059	16.011	31564	1.05190e-04	3.32012	25.8	30958	1.07250e-04	3.32012	26.3	31489	1.05390e-04	3.31875	25.1	31284	1.06080e-04	3.31855	26.4
60242.247	16.011	31603	1.05050e-04	3.31992	25.8	30933	1.07350e-04	3.32051	26.3	31530	1.05270e-04	3.31914	25.1	31336	1.05910e-04	3.31875	26.4
60243.435	16.009	31514	1.05350e-04	3.32012	25.8	30903	1.07440e-04	3.32012	26.3	31533	1.05250e-04	3.31875	25.1	31353	1.05840e-04	3.31836	26.4
60244.623	16.009	31542	1.05260e-04	3.32012	25.8	30933	1.07340e-04	3.32031	26.3	31565	1.05150e-04	3.31914	25.1	31291	1.06060e-04	3.31875	26.4
60245.812	16.035	31584	1.05120e-04	3.32012	25.8	30947	1.07280e-04	3.32012	26.3	31501	1.05360e-04	3.31895	25.1	31267	1.06140e-04	3.31855	26.4
60247.000	16.035	31519	1.05340e-04	3.32012	25.8	30887	1.07490e-04	3.32012	26.3	31526	1.05280e-04	3.31895	25.1	31249	1.06200e-04	3.31855	26.4
60248.188	16.013	31533	1.05300e-04	3.32031	25.8	30886	1.07500e-04	3.32012	26.3	31481	1.05430e-04	3.31895	25.1	31253	1.06180e-04	3.31855	26.4
60249.376	16.013	31531	1.05300e-04	3.32031	25.8	30924	1.07370e-04	3.32031	26.3	31546	1.05220e-04	3.31914	25.1	31313	1.05980e-04	3.31855	26.4
60250.565	16.013	31516	1.05350e-04	3.32012	25.8	30932	1.07340e-04	3.32031	26.3	31506	1.05340e-04	3.31895	25.1	31312	1.05980e-04	3.31855	26.4
60251.753	16.047	31594	1.05090e-04	3.32031	25.8	30959	1.07250e-04	3.32031	26.3	31519	1.05300e-04	3.31895	25.1	31348	1.05860e-04	3.31855	26.4
60252.941	16.047	31531	1.05300e-04	3.32031	25.8	30945	1.07300e-04	3.32031	26.3	31538	1.05240e-04	3.31895	25.1	31328	1.05940e-04	3.31875	26.4
60254.129	16.040	31568	1.05170e-04	3.32012	25.8	30901	1.07440e-04	3.32012	26.3	31504	1.05340e-04	3.31875	25.1	31285	1.06070e-04	3.31855	26.4
60255.318	16.040	31467	1.05510e-04	3.32012	25.7	30944	1.07300e-04	3.32031	26.3	31478	1.05440e-04	3.31914	25.1	31239	1.06230e-04	3.31855	26.4
60256.506	16.027	31557	1.05200e-04	3.31992	25.7	30909	1.07420e-04	3.32012	26.3	31495	1.05380e-04	3.31895	25.1	31217	1.06300e-04	3.31836	26.4
60257.694	16.027	31539	1.05280e-04	3.32031	25.7	30926	1.07360e-04	3.32012	26.3	31437	1.05560e-04	3.31855	25.1	31234	1.06240e-04	3.31836	26.4
60258.882	16.027	31534	1.05290e-04	3.32012	25.7	30909	1.07420e-04	3.32031	26.3	31510	1.05340e-04	3.31914	25.1	31307	1.06010e-04	3.31875	26.4
60260.070	16.039	31516	1.05350e-04	3.32012	25.7	30911	1.07410e-04	3.32012	26.3	31549	1.05200e-04	3.31895	25.1	31329	1.05920e-04	3.31855	26.4
60261.259	16.039	31514	1.05350e-04	3.31992	25.7	30942	1.07300e-04	3.32012	26.3	31533	1.05250e-04	3.31895	25.1	31324	1.05940e-04	3.31855	26.4
60262.447	16.025	31519	1.05340e-04	3.32031	25.7	30910	1.07410e-04	3.31992	26.3	31490	1.05400e-04	3.31895	25.1	31257	1.06170e-04	3.31855	26.4
60263.635	16.025	31551	1.05230e-04	3.32012	25.7	30896	1.07470e-04	3.32031	26.3	31445	1.05550e-04	3.31895	25.1	31274	1.06110e-04	3.31855	26.4
60264.823	16.042	31579	1.05130e-04	3.31992	25.7	30912	1.07410e-04	3.32031	26.3	31480	1.05430e-04	3.31895	25.1	31246	1.06210e-04	3.31855	26.4
60266.012	16.042	31588	1.05110e-04	3.32031	25.7	30969	1.07210e-04	3.32012	26.3	31531	1.05260e-04	3.31895	25.1	31349	1.05860e-04	3.31855	26.4
60267.200	16.039	31568	1.05170e-04	3.32012	25.7	30966	1.07220e-04	3.32031	26.3	31540	1.05230e-04	3.31895	25.1	31278	1.06100e-04	3.31855	26.4
60268.388	16.039	31493	1.05420e-04	3.31992	25.7	30931	1.07340e-04	3.32012	26.3	31504	1.05340e-04	3.31875	25.1	31235	1.06240e-04	3.31836	26.4
60269.576	16.046	31610	1.05040e-04	3.32031	25.7	30944	1.07300e-04	3.32031	26.3	31479	1.05430e-04	3.31895	25.1	31211	1.06330e-04	3.31875	26.4
60270.765	16.046	31542	1.05270e-04	3.32031	25.7	30977	1.07190e-04	3.32031	26.3	31542	1.05220e-04	3.31895	25.1	31241	1.06230e-04	3.31855	26.4
60271.953	16.046	31586	1.05110e-04	3.32012	25.7	30917	1.07390e-04	3.32012	26.3	31559	1.05170e-04	3.31895	25.1	31294	1.06040e-04	3.31855	26.4
60273.141	16.043	31583	1.05130e-04	3.32031	25.8	30979	1.07170e-04	3.32012	26.3	31556	1.05170e-04	3.31875	25.1	31300	1.06020e-04	3.31855	26.4
60274.330	16.043	31585	1.05120e-04	3.32012	25.8	30928	1.07350e-04	3.32012	26.3	31571	1.05130e-04	3.31895	25.1	31282	1.06080e-04	3.31855	26.4
60275.518	16.039	31581	1.05130e-04	3.32012	25.8	30930	1.07360e-04	3.32051	26.3	31541	1.05230e-04	3.31914	25.1	31274	1.06120e-04	3.31875	26.4
60276.706	16.039	31600	1.05070e-04	3.32012	25.8	30980	1.07180e-04	3.32051	26.3	31600	1.05030e-04	3.31895	25.1	31361	1.05820e-04	3.31875	26.4
60277.894	16.018	31577	1.05150e-04	3.32031	25.8	31012	1.07060e-04	3.32012	26.3	31590	1.05060e-04	3.31875	25.1	31322	1.05950e-04	3.31855	26.4
60279.082	16.018	31579	1.05140e-04	3.32012	25.8	30973	1.07200e-04	3.32031	26.3	31619	1.04970e-04	3.31914	25.1	31305	1.06010e-04	3.31875	26.4
60280.271	16.018	31629	1.04970e-04	3.32012	25.8	30980	1.07170e-04	3.32031	26.3	31520	1.05300e-04	3.31914	25.1	31327	1.05930e-04	3.31855	26.4
60281.459	16.048	31593	1.05100e-04	3.32031	25.8	31029	1.07000e-04	3.32012	26.3	31556	1.05170e-04	3.31875	25.1	31344	1.05880e-04	3.31875	26.4
60282.647	16.048	31585	1.05120e-04	3.32031	25.8	30964	1.07230e-04	3.32031	26.3	31560	1.05170e-04	3.31914	25.1	31316	1.05980e-04	3.31875	26.4
60283.836	16.050	31550	1.05230e-04	3.32012	25.8	30963	1.07240e-04	3.32031	26.3	31561	1.05160e-04	3.31895	25.1	31301	1.06020e-04	3.31855	26.4
60285.024	16.050	31548	1.05240e-04	3.32012	25.8	30938	1.07320e-04	3.32012	26.3	31513	1.05330e-04	3.31914	25.1	31295	1.06050e-04	3.31875	26.4
60286.212	16.043	31506	1.05390e-04	3.32031	25.8	30951	1.07270e-04	3.32012	26.3	31537	1.05250e-04	3.31914	25.1	31295	1.06040e-04	3.31855	26.4
60287.400	16.043	31612	1.05030e-04	3.32012	25.7	30941	1.07310e-04	3.32012	26.3	31515	1.05310e-04	3.31895	25.1	31274	1.06120e-04	3.31875	26.4
60288.588	16.032	31570	1.05170e-04	3.32012	25.8	30907	1.07420e-04	3.32012	26.3	31534	1.05250e-04	3.31895	25.1	31279	1.06100e-04	3.31855	26.4
60289.777	16.032	31532	1.05300e-04	3.32031	25.8	30911	1.07420e-04	3.32031	26.3	31477	1.05440e-04	3.31895	25.1	31254	1.06180e-04	3.31855	26.4
60290.965	16.032	31547	1.05240e-04	3.32012	25.7	30944	1.07300e-04	3.32031	26.3	31593	1.05050e-04	3.31875	25.1	31334	1.05910e-04	3.31855	26.4
60292.153	16.036	31563	1.05200e-04	3.32031	25.7	30922	1.07370e-04	3.32012	26.3	31572	1.05120e-04	3.31895	25.1	31270	1.06120e-04	3.31855	26.4
60293.341	16.036	31536	1.05290e-04	3.32031	25.7	30965	1.07230e-04	3.32051	26.3	31559	1.05170e-04	3.31895	25.1	31315	1.05980e-04	3.31875	26.4
60294.529	16.044	31526	1.05310e-04	3.32012	25.7	30886	1.07500e-04	3.32012	26.3	31495	1.05380e-04	3.31895	25.1	31225	1.06280e-04	3.31855	26.4
60295.718	16.044	31557	1.05210e-04	3.32012	25.8	30919	1.07390e-04	3.32031	26.3	31503	1.05350e-04	3.31895	25.1	31222	1.06300e-04	3.31875	26.4
60296.906	16.037	31554	1.05220e-04	3.32012	25.7	30968	1.07220e-04	3.32031	26.3	31493	1.05390e-04	3.31895	25.1	31262	1.06160e-04	3.31875	26.4
60298.094	16.037	31547	1.05240e-04	3.32012	25.7	30955	1.07250e-04	3.31992	26.3	31485	1.05410e-04	3.31895	25.1	31275	1.06110e-04	3.31855	26.4
60299.283	16.034	31598	1.05070e-04	3.32012	25.7	31018	1.07040e-04	3.32012	26.3	31541	1.05230e-04	3.31895	25.1	31262	1.06160e-04	3.31875	26.4
60300.471	16.034	31564	1.05190e-04	3.32012	25.7	30989	1.07150e-04	3.32031	26.3	31604	1.05020e-04	3.31895	25.1	31299	1.06030e-04	3.31855	26.4
60301.659	16.034	31603	1.05060e-04	3.32012	25.7	30989	1.07140e-04	3.32012	26.3	31596	1.05040e-04	3.31875	25.1	31296	1.06030e-04	3.31836	26.4
60302.847	16.021	31635	1.04960e-04	3.32031	25.7	30940	1.07320e-04	3.32051	26.3	31583	1.05090e-04	3.31914	25.1	31304	1.06020e-04	3.31875	26.4
60304.036	16.021	31621	1.05000e-04	3.32012	25.7	31015	1.07050e-04	3.32031	26.3	31583	1.05090e-04	3.31895	25.1	31349	1.05860e-04	3.31875	26.4
60305.224	16.014	31552	1.05230e-04	3.32012	25.7	30924	1.07370e-04	3.32031	26.3	31572	1.05120e-04	3.31895	25.1	31355	1.05840e-04	3.31855	26.4
60306.412	16.014	31525	1.05320e-04	3.32031	25.8	30989	1.07150e-04	3.32031	26.3	31563	1.05150e-04	3.31895	25.1	31298	1.06030e-04	3.31855	26.4
60307.601	16.012	31554	1.05220e-04	3.32012	25.8	30939	1.07310e-04	3.32012	26.3	31548	1.05200e-04	3.31875	25.1	31289	1.06060e-04	3.31855	26.4
60308.788	16.012	31581	1.05130e-04	3.32012	25.8	30866	1.07560e-04	3.32012	26.3	31598	1.05040e-04	3.31895	25.1	31273	1.06120e-04	3.31855	26.4
60309.977	16.028	31582	1.05130e-04	3.32031	25.7	31002	1.07100e-04	3.32031	26.3	31575	1.05110e-04	3.31895	25.1	31271	1.06130e-04	3.31875	26.4
60311.165	16.028	31532	1.05300e-04	3.32012	25.7	30967	1.07220e-04	3.32012	26.3	31519	1.05300e-04	3.31875	25.1	31229	1.06260e-04	3.31855	26.4
60312.353	16.028	31529	1.05310e-04	3.32031	25.7	30962	1.07230e-04	3.32012	26.3	31520	1.05300e-04	3.31914	25.1	31230	1.06260e-04	3.31855	26.4
60313.541	16.008	31617	1.05010e-04	3.32012	25.7	30932	1.07340e-04	3.32031	26.3	31498	1.05370e-04	3.31895	25.1	31274	1.06120e-04	3.31875	26.4
60314.730	16.008	31485	1.05460e-04	3.32031	25.7	30904	1.07440e-04	3.32031	26.3	31558	1.05160e-04	3.31875	25.1	31282	1.06090e-04	3.31855	26.4
60315.918	16.049	31607	1.05050e-04	3.32031	25.7	30865	1.07580e-04	3.32051	26.3	31481	1.05430e-04	3.31914	25.1	31239	1.06240e-04	3.31875	26.4
60317.106	16.049	31517	1.05340e-04	3.32012	25.7	30919	1.07390e-04	3.32031	26.3	31512	1.05320e-04	3.31895	25.1	31227	1.06270e-04	3.31855	26.4
60318.294	15.908	31540	1.05270e-04	3.32012	25.7	30959	1.07240e-04	3.32012	26.3	31525	1.05280e-04	3.31895	25.1	31350	1.05850e-04	3.31855	26.4
60319.483	15.908	31541	1.05260e-04	3.32012	25.7	30914	1.07400e-04	3.32012	26.3	31491	1.05390e-04	3.31895	25.1	31286	1.06070e-04	3.31855	26.4
60320.671	16.032	31532	1.05290e-04	3.32012	25.7	30903	1.07440e-04	3.32012	26.3	31495	1.05370e-04	3.31875	25.1	31277	1.06100e-04	3.31855	26.4
60321.859	16.032	31537	1.05280e-04	3.32012	25.7	30896	1.07470e-04	3.32031	26.3	31501	1.05360e-04	3.31895	25.1	31254	1.06180e-04	3.31855	26.4
60323.047	16.032	31503	1.05390e-04	3.32012	25.7	30912	1.07410e-04	3.32012	26.3	31488	1.05400e-04	3.31895	25.1	31343	1.05880e-04	3.31875	26.4
60324.235	16.056	31523	1.05320e-04	3.32012	25.7	30921	1.07380e-04	3.32012	26.3	31492	1.05380e-04	3.31875	25.1	31230	1.06260e-04	3.31855	26.4
60325.424	16.056	31548	1.05240e-04	3.32012	25.7	30937	1.07320e-04	3.32012	26.3	31557	1.05170e-04	3.31895	25.1	31264	1.06150e-04	3.31855	26.4
60326.612	16.081	31542	1.05250e-04	3.31992	25.7	30918	1.07380e-04	3.32012	26.3	31502	1.05360e-04	3.31895	25.1	31277	1.06100e-04	3.31855	26.4
60327.800	16.081	31529	1.05300e-04	3.32012	25.7	30874	1.07540e-04	3.32031	26.3	31475	1.05440e-04	3.31875	25.1	31289	1.06050e-04	3.31836	26.4
60328.988	16.081	31521	1.05330e-04	3.32012	25.7	30869	1.07560e-04	3.32031	26.3	31501	1.05360e-04	3.31895	25.1	31251	1.06190e-04	3.31855	26.4
60330.177	16.041	31496	1.05410e-04	3.32012	25.7	30892	1.07480e-04	3.32012	26.3	31462	1.05490e-04	3.31895	25.1	31213	1.06310e-04	3.31836	26.4
60331.365	16.044	31531	1.05300e-04	3.32031	25.7	30922	1.07370e-04	3.32012	26.3	31479	1.05430e-04	3.31875	25.1	31243	1.06220e-04	3.31875	26.4
60332.554	16.044	31544	1.05250e-04	3.31992	25.7	30902	1.07440e-04	3.32012	26.3	31541	1.05230e-04	3.31895	25.1	31267	1.06130e-04	3.31855	26.4
60333.742	16.044	31553	1.05220e-04	3.32012	25.7	30910	1.07410e-04	3.32012	26.3	31501	1.05360e-04	3.31895	25.1	31262	1.06150e-04	3.31855	26.4
60334.930	16.045	31491	1.05430e-04	3.32012	25.7	30955	1.07250e-04	3.32012	26.3	31500	1.05360e-04	3.31875	25.1	31207	1.06350e-04	3.31875	26.4
60336.118	16.045	31534	1.05290e-04	3.32012	25.7	30896	1.07470e-04	3.32031	26.3	31494	1.05380e-04	3.31895	25.1	31225	1.06280e-04	3.31855	26.4
60337.306	16.039	31558	1.05210e-04	3.32012	25.7	30906	1.07430e-04	3.32012	26.3	31549	1.05190e-04	3.31875	25.1	31243	1.06210e-04	3.31836	26.4
60338.495	16.039	31561	1.05200e-04	3.32012	25.7	30945	1.07300e-04	3.32031	26.3	31544	1.05220e-04	3.31895	25.1	31279	1.06100e-04	3.31875	26.4
60339.683	16.044	31549	1.05230e-04	3.31992	25.7	30936	1.07320e-04	3.32012	26.3	31520	1.05300e-04	3.31895	25.1	31311	1.05990e-04	3.31855	26.4
60340.871	16.044	31502	1.05400e-04	3.32031	25.7	30881	1.07520e-04	3.32031	26.3	31503	1.05350e-04	3.31875	25.1	31246	1.06210e-04	3.31855	26.4
60342.059	16.027	31463	1.05520e-04	3.32012	25.7	30929	1.07360e-04	3.32051	26.3	31514	1.05320e-04	3.31895	25.1	31308	1.06000e-04	3.31855	26.4
60343.247	16.027	31551	1.05230e-04	3.32012	25.7	30906	1.07430e-04	3.32012	26.3	31535	1.05240e-04	3.31875	25.1	31285	1.06080e-04	3.31855	26.4
60344.436	16.027	31543	1.05260e-04	3.32012	25.7	30930	1.07340e-04	3.32012	26.3	31513	1.05310e-04	3.31875	25.1	31335	1.05900e-04	3.31836	26.4
60345.624	16.023	31544	1.05250e-04	3.32012	25.7	30954	1.07250e-04	3.31992	26.3	31543	1.05220e-04	3.31895	25.1	31273	1.06120e-04	3.31855	26.4
60346.812	16.023	31576	1.05150e-04	3.32012	25.7	30968	1.07210e-04	3.32012	26.3	31502	1.05360e-04	3.31895	25.1	31255	1.06180e-04	3.31855	26.4
60348.000	16.020	31594	1.05080e-04	3.31992	25.7	31043	1.06950e-04	3.32012	26.3	31562	1.05150e-04	3.31875	25.1	31349	1.05860e-04	3.31855	26.4
60349.189	16.020	31582	1.05130e-04	3.32031	25.7	30968	1.07210e-04	3.31992	26.3	31573	1.05110e-04	3.31875	25.1	31360	1.05820e-04	3.31855	26.4
60350.377	16.019	31597	1.05080e-04	3.32031	25.7	31005	1.07090e-04	3.32031	26.3	31601	1.05030e-04	3.31895	25.1	31327	1.05930e-04	3.31855	26.4
60351.565	16.019	31611	1.05020e-04	3.31992	25.7	30999	1.07100e-04	3.32012	26.3	31609	1.04990e-04	3.31875	25.1	31324	1.05940e-04	3.31836	26.4
60352.754	16.019	31622	1.05000e-04	3.32031	25.7	30959	1.07250e-04	3.32031	26.3	31631	1.04920e-04	3.31875	25.1	31328	1.05940e-04	3.31875	26.4
60353.942	16.011	31606	1.05050e-04	3.32031	25.7	30928	1.07360e-04	3.32031	26.3	31581	1.05090e-04	3.31895	25.1	31327	1.05940e-04	3.31875	26.4
60355.130	16.011	31581	1.05130e-04	3.32012	25.7	30970	1.07200e-04	3.32012	26.3	31554	1.05180e-04	3.31875	25.1	31338	1.05900e-04	3.31855	26.4
60356.318	16.017	31532	1.05300e-04	3.32012	25.7	30909	1.07410e-04	3.31992	26.3	31503	1.05350e-04	3.31875	25.1	31280	1.06080e-04	3.31816	26.4
60357.507	16.017	31484	1.05450e-04	3.32012	25.7	30861	1.07590e-04	3.32031	26.3	31519	1.05300e-04	3.31895	25.1	31237	1.06250e-04	3.31895	26.4
60358.695	16.033	31571	1.05160e-04	3.31992	25.7	30948	1.07280e-04	3.32012	26.3	31558	1.05170e-04	3.31895	25.1	31337	1.05900e-04	3.31855	26.4
60359.883	16.033	31593	1.05100e-04	3.32031	25.7	30931	1.07340e-04	3.32012	26.3	31588	1.05070e-04	3.31895	25.1	31306	1.06000e-04	3.31855	26.4
60361.071	16.050	31607	1.05050e-04	3.32031	25.7	30980	1.07170e-04	3.32031	26.3	31549	1.05200e-04	3.31875	25.1	31361	1.05820e-04	3.31875	26.4
60362.260	16.050	31542	1.05260e-04	3.32012	25.7	30993	1.07130e-04	3.32031	26.3	31583	1.05090e-04	3.31914	25.1	31341	1.05890e-04	3.31855	26.4
60363.448	16.050	31561	1.05200e-04	3.32031	25.7	30970	1.07210e-04	3.32031	26.3	31553	1.05190e-04	3.31895	25.1	31255	1.06180e-04	3.31875	26.4
60364.636	16.028	31584	1.05120e-04	3.32012	25.7	30937	1.07330e-04	3.32031	26.3	31535	1.05240e-04	3.31875	25.1	31279	1.06100e-04	3.31855	26.4
60365.824	16.028	31576	1.05150e-04	3.32012	25.7	30916	1.07400e-04	3.32031	26.3	31470	1.05460e-04	3.31875	25.1	31345	1.05870e-04	3.31855	26.4
60367.013	16.044	31594	1.05090e-04	3.32012	25.7	30983	1.07170e-04	3.32031	26.3	31534	1.05250e-04	3.31895	25.1	31282	1.06080e-04	3.31855	26.4
60368.200	16.044	31512	1.05360e-04	3.32012	25.7	30991	1.07130e-04	3.32012	26.3	31569	1.05130e-04	3.31875	25.1	31309	1.06000e-04	3.31855	26.4
60369.389	16.020	31553	1.05220e-04	3.32012	25.7	30928	1.07350e-04	3.32012	26.2	31584	1.05080e-04	3.31895	25.1	31219	1.06300e-04	3.31855	26.4
60370.577	16.020	31595	1.05080e-04	3.32012	25.7	30983	1.07150e-04	3.31992	26.3	31550	1.05200e-04	3.31895	25.0	31292	1.06050e-04	3.31855	26.4
60371.765	16.020	31530	1.05300e-04	3.32012	25.7	30909	1.07420e-04	3.32012	26.3	31596	1.05040e-04	3.31875	25.0	31295	1.06040e-04	3.31855	26.4
60372.954	16.030	31576	1.05150e-04	3.32012	25.7	30912	1.07400e-04	3.32012	26.3	31552	1.05190e-04	3.31895	25.1	31337	1.05900e-04	3.31855	26.4
60374.142	16.030	31508	1.05370e-04	3.32012	25.7	30929	1.07350e-04	3.32012	26.3	31547	1.05200e-04	3.31855	25.1	31342	1.05880e-04	3.31855	26.4
60375.330	16.018	31533	1.05290e-04	3.32012	25.7	30864	1.07580e-04	3.32031	26.3	31502	1.05360e-04	3.31895	25.1	31303	1.06020e-04	3.31875	26.4
60376.518	16.018	31513	1.05360e-04	3.32012	25.7	30940	1.07310e-04	3.32031	26.3	31480	1.05430e-04	3.31895	25.1	31274	1.06110e-04	3.31855	26.4
60377.707	16.047	31532	1.05300e-04	3.32031	25.7	30898	1.07460e-04	3.32031	26.3	31479	1.05430e-04	3.31875	25.1	31273	1.06120e-04	3.31855	26.4
60378.895	16.047	31587	1.05110e-04	3.32012	25.7	30867	1.07570e-04	3.32031	26.3	31541	1.05230e-04	3.31895	25.1	31324	1.05940e-04	3.31855	26.4
60380.083	16.034	31619	1.05000e-04	3.32012	25.7	30928	1.07360e-04	3.32031	26.3	31608	1.05000e-04	3.31895	25.1	31405	1.05670e-04	3.31855	26.4
60381.271	16.034	31669	1.04840e-04	3.32012	25.7	31062	1.06890e-04	3.32012	26.3	31644	1.04880e-04	3.31895	25.1	31405	1.05670e-04	3.31855	26.4
60382.460	16.040	31532	1.05290e-04	3.32012	25.7	30942	1.07310e-04	3.32031	26.3	31539	1.05240e-04	3.31914	25.1	31377	1.05770e-04	3.31875	26.4
60383.648	16.040	31524	1.05320e-04	3.32012	25.7	30900	1.07450e-04	3.32012	26.3	31537	1.05240e-04	3.31895	25.1	31315	1.05970e-04	3.31855	26.4
60384.836	16.040	31465	1.05520e-04	3.32012	25.7	30888	1.07490e-04	3.32031	26.3	31563	1.05150e-04	3.31875	25.1	31246	1.06210e-04	3.31875	26.4
60386.025	16.038	31505	1.05380e-04	3.32012	25.7	30922	1.07380e-04	3.32031	26.3	31520	1.05300e-04	3.31895	25.1	31307	1.06000e-04	3.31855	26.4
60387.213	16.038	31516	1.05350e-04	3.32012	25.7	30875	1.07530e-04	3.32012	26.3	31496	1.05380e-04	3.31895	25.0	31253	1.06190e-04	3.31875	26.4
60388.401	16.059	31564	1.05190e-04	3.32012	25.7	30906	1.07430e-04	3.32031	26.3	31534	1.05250e-04	3.31895	25.0	31289	1.06070e-04	3.31875	26.4
60389.589	16.059	31525	1.05320e-04	3.32031	25.7	30911	1.07420e-04	3.32031	26.3	31515	1.05310e-04	3.31895	25.1	31245	1.06210e-04	3.31855	26.4
60390.777	16.032	31517	1.05350e-04	3.32031	25.7	30958	1.07250e-04	3.32031	26.3	31536	1.05240e-04	3.31895	25.1	31323	1.05950e-04	3.31875	26.4
60391.965	16.032	31543	1.05260e-04	3.32012	25.7	30930	1.07350e-04	3.32031	26.3	31574	1.05110e-04	3.31875	25.1	31305	1.06010e-04	3.31855	26.4
60393.154	16.035	31520	1.05340e-04	3.32031	25.7	30945	1.07300e-04	3.32031	26.3	31595	1.05050e-04	3.31914	25.1	31294	1.06050e-04	3.31875	26.4
60394.342	16.035	31502	1.05400e-04	3.32012	25.8	30930	1.07340e-04	3.32012	26.3	31493	1.05390e-04	3.31895	25.1	31232	1.06250e-04	3.31855	26.4
60395.530	16.035	31542	1.05260e-04	3.32012	25.8	30948	1.07280e-04	3.32012	26.3	31477	1.05440e-04	3.31895	25.1	31295	1.06040e-04	3.31855	26.4
60396.718	16.055	31485	1.05460e-04	3.32031	25.8	30912	1.07400e-04	3.32012	26.3	31512	1.05320e-04	3.31875	25.1	31296	1.06040e-04	3.31855	26.4
60397.906	16.055	31513	1.05360e-04	3.32012	25.8	30895	1.07470e-04	3.32012	26.3	31490	1.05400e-04	3.31895	25.1	31265	1.06150e-04	3.31875	26.4
60399.095	16.036	31543	1.05260e-04	3.32012	25.8	30903	1.07440e-04	3.32012	26.3	31488	1.05400e-04	3.31895	25.1	31305	1.06010e-04	3.31855	26.4
60400.283	16.036	31508	1.05370e-04	3.32012	25.8	30969	1.07210e-04	3.32012	26.3	31501	1.05360e-04	3.31895	25.1	31279	1.06090e-04	3.31836	26.4
60401.472	16.038	31468	1.05510e-04	3.32012	25.7	30918	1.07390e-04	3.32031	26.3	31567	1.05140e-04	3.31895	25.1	31272	1.06120e-04	3.31875	26.4
60402.660	16.038	31528	1.05310e-04	3.32012	25.7	30900	1.07450e-04	3.32031	26.3	31474	1.05450e-04	3.31895	25.1	31269	1.06130e-04	3.31855	26.4
60403.848	16.038	31529	1.05300e-04	3.32012	25.7	30935	1.07330e-04	3.32012	26.3	31500	1.05360e-04	3.31895	25.1	31298	1.06030e-04	3.31855	26.4
60405.036	16.042	31578	1.05140e-04	3.32012	25.8	30920	1.07380e-04	3.32031	26.3	31516	1.05310e-04	3.31895	25.1	31327	1.05930e-04	3.31855	26.4
60406.225	16.042	31564	1.05190e-04	3.32012	25.8	30974	1.07190e-04	3.32012	26.3	31592	1.05060e-04	3.31895	25.1	31359	1.05820e-04	3.31855	26.4
60407.412	16.030	31575	1.05160e-04	3.32031	25.8	30964	1.07220e-04	3.32012	26.3	31597	1.05040e-04	3.31895	25.1	31324	1.05940e-04	3.31855	26.4
60408.601	16.030	31526	1.05310e-04	3.32012	25.8	30945	1.07290e-04	3.32012	26.3	31569	1.05130e-04	3.31875	25.1	31303	1.06010e-04	3.31855	26.4
60409.789	16.030	31521	1.05330e-04	3.32012	25.8	30944	1.07290e-04	3.31992	26.3	31504	1.05350e-04	3.31895	25.1	31277	1.06100e-04	3.31855	26.4
60410.977	16.043	31546	1.05250e-04	3.32012	25.8	30976	1.07180e-04	3.32012	26.3	31522	1.05290e-04	3.31895	25.1	31307	1.06010e-04	3.31875	26.4
60412.165	16.047	31514	1.05350e-04	3.31992	25.8	30936	1.07330e-04	3.32031	26.3	31495	1.05380e-04	3.31895	25.1	31260	1.06160e-04	3.31855	26.4
60413.354	16.047	31592	1.05090e-04	3.32012	25.8	30936	1.07320e-04	3.32012	26.3	31572	1.05120e-04	3.31875	25.1	31292	1.06050e-04	3.31855	26.4
60414.542	16.047	31562	1.05200e-04	3.32012	25.8	30929	1.07350e-04	3.32012	26.3	31548	1.05200e-04	3.31875	25.1	31273	1.06120e-04	3.31855	26.4
60415.731	16.038	31465	1.05510e-04	3.31992	25.8	30906	1.07430e-04	3.32012	26.3	31515	1.05310e-04	3.31895	25.1	31276	1.06110e-04	3.31855	26.4
60416.919	16.038	31544	1.05260e-04	3.32031	25.8	30910	1.07420e-04	3.32031	26.3	31488	1.05400e-04	3.31895	25.1	31313	1.05980e-04	3.31855	26.4
60418.107	16.038	31568	1.05170e-04	3.32012	25.8	30998	1.07110e-04	3.32012	26.3	31553	1.05190e-04	3.31895	25.1	31331	1.05920e-04	3.31855	26.4
60419.295	16.038	31524	1.05320e-04	3.32012	25.8	30950	1.07270e-04	3.32012	26.3	31533	1.05250e-04	3.31875	25.1	31297	1.06030e-04	3.31855	26.4
60420.483	16.045	31541	1.05270e-04	3.32031	25.8	30885	1.07500e-04	3.32012	26.3	31543	1.05220e-04	3.31895	25.1	31279	1.06100e-04	3.31855	26.4
60421.672	16.045	31525	1.05320e-04	3.32031	25.8	30918	1.07380e-04	3.32012	26.3	31482	1.05420e-04	3.31875	25.1	31266	1.06140e-04	3.31855	26.4
60422.860	16.045	31516	1.05350e-04	3.32012	25.8	30914	1.07400e-04	3.32012	26.3	31506	1.05340e-04	3.31895	25.1	31287	1.06070e-04	3.31855	26.4
60424.048	16.048	31495	1.05420e-04	3.32012	25.8	30907	1.07420e-04	3.32012	26.3	31482	1.05420e-04	3.31895	25.1	31313	1.05980e-04	3.31855	26.4
60425.236	16.048	31482	1.05460e-04	3.32012	25.8	30880	1.07520e-04	3.32012	26.3	31505	1.05340e-04	3.31875	25.1	31249	1.06200e-04	3.31855	26.4
60426.424	16.027	31526	1.05310e-04	3.32012	25.8	30911	1.07410e-04	3.32012	26.3	31499	1.05360e-04	3.31875	25.1	31262	1.06150e-04	3.31855	26.4
60427.613	16.027	31486	1.05450e-04	3.32012	25.8	30894	1.07470e-04	3.32012	26.3	31531	1.05260e-04	3.31895	25.1	31234	1.06250e-04	3.31855	26.4
60428.801	16.047	31523	1.05320e-04	3.31992	25.7	30855	1.07610e-04	3.32031	26.3	31513	1.05310e-04	3.31875	25.1	31273	1.06120e-04	3.31855	26.4
60429.989	16.047	31548	1.05240e-04	3.32012	25.7	30892	1.07480e-04	3.32012	26.3	31476	1.05440e-04	3.31895	25.1	31296	1.06040e-04	3.31855	26.4
60431.178	16.029	31529	1.05300e-04	3.32012	25.7	30894	1.07470e-04	3.32012	26.3	31448	1.05530e-04	3.31875	25.1	31242	1.06220e-04	3.31855	26.4
60432.366	16.029	31488	1.05440e-04	3.32012	25.7	30885	1.07500e-04	3.32012	26.3	31506	1.05340e-04	3.31875	25.1	31283	1.06080e-04	3.31855	26.4
60433.554	16.047	31586	1.05110e-04	3.32012	25.7	30927	1.07350e-04	3.32012	26.3	31534	1.05250e-04	3.31895	25.1	31253	1.06180e-04	3.31855	26.4
60434.742	16.047	31503	1.05380e-04	3.31992	25.7	30940	1.07300e-04	3.31992	26.3	31573	1.05110e-04	3.31875	25.1	31313	1.05980e-04	3.31855	26.4
60435.931	16.047	31541	1.05260e-04	3.31992	25.7	30964	1.07230e-04	3.32012	26.3	31497	1.05370e-04	3.31875	25.1	31342	1.05880e-04	3.31855	26.4
60437.119	16.049	31560	1.05200e-04	3.32012	25.7	30902	1.07450e-04	3.32031	26.3	31482	1.05420e-04	3.31895	25.0	31297	1.06030e-04	3.31855	26.4
60438.307	16.049	31549	1.05240e-04	3.32012	25.7	30946	1.07290e-04	3.32012	26.3	31562	1.05160e-04	3.31895	25.1	31220	1.06300e-04	3.31855	26.4
60439.495	16.023	31532	1.05300e-04	3.32012	25.7	30942	1.07300e-04	3.32012	26.3	31529	1.05260e-04	3.31875	25.1	31250	1.06190e-04	3.31836	26.4
60440.683	16.023	31592	1.05090e-04	3.32012	25.7	30934	1.07330e-04	3.32012	26.3	31510	1.05320e-04	3.31875	25.1	31300	1.06020e-04	3.31855	26.4
60441.872	16.028	31571	1.05160e-04	3.31992	25.7	30982	1.07160e-04	3.31992	26.3	31527	1.05270e-04	3.31875	25.0	31315	1.05970e-04	3.31836	26.4
60443.060	16.028	31536	1.05280e-04	3.32012	25.7	30903	1.07440e-04	3.32031	26.3	31518	1.05300e-04	3.31875	25.1	31297	1.06040e-04	3.31875	26.4
60444.248	16.043	31478	1.05470e-04	3.32012	25.7	30899	1.07450e-04	3.32012	26.3	31548	1.05200e-04	3.31875	25.1	31291	1.06050e-04	3.31855	26.4
60445.436	16.043	31541	1.05260e-04	3.32012	25.7	30904	1.07430e-04	3.32012	26.3	31520	1.05300e-04	3.31895	25.1	31264	1.06140e-04	3.31855	26.4
60446.624	16.043	31525	1.05320e-04	3.32012	25.7	30909	1.07420e-04	3.32012	26.3	31510	1.05320e-04	3.31875	25.0	31287	1.06070e-04	3.31855	26.4
60447.813	16.054	31539	1.05260e-04	3.31992	25.7	30909	1.07420e-04	3.32012	26.3	31530	1.05260e-04	3.31875	25.0	31240	1.06230e-04	3.31855	26.4
60449.001	16.054	31626	1.04980e-04	3.32012	25.7	30977	1.07180e-04	3.32012	26.3	31532	1.05240e-04	3.31855	25.0	31248	1.06200e-04	3.31836	26.4
60450.189	16.038	31570	1.05170e-04	3.32031	25.7	30969	1.07210e-04	3.32031	26.3	31556	1.05180e-04	3.31895	25.1	31312	1.05990e-04	3.31875	26.4
60451.378	16.038	31532	1.05290e-04	3.31992	25.7	30880	1.07520e-04	3.32012	26.3	31528	1.05270e-04	3.31895	25.0	31247	1.06200e-04	3.31855	26.4
60452.566	16.045	31549	1.05240e-04	3.32012	25.7	30873	1.07550e-04	3.32031	26.3	31550	1.05190e-04	3.31855	25.0	31229	1.06260e-04	3.31855	26.4
60453.754	16.045	31593	1.05090e-04	3.32012	25.7	30943	1.07300e-04	3.32031	26.3	31504	1.05350e-04	3.31895	25.0	31294	1.06050e-04	3.31875	26.4
60454.942	16.045	31548	1.05230e-04	3.31992	25.7	31016	1.07050e-04	3.32031	26.3	31622	1.04960e-04	3.31895	25.0	31299	1.06030e-04	3.31855	26.4
60456.130	16.047	31555	1.05230e-04	3.32051	25.7	30930	1.07350e-04	3.32031	26.3	31527	1.05270e-04	3.31875	25.0	31312	1.05990e-04	3.31875	26.4
60457.319	16.047	31617	1.05020e-04	3.32031	25.7	30956	1.07260e-04	3.32031	26.3	31586	1.05070e-04	3.31895	25.0	31343	1.05890e-04	3.31875	26.4
60458.507	16.031	31566	1.05170e-04	3.31992	25.7	30898	1.07450e-04	3.32012	26.3	31528	1.05270e-04	3.31895	25.0	31289	1.06060e-04	3.31836	26.4
60459.695	16.031	31569	1.05180e-04	3.32031	25.7	30889	1.07490e-04	3.32031	26.3	31493	1.05390e-04	3.31895	25.0	31253	1.06190e-04	3.31875	26.4
60460.883	16.039	31581	1.05130e-04	3.32012	25.7	30932	1.07340e-04	3.32031	26.3	31529	1.05270e-04	3.31914	25.0	31270	1.06130e-04	3.31875	26.4
60462.072	16.039	31641	1.04940e-04	3.32031	25.7	31010	1.07070e-04	3.32012	26.3	31602	1.05020e-04	3.31895	25.0	31320	1.05950e-04	3.31836	26.4
60463.260	16.020	31580	1.05140e-04	3.32031	25.7	30963	1.07240e-04	3.32031	26.3	31568	1.05140e-04	3.31895	25.0	31348	1.05870e-04	3.31875	26.4
60464.448	16.020	31569	1.05170e-04	3.32012	25.7	30937	1.07320e-04	3.32031	26.3	31593	1.05060e-04	3.31914	25.1	31318	1.05960e-04	3.31855	26.4
60465.637	16.020	31551	1.05230e-04	3.32012	25.7	30933	1.07330e-04	3.32012	26.3	31540	1.05230e-04	3.31895	25.0	31286	1.06070e-04	3.31855	26.4
60466.825	16.021	31572	1.05170e-04	3.32031	25.7	30914	1.07400e-04	3.32031	26.3	31545	1.05210e-04	3.31895	25.1	31348	1.05870e-04	3.31875	26.4
60468.013	16.021	31616	1.05010e-04	3.32012	25.7	30954	1.07260e-04	3.32012	26.3	31580	1.05100e-04	3.31895	25.1	31347	1.05870e-04	3.31855	26.4
60469.201	16.026	31576	1.05150e-04	3.32012	25.7	30965	1.07230e-04	3.32031	26.3	31568	1.05130e-04	3.31875	25.1	31289	1.06060e-04	3.31855	26.4
60470.389	16.026	31591	1.05100e-04	3.32031	25.7	30961	1.07240e-04	3.32012	26.3	31524	1.05290e-04	3.31914	25.1	31306	1.06000e-04	3.31855	26.4
60471.578	16.009	31644	1.04920e-04	3.32012	25.7	30978	1.07180e-04	3.32012	26.3	31565	1.05140e-04	3.31875	25.1	31356	1.05830e-04	3.31855	26.4
60472.766	16.009	31616	1.05020e-04	3.32031	25.7	31002	1.07100e-04	3.32031	26.3	31578	1.05100e-04	3.31895	25.1	31401	1.05690e-04	3.31875	26.4
60473.954	16.009	31611	1.05040e-04	3.32031	25.7	30942	1.07310e-04	3.32031	26.3	31529	1.05270e-04	3.31895	25.1	31318	1.05970e-04	3.31875	26.4
60475.142	16.037	31575	1.05150e-04	3.32012	25.7	30945	1.07290e-04	3.32012	26.3	31530	1.05270e-04	3.31914	25.1	31265	1.06140e-04	3.31855	26.4
60476.331	16.037	31572	1.05170e-04	3.32031	25.7	30982	1.07170e-04	3.32031	26.3	31575	1.05110e-04	3.31895	25.1	31374	1.05780e-04	3.31875	26.4
60477.519	16.010	31585	1.05110e-04	3.31992	25.7	30953	1.07270e-04	3.32031	26.3	31607	1.05010e-04	3.31914	25.1	31335	1.05910e-04	3.31855	26.4
60478.707	16.010	31589	1.05110e-04	3.32031	25.8	30947	1.07290e-04	3.32031	26.3	31583	1.05090e-04	3.31895	25.1	31326	1.05940e-04	3.31855	26.4
60479.895	15.999	31602	1.05070e-04	3.32031	25.8	30964	1.07220e-04	3.32012	26.3	31462	1.05490e-04	3.31895	25.1	31301	1.06030e-04	3.31875	26.4
60481.084	15.999	31543	1.05260e-04	3.32012	25.7	30957	1.07240e-04	3.31992	26.3	31587	1.05070e-04	3.31875	25.1	31340	1.05880e-04	3.31836	26.4
60482.272	16.019	31588	1.05110e-04	3.32012	25.7	30965	1.07230e-04	3.32031	26.3	31568	1.05140e-04	3.31895	25.1	31381	1.05750e-04	3.31855	26.4
60483.460	16.019	31559	1.05200e-04	3.32012	25.7	30959	1.07240e-04	3.32012	26.3	31545	1.05210e-04	3.31895	25.1	31365	1.05810e-04	3.31855	26.4
60484.648	16.014	31499	1.05400e-04	3.31992	25.7	30947	1.07280e-04	3.32012	26.3	31515	1.05310e-04	3.31895	25.1	31350	1.05850e-04	3.31855	26.4
60485.837	16.014	31577	1.05150e-04	3.32031	25.7	30920	1.07380e-04	3.32012	26.3	31490	1.05400e-04	3.31895	25.1	31282	1.06080e-04	3.31855	26.4
60487.025	16.014	31542	1.05260e-04	3.32012	25.7	30922	1.07370e-04	3.32012	26.3	31528	1.05270e-04	3.31895	25.0	31249	1.06200e-04	3.31855	26.4
60488.213	16.024	31552	1.05230e-04	3.32012	25.7	30933	1.07340e-04	3.32031	26.3	31530	1.05260e-04	3.31895	25.0	31292	1.06050e-04	3.31855	26.4
60489.401	16.024	31531	1.05300e-04	3.32031	25.7	30894	1.07480e-04	3.32051	26.3	31531	1.05260e-04	3.31895	25.1	31274	1.06110e-04	3.31855	26.4
60490.589	16.045	31475	1.05480e-04	3.32012	25.7	30915	1.07390e-04	3.32012	26.3	31548	1.05200e-04	3.31895	25.1	31249	1.06200e-04	3.31855	26.4
60491.778	16.045	31488	1.05440e-04	3.32012	25.7	30858	1.07600e-04	3.32031	26.3	31517	1.05310e-04	3.31895	25.1	31227	1.06280e-04	3.31875	26.4
60492.966	16.023	31478	1.05480e-04	3.32031	25.7	30859	1.07590e-04	3.32012	26.3	31505	1.05340e-04	3.31875	25.1	31259	1.06160e-04	3.31855	26.4
60494.154	16.023	31487	1.05440e-04	3.32012	25.7	30896	1.07470e-04	3.32031	26.3	31492	1.05380e-04	3.31875	25.1	31239	1.06230e-04	3.31855	26.4
60495.342	16.023	31526	1.05310e-04	3.32012	25.7	30959	1.07240e-04	3.32012	26.3	31504	1.05350e-04	3.31895	25.1	31342	1.05890e-04	3.31875	26.4
60496.531	16.015	31558	1.05210e-04	3.32031	25.7	30912	1.07400e-04	3.32012	26.3	31482	1.05420e-04	3.31875	25.1	31322	1.05950e-04	3.31855	26.4
60497.719	16.015	31588	1.05110e-04	3.32012	25.7	30980	1.07180e-04	3.32031	26.3	31603	1.05030e-04	3.31914	25.1	31336	1.05910e-04	3.31875	26.4
60498.907	16.015	31601	1.05060e-04	3.32012	25.7	31052	1.06920e-04	3.32012	26.3	31588	1.05070e-04	3.31895	25.0	31368	1.05790e-04	3.31855	26.4
60500.096	16.015	31591	1.05100e-04	3.32031	25.7	31033	1.06990e-04	3.32031	26.3	31631	1.04920e-04	3.31875	25.1	31386	1.05730e-04	3.31855	26.4
60501.283	16.014	31622	1.04990e-04	3.32012	25.7	31008	1.07080e-04	3.32031	26.3	31616	1.04980e-04	3.31914	25.1	31395	1.05700e-04	3.31855	26.4
60502.472	16.014	31595	1.05080e-04	3.31992	25.7	31019	1.07040e-04	3.32031	26.3	31682	1.04760e-04	3.31914	25.1	31374	1.05770e-04	3.31855	26.4
60503.660	15.996	31559	1.05210e-04	3.32031	25.7	30969	1.07210e-04	3.32012	26.3	31599	1.05030e-04	3.31875	25.1	31342	1.05880e-04	3.31855	26.4
60504.848	15.996	31581	1.05140e-04	3.32031	25.7	30926	1.07360e-04	3.32031	26.3	31517	1.05310e-04	3.31914	25.0	31320	1.05960e-04	3.31875	26.4
60506.036	15.996	31564	1.05190e-04	3.32012	25.7	30999	1.07100e-04	3.32012	26.3	31597	1.05040e-04	3.31895	25.0	31308	1.06000e-04	3.31855	26.4
60507.225	16.014	31516	1.05350e-04	3.32031	25.7	30906	1.07430e-04	3.32012	26.3	31559	1.05160e-04	3.31875	25.0	31226	1.06280e-04	3.31875	26.4
60508.413	16.014	31518	1.05340e-04	3.32012	25.7	30874	1.07540e-04	3.32012	26.3	31562	1.05160e-04	3.31914	25.0	31296	1.06040e-04	3.31855	26.4
60509.601	16.021	31541	1.05270e-04	3.32031	25.7	30907	1.07420e-04	3.32012	26.3	31560	1.05160e-04	3.31895	25.0	31244	1.06210e-04	3.31855	26.4
60510.789	16.021	31557	1.05210e-04	3.32012	25.7	30945	1.07290e-04	3.32012	26.3	31540	1.05230e-04	3.31895	25.0	31261	1.06160e-04	3.31875	26.4
60511.978	16.034	31571	1.05160e-04	3.32012	25.7	30913	1.07410e-04	3.32031	26.3	31513	1.05320e-04	3.31895	25.0	31272	1.06120e-04	3.31875	26.4
60513.166	16.034	31525	1.05320e-04	3.32012	25.7	30883	1.07510e-04	3.32031	26.3	31496	1.05380e-04	3.31895	25.0	31307	1.06010e-04	3.31875	26.4
60514.354	16.040	31546	1.05250e-04	3.32012	25.7	30910	1.07410e-04	3.32012	26.2	31523	1.05290e-04	3.31895	25.0	31229	1.06260e-04	3.31855	26.4
60515.542	16.040	31488	1.05440e-04	3.32012	25.7	30932	1.07340e-04	3.32031	26.2	31508	1.05340e-04	3.31895	25.0	31221	1.06290e-04	3.31855	26.4
60516.731	16.040	31503	1.05390e-04	3.32012	25.7	30919	1.07380e-04	3.32012	26.3	31532	1.05260e-04	3.31895	25.0	31246	1.06210e-04	3.31855	26.4
60517.919	16.040	31579	1.05140e-04	3.32012	25.7	30950	1.07280e-04	3.32012	26.3	31500	1.05360e-04	3.31875	25.0	31324	1.05940e-04	3.31855	26.4
60519.107	16.040	31554	1.05220e-04	3.32012	25.7	30988	1.07140e-04	3.32012	26.3	31606	1.05010e-04	3.31895	25.0	31318	1.05960e-04	3.31855	26.4
60520.296	16.035	31538	1.05270e-04	3.31992	25.7	30933	1.07330e-04	3.32012	26.2	31578	1.05100e-04	3.31895	25.0	31261	1.06150e-04	3.31836	26.4
60521.484	16.035	31554	1.05220e-04	3.32012	25.7	30972	1.07200e-04	3.32012	26.2	31562	1.05150e-04	3.31875	25.0	31397	1.05700e-04	3.31855	26.4
60522.672	16.021	31571	1.05170e-04	3.32031	25.7	30998	1.07110e-04	3.32012	26.2	31547	1.05210e-04	3.31895	25.0	31321	1.05950e-04	3.31855	26.4
60523.860	16.021	31571	1.05160e-04	3.31992	25.7	30984	1.07150e-04	3.31992	26.2	31590	1.05050e-04	3.31855	25.0	31329	1.05930e-04	3.31855	26.4
60525.048	16.021	31596	1.05070e-04	3.31992	25.7	30933	1.07330e-04	3.32012	26.2	31567	1.05140e-04	3.31895	25.0	31360	1.05820e-04	3.31855	26.4
60526.237	16.015	31511	1.05360e-04	3.31992	25.7	30888	1.07490e-04	3.32031	26.2	31571	1.05120e-04	3.31875	25.0	31289	1.06060e-04	3.31855	26.4
60527.425	16.015	31494	1.05420e-04	3.32012	25.7	30902	1.07430e-04	3.31992	26.2	31560	1.05160e-04	3.31875	25.0	31352	1.05840e-04	3.31836	26.4
60528.613	16.008	31525	1.05320e-04	3.32031	25.7	30958	1.07250e-04	3.32012	26.2	31522	1.05280e-04	3.31875	25.0	31317	1.05970e-04	3.31855	26.4
60529.801	16.008	31497	1.05410e-04	3.32012	25.7	30894	1.07470e-04	3.32012	26.2	31508	1.05330e-04	3.31875	25.0	31332	1.05910e-04	3.31836	26.4
60530.989	16.028	31554	1.05220e-04	3.32012	25.7	30865	1.07570e-04	3.32012	26.2	31577	1.05100e-04	3.31875	25.0	31244	1.06210e-04	3.31855	26.4
60532.178	16.028	31517	1.05340e-04	3.32012	25.7	30872	1.07550e-04	3.32012	26.2	31525	1.05280e-04	3.31895	25.0	31253	1.06190e-04	3.31875	26.4
60533.366	16.029	31487	1.05440e-04	3.31992	25.7	30923	1.07370e-04	3.32012	26.2	31530	1.05260e-04	3.31875	25.0	31267	1.06130e-04	3.31836	26.4
60534.554	16.029	31495	1.05410e-04	3.31992	25.7	30836	1.07660e-04	3.31992	26.2	31535	1.05240e-04	3.31875	25.0	31241	1.06220e-04	3.31836	26.4
60535.742	16.039	31477	1.05480e-04	3.32012	25.7	30849	1.07630e-04	3.32012	26.2	31490	1.05390e-04	3.31875	25.0	31243	1.06230e-04	3.31875	26.4
60536.931	16.039	31524	1.05320e-04	3.32012	25.7	30886	1.07490e-04	3.32012	26.2	31495	1.05370e-04	3.31875	25.0	31237	1.06240e-04	3.31855	26.4
60538.119	16.039	31505	1.05380e-04	3.31992	25.7	30959	1.07240e-04	3.32012	26.2	31513	1.05320e-04	3.31895	25.0	31250	1.06190e-04	3.31855	26.4
60539.307	16.017	31529	1.05300e-04	3.32012	25.7	30986	1.07150e-04	3.32031	26.2	31519	1.05300e-04	3.31875	25.0	31286	1.06070e-04	3.31855	26.4
60540.495	16.017	31557	1.05210e-04	3.32012	25.7	30938	1.07320e-04	3.32012	26.2	31547	1.05200e-04	3.31875	25.0	31371	1.05780e-04	3.31836	26.4
60541.684	16.031	31518	1.05340e-04	3.32012	25.7	30996	1.07120e-04	3.32012	26.2	31553	1.05170e-04	3.31855	25.0	31345	1.05870e-04	3.31855	26.4
60542.872	16.031	31535	1.05280e-04	3.32012	25.7	30909	1.07410e-04	3.32012	26.2	31556	1.05180e-04	3.31895	25.0	31301	1.06020e-04	3.31855	26.4
60544.060	15.999	31555	1.05210e-04	3.31992	25.7	30883	1.07500e-04	3.31992	26.2	31592	1.05060e-04	3.31895	25.0	31317	1.05960e-04	3.31836	26.4
60545.249	15.999	31630	1.04970e-04	3.32012	25.7	30953	1.07270e-04	3.32031	26.2	31617	1.04970e-04	3.31875	25.0	31376	1.05770e-04	3.31855	26.4
60546.437	16.009	31531	1.05300e-04	3.32012	25.7	30922	1.07370e-04	3.32012	26.2	31602	1.05020e-04	3.31875	25.0	31310	1.05990e-04	3.31855	26.4
60547.625	16.009	31516	1.05350e-04	3.32012	25.7	30905	1.07430e-04	3.32012	26.2	31595	1.05040e-04	3.31875	25.0	31294	1.06040e-04	3.31855	26.4
60548.813	16.009	31504	1.05380e-04	3.31992	25.7	30918	1.07380e-04	3.32012	26.2	31557	1.05170e-04	3.31895	25.0	31274	1.06120e-04	3.31875	26.4
60550.002	16.015	31473	1.05490e-04	3.32012	25.7	30899	1.07450e-04	3.32012	26.2	31512	1.05320e-04	3.31895	25.0	31209	1.06330e-04	3.31836	26.4
60551.190	16.015	31505	1.05380e-04	3.32012	25.7	30884	1.07510e-04	3.32031	26.2	31534	1.05240e-04	3.31875	25.0	31270	1.06120e-04	3.31836	26.4
60552.378	16.017	31556	1.05210e-04	3.32012	25.7	30977	1.07180e-04	3.32012	26.2	31527	1.05270e-04	3.31875	25.0	31361	1.05820e-04	3.31855	26.4
60553.566	16.017	31558	1.05210e-04	3.32012	25.7	30922	1.07370e-04	3.32012	26.2	31561	1.05150e-04	3.31875	25.0	31320	1.05960e-04	3.31855	26.4
60554.755	16.035	31577	1.05140e-04	3.32012	25.7	31023	1.07020e-04	3.32012	26.2	31556	1.05180e-04	3.31895	25.0	31328	1.05940e-04	3.31875	26.4
60555.943	16.035	31554	1.05220e-04	3.32012	25.7	31003	1.07090e-04	3.32012	26.2	31597	1.05040e-04	3.31895	25.0	31321	1.05950e-04	3.31855	26.4
60557.131	16.005	31529	1.05300e-04	3.31992	25.7	30920	1.07370e-04	3.31992	26.2	31621	1.04960e-04	3.31895	25.0	31265	1.06140e-04	3.31836	26.4
60558.319	16.005	31548	1.05240e-04	3.32012	25.7	30918	1.07390e-04	3.32031	26.2	31590	1.05060e-04	3.31875	25.0	31298	1.06040e-04	3.31875	26.4
60559.507	16.005	31488	1.05440e-04	3.32012	25.7	30931	1.07340e-04	3.32012	26.2	31558	1.05170e-04	3.31895	25.0	31284	1.06080e-04	3.31875	26.4
60560.696	16.045	31506	1.05370e-04	3.31992	25.7	30904	1.07430e-04	3.32012	26.2	31532	1.05250e-04	3.31875	25.0	31236	1.06240e-04	3.31855	26.4
60561.884	16.045	31581	1.05130e-04	3.32012	25.7	30961	1.07240e-04	3.32031	26.2	31541	1.05230e-04	3.31914	25.0	31300	1.06020e-04	3.31855	26.4
60563.072	16.050	31509	1.05370e-04	3.31992	25.7	30915	1.07390e-04	3.32012	26.2	31525	1.05280e-04	3.31895	25.0	31295	1.06040e-04	3.31855	26.4
60564.261	16.050	31618	1.05010e-04	3.32031	25.7	30994	1.07130e-04	3.32031	26.2	31617	1.04970e-04	3.31875	25.0	31346	1.05860e-04	3.31836	26.4
60565.448	16.003	31577	1.05140e-04	3.31992	25.7	30987	1.07150e-04	3.32031	26.2	31626	1.04940e-04	3.31895	25.0	31323	1.05950e-04	3.31855	26.4
60566.637	16.003	31564	1.05190e-04	3.32012	25.7	30967	1.07210e-04	3.31992	26.2	31572	1.05120e-04	3.31875	25.0	31280	1.06090e-04	3.31836	26.4
60567.825	16.003	31547	1.05240e-04	3.32012	25.7	30977	1.07180e-04	3.32012	26.2	31572	1.05110e-04	3.31855	25.0	31306	1.06010e-04	3.31875	26.4
60569.013	16.016	31540	1.05270e-04	3.32012	25.7	30959	1.07240e-04	3.32012	26.2	31532	1.05260e-04	3.31895	25.0	31271	1.06120e-04	3.31855	26.4
60570.201	16.016	31581	1.05130e-04	3.32012	25.7	30959	1.07240e-04	3.32012	26.2	31541	1.05220e-04	3.31875	25.0	31293	1.06040e-04	3.31836	26.4
60571.389	16.025	31613	1.05020e-04	3.31992	25.7	30958	1.07250e-04	3.32012	26.2	31610	1.04990e-04	3.31875	25.0	31355	1.05840e-04	3.31855	26.4
60572.578	16.025	31561	1.05190e-04	3.31992	25.7	31002	1.07090e-04	3.31992	26.2	31570	1.05130e-04	3.31895	25.0	31348	1.05860e-04	3.31855	26.4
60573.766	15.999	31566	1.05170e-04	3.31992	25.7	30945	1.07280e-04	3.31992	26.2	31593	1.05050e-04	3.31875	25.0	31269	1.06120e-04	3.31836	26.4
60574.954	15.999	31587	1.05110e-04	3.32012	25.7	30923	1.07370e-04	3.32012	26.2	31542	1.05210e-04	3.31855	25.0	31340	1.05890e-04	3.31855	26.4
60576.143	16.026	31550	1.05230e-04	3.32012	25.7	30937	1.07320e-04	3.32012	26.2	31553	1.05190e-04	3.31895	25.0	31278	1.06100e-04	3.31855	26.4
60577.331	16.026	31525	1.05310e-04	3.31992	25.7	30850	1.07610e-04	3.31992	26.2	31494	1.05370e-04	3.31855	25.0	31292	1.06040e-04	3.31816	26.4
60578.519	16.026	31562	1.05190e-04	3.32012	25.7	30887	1.07500e-04	3.32031	26.2	31577	1.05110e-04	3.31895	25.0	31285	1.06080e-04	3.31875	26.4
60579.707	16.020	31538	1.05270e-04	3.31992	25.7	30956	1.07250e-04	3.31992	26.2	31560	1.05160e-04	3.31875	25.0	31277	1.06100e-04	3.31855	26.4
60580.896	16.020	31532	1.05290e-04	3.31992	25.7	30914	1.07390e-04	3.31992	26.2	31529	1.05250e-04	3.31855	25.0	31333	1.05910e-04	3.31836	26.4
60582.084	16.026	31546	1.05250e-04	3.32012	25.7	30953	1.07260e-04	3.32012	26.2	31575	1.05110e-04	3.31895	25.0	31282	1.06080e-04	3.31855	26.4
60583.272	16.026	31524	1.05320e-04	3.32012	25.7	30909	1.07410e-04	3.32012	26.2	31526	1.05280e-04	3.31895	25.0	31283	1.06080e-04	3.31855	26.4
60584.460	16.041	31523	1.05320e-04	3.31992	25.7	30894	1.07460e-04	3.31992	26.2	31502	1.05350e-04	3.31875	25.0	31287	1.06060e-04	3.31836	26.4
60585.648	16.041	31566	1.05180e-04	3.32012	25.7	30914	1.07400e-04	3.32012	26.2	31551	1.05190e-04	3.31895	25.0	31323	1.05950e-04	3.31855	26.4
60586.837	16.041	31568	1.05180e-04	3.32012	25.7	30918	1.07380e-04	3.32012	26.2	31528	1.05260e-04	3.31875	25.0	31339	1.05890e-04	3.31855	26.4
60588.025	16.033	31503	1.05380e-04	3.31992	25.7	30855	1.07600e-04	3.32012	26.3	31522	1.05280e-04	3.31875	25.0	31280	1.06090e-04	3.31855	26.4
60589.213	16.033	31549	1.05240e-04	3.32012	25.7	30904	1.07430e-04	3.32012	26.3	31470	1.05460e-04	3.31875	25.0	31302	1.06010e-04	3.31836	26.4
60590.402	16.026	31581	1.05120e-04	3.31992	25.7	30964	1.07230e-04	3.32012	26.3	31576	1.05100e-04	3.31875	25.0	31313	1.05980e-04	3.31855	26.4
60591.590	16.026	31568	1.05170e-04	3.31992	25.7	30876	1.07530e-04	3.32012	26.2	31566	1.05140e-04	3.31875	25.0	31298	1.06030e-04	3.31855	26.4
60592.778	16.064	31536	1.05280e-04	3.32012	25.7	30901	1.07440e-04	3.31992	26.2	31518	1.05300e-04	3.31895	25.0	31260	1.06160e-04	3.31855	26.4
60593.966	16.064	31525	1.05310e-04	3.31992	25.7	30872	1.07550e-04	3.32012	26.2	31480	1.05420e-04	3.31875	25.0	31230	1.06260e-04	3.31836	26.4
60595.155	16.044	31571	1.05160e-04	3.31992	25.7	30959	1.07240e-04	3.32012	26.2	31455	1.05510e-04	3.31895	25.0	31299	1.06020e-04	3.31836	26.4
60596.343	16.044	31605	1.05050e-04	3.32012	25.7	30979	1.07170e-04	3.32012	26.2	31598	1.05030e-04	3.31875	25.0	31313	1.05970e-04	3.31836	26.4
60597.531	16.017	31548	1.05230e-04	3.31992	25.7	30908	1.07420e-04	3.32012	26.2	31573	1.05110e-04	3.31875	25.0	31284	1.06070e-04	3.31836	26.4
60598.719	16.017	31528	1.05300e-04	3.31992	25.7	30891	1.07480e-04	3.32012	26.2	31524	1.05280e-04	3.31895	25.0	31228	1.06270e-04	3.31855	26.4
60599.907	16.017	31570	1.05170e-04	3.32012	25.7	30941	1.07310e-04	3.32012	26.2	31548	1.05200e-04	3.31895	25.0	31270	1.06120e-04	3.31855	26.4
60601.096	16.058	31566	1.05180e-04	3.32012	25.7	30943	1.07300e-04	3.32012	26.2	31524	1.05270e-04	3.31855	25.0	31273	1.06120e-04	3.31855	26.4
60602.284	16.058	31554	1.05210e-04	3.31992	25.7	30948	1.07280e-04	3.32012	26.2	31536	1.05240e-04	3.31895	25.0	31268	1.06130e-04	3.31836	26.4
60603.472	16.026	31502	1.05390e-04	3.32012	25.7	30903	1.07440e-04	3.32031	26.2	31562	1.05150e-04	3.31875	25.0	31243	1.06230e-04	3.31875	26.4
60604.661	16.026	31474	1.05480e-04	3.31992	25.7	30906	1.07430e-04	3.32012	26.2	31524	1.05280e-04	3.31895	25.0	31270	1.06120e-04	3.31855	26.4
60605.849	16.036	31543	1.05260e-04	3.32012	25.7	30898	1.07450e-04	3.31992	26.2	31503	1.05350e-04	3.31895	25.0	31264	1.06140e-04	3.31855	26.4
60607.037	16.036	31559	1.05210e-04	3.32031	25.7	30963	1.07240e-04	3.32031	26.2	31539	1.05230e-04	3.31875	25.0	31273	1.06120e-04	3.31855	26.4
60608.225	16.058	31538	1.05280e-04	3.32012	25.7	30947	1.07280e-04	3.32012	26.3	31595	1.05050e-04	3.31895	25.0	31228	1.06270e-04	3.31855	26.4
60609.413	16.058	31561	1.05190e-04	3.31992	25.7	30968	1.07200e-04	3.31992	26.3	31577	1.05110e-04	3.31895	25.0	31319	1.05960e-04	3.31855	26.4
60610.602	16.058	31576	1.05150e-04	3.32012	25.7	30905	1.07440e-04	3.32031	26.2	31549	1.05200e-04	3.31895	25.0	31275	1.06120e-04	3.31875	26.4
60611.790	16.048	31526	1.05310e-04	3.32012	25.7	30912	1.07400e-04	3.32012	26.2	31534	1.05250e-04	3.31895	25.0	31288	1.06060e-04	3.31855	26.4
60612.978	16.048	31532	1.05300e-04	3.32012	25.7	30902	1.07440e-04	3.32012	26.2	31493	1.05380e-04	3.31875	25.0	31290	1.06060e-04	3.31855	26.4
60614.166	16.025	31552	1.05230e-04	3.32012	25.7	30945	1.07300e-04	3.32031	26.3	31557	1.05170e-04	3.31895	25.0	31281	1.06080e-04	3.31836	26.4
60615.355	16.025	31585	1.05110e-04	3.31992	25.7	30915	1.07390e-04	3.32012	26.3	31488	1.05400e-04	3.31895	25.0	31276	1.06110e-04	3.31855	26.4
60616.543	16.047	31541	1.05270e-04	3.32031	25.7	30839	1.07670e-04	3.32031	26.2	31523	1.05290e-04	3.31895	25.0	31243	1.06230e-04	3.31875	26.4
60617.731	16.047	31517	1.05340e-04	3.31992	25.7	30855	1.07600e-04	3.32012	26.2	31460	1.05490e-04	3.31875	25.0	31243	1.06220e-04	3.31855	26.4
60618.919	16.047	31484	1.05450e-04	3.32012	25.7	30920	1.07370e-04	3.31992	26.2	31504	1.05350e-04	3.31895	25.0	31278	1.06090e-04	3.31836	26.4
60620.107	16.028	31577	1.05150e-04	3.32031	25.7	30872	1.07550e-04	3.32012	26.2	31581	1.05090e-04	3.31875	25.0	31282	1.06090e-04	3.31875	26.4
60621.296	16.028	31563	1.05190e-04	3.31992	25.7	30895	1.07470e-04	3.32012	26.2	31514	1.05310e-04	3.31875	25.0	31267	1.06130e-04	3.31855	26.4
60622.484	16.012	31573	1.05160e-04	3.32012	25.7	31000	1.07100e-04	3.32012	26.2	31562	1.05160e-04	3.31895	25.0	31342	1.05880e-04	3.31855	26.4
60623.672	16.012	31559	1.05200e-04	3.32012	25.7	30937	1.07320e-04	3.32012	26.3	31620	1.04960e-04	3.31875	25.0	31300	1.06020e-04	3.31855	26.4
60624.861	16.016	31581	1.05130e-04	3.32012	25.7	30960	1.07250e-04	3.32031	26.3	31576	1.05100e-04	3.31875	25.0	31356	1.05840e-04	3.31875	26.4
60626.049	16.016	31503	1.05390e-04	3.32012	25.7	30967	1.07220e-04	3.32012	26.2	31602	1.05020e-04	3.31875	25.0	31295	1.06040e-04	3.31855	26.4
60627.237	16.025	31552	1.05230e-04	3.32012	25.7	30906	1.07430e-04	3.32031	26.2	31508	1.05340e-04	3.31895	25.0	31268	1.06130e-04	3.31855	26.4
60628.425	16.025	31546	1.05250e-04	3.32012	25.7	30941	1.07310e-04	3.32031	26.2	31532	1.05260e-04	3.31895	25.0	31313	1.05980e-04	3.31855	26.4
60629.613	16.025	31536	1.05290e-04	3.32031	25.7	30866	1.07570e-04	3.32012	26.2	31554	1.05180e-04	3.31875	25.0	31296	1.06040e-04	3.31855	26.4
60630.802	16.018	31535	1.05280e-04	3.32012	25.7	30922	1.07370e-04	3.32012	26.2	31511	1.05320e-04	3.31875	25.0	31287	1.06070e-04	3.31855	26.4
60631.990	16.018	31530	1.05300e-04	3.32012	25.7	30866	1.07570e-04	3.32012	26.2	31588	1.05070e-04	3.31895	25.0	31270	1.06120e-04	3.31855	26.4
60633.178	16.026	31493	1.05420e-04	3.32012	25.7	30936	1.07320e-04	3.32012	26.2	31547	1.05210e-04	3.31895	25.0	31269	1.06130e-04	3.31855	26.4
60634.366	16.026	31577	1.05140e-04	3.31992	25.7	30939	1.07310e-04	3.32012	26.2	31520	1.05300e-04	3.31895	25.0	31324	1.05940e-04	3.31855	26.4
60635.555	16.041	31484	1.05450e-04	3.32012	25.7	30915	1.07390e-04	3.32012	26.2	31583	1.05080e-04	3.31875	25.0	31271	1.06120e-04	3.31855	26.4
60636.743	16.041	31564	1.05190e-04	3.32012	25.7	30889	1.07490e-04	3.32012	26.2	31484	1.05410e-04	3.31875	25.0	31268	1.06130e-04	3.31855	26.4
60637.931	16.041	31526	1.05310e-04	3.32012	25.7	30873	1.07540e-04	3.32012	26.2	31535	1.05240e-04	3.31875	25.0	31283	1.06080e-04	3.31855	26.4
60639.119	16.043	31496	1.05410e-04	3.32012	25.7	30916	1.07400e-04	3.32031	26.2	31598	1.05040e-04	3.31895	25.0	31270	1.06120e-04	3.31836	26.4
60640.308	16.043	31533	1.05290e-04	3.32012	25.7	30886	1.07500e-04	3.32012	26.2	31489	1.05400e-04	3.31895	25.0	31279	1.06090e-04	3.31836	26.4
60641.496	16.041	31530	1.05300e-04	3.31992	25.7	30957	1.07250e-04	3.32012	26.2	31600	1.05020e-04	3.31875	25.0	31302	1.06020e-04	3.31855	26.4
60642.684	16.041	31469	1.05500e-04	3.32012	25.7	30911	1.07410e-04	3.32012	26.2	31556	1.05170e-04	3.31875	25.0	31346	1.05860e-04	3.31836	26.4
60643.872	16.037	31539	1.05260e-04	3.31992	25.7	30975	1.07190e-04	3.32012	26.2	31533	1.05250e-04	3.31875	25.0	31350	1.05850e-04	3.31855	26.4
60645.061	16.037	31615	1.05010e-04	3.31992	25.7	30905	1.07420e-04	3.31992	26.2	31602	1.05020e-04	3.31875	25.0	31336	1.05900e-04	3.31836	26.4
60646.249	16.023	31518	1.05340e-04	3.32012	25.7	30874	1.07530e-04	3.31992	26.2	31578	1.05100e-04	3.31895	25.0	31239	1.06230e-04	3.31836	26.4
60647.437	16.023	31542	1.05250e-04	3.31973	25.7	30877	1.07520e-04	3.31992	26.2	31555	1.05170e-04	3.31875	25.0	31336	1.05890e-04	3.31816	26.4
60648.625	16.038	31533	1.05300e-04	3.32031	25.7	30889	1.07500e-04	3.32051	26.2	31560	1.05150e-04	3.31855	25.0	31284	1.06090e-04	3.31895	26.4
60649.813	16.038	31502	1.05400e-04	3.32012	25.7	30896	1.07460e-04	3.32012	26.2	31602	1.05020e-04	3.31895	25.0	31276	1.06110e-04	3.31855	26.4
60651.002	16.038	31612	1.05030e-04	3.32012	25.7	30939	1.07310e-04	3.32012	26.2	31571	1.05120e-04	3.31875	25.0	31305	1.06010e-04	3.31855	26.4
60652.190	16.040	31601	1.05060e-04	3.32012	25.7	30965	1.07230e-04	3.32031	26.2	31578	1.05100e-04	3.31895	25.0	31277	1.06100e-04	3.31855	26.4
60653.378	16.040	31634	1.04960e-04	3.32012	25.7	30993	1.07120e-04	3.32012	26.2	31616	1.04980e-04	3.31895	25.0	31301	1.06020e-04	3.31855	26.4
60654.567	16.035	31685	1.04780e-04	3.32012	25.7	31005	1.07090e-04	3.32031	26.2	31665	1.04810e-04	3.31875	25.0	31364	1.05810e-04	3.31855	26.4
60655.755	16.035	31627	1.04980e-04	3.32031	25.7	30945	1.07300e-04	3.32031	26.2	31658	1.04840e-04	3.31895	25.0	31326	1.05940e-04	3.31855	26.4
60656.943	16.024	31548	1.05240e-04	3.32012	25.7	30936	1.07320e-04	3.32012	26.2	31633	1.04920e-04	3.31895	25.0	31257	1.06170e-04	3.31855	26.4
60658.131	16.024	31578	1.05140e-04	3.32012	25.7	30960	1.07240e-04	3.32012	26.2	31549	1.05200e-04	3.31875	25.0	31282	1.06080e-04	3.31855	26.4
60659.320	16.033	31550	1.05230e-04	3.32012	25.7	30884	1.07500e-04	3.32012	26.2	31576	1.05110e-04	3.31895	25.0	31281	1.06090e-04	3.31855	26.4
60660.507	16.033	31568	1.05170e-04	3.32012	25.7	30909	1.07410e-04	3.32012	26.2	31540	1.05230e-04	3.31895	25.0	31303	1.06010e-04	3.31836	26.4
60661.696	16.033	31537	1.05280e-04	3.32012	25.7	30937	1.07330e-04	3.32031	26.2	31497	1.05370e-04	3.31875	25.0	31253	1.06190e-04	3.31875	26.4
60662.884	16.047	31520	1.05330e-04	3.32012	25.7	30995	1.07120e-04	3.32031	26.2	31590	1.05060e-04	3.31875	25.0	31269	1.06130e-04	3.31855	26.4
60664.072	16.047	31577	1.05140e-04	3.32012	25.7	30945	1.07300e-04	3.32031	26.2	31511	1.05330e-04	3.31914	25.0	31294	1.06040e-04	3.31855	26.4
60665.261	16.038	31580	1.05130e-04	3.32012	25.7	30916	1.07400e-04	3.32031	26.2	31540	1.05230e-04	3.31895	25.0	31256	1.06170e-04	3.31855	26.4
60666.449	16.038	31564	1.05190e-04	3.32031	25.7	30942	1.07310e-04	3.32031	26.2	31524	1.05280e-04	3.31895	25.0	31264	1.06150e-04	3.31855	26.4
60667.637	16.038	31588	1.05110e-04	3.32012	25.7	30940	1.07310e-04	3.32012	26.2	31595	1.05040e-04	3.31875	25.0	31346	1.05870e-04	3.31875	26.4
60668.825	16.035	31556	1.05210e-04	3.32012	25.7	30983	1.07160e-04	3.32012	26.2	31584	1.05080e-04	3.31895	25.0	31340	1.05900e-04	3.31875	26.4
60670.014	16.035	31529	1.05300e-04	3.32012	25.7	30909	1.07410e-04	3.32012	26.2	31574	1.05120e-04	3.31895	25.0	31306	1.06000e-04	3.31855	26.4
60671.202	16.035	31590	1.05090e-04	3.31992	25.7	30959	1.07240e-04	3.32012	26.2	31572	1.05120e-04	3.31875	25.0	31349	1.05850e-04	3.31836	26.4
60672.390	16.035	31581	1.05140e-04	3.32031	25.7	30993	1.07130e-04	3.32012	26.2	31586	1.05070e-04	3.31875	25.0	31333	1.05920e-04	3.31875	26.4
60673.578	16.043	31626	1.04990e-04	3.32031	25.7	30950	1.07280e-04	3.32031	26.2	31612	1.04980e-04	3.31875	25.0	31305	1.06010e-04	3.31875	26.4
60674.767	16.043	31644	1.04920e-04	3.32012	25.7	30980	1.07180e-04	3.32031	26.2	31627	1.04950e-04	3.31914	25.0	31392	1.05720e-04	3.31875	26.4
60675.955	16.029	31654	1.04890e-04	3.32031	25.7	31032	1.07000e-04	3.32031	26.2	31628	1.04940e-04	3.31895	25.0	31323	1.05940e-04	3.31855	26.4
60677.143	16.029	31570	1.05170e-04	3.32012	25.7	30975	1.07190e-04	3.32031	26.2	31625	1.04950e-04	3.31895	25.0	31313	1.05970e-04	3.31836	26.4
60678.332	16.032	31538	1.05280e-04	3.32012	25.7	30949	1.07280e-04	3.32012	26.2	31567	1.05130e-04	3.31875	25.0	31252	1.06190e-04	3.31855	26.4
60679.519	16.032	31533	1.05300e-04	3.32031	25.7	30949	1.07280e-04	3.32012	26.2	31497	1.05370e-04	3.31895	25.0	31247	1.06200e-04	3.31855	26.4
60680.708	16.032	31525	1.05310e-04	3.31992	25.7	30949	1.07280e-04	3.32031	26.2	31564	1.05150e-04	3.31895	25.0	31311	1.05990e-04	3.31855	26.4
60681.896	16.039	31563	1.05190e-04	3.32012	25.7	30854	1.07610e-04	3.32012	26.2	31548	1.05200e-04	3.31875	25.0	31274	1.06110e-04	3.31855	26.4
60683.085	16.039	31531	1.05300e-04	3.32012	25.7	30904	1.07430e-04	3.32012	26.2	31546	1.05210e-04	3.31895	25.0	31284	1.06070e-04	3.31836	26.4
60684.273	16.046	31534	1.05290e-04	3.32012	25.7	30878	1.07520e-04	3.32012	26.2	31478	1.05430e-04	3.31875	25.0	31269	1.06130e-04	3.31875	26.4
60685.461	16.046	31506	1.05380e-04	3.32012	25.7	30881	1.07510e-04	3.32012	26.2	31424	1.05610e-04	3.31875	25.0	31279	1.06100e-04	3.31875	26.4
60686.649	16.054	31537	1.05270e-04	3.31992	25.7	30925	1.07370e-04	3.32031	26.2	31530	1.05260e-04	3.31895	25.0	31303	1.06010e-04	3.31855	26.4
60687.837	16.054	31569	1.05180e-04	3.32031	25.7	30947	1.07280e-04	3.32012	26.2	31505	1.05340e-04	3.31875	25.0	31266	1.06140e-04	3.31855	26.4
60689.026	16.054	31483	1.05460e-04	3.32012	25.7	30909	1.07420e-04	3.32031	26.2	31529	1.05270e-04	3.31895	25.0	31242	1.06220e-04	3.31855	26.4
60690.214	16.074	31498	1.05410e-04	3.32031	25.7	30869	1.07550e-04	3.32012	26.2	31475	1.05440e-04	3.31875	25.0	31280	1.06090e-04	3.31855	26.4
60691.402	16.074	31488	1.05440e-04	3.32012	25.7	30843	1.07650e-04	3.32012	26.2	31477	1.05430e-04	3.31875	25.0	31228	1.06270e-04	3.31875	26.4
60692.590	16.037	31517	1.05340e-04	3.32012	25.7	30869	1.07560e-04	3.32012	26.2	31434	1.05580e-04	3.31895	25.0	31261	1.06160e-04	3.31855	26.4
60693.779	16.037	31510	1.05370e-04	3.32012	25.7	30848	1.07630e-04	3.32012	26.2	31498	1.05370e-04	3.31895	25.0	31279	1.06100e-04	3.31875	26.4
60694.967	16.066	31534	1.05290e-04	3.32012	25.7	30893	1.07470e-04	3.32012	26.2	31488	1.05400e-04	3.31895	25.0	31228	1.06270e-04	3.31855	26.4
60696.155	16.066	31567	1.05180e-04	3.32031	25.7	30908	1.07420e-04	3.32012	26.2	31497	1.05370e-04	3.31875	25.0	31214	1.06320e-04	3.31855	26.4
60697.343	16.040	31532	1.05290e-04	3.32012	25.7	30935	1.07330e-04	3.32012	26.2	31448	1.05540e-04	3.31895	25.0	31246	1.06210e-04	3.31855	26.4
60698.531	16.040	31543	1.05250e-04	3.31992	25.7	30902	1.07450e-04	3.32031	26.2	31473	1.05450e-04	3.31895	25.0	31347	1.05860e-04	3.31855	26.4
60699.720	16.051	31607	1.05050e-04	3.32031	25.7	30943	1.07300e-04	3.32012	26.3	31554	1.05180e-04	3.31875	25.0	31338	1.05900e-04	3.31875	26.4
60700.908	16.051	31501	1.05390e-04	3.31992	25.7	30991	1.07140e-04	3.32031	26.3	31596	1.05050e-04	3.31914	25.0	31362	1.05810e-04	3.31855	26.4
60702.096	16.051	31555	1.05210e-04	3.31992	25.7	30949	1.07280e-04	3.32031	26.2	31597	1.05030e-04	3.31875	25.0	31299	1.06020e-04	3.31816	26.4
60703.285	16.033	31506	1.05390e-04	3.32031	25.7	30971	1.07200e-04	3.32012	26.2	31522	1.05280e-04	3.31875	25.0	31297	1.06040e-04	3.31875	26.4
60704.472	16.033	31570	1.05170e-04	3.32012	25.7	30881	1.07520e-04	3.32031	26.2	31491	1.05390e-04	3.31895	25.0	31273	1.06120e-04	3.31855	26.4
60705.661	16.015	31534	1.05290e-04	3.32012	25.7	30967	1.07220e-04	3.32012	26.2	31546	1.05200e-04	3.31875	25.0	31280	1.06090e-04	3.31855	26.4
60706.849	16.015	31546	1.05250e-04	3.32012	25.7	30935	1.07330e-04	3.32012	26.2	31501	1.05360e-04	3.31895	25.0	31286	1.06070e-04	3.31855	26.4
60708.038	16.008	31552	1.05230e-04	3.32012	25.7	30907	1.07420e-04	3.32012	26.2	31574	1.05110e-04	3.31875	25.0	31307	1.06000e-04	3.31836	26.4
60709.225	16.008	31544	1.05250e-04	3.32012	25.7	30970	1.07200e-04	3.32012	26.2	31508	1.05330e-04	3.31875	25.0	31289	1.06050e-04	3.31836	26.4
60710.413	16.041	31575	1.05150e-04	3.32012	25.7	30908	1.07420e-04	3.32012	26.3	31540	1.05230e-04	3.31895	25.0	31317	1.05970e-04	3.31855	26.4
60711.602	16.041	31604	1.05050e-04	3.31992	25.7	30918	1.07380e-04	3.32012	26.3	31595	1.05040e-04	3.31875	25.0	31273	1.06120e-04	3.31855	26.4
60712.790	16.041	31568	1.05180e-04	3.32012	25.7	30946	1.07290e-04	3.32031	26.2	31517	1.05300e-04	3.31875	25.0	31280	1.06090e-04	3.31855	26.4
60713.978	16.043	31623	1.04990e-04	3.32012	25.7	30969	1.07210e-04	3.32012	26.2	31534	1.05250e-04	3.31895	25.0	31338	1.05890e-04	3.31836	26.4
60715.167	16.043	31646	1.04920e-04	3.32031	25.7	30970	1.07200e-04	3.32012	26.3	31569	1.05130e-04	3.31875	25.0	31345	1.05870e-04	3.31855	26.4
60716.355	15.997	31622	1.04990e-04	3.32012	25.7	31017	1.07050e-04	3.32031	26.3	31601	1.05030e-04	3.31895	25.0	31378	1.05770e-04	3.31875	26.4
60717.543	15.997	31580	1.05130e-04	3.31992	25.7	30996	1.07110e-04	3.32012	26.2	31570	1.05130e-04	3.31895	25.0	31358	1.05830e-04	3.31855	26.4
60718.732	15.992	31543	1.05260e-04	3.32031	25.7	30979	1.07170e-04	3.32012	26.2	31580	1.05100e-04	3.31895	25.0	31275	1.06120e-04	3.31875	26.4
60719.919	15.992	31512	1.05370e-04	3.32031	25.7	30891	1.07480e-04	3.32012	26.2	31530	1.05260e-04	3.31895	25.0	31249	1.06200e-04	3.31855	26.4
60721.108	16.025	31559	1.05200e-04	3.32012	25.7	30923	1.07370e-04	3.32012	26.3	31540	1.05230e-04	3.31895	25.0	31284	1.06080e-04	3.31855	26.4
60722.296	16.025	31518	1.05340e-04	3.32012	25.7	30868	1.07560e-04	3.32012	26.3	31535	1.05250e-04	3.31895	25.0	31298	1.06030e-04	3.31855	26.4
60723.484	16.025	31538	1.05270e-04	3.32012	25.7	30939	1.07310e-04	3.32012	26.3	31499	1.05360e-04	3.31875	25.0	31330	1.05920e-04	3.31855	26.4
60724.673	16.054	31524	1.05320e-04	3.32012	25.7	30972	1.07200e-04	3.32012	26.3	31550	1.05200e-04	3.31895	25.0	31303	1.06010e-04	3.31855	26.4
60725.861	16.054	31471	1.05490e-04	3.31992	25.7	30909	1.07420e-04	3.32031	26.3	31509	1.05330e-04	3.31875	25.0	31249	1.06190e-04	3.31836	26.4
60727.049	16.035	31457	1.05540e-04	3.32012	25.7	30887	1.07480e-04	3.31992	26.3	31513	1.05310e-04	3.31875	25.0	31269	1.06130e-04	3.31875	26.4
60728.237	16.035	31527	1.05310e-04	3.32012	25.7	30879	1.07530e-04	3.32031	26.3	31510	1.05330e-04	3.31895	25.0	31251	1.06200e-04	3.31875	26.4
60729.425	16.052	31505	1.05380e-04	3.32012	25.7	30888	1.07490e-04	3.32012	26.3	31498	1.05370e-04	3.31895	25.0	31298	1.06030e-04	3.31855	26.4
60730.614	16.052	31530	1.05300e-04	3.32012	25.7	30888	1.07480e-04	3.31992	26.3	31495	1.05380e-04	3.31895	25.1	31250	1.06190e-04	3.31855	26.4
60731.802	16.052	31517	1.05340e-04	3.32012	25.7	30907	1.07420e-04	3.32012	26.3	31464	1.05480e-04	3.31895	25.1	31300	1.06020e-04	3.31855	26.4
60732.990	16.042	31611	1.05030e-04	3.32012	25.7	30984	1.07150e-04	3.32012	26.3	31535	1.05240e-04	3.31875	25.1	31311	1.05980e-04	3.31836	26.4
60734.179	16.042	31486	1.05450e-04	3.32012	25.7	30972	1.07200e-04	3.32012	26.3	31615	1.04970e-04	3.31875	25.1	31250	1.06200e-04	3.31875	26.4
60735.367	16.064	31523	1.05320e-04	3.32012	25.7	30905	1.07430e-04	3.32012	26.3	31536	1.05240e-04	3.31895	25.1	31289	1.06070e-04	3.31875	26.4
60736.555	16.064	31642	1.04930e-04	3.32012	25.7	30898	1.07460e-04	3.32012	26.3	31507	1.05340e-04	3.31895	25.1	31318	1.05960e-04	3.31855	26.4
60737.743	16.044	31581	1.05130e-04	3.32012	25.7	30963	1.07240e-04	3.32031	26.3	31567	1.05140e-04	3.31895	25.1	31283	1.06090e-04	3.31875	26.4
60738.932	16.044	31519	1.05340e-04	3.32012	25.7	30968	1.07220e-04	3.32031	26.3	31502	1.05360e-04	3.31895	25.1	31318	1.05960e-04	3.31855	26.4
60740.120	16.035	31578	1.05140e-04	3.32012	25.7	30976	1.07180e-04	3.32012	26.3	31533	1.05250e-04	3.31895	25.1	31238	1.06230e-04	3.31855	26.4
60741.308	16.035	31537	1.05280e-04	3.32012	25.7	30992	1.07130e-04	3.32031	26.3	31507	1.05340e-04	3.31895	25.1	31300	1.06020e-04	3.31855	26.4
60742.496	16.035	31508	1.05370e-04	3.32012	25.7	30965	1.07220e-04	3.32012	26.2	31528	1.05270e-04	3.31895	25.1	31285	1.06070e-04	3.31855	26.4
60743.684	16.039	31497	1.05410e-04	3.32012	25.7	30927	1.07350e-04	3.32012	26.3	31476	1.05440e-04	3.31875	25.1	31342	1.05880e-04	3.31855	26.4
60744.872	16.039	31516	1.05350e-04	3.32031	25.7	30949	1.07270e-04	3.31992	26.3	31503	1.05350e-04	3.31875	25.0	31302	1.06020e-04	3.31855	26.4
60746.061	16.043	31564	1.05190e-04	3.32031	25.7	30885	1.07510e-04	3.32031	26.3	31492	1.05390e-04	3.31895	25.1	31294	1.06040e-04	3.31855	26.4
60747.249	16.043	31542	1.05260e-04	3.32012	25.7	30925	1.07370e-04	3.32031	26.3	31548	1.05200e-04	3.31895	25.1	31270	1.06120e-04	3.31855	26.4
60748.438	16.060	31511	1.05370e-04	3.32031	25.7	30936	1.07320e-04	3.32012	26.3	31539	1.05230e-04	3.31895	25.1	31189	1.06410e-04	3.31875	26.4
60749.626	16.060	31521	1.05330e-04	3.32012	25.7	30962	1.07240e-04	3.32031	26.3	31491	1.05390e-04	3.31895	25.1	31298	1.06030e-04	3.31855	26.4
60750.814	16.060	31572	1.05160e-04	3.32012	25.7	30984	1.07160e-04	3.32031	26.3	31512	1.05320e-04	3.31895	25.1	31401	1.05690e-04	3.31875	26.4
60752.002	16.051	31609	1.05040e-04	3.32012	25.8	31018	1.07050e-04	3.32031	26.3	31586	1.05070e-04	3.31895	25.1	31323	1.05940e-04	3.31855	26.4
60753.191	16.051	31510	1.05370e-04	3.32031	25.8	30940	1.07310e-04	3.32012	26.3	31598	1.05030e-04	3.31875	25.1	31335	1.05910e-04	3.31855	26.4
60754.379	16.014	31548	1.05240e-04	3.32012	25.7	30951	1.07280e-04	3.32031	26.3	31566	1.05150e-04	3.31914	25.1	31289	1.06070e-04	3.31875	26.4
60755.567	16.014	31579	1.05140e-04	3.32012	25.7	30953	1.07260e-04	3.32012	26.3	31497	1.05370e-04	3.31895	25.1	31332	1.05920e-04	3.31855	26.4
60756.755	16.028	31542	1.05270e-04	3.32031	25.7	30993	1.07130e-04	3.32012	26.3	31563	1.05150e-04	3.31875	25.1	31379	1.05760e-04	3.31875	26.4
60757.943	16.028	31517	1.05340e-04	3.31992	25.7	30931	1.07340e-04	3.32012	26.3	31544	1.05220e-04	3.31895	25.1	31291	1.06060e-04	3.31855	26.4
60759.132	15.965	31558	1.05210e-04	3.32012	25.7	30947	1.07280e-04	3.32012	26.3	31528	1.05270e-04	3.31895	25.1	31329	1.05920e-04	3.31855	26.4
60760.320	15.965	31517	1.05350e-04	3.32031	25.7	30902	1.07440e-04	3.32012	26.3	31520	1.05300e-04	3.31895	25.1	31255	1.06180e-04	3.31855	26.4
60761.508	16.059	31479	1.05470e-04	3.32012	25.7	30871	1.07560e-04	3.32031	26.3	31584	1.05080e-04	3.31895	25.1	31268	1.06140e-04	3.31875	26.4
60762.697	16.059	31507	1.05380e-04	3.32012	25.7	30913	1.07410e-04	3.32031	26.3	31471	1.05450e-04	3.31855	25.1	31262	1.06150e-04	3.31855	26.4
60763.884	16.059	31525	1.05320e-04	3.32031	25.7	30922	1.07370e-04	3.32012	26.3	31523	1.05290e-04	3.31914	25.1	31262	1.06150e-04	3.31855	26.4
60765.073	16.033	31465	1.05510e-04	3.31992	25.7	30842	1.07660e-04	3.32031	26.3	31473	1.05450e-04	3.31895	25.1	31267	1.06140e-04	3.31875	26.4
60766.261	16.033	31501	1.05400e-04	3.32031	25.7	30885	1.07500e-04	3.32012	26.2	31537	1.05240e-04	3.31895	25.0	31233	1.06250e-04	3.31836	26.4
60767.449	15.986	31495	1.05420e-04	3.32012	25.7	30887	1.07500e-04	3.32031	26.2	31453	1.05520e-04	3.31895	25.0	31189	1.06410e-04	3.31875	26.4
60768.637	15.986	31500	1.05400e-04	3.32012	25.7	30952	1.07270e-04	3.32012	26.2	31505	1.05350e-04	3.31895	25.0	31251	1.06190e-04	3.31855	26.4
60769.826	16.054	31543	1.05260e-04	3.32012	25.7	30961	1.07240e-04	3.32012	26.2	31519	1.05290e-04	3.31875	25.0	31296	1.06040e-04	3.31855	26.4
60771.014	16.054	31543	1.05250e-04	3.31992	25.7	30887	1.07490e-04	3.31992	26.2	31538	1.05240e-04	3.31895	25.0	31268	1.06130e-04	3.31855	26.4
60772.202	16.046	31538	1.05270e-04	3.32012	25.7	30903	1.07440e-04	3.32012	26.2	31469	1.05470e-04	3.31895	25.0	31240	1.06230e-04	3.31855	26.4
60773.390	16.046	31570	1.05170e-04	3.32012	25.7	30903	1.07440e-04	3.32012	26.2	31454	1.05510e-04	3.31875	25.0	31246	1.06210e-04	3.31855	26.4
60774.578	16.046	31472	1.05500e-04	3.32012	25.7	30924	1.07360e-04	3.32012	26.2	31516	1.05300e-04	3.31875	25.0	31244	1.06210e-04	3.31855	26.4
60775.767	16.091	31483	1.05460e-04	3.32012	25.7	30857	1.07600e-04	3.32012	26.2	31526	1.05260e-04	3.31855	25.0	31284	1.06080e-04	3.31855	26.4
60776.955	16.091	31505	1.05380e-04	3.32012	25.7	30947	1.07290e-04	3.32031	26.2	31519	1.05300e-04	3.31875	25.0	31252	1.06190e-04	3.31855	26.4
60778.144	16.056	31503	1.05380e-04	3.31992	25.7	30891	1.07480e-04	3.32012	26.2	31550	1.05200e-04	3.31895	25.0	31232	1.06260e-04	3.31855	26.4
60779.332	16.056	31502	1.05400e-04	3.32031	25.7	30810	1.07760e-04	3.32012	26.2	31490	1.05390e-04	3.31875	25.0	31237	1.06230e-04	3.31836	26.4
60780.520	16.052	31574	1.05150e-04	3.32012	25.7	30867	1.07560e-04	3.32012	26.2	31534	1.05240e-04	3.31875	25.0	31232	1.06260e-04	3.31875	26.4
60781.708	16.052	31625	1.04990e-04	3.32012	25.7	30991	1.07130e-04	3.32012	26.2	31620	1.04960e-04	3.31875	25.0	31288	1.06060e-04	3.31855	26.4
60782.897	16.052	31603	1.05060e-04	3.32031	25.7	30950	1.07280e-04	3.32012	26.2	31517	1.05300e-04	3.31875	25.0	31234	1.06250e-04	3.31855	26.4
60784.085	16.047	31599	1.05070e-04	3.32012	25.7	30966	1.07220e-04	3.32031	26.2	31591	1.05060e-04	3.31895	25.0	31237	1.06240e-04	3.31855	26.4
60785.273	16.047	31536	1.05280e-04	3.32012	25.7	30969	1.07210e-04	3.32031	26.2	31572	1.05120e-04	3.31895	25.0	31228	1.06270e-04	3.31855	26.4
60786.461	16.035	31541	1.05260e-04	3.32012	25.7	30907	1.07420e-04	3.32012	26.2	31568	1.05130e-04	3.31875	25.0	31224	1.06280e-04	3.31855	26.4
60787.650	16.035	31625	1.04980e-04	3.31992	25.7	30935	1.07330e-04	3.32031	26.2	31552	1.05190e-04	3.31895	25.0	31273	1.06120e-04	3.31855	26.4
60788.838	16.030	31603	1.05060e-04	3.32012	25.7	30884	1.07500e-04	3.32012	26.2	31534	1.05240e-04	3.31855	25.0	31288	1.06060e-04	3.31855	26.4
60790.026	16.030	31521	1.05330e-04	3.32012	25.7	30962	1.07230e-04	3.32012	26.2	31564	1.05150e-04	3.31895	25.0	31287	1.06060e-04	3.31836	26.4
60791.214	16.133	31517	1.05340e-04	3.31992	25.7	30855	1.07600e-04	3.32012	26.2	31558	1.05170e-04	3.31895	25.0	31212	1.06320e-04	3.31836	26.4
60792.402	16.133	31599	1.05070e-04	3.32012	25.7	30904	1.07430e-04	3.31992	26.2	31505	1.05340e-04	3.31875	25.0	31189	1.06400e-04	3.31836	26.4
60793.590	16.133	31528	1.05300e-04	3.31992	25.7	30907	1.07420e-04	3.31992	26.2	31521	1.05290e-04	3.31875	25.0	31281	1.06080e-04	3.31836	26.4
60794.779	16.003	31479	1.05460e-04	3.31992	25.7	30847	1.07620e-04	3.31992	26.2	31487	1.05400e-04	3.31875	25.0	31258	1.06160e-04	3.31836	26.4
60795.967	16.003	31509	1.05370e-04	3.32012	25.7	30882	1.07500e-04	3.31992	26.2	31496	1.05370e-04	3.31855	25.0	31222	1.06280e-04	3.31836	26.4
60797.155	16.029	31560	1.05200e-04	3.31992	25.7	30881	1.07510e-04	3.31992	26.2	31536	1.05240e-04	3.31875	25.0	31208	1.06330e-04	3.31836	26.4
60798.343	16.029	31517	1.05340e-04	3.31992	25.7	30888	1.07490e-04	3.32012	26.2	31595	1.05040e-04	3.31875	25.0	31291	1.06050e-04	3.31836	26.4
60799.532	16.100	31586	1.05110e-04	3.32012	25.7	30908	1.07420e-04	3.32012	26.3	31558	1.05160e-04	3.31855	25.0	31250	1.06190e-04	3.31836	26.4
60800.720	16.100	31591	1.05090e-04	3.31992	25.7	30946	1.07290e-04	3.32031	26.3	31581	1.05090e-04	3.31875	25.1	31255	1.06180e-04	3.31855	26.4
60801.908	16.100	31489	1.05430e-04	3.31992	25.7	30928	1.07350e-04	3.32012	26.2	31563	1.05150e-04	3.31875	25.0	31317	1.05960e-04	3.31836	26.4
60803.097	16.035	31556	1.05210e-04	3.32012	25.7	30887	1.07490e-04	3.32012	26.2	31539	1.05230e-04	3.31875	25.0	31215	1.06310e-04	3.31836	26.4
60804.285	16.035	31569	1.05160e-04	3.31992	25.7	30939	1.07310e-04	3.32012	26.2	31470	1.05460e-04	3.31875	25.0	31219	1.06300e-04	3.31855	26.4
60805.473	16.026	31518	1.05340e-04	3.32012	25.7	30901	1.07440e-04	3.31992	26.2	31578	1.05100e-04	3.31875	25.0	31202	1.06350e-04	3.31836	26.4
60806.661	16.026	31573	1.05160e-04	3.32012	25.7	30903	1.07440e-04	3.32012	26.2	31496	1.05370e-04	3.31875	25.1	31320	1.05960e-04	3.31875	26.4
60807.849	15.996	31624	1.04970e-04	3.31973	25.7	30963	1.07230e-04	3.32012	26.2	31525	1.05270e-04	3.31875	25.1	31299	1.06030e-04	3.31855	26.4
60809.038	15.996	31478	1.05480e-04	3.32012	25.7	30954	1.07250e-04	3.31992	26.2	31582	1.05080e-04	3.31875	25.1	31219	1.06290e-04	3.31816	26.4
60810.226	16.039	31526	1.05310e-04	3.32012	25.7	30883	1.07500e-04	3.32012	26.3	31533	1.05250e-04	3.31875	25.1	31207	1.06340e-04	3.31855	26.4
60811.414	16.039	31521	1.05320e-04	3.31992	25.7	30870	1.07550e-04	3.32012	26.3	31570	1.05120e-04	3.31875	25.1	31210	1.06330e-04	3.31855	26.4
60812.603	16.046	31540	1.05270e-04	3.32012	25.7	30872	1.07550e-04	3.32012	26.3	31508	1.05330e-04	3.31875	25.1	31207	1.06340e-04	3.31855	26.4
60813.791	16.046	31550	1.05230e-04	3.31992	25.7	30927	1.07350e-04	3.32012	26.3	31483	1.05410e-04	3.31875	25.1	31222	1.06290e-04	3.31855	26.4
60814.979	16.046	31552	1.05220e-04	3.31992	25.7	30927	1.07350e-04	3.32012	26.3	31513	1.05320e-04	3.31895	25.1	31253	1.06180e-04	3.31836	26.4
60816.167	16.025	31511	1.05370e-04	3.32031	25.7	30887	1.07490e-04	3.32012	26.3	31492	1.05380e-04	3.31875	25.1	31263	1.06150e-04	3.31855	26.4
60817.355	16.025	31561	1.05190e-04	3.31992	25.7	30893	1.07470e-04	3.31992	26.3	31500	1.05360e-04	3.31875	25.1	31243	1.06220e-04	3.31855	26.4
60818.544	16.043	31564	1.05190e-04	3.32012	25.7	30930	1.07340e-04	3.31992	26.3	31494	1.05380e-04	3.31895	25.1	31234	1.06250e-04	3.31855	26.4
60819.732	16.043	31562	1.05190e-04	3.32012	25.7	30922	1.07370e-04	3.32012	26.3	31537	1.05230e-04	3.31875	25.1	31252	1.06190e-04	3.31855	26.4
60820.920	16.009	31612	1.05030e-04	3.32012	25.7	30988	1.07140e-04	3.32012	26.3	31590	1.05060e-04	3.31895	25.1	31350	1.05860e-04	3.31855	26.4
60822.108	16.009	31580	1.05130e-04	3.32012	25.7	31017	1.07040e-04	3.32012	26.3	31594	1.05050e-04	3.31895	25.1	31372	1.05780e-04	3.31836	26.4
60823.297	16.006	31608	1.05040e-04	3.32012	25.7	30950	1.07270e-04	3.32012	26.3	31553	1.05180e-04	3.31855	25.1	31288	1.06060e-04	3.31855	26.4
60824.485	16.006	31576	1.05150e-04	3.32012	25.7	30965	1.07230e-04	3.32031	26.3	31606	1.05010e-04	3.31895	25.1	31291	1.06050e-04	3.31855	26.4
60825.673	16.006	31585	1.05110e-04	3.31992	25.7	30960	1.07240e-04	3.32012	26.3	31480	1.05430e-04	3.31895	25.1	31337	1.05900e-04	3.31855	26.4
60826.861	16.016	31561	1.05200e-04	3.32031	25.7	30932	1.07340e-04	3.32012	26.3	31519	1.05290e-04	3.31875	25.1	31241	1.06220e-04	3.31855	26.4
60828.049	16.016	31613	1.05020e-04	3.32012	25.7	30928	1.07360e-04	3.32031	26.3	31529	1.05270e-04	3.31914	25.1	31286	1.06080e-04	3.31875	26.4
60829.238	16.014	31540	1.05270e-04	3.32012	25.7	30949	1.07280e-04	3.32031	26.3	31557	1.05170e-04	3.31895	25.1	31273	1.06120e-04	3.31855	26.4
60830.426	16.014	31530	1.05300e-04	3.32012	25.7	30917	1.07390e-04	3.32012	26.3	31510	1.05320e-04	3.31875	25.1	31288	1.06060e-04	3.31855	26.4
60831.615	16.145	31533	1.05290e-04	3.32012	25.7	30918	1.07380e-04	3.32012	26.2	31520	1.05300e-04	3.31895	25.1	31235	1.06250e-04	3.31855	26.4
60832.803	16.145	31531	1.05300e-04	3.32012	25.7	30923	1.07370e-04	3.32012	26.2	31531	1.05260e-04	3.31895	25.1	31252	1.06190e-04	3.31855	26.4
60833.991	16.145	31553	1.05220e-04	3.32012	25.7	30949	1.07280e-04	3.32012	26.2	31544	1.05210e-04	3.31875	25.1	31230	1.06250e-04	3.31836	26.4
60835.179	16.012	31578	1.05140e-04	3.32012	25.7	30900	1.07450e-04	3.32012	26.2	31521	1.05290e-04	3.31895	25.1	31266	1.06140e-04	3.31855	26.4
60836.367	16.012	31541	1.05260e-04	3.31992	25.7	30991	1.07140e-04	3.32031	26.2	31547	1.05200e-04	3.31875	25.1	31282	1.06090e-04	3.31875	26.4
60837.556	16.010	31600	1.05070e-04	3.32012	25.7	30992	1.07130e-04	3.32031	26.2	31578	1.05100e-04	3.31875	25.1	31331	1.05920e-04	3.31855	26.4
60838.744	16.010	31543	1.05260e-04	3.32012	25.7	30979	1.07180e-04	3.32031	26.2	31584	1.05090e-04	3.31914	25.1	31295	1.06050e-04	3.31875	26.4
60839.932	16.027	31526	1.05320e-04	3.32031	25.7	30928	1.07350e-04	3.32012	26.2	31549	1.05190e-04	3.31875	25.1	31285	1.06070e-04	3.31855	26.4
60841.120	16.027	31521	1.05330e-04	3.32012	25.7	30933	1.07330e-04	3.32012	26.2	31528	1.05260e-04	3.31875	25.1	31256	1.06170e-04	3.31836	26.4
60842.309	16.012	31576	1.05150e-04	3.32012	25.7	30913	1.07410e-04	3.32031	26.2	31533	1.05250e-04	3.31895	25.1	31257	1.06180e-04	3.31875	26.4
60843.497	16.012	31535	1.05280e-04	3.32012	25.7	30930	1.07340e-04	3.32012	26.2	31539	1.05230e-04	3.31875	25.1	31194	1.06380e-04	3.31855	26.4
60844.685	16.012	31543	1.05260e-04	3.32012	25.7	30901	1.07450e-04	3.32031	26.2	31541	1.05230e-04	3.31914	25.1	31251	1.06190e-04	3.31855	26.4
60845.873	16.026	31562	1.05200e-04	3.32031	25.7	30949	1.07280e-04	3.32031	26.2	31581	1.05090e-04	3.31895	25.1	31275	1.06120e-04	3.31875	26.4
60847.062	16.026	31547	1.05240e-04	3.32012	25.7	30973	1.07200e-04	3.32031	26.2	31507	1.05330e-04	3.31875	25.1	31294	1.06040e-04	3.31855	26.4
60848.250	15.983	31611	1.05030e-04	3.32012	25.7	30976	1.07180e-04	3.32012	26.2	31537	1.05240e-04	3.31895	25.1	31328	1.05920e-04	3.31836	26.4
60849.438	15.983	31610	1.05040e-04	3.32031	25.7	30994	1.07130e-04	3.32031	26.3	31588	1.05070e-04	3.31895	25.1	31404	1.05680e-04	3.31875	26.4
60850.626	16.037	31525	1.05310e-04	3.31992	25.7	30960	1.07250e-04	3.32031	26.2	31556	1.05180e-04	3.31914	25.1	31364	1.05810e-04	3.31875	26.4
60851.814	16.037	31514	1.05360e-04	3.32031	25.7	30928	1.07350e-04	3.32012	26.2	31509	1.05320e-04	3.31855	25.1	31326	1.05920e-04	3.31816	26.4
60853.003	16.037	31519	1.05340e-04	3.32031	25.7	30908	1.07430e-04	3.32051	26.2	31519	1.05310e-04	3.31914	25.1	31303	1.06020e-04	3.31875	26.4
60854.191	16.046	31514	1.05350e-04	3.31992	25.7	30876	1.07530e-04	3.32012	26.2	31530	1.05260e-04	3.31875	25.1	31198	1.06370e-04	3.31855	26.4
60855.379	16.046	31525	1.05320e-04	3.32031	25.7	30895	1.07470e-04	3.32012	26.3	31558	1.05170e-04	3.31895	25.1	31315	1.05970e-04	3.31855	26.4
60856.567	16.030	31486	1.05450e-04	3.32012	25.7	30907	1.07430e-04	3.32031	26.3	31522	1.05300e-04	3.31914	25.1	31243	1.06220e-04	3.31875	26.4
60857.756	16.030	31525	1.05320e-04	3.32012	25.7	30856	1.07590e-04	3.31992	26.2	31483	1.05410e-04	3.31875	25.1	31270	1.06120e-04	3.31855	26.4
60858.944	16.039	31530	1.05310e-04	3.32031	25.7	30883	1.07500e-04	3.32012	26.2	31510	1.05330e-04	3.31895	25.1	31287	1.06070e-04	3.31855	26.4
60860.132	16.039	31554	1.05210e-04	3.31992	25.7	30919	1.07390e-04	3.32031	26.3	31564	1.05140e-04	3.31875	25.1	31260	1.06160e-04	3.31855	26.4
60861.320	16.024	31565	1.05180e-04	3.31992	25.7	30897	1.07450e-04	3.31992	26.3	31501	1.05350e-04	3.31875	25.1	31310	1.05990e-04	3.31855	26.4
60862.509	16.024	31568	1.05180e-04	3.32012	25.7	30971	1.07210e-04	3.32031	26.3	31582	1.05090e-04	3.31895	25.1	31343	1.05880e-04	3.31855	26.4
60863.697	16.039	31527	1.05310e-04	3.32012	25.7	30992	1.07130e-04	3.32012	26.3	31581	1.05090e-04	3.31875	25.1	31305	1.06010e-04	3.31855	26.4
60864.885	16.039	31625	1.04990e-04	3.32012	25.7	30995	1.07120e-04	3.32012	26.3	31557	1.05170e-04	3.31875	25.1	31323	1.05940e-04	3.31836	26.4
60866.074	16.039	31580	1.05130e-04	3.32012	25.7	31022	1.07020e-04	3.32012	26.3	31621	1.04950e-04	3.31875	25.1	31340	1.05880e-04	3.31836	26.4
60867.262	16.029	31564	1.05190e-04	3.32012	25.7	31006	1.07070e-04	3.31992	26.3	31591	1.05050e-04	3.31875	25.1	31385	1.05740e-04	3.31855	26.4
60868.450	16.029	31524	1.05320e-04	3.32012	25.7	31000	1.07100e-04	3.32012	26.2	31627	1.04940e-04	3.31895	25.1	31401	1.05680e-04	3.31855	26.4
60869.638	16.000	31488	1.05440e-04	3.32012	25.7	30917	1.07390e-04	3.32012	26.2	31604	1.05010e-04	3.31875	25.1	31366	1.05800e-04	3.31855	26.4
60870.827	16.000	31578	1.05130e-04	3.31992	25.7	31012	1.07060e-04	3.32012	26.2	31533	1.05250e-04	3.31875	25.1	31239	1.06230e-04	3.31855	26.4
60872.015	16.052	31447	1.05580e-04	3.32012	25.7	30936	1.07320e-04	3.32012	26.2	31487	1.05410e-04	3.31895	25.1	31186	1.06410e-04	3.31836	26.4
60873.203	16.052	31509	1.05370e-04	3.31992	25.7	30899	1.07450e-04	3.32012	26.2	31515	1.05310e-04	3.31875	25.1	31267	1.06140e-04	3.31855	26.4
60874.391	16.028	31517	1.05340e-04	3.31992	25.7	30921	1.07380e-04	3.32012	26.3	31503	1.05350e-04	3.31875	25.1	31219	1.06300e-04	3.31855	26.4
60875.580	16.028	31531	1.05300e-04	3.32012	25.7	30903	1.07440e-04	3.32012	26.3	31485	1.05410e-04	3.31875	25.1	31240	1.06230e-04	3.31855	26.4
60876.768	16.028	31556	1.05210e-04	3.31992	25.7	30941	1.07300e-04	3.32012	26.3	31579	1.05090e-04	3.31875	25.1	31264	1.06140e-04	3.31855	26.4
60877.956	16.041	31512	1.05360e-04	3.32012	25.7	30964	1.07220e-04	3.32012	26.3	31541	1.05220e-04	3.31875	25.1	31273	1.06110e-04	3.31836	26.4
60879.144	16.041	31526	1.05320e-04	3.32031	25.7	30981	1.07170e-04	3.32012	26.3	31581	1.05090e-04	3.31895	25.1	31281	1.06090e-04	3.31855	26.4
60880.333	16.023	31503	1.05380e-04	3.31992	25.7	30919	1.07380e-04	3.31992	26.2	31593	1.05050e-04	3.31875	25.1	31318	1.05960e-04	3.31855	26.4
60881.521	16.023	31528	1.05300e-04	3.31992	25.7	30912	1.07400e-04	3.32012	26.2	31524	1.05280e-04	3.31875	25.1	31285	1.06070e-04	3.31855	26.4
60882.709	16.032	31502	1.05400e-04	3.32012	25.7	30905	1.07430e-04	3.32012	26.2	31518	1.05300e-04	3.31875	25.1	31166	1.06480e-04	3.31855	26.4
60883.897	16.032	31497	1.05400e-04	3.31992	25.7	30875	1.07530e-04	3.32012	26.2	31491	1.05390e-04	3.31875	25.1	31241	1.06220e-04	3.31836	26.4
60885.085	16.032	31483	1.05450e-04	3.31992	25.7	30865	1.07570e-04	3.32012	26.2	31540	1.05220e-04	3.31875	25.1	31308	1.05990e-04	3.31836	26.4
60886.274	16.038	31660	1.04870e-04	3.32012	25.7	30982	1.07160e-04	3.32012	26.2	31576	1.05100e-04	3.31875	25.1	31279	1.06100e-04	3.31855	26.4
60887.462	16.038	31541	1.05260e-04	3.31992	25.7	30987	1.07150e-04	3.32012	26.2	31632	1.04920e-04	3.31875	25.1	31368	1.05790e-04	3.31855	26.4
60888.650	16.035	31604	1.05050e-04	3.32012	25.7	30953	1.07260e-04	3.31992	26.2	31534	1.05240e-04	3.31855	25.1	31212	1.06320e-04	3.31836	26.4
60889.838	16.035	31511	1.05360e-04	3.31992	25.7	30938	1.07320e-04	3.32031	26.2	31581	1.05090e-04	3.31895	25.0	31302	1.06010e-04	3.31836	26.4
60891.027	16.043	31553	1.05220e-04	3.31992	25.7	30902	1.07440e-04	3.32012	26.2	31528	1.05260e-04	3.31875	25.0	31233	1.06250e-04	3.31836	26.4
60892.215	16.043	31569	1.05180e-04	3.32031	25.7	30937	1.07320e-04	3.32012	26.2	31573	1.05110e-04	3.31875	25.0	31268	1.06130e-04	3.31855	26.4
60893.403	16.029	31530	1.05300e-04	3.32012	25.7	30896	1.07470e-04	3.32031	26.2	31526	1.05280e-04	3.31895	25.0	31243	1.06220e-04	3.31875	26.4
60894.592	16.029	31490	1.05430e-04	3.32012	25.7	30919	1.07380e-04	3.32012	26.2	31487	1.05400e-04	3.31875	25.0	31246	1.06210e-04	3.31855	26.4
60895.779	16.029	31534	1.05290e-04	3.32012	25.7	30910	1.07410e-04	3.32012	26.2	31545	1.05210e-04	3.31875	25.0	31255	1.06180e-04	3.31855	26.4
60896.968	16.048	31585	1.05110e-04	3.31992	25.7	30946	1.07290e-04	3.32012	26.2	31587	1.05070e-04	3.31875	25.0	31283	1.06080e-04	3.31836	26.4
60898.156	16.048	31560	1.05200e-04	3.31992	25.7	30911	1.07410e-04	3.32012	26.2	31614	1.04980e-04	3.31875	25.0	31324	1.05940e-04	3.31836	26.4
60899.345	16.022	31509	1.05370e-04	3.31992	25.7	30924	1.07360e-04	3.31992	26.2	31550	1.05190e-04	3.31875	25.0	31241	1.06230e-04	3.31855	26.4
60900.532	16.022	31476	1.05480e-04	3.31992	25.7	30895	1.07470e-04	3.32012	26.2	31570	1.05120e-04	3.31855	25.0	31223	1.06280e-04	3.31836	26.4
60901.721	16.044	31540	1.05270e-04	3.32012	25.7	30875	1.07530e-04	3.31992	26.2	31486	1.05400e-04	3.31875	25.0	31278	1.06090e-04	3.31836	26.4
60902.909	16.044	31533	1.05280e-04	3.31992	25.7	30858	1.07590e-04	3.32012	26.2	31532	1.05250e-04	3.31875	25.0	31183	1.06420e-04	3.31836	26.4
60904.098	16.044	31587	1.05110e-04	3.32012	25.7	30936	1.07320e-04	3.32012	26.2	31540	1.05220e-04	3.31855	25.0	31266	1.06130e-04	3.31836	26.4
60905.286	16.017	31579	1.05130e-04	3.31992	25.7	30970	1.07200e-04	3.32012	26.2	31628	1.04940e-04	3.31895	25.0	31336	1.05900e-04	3.31855	26.4
60906.474	16.017	31523	1.05320e-04	3.31992	25.7	30907	1.07420e-04	3.31992	26.2	31545	1.05210e-04	3.31875	25.0	31302	1.06010e-04	3.31836	26.4
60907.662	16.018	31510	1.05360e-04	3.31992	25.7	30894	1.07460e-04	3.31992	26.2	31584	1.05070e-04	3.31855	25.0	31265	1.06140e-04	3.31855	26.4
60908.850	16.018	31503	1.05390e-04	3.32012	25.7	30911	1.07400e-04	3.31992	26.2	31543	1.05210e-04	3.31875	25.0	31248	1.06200e-04	3.31836	26.4
60910.039	16.037	31552	1.05220e-04	3.31992	25.7	30907	1.07420e-04	3.32012	26.2	31556	1.05170e-04	3.31875	25.0	31295	1.06030e-04	3.31836	26.4
60911.227	16.037	31579	1.05130e-04	3.31992	25.7	30893	1.07470e-04	3.32012	26.2	31568	1.05130e-04	3.31875	25.0	31230	1.06250e-04	3.31836	26.4
60912.415	16.024	31595	1.05080e-04	3.32012	25.7	30943	1.07300e-04	3.32012	26.2	31559	1.05170e-04	3.31895	25.0	31301	1.06020e-04	3.31855	26.4
60913.604	16.024	31564	1.05180e-04	3.31992	25.7	30940	1.07310e-04	3.32012	26.2	31585	1.05070e-04	3.31875	25.0	31337	1.05900e-04	3.31855	26.4
60914.792	16.023	31495	1.05410e-04	3.31992	25.7	30887	1.07490e-04	3.32012	26.2	31557	1.05170e-04	3.31875	25.0	31314	1.05970e-04	3.31836	26.4
60915.980	16.023	31538	1.05270e-04	3.31992	25.7	30952	1.07270e-04	3.32012	26.2	31505	1.05340e-04	3.31875	25.0	31253	1.06180e-04	3.31836	26.4
60917.168	16.023	31561	1.05200e-04	3.32012	25.7	30963	1.07220e-04	3.31992	26.2	31544	1.05210e-04	3.31875	25.0	31252	1.06180e-04	3.31836	26.4
60918.356	16.037	31507	1.05380e-04	3.32012	25.7	30835	1.07670e-04	3.32012	26.2	31502	1.05350e-04	3.31875	25.0	31262	1.06150e-04	3.31855	26.4
60919.545	16.037	31554	1.05220e-04	3.32012	25.7	30931	1.07340e-04	3.32012	26.2	31459	1.05500e-04	3.31875	25.0	31225	1.06280e-04	3.31855	26.4
60920.733	16.039	31566	1.05180e-04	3.31992	25.7	30955	1.07250e-04	3.31992	26.2	31461	1.05480e-04	3.31855	25.0	31233	1.06250e-04	3.31855	26.4
60921.921	16.039	31527	1.05310e-04	3.32012	25.7	30916	1.07400e-04	3.32031	26.2	31530	1.05260e-04	3.31875	25.1	31257	1.06160e-04	3.31836	26.4
60923.109	16.039	31601	1.05060e-04	3.31992	25.7	30945	1.07300e-04	3.32031	26.2	31496	1.05380e-04	3.31895	25.1	31269	1.06130e-04	3.31855	26.4
60924.298	16.033	31551	1.05230e-04	3.32012	25.7	30985	1.07160e-04	3.32031	26.2	31523	1.05290e-04	3.31895	25.1	31392	1.05710e-04	3.31855	26.4
60925.486	16.030	31696	1.04750e-04	3.32012	25.7	30952	1.07260e-04	3.31992	26.2	31565	1.05140e-04	3.31875	25.1	31305	1.06000e-04	3.31836	26.4
60926.674	16.030	31611	1.05030e-04	3.32012	25.7	31020	1.07040e-04	3.32031	26.2	31584	1.05080e-04	3.31875	25.1	31373	1.05780e-04	3.31855	26.4
60927.863	16.030	31534	1.05280e-04	3.31992	25.7	30939	1.07310e-04	3.32012	26.2	31602	1.05020e-04	3.31875	25.1	31322	1.05940e-04	3.31836	26.4
60929.050	16.055	31556	1.05210e-04	3.32012	25.7	30899	1.07450e-04	3.31992	26.2	31575	1.05110e-04	3.31875	25.1	31275	1.06100e-04	3.31836	26.4
60930.239	16.055	31620	1.05000e-04	3.32012	25.7	30967	1.07220e-04	3.32012	26.2	31572	1.05120e-04	3.31895	25.1	31300	1.06020e-04	3.31855	26.4
60931.427	16.043	31515	1.05340e-04	3.31992	25.7	30920	1.07380e-04	3.32012	26.2	31593	1.05050e-04	3.31875	25.1	31262	1.06150e-04	3.31855	26.4
60932.615	16.043	31534	1.05290e-04	3.32012	25.7	30898	1.07460e-04	3.32012	26.2	31491	1.05390e-04	3.31895	25.1	31251	1.06190e-04	3.31855	26.4
60933.804	16.050	31534	1.05290e-04	3.32012	25.7	30895	1.07470e-04	3.32012	26.2	31494	1.05380e-04	3.31875	25.1	31261	1.06150e-04	3.31836	26.4
60934.992	16.050	31558	1.05200e-04	3.31992	25.7	30934	1.07330e-04	3.32012	26.2	31585	1.05080e-04	3.31895	25.1	31269	1.06130e-04	3.31855	26.4
60936.180	16.026	31593	1.05100e-04	3.32031	25.7	30965	1.07230e-04	3.32031	26.2	31609	1.05000e-04	3.31895	25.1	31260	1.06160e-04	3.31855	26.4
60937.368	16.026	31596	1.05070e-04	3.31992	25.7	30962	1.07230e-04	3.32012	26.2	31530	1.05260e-04	3.31875	25.1	31274	1.06110e-04	3.31855	26.4
60938.556	16.026	31523	1.05310e-04	3.31973	25.7	30978	1.07180e-04	3.32012	26.2	31560	1.05160e-04	3.31875	25.1	31285	1.06070e-04	3.31855	26.4
60939.745	16.022	31540	1.05270e-04	3.32012	25.7	30936	1.07310e-04	3.31992	26.2	31534	1.05240e-04	3.31875	25.1	31267	1.06130e-04	3.31836	26.4
60940.933	16.022	31486	1.05450e-04	3.32012	25.7	30922	1.07370e-04	3.32012	26.2	31550	1.05200e-04	3.31895	25.1	31253	1.06180e-04	3.31836	26.4
60942.121	16.047	31538	1.05280e-04	3.32012	25.7	30891	1.07480e-04	3.32012	26.2	31502	1.05350e-04	3.31875	25.1	31234	1.06250e-04	3.31855	26.4
60943.309	16.047	31556	1.05210e-04	3.32012	25.7	30913	1.07400e-04	3.31992	26.2	31490	1.05400e-04	3.31895	25.1	31241	1.06220e-04	3.31855	26.4
60944.498	16.052	31516	1.05350e-04	3.32012	25.7	30944	1.07290e-04	3.32012	26.2	31560	1.05160e-04	3.31875	25.1	31267	1.06140e-04	3.31875	26.4
60945.686	16.052	31504	1.05380e-04	3.31992	25.7	30901	1.07440e-04	3.31992	26.3	31494	1.05380e-04	3.31875	25.1	31196	1.06370e-04	3.31836	26.4
60946.874	16.052	31524	1.05320e-04	3.32012	25.7	30950	1.07280e-04	3.32031	26.2	31544	1.05220e-04	3.31895	25.1	31251	1.06190e-04	3.31855	26.4
60948.062	16.035	31530	1.05300e-04	3.32012	25.7	30930	1.07350e-04	3.32031	26.2	31521	1.05290e-04	3.31875	25.1	31226	1.06280e-04	3.31855	26.4
60949.251	16.035	31605	1.05050e-04	3.32012	25.7	30946	1.07290e-04	3.32031	26.2	31553	1.05180e-04	3.31875	25.1	31302	1.06020e-04	3.31855	26.4
60950.439	15.999	31672	1.04820e-04	3.31992	25.7	31023	1.07030e-04	3.32031	26.2	31631	1.04920e-04	3.31875	25.1	31349	1.05860e-04	3.31855	26.4
60951.627	15.999	31541	1.05260e-04	3.31992	25.7	30964	1.07230e-04	3.32012	26.3	31573	1.05110e-04	3.31875	25.1	31287	1.06070e-04	3.31855	26.4
60952.815	16.004	31582	1.05120e-04	3.31992	25.7	30955	1.07250e-04	3.31992	26.3	31579	1.05090e-04	3.31875	25.1	31344	1.05860e-04	3.31816	26.4
60954.003	16.004	31588	1.05110e-04	3.32012	25.7	30926	1.07360e-04	3.32031	26.3	31595	1.05050e-04	3.31895	25.1	31293	1.06050e-04	3.31855	26.4
60955.192	16.025	31601	1.05060e-04	3.32012	25.7	30992	1.07130e-04	3.32012	26.3	31576	1.05100e-04	3.31875	25.1	31356	1.05830e-04	3.31855	26.4
60956.380	16.025	31629	1.04970e-04	3.32012	25.7	30979	1.07170e-04	3.31992	26.3	31560	1.05160e-04	3.31875	25.1	31349	1.05860e-04	3.31855	26.4
60957.568	16.025	31599	1.05070e-04	3.31992	25.7	31007	1.07070e-04	3.32012	26.3	31551	1.05190e-04	3.31875	25.1	31378	1.05760e-04	3.31855	26.4
60958.757	16.025	31547	1.05240e-04	3.31992	25.7	30945	1.07290e-04	3.32012	26.3	31579	1.05090e-04	3.31875	25.1	31338	1.05890e-04	3.31836	26.4
60959.945	16.025	31561	1.05190e-04	3.31992	25.7	30945	1.07290e-04	3.32012	26.2	31523	1.05280e-04	3.31875	25.1	31271	1.06110e-04	3.31816	26.4
60961.133	16.033	31497	1.05400e-04	3.31992	25.7	30912	1.07400e-04	3.32012	26.3	31548	1.05200e-04	3.31875	25.1	31250	1.06190e-04	3.31836	26.4
60962.321	16.033	31539	1.05270e-04	3.32012	25.7	30919	1.07380e-04	3.32012	26.2	31456	1.05500e-04	3.31875	25.1	31209	1.06330e-04	3.31855	26.4
60963.510	16.026	31544	1.05250e-04	3.31992	25.7	30954	1.07260e-04	3.32012	26.2	31498	1.05360e-04	3.31875	25.1	31243	1.06220e-04	3.31855	26.4
60964.697	16.026	31498	1.05400e-04	3.31992	25.7	30938	1.07310e-04	3.32012	26.2	31523	1.05280e-04	3.31875	25.1	31281	1.06080e-04	3.31836	26.4
60965.886	16.026	31549	1.05230e-04	3.31992	25.7	30890	1.07480e-04	3.31992	26.3	31536	1.05240e-04	3.31875	25.1	31199	1.06360e-04	3.31836	26.4
60967.074	16.042	31571	1.05160e-04	3.31992	25.7	30900	1.07450e-04	3.32012	26.3	31494	1.05380e-04	3.31875	25.1	31248	1.06190e-04	3.31836	26.4
60968.263	16.042	31547	1.05240e-04	3.32012	25.7	30948	1.07280e-04	3.31992	26.3	31541	1.05220e-04	3.31875	25.1	31268	1.06130e-04	3.31855	26.4
60969.451	16.041	31594	1.05090e-04	3.32012	25.7	30954	1.07260e-04	3.32012	26.3	31544	1.05210e-04	3.31875	25.1	31283	1.06080e-04	3.31855	26.4
60970.639	16.041	31527	1.05300e-04	3.31992	25.7	30983	1.07160e-04	3.32012	26.3	31569	1.05130e-04	3.31895	25.1	31299	1.06030e-04	3.31855	26.4
60971.827	16.046	31578	1.05130e-04	3.31992	25.7	30985	1.07150e-04	3.32012	26.3	31505	1.05340e-04	3.31875	25.1	31344	1.05880e-04	3.31855	26.4
60973.015	16.046	31678	1.04810e-04	3.32031	25.7	31047	1.06940e-04	3.32012	26.3	31574	1.05110e-04	3.31875	25.1	31355	1.05830e-04	3.31836	26.4
60974.204	16.025	31596	1.05080e-04	3.32012	25.7	30988	1.07150e-04	3.32031	26.3	31607	1.05010e-04	3.31895	25.1	31425	1.05600e-04	3.31855	26.4
60975.392	16.025	31640	1.04930e-04	3.32012	25.7	30955	1.07250e-04	3.32012	26.3	31558	1.05160e-04	3.31875	25.1	31341	1.05890e-04	3.31855	26.4
60976.580	16.037	31555	1.05210e-04	3.31992	25.7	30952	1.07270e-04	3.32012	26.2	31620	1.04960e-04	3.31895	25.1	31375	1.05770e-04	3.31855	26.4
60977.769	16.037	31568	1.05170e-04	3.32012	25.7	30904	1.07430e-04	3.31992	26.2	31573	1.05110e-04	3.31875	25.1	31242	1.06220e-04	3.31836	26.4
60978.957	16.037	31575	1.05150e-04	3.32012	25.7	30904	1.07430e-04	3.31992	26.2	31531	1.05250e-04	3.31875	25.1	31253	1.06180e-04	3.31855	26.4
60980.145	16.051	31503	1.05380e-04	3.31992	25.7	30880	1.07510e-04	3.31992	26.2	31526	1.05270e-04	3.31875	25.1	31305	1.06000e-04	3.31836	26.4
60981.333	16.051	31606	1.05040e-04	3.31992	25.7	30911	1.07410e-04	3.32012	26.2	31504	1.05350e-04	3.31895	25.1	31284	1.06080e-04	3.31855	26.4
60982.522	16.050	31562	1.05200e-04	3.32012	25.7	30950	1.07280e-04	3.32012	26.2	31501	1.05360e-04	3.31895	25.1	31261	1.06160e-04	3.31855	26.4
60983.710	16.050	31511	1.05360e-04	3.31992	25.7	30894	1.07470e-04	3.32012	26.2	31504	1.05340e-04	3.31875	25.1	31235	1.06240e-04	3.31836	26.4
60984.898	16.049	31584	1.05120e-04	3.32012	25.7	30933	1.07330e-04	3.32012	26.2	31562	1.05150e-04	3.31875	25.1	31262	1.06150e-04	3.31855	26.4
60986.086	16.049	31603	1.05060e-04	3.32012	25.7	30994	1.07120e-04	3.32012	26.3	31571	1.05120e-04	3.31875	25.1	31348	1.05860e-04	3.31855	26.4
60987.275	16.046	31609	1.05040e-04	3.32012	25.7	30971	1.07210e-04	3.32031	26.3	31592	1.05050e-04	3.31875	25.1	31327	1.05930e-04	3.31836	26.4
60988.463	16.046	31523	1.05320e-04	3.32012	25.7	30911	1.07410e-04	3.32012	26.3	31489	1.05400e-04	3.31895	25.1	31307	1.06000e-04	3.31855	26.4
60989.651	16.046	31573	1.05150e-04	3.31992	25.7	30891	1.07470e-04	3.31992	26.3	31467	1.05470e-04	3.31875	25.1	31223	1.06280e-04	3.31836	26.4
60990.839	16.030	31584	1.05120e-04	3.32012	25.7	30917	1.07390e-04	3.32012	26.3	31498	1.05360e-04	3.31875	25.1	31233	1.06250e-04	3.31836	26.4
60992.027	16.030	31523	1.05320e-04	3.32012	25.7	30961	1.07240e-04	3.32012	26.3	31597	1.05040e-04	3.31895	25.1	31313	1.05980e-04	3.31855	26.4
60993.216	16.040	31549	1.05240e-04	3.32012	25.7	30862	1.07570e-04	3.31992	26.3	31500	1.05360e-04	3.31875	25.1	31284	1.06080e-04	3.31855	26.4
60994.404	16.040	31601	1.05060e-04	3.31992	25.7	31013	1.07060e-04	3.32031	26.3	31493	1.05390e-04	3.31895	25.1	31274	1.06110e-04	3.31855	26.4
60995.592	16.040	31534	1.05290e-04	3.32012	25.7	30920	1.07380e-04	3.32012	26.3	31528	1.05260e-04	3.31875	25.1	31263	1.06150e-04	3.31855	26.4
60996.780	16.040	31503	1.05390e-04	3.32012	25.7	30861	1.07580e-04	3.31992	26.3	31502	1.05350e-04	3.31875	25.1	31231	1.06250e-04	3.31836	26.4
60997.969	16.040	31505	1.05380e-04	3.32012	25.7	30920	1.07380e-04	3.32031	26.3	31483	1.05420e-04	3.31895	25.1	31230	1.06260e-04	3.31855	26.4
60999.157	16.038	31577	1.05140e-04	3.31992	25.7	30945	1.07300e-04	3.32031	26.3	31522	1.05280e-04	3.31875	25.1	31275	1.06110e-04	3.31855	26.4
61000.345	16.038	31578	1.05150e-04	3.32031	25.7	30928	1.07360e-04	3.32031	26.3	31516	1.05310e-04	3.31895	25.1	31331	1.05920e-04	3.31875	26.4
61001.533	16.029	31538	1.05270e-04	3.32012	25.7	30946	1.07290e-04	3.32012	26.3	31553	1.05190e-04	3.31895	25.1	31366	1.05810e-04	3.31875	26.4
61002.722	16.029	31640	1.04930e-04	3.32012	25.7	30974	1.07180e-04	3.31992	26.3	31553	1.05180e-04	3.31875	25.1	31286	1.06060e-04	3.31836	26.4
61003.910	16.035	31624	1.04990e-04	3.32012	25.7	31005	1.07080e-04	3.32012	26.3	31561	1.05150e-04	3.31875	25.1	31363	1.05810e-04	3.31836	26.4
61005.098	16.035	31570	1.05170e-04	3.32012	25.7	30944	1.07290e-04	3.31992	26.3	31488	1.05400e-04	3.31875	25.1	31259	1.06160e-04	3.31855	26.4
61006.287	16.038	31548	1.05240e-04	3.32012	25.8	30918	1.07380e-04	3.32012	26.3	31512	1.05320e-04	3.31875	25.1	31279	1.06100e-04	3.31855	26.4
61007.474	16.038	31535	1.05280e-04	3.32012	25.8	30905	1.07430e-04	3.32012	26.3	31504	1.05350e-04	3.31895	25.1	31266	1.06150e-04	3.31875	26.4
61008.663	16.038	31543	1.05260e-04	3.32012	25.8	30874	1.07540e-04	3.32012	26.3	31495	1.05380e-04	3.31875	25.1	31300	1.06020e-04	3.31836	26.4
61009.851	16.048	31537	1.05280e-04	3.32012	25.8	30917	1.07390e-04	3.32012	26.3	31560	1.05160e-04	3.31875	25.1	31329	1.05920e-04	3.31836	26.4
61011.040	16.048	31615	1.05020e-04	3.32012	25.8	30923	1.07380e-04	3.32031	26.3	31477	1.05440e-04	3.31895	25.1	31261	1.06160e-04	3.31855	26.4
61012.228	16.023	31561	1.05190e-04	3.31992	25.8	30930	1.07350e-04	3.32031	26.3	31504	1.05350e-04	3.31895	25.1	31257	1.06180e-04	3.31875	26.4
61013.416	16.023	31517	1.05350e-04	3.32031	25.8	30911	1.07410e-04	3.32031	26.3	31477	1.05440e-04	3.31895	25.1	31224	1.06290e-04	3.31875	26.4
61014.604	16.038	31518	1.05350e-04	3.32031	25.8	30946	1.07290e-04	3.32031	26.3	31505	1.05350e-04	3.31895	25.1	31204	1.06350e-04	3.31855	26.4
61015.792	16.038	31582	1.05130e-04	3.32012	25.8	30917	1.07390e-04	3.32012	26.3	31494	1.05380e-04	3.31875	25.1	31261	1.06160e-04	3.31855	26.4
61016.980	16.038	31563	1.05190e-04	3.32012	25.8	30944	1.07290e-04	3.32012	26.3	31560	1.05160e-04	3.31895	25.1	31350	1.05850e-04	3.31855	26.4
61018.169	16.035	31510	1.05360e-04	3.31992	25.8	30932	1.07340e-04	3.32031	26.3	31495	1.05390e-04	3.31914	25.1	31270	1.06130e-04	3.31875	26.4
61019.357	16.035	31527	1.05320e-04	3.32031	25.8	30906	1.07430e-04	3.32012	26.3	31540	1.05230e-04	3.31895	25.1	31292	1.06050e-04	3.31855	26.4
61020.545	16.012	31546	1.05250e-04	3.32012	25.8	30926	1.07360e-04	3.32031	26.3	31508	1.05340e-04	3.31895	25.1	31240	1.06230e-04	3.31855	26.4
61021.734	16.012	31565	1.05180e-04	3.32012	25.8	30938	1.07320e-04	3.32031	26.3	31463	1.05480e-04	3.31875	25.1	31242	1.06220e-04	3.31855	26.4
61022.922	16.033	31538	1.05280e-04	3.32012	25.8	30956	1.07260e-04	3.32031	26.3	31515	1.05310e-04	3.31895	25.1	31208	1.06340e-04	3.31855	26.4
61024.110	16.033	31514	1.05360e-04	3.32031	25.8	30959	1.07250e-04	3.32051	26.3	31482	1.05420e-04	3.31895	25.1	31263	1.06160e-04	3.31875	26.4
61025.298	16.032	31567	1.05180e-04	3.32012	25.8	30985	1.07160e-04	3.32031	26.3	31528	1.05270e-04	3.31895	25.1	31310	1.06000e-04	3.31875	26.4
61026.486	16.032	31650	1.04900e-04	3.32012	25.8	31002	1.07100e-04	3.32031	26.3	31611	1.04990e-04	3.31895	25.1	31346	1.05870e-04	3.31875	26.4
61027.675	16.021	31610	1.05030e-04	3.31992	25.8	30988	1.07140e-04	3.32012	26.3	31586	1.05070e-04	3.31895	25.1	31358	1.05830e-04	3.31855	26.4
61028.863	16.021	31597	1.05080e-04	3.32031	25.8	31053	1.06920e-04	3.32012	26.3	31571	1.05120e-04	3.31875	25.1	31301	1.06020e-04	3.31836	26.4
61030.051	16.021	31635	1.04950e-04	3.32012	25.8	30983	1.07170e-04	3.32031	26.3	31584	1.05080e-04	3.31895	25.1	31338	1.05900e-04	3.31875	26.4
61031.239	16.029	31597	1.05080e-04	3.32012	25.8	30958	1.07250e-04	3.32012	26.3	31587	1.05080e-04	3.31914	25.1	31295	1.06050e-04	3.31875	26.4
61032.428	16.029	31601	1.05070e-04	3.32031	25.8	30927	1.07350e-04	3.32012	26.3	31576	1.05110e-04	3.31895	25.1	31274	1.06110e-04	3.31855	26.4
61033.616	16.003	31575	1.05150e-04	3.32012	25.8	30962	1.07230e-04	3.32012	26.3	31547	1.05210e-04	3.31895	25.1	31316	1.05970e-04	3.31855	26.4
61034.804	16.003	31550	1.05230e-04	3.32012	25.8	30901	1.07440e-04	3.32012	26.3	31570	1.05130e-04	3.31895	25.1	31295	1.06040e-04	3.31855	26.4
61035.992	16.016	31564	1.05190e-04	3.32012	25.8	30939	1.07320e-04	3.32031	26.3	31551	1.05190e-04	3.31875	25.1	31305	1.06010e-04	3.31855	26.4
61037.180	16.016	31536	1.05280e-04	3.31992	25.8	30942	1.07300e-04	3.32012	26.3	31505	1.05350e-04	3.31914	25.1	31241	1.06230e-04	3.31855	26.4
61038.369	16.033	31502	1.05400e-04	3.32012	25.8	30896	1.07470e-04	3.32031	26.3	31505	1.05340e-04	3.31875	25.1	31257	1.06170e-04	3.31855	26.4
61039.557	16.033	31503	1.05380e-04	3.31992	25.8	30915	1.07390e-04	3.32012	26.3	31475	1.05440e-04	3.31875	25.1	31295	1.06040e-04	3.31855	26.4
61040.745	16.033	31520	1.05330e-04	3.32012	25.7	30901	1.07440e-04	3.32012	26.3	31492	1.05380e-04	3.31875	25.1	31256	1.06170e-04	3.31836	26.4
61041.934	16.038	31594	1.05090e-04	3.32012	25.7	30995	1.07120e-04	3.32012	26.3	31493	1.05390e-04	3.31895	25.1	31206	1.06350e-04	3.31855	26.4
61043.122	16.038	31526	1.05310e-04	3.32012	25.7	30940	1.07300e-04	3.31992	26.3	31492	1.05390e-04	3.31895	25.1	31262	1.06150e-04	3.31855	26.4
61044.310	16.041	31530	1.05310e-04	3.32031	25.7	30895	1.07470e-04	3.32031	26.3	31545	1.05210e-04	3.31875	25.1	31243	1.06220e-04	3.31875	26.4
61045.498	16.041	31568	1.05180e-04	3.32012	25.7	30924	1.07370e-04	3.32031	26.3	31496	1.05380e-04	3.31895	25.1	31262	1.06150e-04	3.31855	26.4
61046.687	16.041	31617	1.05010e-04	3.32012	25.7	30944	1.07290e-04	3.32012	26.3	31481	1.05420e-04	3.31875	25.1	31214	1.06320e-04	3.31855	26.4
61047.875	16.036	31598	1.05070e-04	3.31992	25.7	30920	1.07370e-04	3.31992	26.3	31592	1.05060e-04	3.31895	25.1	31262	1.06150e-04	3.31836	26.4
61049.063	16.036	31552	1.05230e-04	3.32031	25.7	30919	1.07390e-04	3.32031	26.3	31559	1.05160e-04	3.31875	25.1	31296	1.06040e-04	3.31855	26.4
61050.251	16.035	31539	1.05270e-04	3.32012	25.7	30960	1.07250e-04	3.32031	26.3	31486	1.05410e-04	3.31895	25.1	31233	1.06250e-04	3.31855	26.4
61051.439	16.035	31519	1.05330e-04	3.31992	25.7	30909	1.07420e-04	3.32012	26.3	31514	1.05310e-04	3.31875	25.1	31276	1.06110e-04	3.31855	26.4
61052.628	16.048	31526	1.05310e-04	3.32012	25.7	30893	1.07470e-04	3.32012	26.3	31523	1.05290e-04	3.31895	25.1	31233	1.06250e-04	3.31855	26.4
61053.816	16.048	31566	1.05180e-04	3.31992	25.7	30954	1.07250e-04	3.31992	26.3	31505	1.05340e-04	3.31875	25.1	31262	1.06150e-04	3.31855	26.4
61055.004	16.049	31591	1.05090e-04	3.31992	25.7	30893	1.07470e-04	3.31992	26.3	31574	1.05120e-04	3.31895	25.1	31256	1.06170e-04	3.31855	26.4
61056.193	16.049	31534	1.05290e-04	3.32031	25.7	30879	1.07520e-04	3.32012	26.3	31526	1.05270e-04	3.31875	25.1	31269	1.06130e-04	3.31855	26.4
61057.381	16.035	31506	1.05380e-04	3.31992	25.7	30881	1.07520e-04	3.32031	26.3	31442	1.05560e-04	3.31895	25.1	31199	1.06370e-04	3.31875	26.4
61058.569	16.035	31535	1.05280e-04	3.32012	25.7	30898	1.07450e-04	3.31992	26.3	31515	1.05310e-04	3.31875	25.1	31212	1.06320e-04	3.31836	26.4
61059.757	16.035	31545	1.05250e-04	3.32012	25.7	30904	1.07440e-04	3.32031	26.3	31507	1.05340e-04	3.31895	25.1	31226	1.06280e-04	3.31855	26.4
61060.945	16.044	31579	1.05130e-04	3.31992	25.7	30984	1.07160e-04	3.32031	26.3	31511	1.05330e-04	3.31895	25.1	31193	1.06390e-04	3.31855	26.4
61062.133	16.044	31541	1.05270e-04	3.32031	25.7	30959	1.07240e-04	3.32012	26.3	31533	1.05250e-04	3.31875	25.1	31225	1.06270e-04	3.31836	26.4
61063.322	16.034	31544	1.05260e-04	3.32031	25.7	30879	1.07530e-04	3.32031	26.3	31518	1.05300e-04	3.31875	25.1	31239	1.06240e-04	3.31875	26.4
61064.510	16.034	31560	1.05200e-04	3.32012	25.7	30917	1.07390e-04	3.32012	26.3	31485	1.05410e-04	3.31895	25.1	31206	1.06340e-04	3.31855	26.4
61065.698	16.044	31539	1.05270e-04	3.32012	25.7	30857	1.07590e-04	3.31992	26.3	31505	1.05340e-04	3.31875	25.1	31256	1.06170e-04	3.31836	26.4
61066.887	16.044	31578	1.05130e-04	3.31992	25.7	30923	1.07360e-04	3.31992	26.3	31533	1.05250e-04	3.31895	25.1	31197	1.06370e-04	3.31836	26.4
61068.075	16.044	31533	1.05290e-04	3.31992	25.7	30929	1.07340e-04	3.31992	26.3	31522	1.05290e-04	3.31895	25.1	31212	1.06320e-04	3.31855	26.4
61069.263	16.037	31624	1.04990e-04	3.32031	25.7	30952	1.07270e-04	3.32012	26.3	31558	1.05160e-04	3.31855	25.1	31271	1.06120e-04	3.31855	26.4
61070.452	16.037	31570	1.05170e-04	3.32012	25.7	30982	1.07160e-04	3.32012	26.3	31571	1.05120e-04	3.31875	25.1	31287	1.06070e-04	3.31855	26.4
61071.639	16.049	31600	1.05070e-04	3.32012	25.7	30933	1.07330e-04	3.32012	26.3	31581	1.05090e-04	3.31875	25.1	31240	1.06220e-04	3.31836	26.4
61072.828	16.049	31542	1.05260e-04	3.32012	25.7	30899	1.07460e-04	3.32031	26.3	31556	1.05180e-04	3.31895	25.1	31297	1.06040e-04	3.31875	26.4
61074.016	16.061	31538	1.05270e-04	3.32012	25.7	30888	1.07490e-04	3.32012	26.3	31587	1.05070e-04	3.31895	25.1	31256	1.06180e-04	3.31875	26.4
61075.204	16.061	31573	1.05160e-04	3.32012	25.7	30882	1.07510e-04	3.32012	26.3	31545	1.05210e-04	3.31895	25.1	31269	1.06130e-04	3.31855	26.4
61076.393	16.038	31607	1.05040e-04	3.32012	25.7	30943	1.07300e-04	3.32012	26.3	31508	1.05330e-04	3.31875	25.1	31239	1.06230e-04	3.31855	26.4
61077.581	16.038	31533	1.05290e-04	3.32012	25.7	30936	1.07320e-04	3.32012	26.3	31584	1.05080e-04	3.31895	25.1	31276	1.06100e-04	3.31836	26.4
61078.769	16.025	31569	1.05160e-04	3.31992	25.7	30888	1.07490e-04	3.32012	26.3	31567	1.05140e-04	3.31895	25.1	31278	1.06100e-04	3.31855	26.4
61079.957	16.025	31571	1.05170e-04	3.32031	25.7	30933	1.07330e-04	3.32012	26.3	31513	1.05310e-04	3.31875	25.1	31263	1.06150e-04	3.31855	26.4
61081.146	16.025	31584	1.05120e-04	3.32012	25.7	30945	1.07290e-04	3.32012	26.3	31537	1.05240e-04	3.31895	25.1	31250	1.06190e-04	3.31855	26.4
61082.334	16.022	31582	1.05130e-04	3.32012	25.7	30991	1.07130e-04	3.32012	26.3	31577	1.05110e-04	3.31895	25.1	31254	1.06190e-04	3.31875	26.4
61083.522	16.022	31553	1.05220e-04	3.32012	25.7	31010	1.07070e-04	3.32012	26.3	31572	1.05120e-04	3.31875	25.1	31301	1.06020e-04	3.31836	26.4
61084.710	16.059	31611	1.05030e-04	3.32012	25.7	30955	1.07250e-04	3.32012	26.2	31561	1.05160e-04	3.31895	25.1	31318	1.05960e-04	3.31855	26.4
61085.898	16.059	31623	1.04990e-04	3.32012	25.7	30984	1.07150e-04	3.31992	26.2	31605	1.05010e-04	3.31875	25.1	31301	1.06020e-04	3.31836	26.4
61087.087	16.027	31504	1.05390e-04	3.32012	25.6	30960	1.07240e-04	3.32031	26.2	31588	1.05060e-04	3.31855	25.1	31308	1.06000e-04	3.31855	26.4
61088.275	16.027	31555	1.05210e-04	3.31992	25.7	30988	1.07140e-04	3.32012	26.2	31497	1.05370e-04	3.31895	25.1	31214	1.06320e-04	3.31855	26.4
61089.463	16.027	31545	1.05240e-04	3.31992	25.7	30869	1.07550e-04	3.31992	26.2	31558	1.05160e-04	3.31855	25.1	31303	1.06000e-04	3.31816	26.4
61090.651	16.038	31501	1.05390e-04	3.31992	25.7	30972	1.07200e-04	3.32012	26.2	31579	1.05100e-04	3.31895	25.1	31266	1.06140e-04	3.31855	26.4
61091.840	16.038	31530	1.05300e-04	3.32012	25.6	30909	1.07410e-04	3.31992	26.2	31492	1.05380e-04	3.31875	25.1	31214	1.06320e-04	3.31855	26.4
61093.028	16.043	31586	1.05110e-04	3.32012	25.7	30908	1.07410e-04	3.31992	26.2	31520	1.05280e-04	3.31855	25.1	31262	1.06150e-04	3.31836	26.4
61094.216	16.043	31526	1.05310e-04	3.31992	25.7	30937	1.07310e-04	3.31992	26.2	31529	1.05260e-04	3.31875	25.1	31257	1.06170e-04	3.31855	26.4
61095.404	16.032	31486	1.05450e-04	3.32012	25.7	30889	1.07480e-04	3.32012	26.2	31565	1.05140e-04	3.31875	25.1	31239	1.06230e-04	3.31855	26.4
61096.593	16.032	31488	1.05430e-04	3.31992	25.6	30903	1.07440e-04	3.32012	26.2	31521	1.05290e-04	3.31875	25.1	31273	1.06110e-04	3.31836	26.4
61097.781	16.042	31541	1.05260e-04	3.32012	25.6	30891	1.07480e-04	3.32012	26.2	31542	1.05220e-04	3.31875	25.1	31299	1.06020e-04	3.31836	26.4
61098.969	16.042	31496	1.05410e-04	3.32012	25.7	30911	1.07410e-04	3.32012	26.2	31631	1.04920e-04	3.31875	25.1	31225	1.06280e-04	3.31855	26.4
61100.157	16.027	31517	1.05340e-04	3.31992	25.7	30884	1.07500e-04	3.31992	26.2	31542	1.05220e-04	3.31875	25.1	31241	1.06220e-04	3.31855	26.4
61101.346	16.027	31625	1.04980e-04	3.32012	25.7	30886	1.07500e-04	3.32031	26.2	31563	1.05150e-04	3.31875	25.1	31232	1.06260e-04	3.31855	26.4
61102.534	16.027	31572	1.05160e-04	3.32012	25.7	30964	1.07230e-04	3.32012	26.2	31604	1.05020e-04	3.31895	25.1	31274	1.06110e-04	3.31855	26.4
61103.722	16.057	31566	1.05170e-04	3.31992	25.7	30935	1.07320e-04	3.31992	26.2	31571	1.05120e-04	3.31875	25.1	31279	1.06090e-04	3.31836	26.4
61104.910	16.057	31536	1.05280e-04	3.32012	25.7	30903	1.07430e-04	3.31992	26.2	31643	1.04890e-04	3.31895	25.1	31283	1.06080e-04	3.31836	26.4
61106.099	16.043	31521	1.05320e-04	3.31992	25.7	30916	1.07380e-04	3.31992	26.2	31540	1.05220e-04	3.31875	25.1	31188	1.06400e-04	3.31855	26.4
61107.287	16.043	31539	1.05270e-04	3.31992	25.7	30863	1.07570e-04	3.31992	26.2	31482	1.05410e-04	3.31855	25.1	31247	1.06190e-04	3.31816	26.4
61108.475	16.044	31473	1.05490e-04	3.32012	25.7	30910	1.07420e-04	3.32031	26.2	31543	1.05220e-04	3.31895	25.1	31284	1.06090e-04	3.31875	26.4
61109.663	16.044	31512	1.05350e-04	3.31992	25.7	30879	1.07530e-04	3.32031	26.2	31493	1.05380e-04	3.31875	25.1	31253	1.06180e-04	3.31836	26.4
61110.851	16.044	31600	1.05060e-04	3.31992	25.7	31004	1.07090e-04	3.32012	26.2	31507	1.05330e-04	3.31875	25.1	31230	1.06260e-04	3.31855	26.4
61112.040	16.058	31633	1.04960e-04	3.32012	25.7	30967	1.07210e-04	3.32012	26.2	31605	1.05010e-04	3.31875	25.1	31298	1.06030e-04	3.31855	26.4
61113.228	16.058	31547	1.05240e-04	3.31992	25.7	30981	1.07170e-04	3.32012	26.2	31519	1.05290e-04	3.31875	25.1	31300	1.06020e-04	3.31855	26.4
61114.416	16.030	31556	1.05210e-04	3.32012	25.7	30952	1.07270e-04	3.32012	26.2	31538	1.05230e-04	3.31875	25.1	31241	1.06230e-04	3.31855	26.4
61115.605	16.030	31578	1.05140e-04	3.32012	25.7	30931	1.07340e-04	3.32012	26.2	31595	1.05050e-04	3.31895	25.1	31266	1.06130e-04	3.31836	26.4
61116.793	16.030	31567	1.05180e-04	3.32012	25.7	30954	1.07250e-04	3.31992	26.2	31570	1.05120e-04	3.31875	25.1	31254	1.06170e-04	3.31836	26.4
61117.981	16.030	31502	1.05390e-04	3.31992	25.7	30894	1.07460e-04	3.31992	26.2	31528	1.05260e-04	3.31875	25.1	31248	1.06190e-04	3.31836	26.4
61119.169	16.049	31582	1.05130e-04	3.32031	25.7	30970	1.07210e-04	3.32031	26.2	31538	1.05230e-04	3.31875	25.1	31281	1.06090e-04	3.31855	26.4
61120.358	16.049	31510	1.05360e-04	3.31992	25.7	30917	1.07390e-04	3.32012	26.2	31557	1.05170e-04	3.31875	25.1	31206	1.06350e-04	3.31855	26.4
61121.546	16.049	31504	1.05380e-04	3.31992	25.7	30899	1.07460e-04	3.32031	26.2	31494	1.05380e-04	3.31895	25.1	31192	1.06390e-04	3.31836	26.4
61122.734	16.048	31551	1.05230e-04	3.32012	25.7	30905	1.07430e-04	3.32012	26.2	31553	1.05180e-04	3.31875	25.1	31239	1.06230e-04	3.31855	26.4
61123.922	16.048	31484	1.05450e-04	3.32012	25.7	30900	1.07450e-04	3.32031	26.2	31512	1.05310e-04	3.31855	25.1	31246	1.06210e-04	3.31855	26.4
61125.111	16.043	31513	1.05360e-04	3.32012	25.7	30886	1.07490e-04	3.32012	26.2	31531	1.05260e-04	3.31895	25.1	31188	1.06400e-04	3.31855	26.4
61126.299	16.043	31596	1.05070e-04	3.31992	25.7	30960	1.07230e-04	3.31992	26.2	31535	1.05240e-04	3.31875	25.1	31281	1.06090e-04	3.31855	26.4
61127.487	16.058	31428	1.05640e-04	3.31992	25.7	30885	1.07510e-04	3.32031	26.2	31537	1.05230e-04	3.31875	25.1	31273	1.06110e-04	3.31836	26.4
61128.675	16.058	31491	1.05430e-04	3.32012	25.6	30849	1.07620e-04	3.32012	26.2	31543	1.05220e-04	3.31895	25.1	31237	1.06240e-04	3.31855	26.4
61129.864	16.053	31558	1.05200e-04	3.31992	25.6	30925	1.07360e-04	3.31992	26.2	31514	1.05300e-04	3.31855	25.1	31223	1.06280e-04	3.31836	26.4
61131.052	16.053	31503	1.05390e-04	3.32012	25.6	30922	1.07370e-04	3.32012	26.2	31480	1.05430e-04	3.31895	25.1	31205	1.06350e-04	3.31855	26.4
61132.240	16.053	31683	1.04790e-04	3.31992	25.6	31038	1.06970e-04	3.32012	26.2	31593	1.05050e-04	3.31895	25.1	31329	1.05930e-04	3.31855	26.4
61133.428	16.084	31590	1.05100e-04	3.32012	25.6	31010	1.07070e-04	3.32031	26.2	31637	1.04900e-04	3.31875	25.1	31279	1.06090e-04	3.31836	26.4
61134.617	16.084	31581	1.05130e-04	3.32012	25.6	30988	1.07140e-04	3.32012	26.2	31597	1.05040e-04	3.31895	25.1	31300	1.06020e-04	3.31836	26.4
61135.805	16.012	31570	1.05160e-04	3.31992	25.6	30928	1.07350e-04	3.32012	26.2	31553	1.05180e-04	3.31875	25.1	31240	1.06220e-04	3.31836	26.4
61136.993	16.012	31504	1.05390e-04	3.32012	25.6	30931	1.07350e-04	3.32031	26.2	31558	1.05160e-04	3.31855	25.1	31223	1.06280e-04	3.31855	26.4
61138.181	16.033	31514	1.05350e-04	3.32012	25.6	30955	1.07260e-04	3.32012	26.2	31501	1.05360e-04	3.31895	25.1	31246	1.06210e-04	3.31855	26.4
61139.369	16.033	31532	1.05290e-04	3.32012	25.6	30953	1.07260e-04	3.31992	26.2	31500	1.05360e-04	3.31895	25.1	31206	1.06330e-04	3.31816	26.4
61140.558	16.045	31522	1.05330e-04	3.32012	25.6	30929	1.07350e-04	3.32012	26.2	31568	1.05130e-04	3.31875	25.1	31204	1.06350e-04	3.31855	26.4
61141.746	16.045	31532	1.05290e-04	3.32012	25.6	30941	1.07310e-04	3.32031	26.2	31532	1.05260e-04	3.31895	25.1	31246	1.06210e-04	3.31855	26.4
61142.934	16.045	31584	1.05120e-04	3.32012	25.6	31012	1.07050e-04	3.31992	26.2	31511	1.05320e-04	3.31875	25.1	31248	1.06200e-04	3.31855	26.4
61144.122	16.032	31617	1.05010e-04	3.32012	25.6	30982	1.07160e-04	3.32012	26.2	31546	1.05200e-04	3.31875	25.1	31219	1.06300e-04	3.31855	26.4
61145.310	16.032	31506	1.05380e-04	3.32012	25.6	30935	1.07330e-04	3.32012	26.2	31584	1.05090e-04	3.31914	25.1	31281	1.06100e-04	3.31875	26.4
61146.499	16.049	31597	1.05070e-04	3.31992	25.6	30956	1.07260e-04	3.32031	26.2	31624	1.04940e-04	3.31875	25.1	31243	1.06210e-04	3.31836	26.4
61147.687	16.049	31571	1.05160e-04	3.31992	25.6	30936	1.07320e-04	3.32012	26.2	31578	1.05100e-04	3.31875	25.1	31268	1.06130e-04	3.31855	26.4
61148.875	16.045	31575	1.05150e-04	3.32012	25.6	30947	1.07280e-04	3.32012	26.2	31548	1.05200e-04	3.31875	25.1	31259	1.06160e-04	3.31855	26.4
61150.063	16.045	31579	1.05130e-04	3.31992	25.6	31041	1.06960e-04	3.32012	26.2	31596	1.05040e-04	3.31875	25.1	31274	1.06110e-04	3.31855	26.4
61151.252	16.037	31615	1.05020e-04	3.32012	25.6	31019	1.07040e-04	3.32012	26.2	31631	1.04930e-04	3.31895	25.0	31274	1.06120e-04	3.31875	26.4
61152.440	16.037	31581	1.05120e-04	3.31992	25.6	31019	1.07030e-04	3.31992	26.2	31621	1.04950e-04	3.31875	25.0	31284	1.06070e-04	3.31836	26.4
61153.628	16.037	31600	1.05070e-04	3.32012	25.6	30996	1.07120e-04	3.32012	26.2	31564	1.05140e-04	3.31855	25.0	31274	1.06110e-04	3.31836	26.4
61154.816	16.020	31648	1.04910e-04	3.32012	25.6	31035	1.06980e-04	3.32012	26.2	31636	1.04910e-04	3.31895	25.0	31296	1.06040e-04	3.31855	26.4
61156.005	16.020	31497	1.05400e-04	3.31992	25.6	31003	1.07080e-04	3.31992	26.2	31578	1.05100e-04	3.31895	25.0	31261	1.06160e-04	3.31855	26.4
61157.193	16.018	31559	1.05200e-04	3.32012	25.6	30940	1.07310e-04	3.32012	26.2	31546	1.05200e-04	3.31875	25.0	31240	1.06230e-04	3.31855	26.4
61158.381	16.018	31573	1.05160e-04	3.32012	25.6	31002	1.07090e-04	3.32012	26.2	31578	1.05100e-04	3.31895	25.0	31356	1.05830e-04	3.31836	26.4
61159.569	16.020	31572	1.05160e-04	3.32012	25.6	30974	1.07200e-04	3.32031	26.2	31530	1.05260e-04	3.31875	25.0	31228	1.06270e-04	3.31855	26.4
61160.758	16.020	31598	1.05070e-04	3.31992	25.6	30977	1.07180e-04	3.32012	26.2	31554	1.05180e-04	3.31875	25.0	31225	1.06280e-04	3.31855	26.4
61161.946	16.020	31591	1.05090e-04	3.31992	25.6	30959	1.07240e-04	3.32012	26.2	31558	1.05170e-04	3.31895	25.0	31212	1.06320e-04	3.31855	26.4
61163.134	16.027	31563	1.05190e-04	3.32012	25.6	30975	1.07190e-04	3.32012	26.2	31539	1.05230e-04	3.31875	25.0	31248	1.06200e-04	3.31855	26.4
61164.323	16.027	31527	1.05310e-04	3.32012	25.6	30935	1.07330e-04	3.32012	26.2	31537	1.05230e-04	3.31875	25.0	31231	1.06260e-04	3.31855	26.4
61165.510	16.021	31583	1.05120e-04	3.32012	25.6	31026	1.07010e-04	3.32012	26.2	31538	1.05240e-04	3.31895	25.0	31206	1.06340e-04	3.31836	26.4
61166.699	16.021	31609	1.05040e-04	3.32012	25.6	31013	1.07050e-04	3.31992	26.2	31540	1.05220e-04	3.31875	25.0	31266	1.06130e-04	3.31836	26.4
61167.887	16.025	31631	1.04970e-04	3.32012	25.6	30944	1.07290e-04	3.31992	26.2	31677	1.04770e-04	3.31875	25.0	31278	1.06100e-04	3.31855	26.4
61169.076	16.025	31600	1.05070e-04	3.32012	25.6	30905	1.07430e-04	3.32012	26.2	31548	1.05200e-04	3.31895	25.0	31235	1.06250e-04	3.31875	26.4
61170.264	16.028	31595	1.05080e-04	3.31992	25.6	30947	1.07280e-04	3.32012	26.2	31542	1.05220e-04	3.31875	25.0	31298	1.06030e-04	3.31855	26.4
61171.452	16.028	31584	1.05120e-04	3.32012	25.6	30923	1.07370e-04	3.32012	26.2	31562	1.05160e-04	3.31895	25.0	31302	1.06010e-04	3.31836	26.4
61172.640	16.028	31540	1.05270e-04	3.32012	25.6	30904	1.07430e-04	3.32012	26.2	31583	1.05090e-04	3.31895	25.0	31245	1.06200e-04	3.31836	26.4
61173.828	16.025	31575	1.05140e-04	3.31992	25.6	30907	1.07420e-04	3.32012	26.2	31544	1.05210e-04	3.31875	25.0	31249	1.06190e-04	3.31836	26.4
61175.017	16.025	31544	1.05250e-04	3.32012	25.6	30986	1.07150e-04	3.32012	26.2	31526	1.05280e-04	3.31895	25.0	31208	1.06340e-04	3.31855	26.4
61176.205	16.036	31641	1.04930e-04	3.31992	25.6	31064	1.06870e-04	3.31992	26.2	31558	1.05160e-04	3.31875	25.0	31237	1.06240e-04	3.31855	26.4
61177.393	16.036	31525	1.05310e-04	3.31992	25.6	30962	1.07230e-04	3.32012	26.2	31633	1.04910e-04	3.31855	25.0	31286	1.06060e-04	3.31816	26.4
61178.581	16.049	31628	1.04970e-04	3.32012	25.6	30942	1.07300e-04	3.32012	26.2	31542	1.05220e-04	3.31875	25.0	31293	1.06050e-04	3.31855	26.3
61179.770	16.049	31508	1.05370e-04	3.31992	25.6	30920	1.07370e-04	3.31992	26.2	31602	1.05020e-04	3.31875	25.0	31245	1.06210e-04	3.31836	26.3
61180.958	16.049	31570	1.05170e-04	3.32031	25.6	30925	1.07360e-04	3.32012	26.2	31519	1.05290e-04	3.31875	25.0	31232	1.06260e-04	3.31855	26.4
61182.146	16.056	31589	1.05100e-04	3.32012	25.6	30955	1.07260e-04	3.32012	26.2	31521	1.05290e-04	3.31895	25.0	31218	1.06300e-04	3.31855	26.4
61183.334	16.056	31526	1.05310e-04	3.31992	25.6	30991	1.07130e-04	3.32012	26.2	31632	1.04920e-04	3.31875	25.0	31238	1.06230e-04	3.31836	26.4
61184.523	16.029	31541	1.05260e-04	3.31992	25.6	30997	1.07120e-04	3.32031	26.2	31573	1.05110e-04	3.31875	25.0	31215	1.06310e-04	3.31836	26.3
61185.711	16.029	31559	1.05200e-04	3.31992	25.6	30908	1.07410e-04	3.31992	26.2	31583	1.05080e-04	3.31875	25.0	31271	1.06120e-04	3.31836	26.4
61186.899	16.056	31584	1.05120e-04	3.32012	25.6	30996	1.07120e-04	3.32031	26.2	31565	1.05140e-04	3.31875	25.0	31208	1.06340e-04	3.31855	26.3
61188.087	16.056	31568	1.05180e-04	3.32012	25.6	30984	1.07150e-04	3.32012	26.2	31544	1.05210e-04	3.31875	25.0	31273	1.06120e-04	3.31875	26.3
61189.276	16.034	31552	1.05230e-04	3.32012	25.6	30930	1.07340e-04	3.31992	26.2	31591	1.05050e-04	3.31875	25.0	31282	1.06080e-04	3.31836	26.3
61190.464	16.034	31578	1.05140e-04	3.32012	25.6	30930	1.07340e-04	3.32012	26.2	31539	1.05230e-04	3.31875	25.0	31253	1.06180e-04	3.31836	26.3
61191.652	16.045	31535	1.05280e-04	3.31992	25.6	30934	1.07320e-04	3.31992	26.2	31551	1.05190e-04	3.31875	25.0	31254	1.06170e-04	3.31836	26.3
61192.840	16.045	31554	1.05220e-04	3.32012	25.6	30928	1.07350e-04	3.32012	26.2	31541	1.05220e-04	3.31875	25.0	31263	1.06140e-04	3.31836	26.3
61194.028	16.045	31596	1.05070e-04	3.31992	25.6	30961	1.07240e-04	3.32012	26.2	31559	1.05170e-04	3.31895	25.0	31203	1.06350e-04	3.31855	26.3
61195.216	16.061	31525	1.05310e-04	3.31992	25.6	30892	1.07470e-04	3.31992	26.2	31580	1.05090e-04	3.31875	25.0	31270	1.06120e-04	3.31855	26.3
61196.405	16.061	31536	1.05280e-04	3.32012	25.6	30959	1.07250e-04	3.32031	26.2	31540	1.05220e-04	3.31855	25.0	31236	1.06230e-04	3.31836	26.3
61197.593	16.035	31555	1.05210e-04	3.31992	25.6	30964	1.07230e-04	3.32012	26.2	31560	1.05160e-04	3.31875	25.0	31215	1.06310e-04	3.31855	26.3
61198.781	16.035	31595	1.05080e-04	3.32012	25.6	30986	1.07150e-04	3.32012	26.2	31608	1.05000e-04	3.31895	25.0	31260	1.06150e-04	3.31836	26.3
61199.969	16.027	31631	1.04960e-04	3.31992	25.6	30947	1.07280e-04	3.32012	26.2	31547	1.05200e-04	3.31875	25.0	31237	1.06240e-04	3.31855	26.3
61201.158	16.027	31548	1.05230e-04	3.31973	25.6	30949	1.07270e-04	3.31992	26.2	31588	1.05060e-04	3.31855	25.0	31260	1.06160e-04	3.31855	26.3
61202.346	16.010	31599	1.05070e-04	3.32012	25.6	30971	1.07200e-04	3.32012	26.2	31601	1.05020e-04	3.31875	25.0	31254	1.06170e-04	3.31836	26.3
61203.534	16.010	31628	1.04970e-04	3.31992	25.6	31044	1.06950e-04	3.32012	26.1	31593	1.05050e-04	3.31875	25.0	31244	1.06220e-04	3.31855	26.3
61204.723	16.010	31613	1.05010e-04	3.31973	25.6	30932	1.07330e-04	3.31992	26.2	31618	1.04960e-04	3.31875	25.0	31326	1.05930e-04	3.31836	26.3
61205.910	15.994	31613	1.05030e-04	3.32031	25.6	30939	1.07310e-04	3.32012	26.2	31615	1.04970e-04	3.31875	25.0	31270	1.06120e-04	3.31836	26.3
61207.099	15.994	31544	1.05250e-04	3.31992	25.6	30922	1.07370e-04	3.32012	26.2	31524	1.05280e-04	3.31895	25.0	31268	1.06140e-04	3.31875	26.3
61208.287	16.015	31554	1.05220e-04	3.32012	25.6	30942	1.07300e-04	3.32012	26.1	31592	1.05050e-04	3.31875	25.0	31232	1.06250e-04	3.31855	26.3
61209.476	16.015	31566	1.05170e-04	3.31992	25.6	30938	1.07320e-04	3.32012	26.2	31539	1.05230e-04	3.31895	25.0	31236	1.06230e-04	3.31836	26.3
61210.664	16.022	31547	1.05240e-04	3.31992	25.6	30871	1.07550e-04	3.32031	26.1	31543	1.05210e-04	3.31875	25.0	31239	1.06230e-04	3.31855	26.3
61211.852	16.022	31499	1.05400e-04	3.31992	25.6	30965	1.07220e-04	3.31992	26.1	31540	1.05220e-04	3.31875	25.0	31218	1.06300e-04	3.31836	26.3
61213.040	16.022	31544	1.05250e-04	3.32012	25.5	30961	1.07240e-04	3.32012	26.1	31538	1.05230e-04	3.31875	25.0	31217	1.06310e-04	3.31855	26.3
61214.228	16.003	31496	1.05410e-04	3.31992	25.5	30894	1.07460e-04	3.31992	26.1	31576	1.05100e-04	3.31875	25.0	31221	1.06290e-04	3.31855	26.3
61215.417	16.003	31552	1.05230e-04	3.32012	25.5	30950	1.07270e-04	3.31992	26.1	31552	1.05180e-04	3.31875	25.0	31223	1.06270e-04	3.31816	26.3
61216.605	16.033	31623	1.04990e-04	3.32012	25.5	30976	1.07180e-04	3.31992	26.1	31602	1.05020e-04	3.31895	25.0	31260	1.06160e-04	3.31855	26.3
61217.793	16.033	31547	1.05240e-04	3.32012	25.5	30987	1.07140e-04	3.31992	26.1	31592	1.05050e-04	3.31875	25.0	31278	1.06100e-04	3.31855	26.3
61218.982	16.028	31592	1.05090e-04	3.32012	25.5	30961	1.07240e-04	3.32012	26.1	31604	1.05000e-04	3.31855	25.0	31269	1.06120e-04	3.31836	26.3
61220.170	16.028	31587	1.05100e-04	3.31992	25.5	31005	1.07080e-04	3.32012	26.1	31636	1.04900e-04	3.31875	25.0	31239	1.06230e-04	3.31855	26.3
61221.358	16.027	31573	1.05150e-04	3.31992	25.5	30960	1.07230e-04	3.31992	26.1	31612	1.04990e-04	3.31875	25.0	31227	1.06260e-04	3.31836	26.3
61222.546	16.027	31608	1.05040e-04	3.32012	25.5	30995	1.07120e-04	3.32031	26.1	31627	1.04930e-04	3.31875	25.0	31225	1.06270e-04	3.31836	26.3
61223.734	16.027	31538	1.05270e-04	3.32012	25.6	30974	1.07190e-04	3.32012	26.1	31616	1.04980e-04	3.31895	25.0	31202	1.06360e-04	3.31855	26.3
61224.923	15.995	31549	1.05230e-04	3.31992	25.6	30931	1.07330e-04	3.31992	26.1	31541	1.05220e-04	3.31875	25.0	31275	1.06110e-04	3.31855	26.3
61226.111	15.995	31583	1.05120e-04	3.32012	25.6	31015	1.07050e-04	3.32012	26.1	31610	1.04990e-04	3.31875	25.0	31274	1.06110e-04	3.31855	26.3
61227.299	16.041	31616	1.05010e-04	3.31992	25.6	30965	1.07220e-04	3.32012	26.2	31601	1.05030e-04	3.31895	25.0	31249	1.06200e-04	3.31855	26.3
61228.487	16.041	31584	1.05120e-04	3.32012	25.6	30918	1.07380e-04	3.31992	26.2	31610	1.04990e-04	3.31875	25.0	31230	1.06250e-04	3.31836	26.3
61229.676	16.029	31609	1.05040e-04	3.32012	25.6	30966	1.07220e-04	3.32031	26.2	31617	1.04970e-04	3.31895	25.0	31278	1.06100e-04	3.31855	26.3
61230.864	16.029	31588	1.05100e-04	3.31992	25.6	31007	1.07080e-04	3.32012	26.2	31602	1.05020e-04	3.31895	25.0	31273	1.06120e-04	3.31855	26.3
61232.052	16.029	31621	1.04990e-04	3.31992	25.6	30957	1.07240e-04	3.31992	26.2	31612	1.04980e-04	3.31875	25.0	31216	1.06310e-04	3.31855	26.3
61233.240	15.918	31597	1.05080e-04	3.32012	25.6	30984	1.07160e-04	3.32031	26.2	31595	1.05040e-04	3.31875	25.0	31279	1.06090e-04	3.31836	26.3
61234.429	15.918	31668	1.04840e-04	3.31992	25.6	31037	1.06970e-04	3.32012	26.2	31586	1.05070e-04	3.31875	25.0	31242	1.06220e-04	3.31855	26.3
61235.617	16.002	31609	1.05040e-04	3.32012	25.6	30993	1.07120e-04	3.32012	26.2	31612	1.04980e-04	3.31875	25.0	31208	1.06330e-04	3.31836	26.3
61236.805	16.002	31573	1.05160e-04	3.32012	25.6	30935	1.07330e-04	3.32012	26.2	31641	1.04890e-04	3.31875	25.0	31196	1.06380e-04	3.31855	26.3
61237.993	16.015	31560	1.05200e-04	3.32012	25.6	30943	1.07290e-04	3.31992	26.2	31544	1.05210e-04	3.31875	25.0	31228	1.06270e-04	3.31855	26.3
61239.181	16.015	31592	1.05090e-04	3.32012	25.6	30976	1.07180e-04	3.32012	26.2	31566	1.05130e-04	3.31855	25.0	31242	1.06220e-04	3.31836	26.3
61240.370	16.030	31532	1.05300e-04	3.32012	25.6	30894	1.07470e-04	3.32012	26.2	31586	1.05070e-04	3.31895	25.0	31249	1.06200e-04	3.31855	26.3
61241.558	16.030	31584	1.05110e-04	3.31992	25.6	30899	1.07440e-04	3.31992	26.2	31542	1.05220e-04	3.31875	25.0	31288	1.06060e-04	3.31855	26.3
61242.746	16.017	31550	1.05230e-04	3.32012	25.6	30952	1.07270e-04	3.32012	26.2	31554	1.05180e-04	3.31875	25.0	31226	1.06280e-04	3.31855	26.3
61243.935	16.017	31568	1.05170e-04	3.32012	25.6	30913	1.07400e-04	3.32012	26.2	31563	1.05150e-04	3.31895	25.0	31221	1.06290e-04	3.31855	26.3
61245.122	16.017	31541	1.05260e-04	3.32012	25.6	30926	1.07360e-04	3.32012	26.2	31519	1.05300e-04	3.31875	25.0	31206	1.06340e-04	3.31855	26.3
61246.311	16.034	31564	1.05180e-04	3.31992	25.6	30924	1.07370e-04	3.32031	26.2	31556	1.05170e-04	3.31875	25.0	31241	1.06230e-04	3.31855	26.3
61247.499	16.034	31539	1.05260e-04	3.31992	25.6	30970	1.07210e-04	3.32031	26.2	31526	1.05270e-04	3.31875	25.0	31241	1.06220e-04	3.31855	26.3
61248.688	16.003	31597	1.05080e-04	3.32012	25.6	30923	1.07370e-04	3.32012	26.2	31573	1.05110e-04	3.31875	25.0	31276	1.06100e-04	3.31836	26.3
61249.876	16.003	31591	1.05090e-04	3.31992	25.6	30923	1.07370e-04	3.32012	26.2	31563	1.05150e-04	3.31875	25.0	31267	1.06140e-04	3.31875	26.3
61251.064	16.000	31585	1.05120e-04	3.32012	25.6	30960	1.07240e-04	3.32012	26.2	31581	1.05090e-04	3.31875	25.0	31305	1.06010e-04	3.31855	26.3
61252.252	16.000	31575	1.05140e-04	3.31992	25.6	30985	1.07150e-04	3.32012	26.2	31539	1.05220e-04	3.31855	25.0	31280	1.06090e-04	3.31836	26.3
61253.441	16.024	31529	1.05300e-04	3.31992	25.6	30972	1.07190e-04	3.31992	26.2	31573	1.05120e-04	3.31895	25.0	31287	1.06070e-04	3.31855	26.3
61254.629	16.024	31514	1.05350e-04	3.31992	25.6	30963	1.07230e-04	3.32012	26.2	31513	1.05310e-04	3.31875	25.0	31281	1.06090e-04	3.31855	26.3
61255.817	16.024	31561	1.05200e-04	3.32012	25.6	30901	1.07440e-04	3.32012	26.2	31533	1.05250e-04	3.31875	25.0	31240	1.06220e-04	3.31836	26.3
61257.005	16.043	31536	1.05280e-04	3.31992	25.6	30953	1.07260e-04	3.32012	26.2	31506	1.05340e-04	3.31875	25.0	31235	1.06250e-04	3.31855	26.3
61258.193	16.043	31497	1.05400e-04	3.31992	25.6	30930	1.07340e-04	3.32012	26.2	31534	1.05240e-04	3.31855	25.0	31224	1.06280e-04	3.31836	26.3
61259.382	16.020	31522	1.05320e-04	3.31992	25.6	30905	1.07420e-04	3.31992	26.2	31535	1.05240e-04	3.31875	25.0	31248	1.06190e-04	3.31836	26.3
61260.570	16.020	31529	1.05300e-04	3.31992	25.6	30919	1.07380e-04	3.32012	26.2	31505	1.05340e-04	3.31875	25.0	31210	1.06320e-04	3.31836	26.3
61261.758	16.024	31524	1.05320e-04	3.32012	25.6	30873	1.07530e-04	3.31992	26.2	31556	1.05170e-04	3.31855	25.0	31169	1.06460e-04	3.31836	26.3
61262.946	16.024	31509	1.05360e-04	3.31992	25.6	30889	1.07480e-04	3.32012	26.2	31517	1.05310e-04	3.31895	25.0	31209	1.06330e-04	3.31855	26.3
61264.135	16.024	31520	1.05330e-04	3.31992	25.6	30922	1.07370e-04	3.32012	26.2	31488	1.05400e-04	3.31875	25.0	31253	1.06180e-04	3.31836	26.3
61265.323	16.007	31535	1.05280e-04	3.31992	25.6	30927	1.07350e-04	3.31992	26.2	31534	1.05240e-04	3.31855	25.0	31225	1.06270e-04	3.31816	26.3
61266.511	16.007	31596	1.05080e-04	3.32012	25.6	30933	1.07320e-04	3.31973	26.2	31555	1.05170e-04	3.31875	25.0	31236	1.06230e-04	3.31836	26.3
61267.699	16.037	31569	1.05160e-04	3.31992	25.6	30938	1.07310e-04	3.32012	26.2	31581	1.05090e-04	3.31875	25.0	31236	1.06230e-04	3.31836	26.3
61268.887	16.037	31568	1.05160e-04	3.31973	25.6	30928	1.07340e-04	3.31992	26.1	31540	1.05220e-04	3.31855	25.0	31237	1.06230e-04	3.31836	26.3
61270.076	16.025	31613	1.05020e-04	3.31992	25.6	30934	1.07320e-04	3.31992	26.1	31570	1.05120e-04	3.31875	25.0	31242	1.06220e-04	3.31855	26.3
61271.264	16.025	31610	1.05030e-04	3.31992	25.6	30973	1.07190e-04	3.32012	26.2	31614	1.04980e-04	3.31875	25.0	31312	1.05980e-04	3.31836	26.3
61272.452	16.035	31676	1.04810e-04	3.32012	25.5	30975	1.07190e-04	3.32012	26.2	31587	1.05070e-04	3.31875	25.0	31259	1.06160e-04	3.31836	26.3
61273.640	16.035	31669	1.04830e-04	3.31992	25.5	31048	1.06940e-04	3.32012	26.2	31688	1.04730e-04	3.31875	25.0	31288	1.06060e-04	3.31836	26.3
61274.829	16.035	31577	1.05130e-04	3.31973	25.5	30955	1.07260e-04	3.32012	26.1	31603	1.05010e-04	3.31855	25.0	31299	1.06030e-04	3.31855	26.3
61276.017	16.032	31661	1.04860e-04	3.32012	25.5	30951	1.07260e-04	3.31992	26.1	31589	1.05050e-04	3.31855	25.0	31257	1.06160e-04	3.31836	26.3
61277.205	16.032	31637	1.04940e-04	3.32012	25.5	30945	1.07290e-04	3.32012	26.1	31552	1.05190e-04	3.31895	25.0	31264	1.06140e-04	3.31836	26.3
61278.394	16.032	31612	1.05030e-04	3.32012	25.5	30967	1.07210e-04	3.32012	26.1	31589	1.05060e-04	3.31875	25.0	31240	1.06220e-04	3.31836	26.3
61279.582	16.032	31616	1.05010e-04	3.31992	25.5	30928	1.07350e-04	3.32012	26.1	31557	1.05170e-04	3.31875	25.0	31226	1.06270e-04	3.31836	26.3
61280.770	16.029	31599	1.05060e-04	3.31973	25.5	31016	1.07050e-04	3.32012	26.1	31629	1.04930e-04	3.31875	25.0	31247	1.06200e-04	3.31855	26.3
61281.958	16.029	31627	1.04970e-04	3.31992	25.5	30979	1.07170e-04	3.32012	26.1	31619	1.04950e-04	3.31855	25.0	31234	1.06240e-04	3.31836	26.3
61283.146	16.029	31643	1.04920e-04	3.31992	25.5	30981	1.07170e-04	3.32012	26.1	31608	1.05000e-04	3.31895	25.0	31305	1.06010e-04	3.31855	26.3
61284.335	16.038	31637	1.04930e-04	3.31973	25.5	31050	1.06930e-04	3.32012	26.1	31708	1.04660e-04	3.31875	25.0	31302	1.06010e-04	3.31836	26.3
61285.523	16.038	31626	1.04980e-04	3.32012	25.5	31003	1.07080e-04	3.31992	26.1	31636	1.04900e-04	3.31855	25.0	31273	1.06110e-04	3.31836	26.3
61286.711	16.018	31593	1.05090e-04	3.31992	25.5	30965	1.07230e-04	3.32031	26.1	31584	1.05080e-04	3.31895	25.0	31273	1.06110e-04	3.31836	26.3
61287.899	16.018	31556	1.05200e-04	3.31973	25.5	31028	1.07000e-04	3.32012	26.1	31621	1.04950e-04	3.31855	25.0	31272	1.06110e-04	3.31836	26.3
61289.088	15.998	31590	1.05100e-04	3.32012	25.5	30995	1.07100e-04	3.31973	26.1	31654	1.04840e-04	3.31855	25.0	31269	1.06130e-04	3.31855	26.3
61290.276	15.998	31625	1.04990e-04	3.32012	25.5	30944	1.07290e-04	3.32012	26.1	31611	1.04990e-04	3.31895	25.0	31249	1.06190e-04	3.31836	26.3
61291.464	16.020	31665	1.04850e-04	3.31992	25.5	30947	1.07280e-04	3.31992	26.1	31594	1.05040e-04	3.31875	25.0	31268	1.06120e-04	3.31836	26.3
61292.652	16.020	31604	1.05050e-04	3.31992	25.5	30946	1.07280e-04	3.31992	26.1	31538	1.05230e-04	3.31875	25.0	31271	1.06120e-04	3.31836	26.3
61293.841	16.021	31635	1.04940e-04	3.31992	25.5	30956	1.07250e-04	3.31992	26.1	31547	1.05200e-04	3.31875	25.0	31203	1.06350e-04	3.31836	26.3
61295.029	16.021	31670	1.04830e-04	3.31992	25.5	30963	1.07220e-04	3.31992	26.1	31601	1.05020e-04	3.31875	25.0	31213	1.06310e-04	3.31836	26.3
61296.217	16.021	31617	1.05010e-04	3.32012	25.5	30982	1.07160e-04	3.31992	26.1	31557	1.05170e-04	3.31875	25.0	31218	1.06300e-04	3.31855	26.3
61297.405	16.015	31610	1.05020e-04	3.31973	25.5	30944	1.07300e-04	3.32031	26.1	31622	1.04960e-04	3.31895	25.0	31202	1.06350e-04	3.31836	26.3
61298.593	16.015	31606	1.05050e-04	3.32012	25.5	30987	1.07140e-04	3.31992	26.1	31628	1.04920e-04	3.31836	25.0	31274	1.06100e-04	3.31816	26.3
61299.782	16.026	31590	1.05090e-04	3.31992	25.5	30989	1.07140e-04	3.32012	26.1	31613	1.04990e-04	3.31895	25.0	31287	1.06070e-04	3.31855	26.3
61300.970	16.026	31566	1.05170e-04	3.31992	25.5	30992	1.07130e-04	3.32012	26.1	31532	1.05260e-04	3.31895	25.0	31246	1.06210e-04	3.31855	26.3
61302.158	16.026	31619	1.05010e-04	3.32031	25.5	30930	1.07340e-04	3.31992	26.1	31619	1.04960e-04	3.31855	25.0	31215	1.06310e-04	3.31836	26.3
61303.347	16.019	31695	1.04750e-04	3.32012	25.5	31025	1.07010e-04	3.31992	26.1	31609	1.05000e-04	3.31895	25.0	31317	1.05960e-04	3.31836	26.3
61304.535	16.031	31686	1.04770e-04	3.31973	25.5	31052	1.06910e-04	3.31992	26.1	31601	1.05020e-04	3.31875	25.0	31348	1.05850e-04	3.31816	26.3
61305.723	16.031	31642	1.04930e-04	3.32031	25.5	31015	1.07040e-04	3.31973	26.1	31614	1.04970e-04	3.31855	25.0	31251	1.06190e-04	3.31855	26.3
61306.911	16.031	31608	1.05030e-04	3.31992	25.5	30945	1.07290e-04	3.32012	26.1	31586	1.05080e-04	3.31895	25.0	31205	1.06350e-04	3.31855	26.3
61308.099	16.024	31574	1.05150e-04	3.31992	25.5	30953	1.07260e-04	3.32012	26.1	31570	1.05120e-04	3.31875	25.0	31216	1.06300e-04	3.31836	26.3
61309.288	16.024	31552	1.05230e-04	3.32012	25.5	30960	1.07230e-04	3.31992	26.1	31574	1.05110e-04	3.31875	25.0	31217	1.06300e-04	3.31836	26.3
61310.476	16.024	31571	1.05160e-04	3.31992	25.5	30942	1.07300e-04	3.32012	26.1	31533	1.05250e-04	3.31875	25.0	31207	1.06330e-04	3.31836	26.3
61311.664	16.024	31612	1.05020e-04	3.31992	25.5	30952	1.07270e-04	3.32012	26.1	31569	1.05130e-04	3.31875	25.0	31229	1.06260e-04	3.31836	26.3
61312.852	16.037	31591	1.05090e-04	3.31973	25.5	30946	1.07280e-04	3.31992	26.1	31583	1.05080e-04	3.31875	25.0	31193	1.06390e-04	3.31855	26.3
61314.041	16.037	31587	1.05110e-04	3.32012	25.5	31005	1.07080e-04	3.31992	26.1	31521	1.05290e-04	3.31875	25.0	31223	1.06290e-04	3.31855	26.3
61315.229	16.032	31599	1.05060e-04	3.31992	25.5	30986	1.07150e-04	3.32012	26.1	31587	1.05070e-04	3.31875	25.0	31208	1.06330e-04	3.31836	26.3
61316.417	16.032	31565	1.05180e-04	3.31992	25.5	30970	1.07200e-04	3.31992	26.1	31570	1.05120e-04	3.31855	25.0	31182	1.06410e-04	3.31816	26.3
61317.606	16.032	31634	1.04960e-04	3.32012	25.5	31016	1.07040e-04	3.31992	26.1	31610	1.05000e-04	3.31895	25.0	31274	1.06120e-04	3.31875	26.3
61318.793	16.060	31646	1.04910e-04	3.31992	25.5	30954	1.07260e-04	3.32012	26.1	31591	1.05050e-04	3.31875	25.0	31327	1.05930e-04	3.31855	26.3
61319.982	16.060	31583	1.05120e-04	3.31992	25.5	31005	1.07080e-04	3.32012	26.1	31594	1.05040e-04	3.31875	25.0	31271	1.06120e-04	3.31836	26.3
61321.170	16.012	31629	1.04970e-04	3.32012	25.5	30887	1.07480e-04	3.31992	26.1	31611	1.04980e-04	3.31855	25.0	31322	1.05940e-04	3.31836	26.3
61322.358	16.012	31516	1.05350e-04	3.32012	25.5	30951	1.07280e-04	3.32031	26.1	31584	1.05080e-04	3.31875	25.0	31221	1.06290e-04	3.31836	26.3
61323.546	16.020	31607	1.05040e-04	3.31992	25.5	30939	1.07310e-04	3.31992	26.1	31625	1.04940e-04	3.31875	25.0	31317	1.05960e-04	3.31836	26.3
61324.735	16.020	31574	1.05150e-04	3.31992	25.5	30975	1.07190e-04	3.32012	26.1	31627	1.04940e-04	3.31875	25.0	31239	1.06230e-04	3.31836	26.3
61325.923	16.020	31583	1.05120e-04	3.31992	25.5	30981	1.07160e-04	3.31992	26.1	31562	1.05150e-04	3.31875	25.0	31250	1.06200e-04	3.31875	26.3
61327.111	16.037	31532	1.05290e-04	3.31992	25.5	30951	1.07270e-04	3.32012	26.1	31574	1.05110e-04	3.31875	25.0	31250	1.06190e-04	3.31855	26.3
61328.299	16.037	31594	1.05090e-04	3.32012	25.5	30970	1.07200e-04	3.31992	26.1	31534	1.05240e-04	3.31875	25.0	31236	1.06230e-04	3.31836	26.3
61329.487	16.028	31517	1.05340e-04	3.31992	25.5	30879	1.07510e-04	3.31992	26.1	31505	1.05340e-04	3.31875	25.0	31179	1.06430e-04	3.31836	26.3
61330.676	16.028	31552	1.05220e-04	3.31992	25.5	30906	1.07430e-04	3.32012	26.1	31540	1.05230e-04	3.31895	25.0	31182	1.06430e-04	3.31855	26.3
61331.864	16.048	31597	1.05080e-04	3.32012	25.5	30931	1.07330e-04	3.31992	26.1	31570	1.05120e-04	3.31855	25.0	31295	1.06040e-04	3.31855	26.3
61333.052	16.048	31553	1.05220e-04	3.31992	25.5	30981	1.07170e-04	3.32012	26.1	31515	1.05300e-04	3.31855	25.0	31257	1.06160e-04	3.31836	26.3
61334.240	16.009	31625	1.04980e-04	3.31992	25.5	30966	1.07220e-04	3.32012	26.1	31571	1.05120e-04	3.31875	25.0	31240	1.06220e-04	3.31836	26.3
61335.429	16.009	31595	1.05080e-04	3.31992	25.5	30977	1.07170e-04	3.31992	26.1	31603	1.05010e-04	3.31855	25.0	31258	1.06160e-04	3.31836	26.3
61336.617	16.009	31562	1.05190e-04	3.31992	25.5	30918	1.07380e-04	3.32012	26.1	31497	1.05370e-04	3.31875	25.0	31275	1.06100e-04	3.31836	26.3
61337.805	16.037	31501	1.05390e-04	3.31992	25.6	30926	1.07360e-04	3.32012	26.2	31485	1.05410e-04	3.31895	25.0	31223	1.06290e-04	3.31855	26.3
61338.994	16.037	31508	1.05370e-04	3.32012	25.6	30921	1.07380e-04	3.32012	26.2	31531	1.05250e-04	3.31875	25.0	31239	1.06230e-04	3.31836	26.3
61340.182	16.030	31586	1.05110e-04	3.31992	25.6	30886	1.07500e-04	3.32012	26.2	31497	1.05370e-04	3.31875	25.0	31236	1.06240e-04	3.31855	26.3
61341.370	16.030	31580	1.05130e-04	3.32012	25.6	30977	1.07170e-04	3.31992	26.2	31649	1.04860e-04	3.31875	25.0	31253	1.06180e-04	3.31836	26.3
61342.559	16.010	31554	1.05220e-04	3.32012	25.6	30967	1.07210e-04	3.32012	26.2	31592	1.05060e-04	3.31895	25.0	31263	1.06150e-04	3.31855	26.3
61343.747	16.010	31605	1.05050e-04	3.32012	25.6	30991	1.07130e-04	3.32012	26.2	31576	1.05110e-04	3.31895	25.0	31251	1.06190e-04	3.31855	26.3
61344.935	16.010	31559	1.05200e-04	3.31992	25.6	30969	1.07210e-04	3.32012	26.2	31568	1.05130e-04	3.31875	25.0	31286	1.06070e-04	3.31855	26.3
61346.123	16.008	31559	1.05200e-04	3.32012	25.6	30919	1.07380e-04	3.32012	26.2	31531	1.05250e-04	3.31875	25.0	31259	1.06160e-04	3.31855	26.3
61347.312	16.008	31630	1.04970e-04	3.32012	25.6	30992	1.07140e-04	3.32031	26.2	31588	1.05070e-04	3.31895	25.0	31273	1.06120e-04	3.31855	26.3
61348.500	15.998	31557	1.05210e-04	3.32012	25.6	30983	1.07160e-04	3.32012	26.2	31574	1.05110e-04	3.31875	25.0	31246	1.06200e-04	3.31836	26.3
61349.688	15.998	31609	1.05030e-04	3.31992	25.6	30905	1.07430e-04	3.32012	26.2	31512	1.05320e-04	3.31875	25.0	31230	1.06260e-04	3.31855	26.3
61350.876	16.027	31556	1.05210e-04	3.31992	25.6	30973	1.07190e-04	3.31992	26.2	31613	1.04980e-04	3.31875	25.0	31232	1.06260e-04	3.31855	26.3
61352.064	16.027	31541	1.05260e-04	3.32012	25.6	30922	1.07370e-04	3.32012	26.2	31552	1.05180e-04	3.31875	25.0	31293	1.06050e-04	3.31855	26.3
61353.253	16.040	31603	1.05050e-04	3.31992	25.6	30930	1.07340e-04	3.31992	26.2	31545	1.05210e-04	3.31875	25.0	31258	1.06170e-04	3.31855	26.3
61354.441	16.040	31539	1.05270e-04	3.31992	25.6	30965	1.07220e-04	3.31992	26.2	31572	1.05120e-04	3.31875	25.0	31236	1.06230e-04	3.31816	26.3
61355.629	16.038	31622	1.04990e-04	3.32012	25.6	30931	1.07340e-04	3.32012	26.2	31563	1.05150e-04	3.31875	25.0	31276	1.06110e-04	3.31875	26.3
61356.817	16.038	31598	1.05070e-04	3.32012	25.6	30957	1.07250e-04	3.32012	26.2	31560	1.05160e-04	3.31875	25.0	31214	1.06320e-04	3.31875	26.3
61358.005	16.038	31643	1.04920e-04	3.31992	25.5	31003	1.07100e-04	3.32031	26.1	31628	1.04930e-04	3.31875	25.0	31324	1.05940e-04	3.31855	26.3
61359.194	16.023	31581	1.05120e-04	3.31992	25.5	30991	1.07130e-04	3.32012	26.1	31607	1.05000e-04	3.31875	25.0	31284	1.06070e-04	3.31836	26.3
61360.382	16.023	31583	1.05120e-04	3.31992	25.5	30959	1.07240e-04	3.32012	26.1	31585	1.05070e-04	3.31875	25.0	31305	1.05990e-04	3.31816	26.3
61361.570	16.009	31525	1.05310e-04	3.31992	25.5	30950	1.07270e-04	3.31992	26.1	31562	1.05150e-04	3.31875	25.0	31200	1.06360e-04	3.31855	26.3
61362.758	16.009	31557	1.05210e-04	3.32012	25.5	30938	1.07320e-04	3.32012	26.1	31538	1.05230e-04	3.31875	25.0	31203	1.06360e-04	3.31875	26.3
61363.947	16.037	31558	1.05200e-04	3.31992	25.6	30879	1.07510e-04	3.31992	26.1	31546	1.05200e-04	3.31855	25.0	31272	1.06110e-04	3.31836	26.3
61365.135	16.037	31601	1.05060e-04	3.32012	25.6	30938	1.07320e-04	3.32012	26.2	31542	1.05220e-04	3.31895	25.0	31259	1.06160e-04	3.31855	26.3
61366.323	16.034	31592	1.05080e-04	3.31973	25.6	30908	1.07420e-04	3.32012	26.2	31532	1.05250e-04	3.31875	25.0	31192	1.06380e-04	3.31836	26.3
61367.511	16.034	31606	1.05050e-04	3.32012	25.6	30959	1.07240e-04	3.31992	26.2	31503	1.05350e-04	3.31895	25.0	31289	1.06060e-04	3.31836	26.3
61368.699	16.034	31638	1.04950e-04	3.32031	25.6	30960	1.07240e-04	3.32012	26.2	31606	1.05000e-04	3.31875	25.0	31279	1.06100e-04	3.31855	26.3
61369.888	16.032	31608	1.05030e-04	3.31992	25.6	30972	1.07200e-04	3.32012	26.2	31560	1.05160e-04	3.31875	25.0	31234	1.06250e-04	3.31855	26.3
61371.076	16.032	31636	1.04950e-04	3.32012	25.6	30961	1.07240e-04	3.32031	26.2	31532	1.05250e-04	3.31875	25.0	31250	1.06200e-04	3.31875	26.3
61372.264	16.047	31536	1.05280e-04	3.32012	25.6	30937	1.07330e-04	3.32031	26.2	31616	1.04980e-04	3.31895	25.0	31240	1.06230e-04	3.31855	26.3
61373.452	16.047	31496	1.05410e-04	3.31992	25.6	30939	1.07300e-04	3.31992	26.2	31565	1.05140e-04	3.31875	25.0	31281	1.06080e-04	3.31836	26.3
61374.640	16.043	31472	1.05500e-04	3.32031	25.6	30843	1.07650e-04	3.32031	26.2	31469	1.05470e-04	3.31895	25.0	31178	1.06440e-04	3.31855	26.3
61375.829	16.043	31547	1.05240e-04	3.31992	25.6	30914	1.07400e-04	3.32012	26.2	31502	1.05350e-04	3.31875	25.0	31222	1.06290e-04	3.31875	26.3
61377.017	16.043	31538	1.05270e-04	3.32012	25.6	30911	1.07410e-04	3.32012	26.2	31514	1.05310e-04	3.31875	25.0	31192	1.06380e-04	3.31836	26.3
61378.206	16.043	31556	1.05210e-04	3.32012	25.6	30955	1.07260e-04	3.32012	26.2	31478	1.05440e-04	3.31895	25.0	31180	1.06440e-04	3.31875	26.3
61379.394	16.043	31574	1.05150e-04	3.32012	25.6	30912	1.07400e-04	3.32012	26.2	31537	1.05240e-04	3.31895	25.0	31228	1.06270e-04	3.31855	26.3
61380.582	16.060	31551	1.05230e-04	3.32012	25.6	30951	1.07270e-04	3.32012	26.2	31510	1.05330e-04	3.31895	25.0	31226	1.06280e-04	3.31855	26.3
61381.770	16.060	31558	1.05210e-04	3.32012	25.6	30904	1.07440e-04	3.32031	26.2	31547	1.05200e-04	3.31875	25.0	31257	1.06180e-04	3.31875	26.3
61382.958	16.060	31632	1.04970e-04	3.32031	25.6	30942	1.07300e-04	3.32012	26.2	31565	1.05130e-04	3.31855	25.0	31243	1.06210e-04	3.31836	26.3
61384.147	16.048	31557	1.05210e-04	3.32012	25.6	30970	1.07210e-04	3.32031	26.2	31539	1.05240e-04	3.31914	25.0	31254	1.06190e-04	3.31875	26.3
61385.335	16.030	31565	1.05180e-04	3.32012	25.6	30938	1.07320e-04	3.32031	26.2	31558	1.05170e-04	3.31895	25.0	31227	1.06270e-04	3.31855	26.3
61386.523	16.030	31571	1.05160e-04	3.32012	25.6	30931	1.07330e-04	3.31992	26.2	31533	1.05250e-04	3.31875	25.0	31243	1.06220e-04	3.31855	26.3
61387.712	16.030	31625	1.04990e-04	3.32012	25.6	30985	1.07160e-04	3.32031	26.2	31525	1.05280e-04	3.31895	25.0	31310	1.06000e-04	3.31875	26.3
61388.900	16.042	31586	1.05110e-04	3.31992	25.6	30955	1.07250e-04	3.32012	26.2	31594	1.05050e-04	3.31895	25.0	31242	1.06220e-04	3.31836	26.3
61390.088	16.042	31561	1.05200e-04	3.32012	25.6	30979	1.07170e-04	3.32012	26.2	31475	1.05440e-04	3.31875	25.0	31268	1.06140e-04	3.31875	26.3
61391.276	16.005	31579	1.05140e-04	3.32012	25.6	30953	1.07270e-04	3.32031	26.2	31515	1.05310e-04	3.31895	25.0	31224	1.06280e-04	3.31855	26.3
61392.464	16.005	31527	1.05310e-04	3.32012	25.6	30928	1.07350e-04	3.32012	26.2	31551	1.05190e-04	3.31875	25.0	31248	1.06200e-04	3.31836	26.3
61393.652	16.020	31565	1.05180e-04	3.32012	25.6	30956	1.07260e-04	3.32031	26.2	31534	1.05240e-04	3.31875	25.0	31270	1.06130e-04	3.31875	26.3
61394.841	16.020	31562	1.05190e-04	3.32012	25.6	30911	1.07420e-04	3.32031	26.2	31586	1.05080e-04	3.31895	25.0	31303	1.06020e-04	3.31875	26.3
61396.029	16.020	31557	1.05200e-04	3.31992	25.6	30921	1.07380e-04	3.32012	26.2	31573	1.05110e-04	3.31875	25.0	31225	1.06280e-04	3.31855	26.3
61397.218	16.014	31564	1.05190e-04	3.32012	25.6	31010	1.07070e-04	3.32031	26.2	31555	1.05180e-04	3.31895	25.0	31295	1.06040e-04	3.31855	26.3
61398.405	16.014	31568	1.05170e-04	3.32012	25.6	30957	1.07250e-04	3.32012	26.2	31571	1.05130e-04	3.31895	25.0	31261	1.06160e-04	3.31855	26.3
61399.594	15.993	31561	1.05200e-04	3.32031	25.6	30960	1.07230e-04	3.31992	26.2	31545	1.05200e-04	3.31855	25.0	31227	1.06270e-04	3.31855	26.3
61400.782	15.993	31566	1.05180e-04	3.31992	25.6	30937	1.07330e-04	3.32031	26.2	31506	1.05340e-04	3.31895	25.0	31253	1.06200e-04	3.31895	26.3
61401.970	16.024	31577	1.05140e-04	3.32012	25.6	30926	1.07360e-04	3.32012	26.2	31552	1.05190e-04	3.31895	25.0	31262	1.06150e-04	3.31855	26.3
61403.159	16.024	31577	1.05140e-04	3.31992	25.6	30936	1.07320e-04	3.32012	26.2	31567	1.05140e-04	3.31895	25.0	31271	1.06120e-04	3.31836	26.3
61404.347	16.011	31573	1.05160e-04	3.32012	25.6	30958	1.07250e-04	3.32012	26.2	31534	1.05250e-04	3.31895	25.0	31246	1.06200e-04	3.31836	26.3
61405.535	16.011	31560	1.05200e-04	3.32012	25.6	30971	1.07200e-04	3.32012	26.2	31526	1.05270e-04	3.31875	25.0	31262	1.06150e-04	3.31855	26.3
61406.723	15.997	31564	1.05190e-04	3.32012	25.6	30954	1.07270e-04	3.32031	26.2	31562	1.05150e-04	3.31875	25.0	31305	1.06010e-04	3.31875	26.3
61407.911	15.997	31570	1.05170e-04	3.32012	25.6	30952	1.07270e-04	3.32031	26.2	31572	1.05120e-04	3.31895	25.0	31253	1.06190e-04	3.31875	26.3
61409.100	15.997	31590	1.05100e-04	3.32012	25.6	30974	1.07190e-04	3.32012	26.2	31602	1.05020e-04	3.31875	25.0	31316	1.05960e-04	3.31836	26.3
61410.288	16.038	31521	1.05340e-04	3.32031	25.6	30944	1.07300e-04	3.32031	26.2	31576	1.05110e-04	3.31895	25.0	31284	1.06080e-04	3.31855	26.3
61411.476	16.038	31574	1.05150e-04	3.31992	25.6	30949	1.07280e-04	3.32012	26.2	31559	1.05170e-04	3.31895	25.0	31273	1.06120e-04	3.31855	26.3
61412.664	16.035	31603	1.05060e-04	3.32012	25.6	31031	1.06990e-04	3.31992	26.2	31585	1.05070e-04	3.31875	25.0	31301	1.06020e-04	3.31855	26.3
61413.853	16.035	31517	1.05340e-04	3.31992	25.6	30938	1.07310e-04	3.32012	26.2	31558	1.05170e-04	3.31895	25.0	31280	1.06100e-04	3.31875	26.3
61415.041	16.025	31541	1.05260e-04	3.31992	25.6	30901	1.07440e-04	3.31992	26.2	31537	1.05240e-04	3.31895	25.0	31250	1.06190e-04	3.31836	26.3
61416.229	16.025	31538	1.05280e-04	3.32012	25.6	30906	1.07430e-04	3.32012	26.2	31500	1.05360e-04	3.31875	25.0	31207	1.06340e-04	3.31855	26.3
61417.417	16.025	31518	1.05330e-04	3.31992	25.6	30900	1.07450e-04	3.32012	26.2	31532	1.05260e-04	3.31895	25.0	31208	1.06330e-04	3.31836	26.3
61418.606	16.025	31541	1.05260e-04	3.32012	25.6	30907	1.07420e-04	3.31992	26.2	31459	1.05490e-04	3.31855	25.0	31181	1.06420e-04	3.31836	26.3
61419.794	16.025	31559	1.05200e-04	3.32012	25.6	30913	1.07410e-04	3.32051	26.2	31496	1.05380e-04	3.31895	25.0	31167	1.06480e-04	3.31875	26.3
61420.982	16.067	31574	1.05150e-04	3.32012	25.6	30938	1.07320e-04	3.32031	26.2	31452	1.05520e-04	3.31895	25.0	31302	1.06020e-04	3.31855	26.3
61422.170	16.067	31621	1.05000e-04	3.32031	25.6	30983	1.07170e-04	3.32031	26.2	31605	1.05010e-04	3.31895	25.0	31317	1.05960e-04	3.31836	26.3
61423.359	16.020	31650	1.04900e-04	3.32012	25.6	31024	1.07020e-04	3.32012	26.2	31635	1.04910e-04	3.31875	25.0	31277	1.06100e-04	3.31855	26.3
61424.547	16.020	31624	1.04990e-04	3.32031	25.6	31003	1.07090e-04	3.32012	26.2	31634	1.04920e-04	3.31895	25.0	31278	1.06100e-04	3.31855	26.3
61425.735	16.020	31597	1.05080e-04	3.32012	25.6	31024	1.07010e-04	3.31992	26.2	31558	1.05160e-04	3.31875	25.0	31282	1.06080e-04	3.31855	26.3
61426.923	16.023	31607	1.05040e-04	3.32012	25.6	30965	1.07220e-04	3.32012	26.2	31647	1.04870e-04	3.31875	25.0	31247	1.06210e-04	3.31875	26.3
61428.112	16.023	31575	1.05160e-04	3.32031	25.6	30952	1.07270e-04	3.32012	26.2	31554	1.05180e-04	3.31895	25.0	31261	1.06160e-04	3.31855	26.3
61429.300	16.003	31547	1.05240e-04	3.31992	25.6	30877	1.07530e-04	3.32012	26.2	31527	1.05270e-04	3.31875	25.0	31248	1.06200e-04	3.31855	26.3
61430.488	16.003	31524	1.05310e-04	3.31992	25.6	30930	1.07350e-04	3.32031	26.2	31541	1.05230e-04	3.31895	25.0	31249	1.06200e-04	3.31855	26.3
61431.677	16.044	31583	1.05120e-04	3.31992	25.6	30911	1.07410e-04	3.32012	26.2	31490	1.05400e-04	3.31895	25.0	31271	1.06130e-04	3.31875	26.3
61432.865	16.044	31485	1.05460e-04	3.32031	25.6	30934	1.07330e-04	3.32012	26.2	31637	1.04890e-04	3.31855	25.0	31307	1.06000e-04	3.31836	26.3
61434.053	16.046	31578	1.05140e-04	3.32012	25.6	30940	1.07320e-04	3.32031	26.2	31538	1.05240e-04	3.31895	25.0	31244	1.06220e-04	3.31855	26.3
61435.241	16.046	31568	1.05180e-04	3.32012	25.6	30937	1.07320e-04	3.32012	26.2	31516	1.05310e-04	3.31895	25.0	31215	1.06310e-04	3.31836	26.3
61436.429	16.041	31570	1.05170e-04	3.32012	25.6	30931	1.07340e-04	3.32012	26.2	31500	1.05350e-04	3.31855	25.0	31334	1.05910e-04	3.31855	26.3
61437.617	16.041	31639	1.04940e-04	3.32012	25.6	30976	1.07180e-04	3.32012	26.2	31612	1.04990e-04	3.31895	25.0	31387	1.05730e-04	3.31875	26.3
61438.806	16.041	31550	1.05230e-04	3.32012	25.6	30985	1.07150e-04	3.32012	26.2	31613	1.04990e-04	3.31895	25.0	31267	1.06130e-04	3.31855	26.3
61439.994	16.041	31525	1.05310e-04	3.31992	25.6	30905	1.07430e-04	3.32012	26.2	31519	1.05300e-04	3.31895	25.0	31215	1.06310e-04	3.31855	26.3
61441.182	16.041	31476	1.05480e-04	3.32012	25.6	30900	1.07450e-04	3.32012	26.2	31521	1.05290e-04	3.31875	25.0	31205	1.06340e-04	3.31836	26.3
61442.370	16.026	31549	1.05240e-04	3.32031	25.6	30920	1.07380e-04	3.32031	26.2	31488	1.05400e-04	3.31895	25.0	31219	1.06300e-04	3.31855	26.3
61443.559	16.026	31575	1.05150e-04	3.32012	25.6	30918	1.07390e-04	3.32031	26.2	31582	1.05080e-04	3.31875	25.0	31349	1.05860e-04	3.31875	26.3
61444.747	16.042	31546	1.05250e-04	3.32012	25.6	30938	1.07310e-04	3.32012	26.2	31530	1.05260e-04	3.31875	25.0	31316	1.05970e-04	3.31855	26.3
61445.935	16.042	31515	1.05350e-04	3.32012	25.6	30933	1.07340e-04	3.32031	26.2	31559	1.05170e-04	3.31895	25.0	31276	1.06110e-04	3.31875	26.3
61447.123	16.042	31527	1.05310e-04	3.32012	25.7	30940	1.07310e-04	3.32031	26.2	31570	1.05130e-04	3.31895	25.0	31274	1.06110e-04	3.31836	26.3
61448.311	16.030	31553	1.05230e-04	3.32031	25.6	30945	1.07290e-04	3.32012	26.2	31573	1.05110e-04	3.31875	25.0	31277	1.06100e-04	3.31855	26.3
61449.500	16.030	31517	1.05340e-04	3.31992	25.6	30942	1.07310e-04	3.32031	26.2	31529	1.05270e-04	3.31895	25.0	31248	1.06200e-04	3.31855	26.3
61450.688	16.025	31513	1.05350e-04	3.31992	25.7	30964	1.07220e-04	3.32012	26.2	31563	1.05150e-04	3.31875	25.0	31223	1.06280e-04	3.31855	26.3
61451.876	16.025	31563	1.05200e-04	3.32031	25.7	30928	1.07350e-04	3.32012	26.2	31520	1.05300e-04	3.31895	25.0	31282	1.06090e-04	3.31875	26.3
61453.065	16.044	31588	1.05110e-04	3.32012	25.6	30950	1.07280e-04	3.32031	26.2	31529	1.05270e-04	3.31895	25.0	31235	1.06250e-04	3.31855	26.3
61454.253	16.044	31527	1.05310e-04	3.32012	25.7	30927	1.07350e-04	3.32012	26.2	31518	1.05300e-04	3.31875	25.0	31233	1.06250e-04	3.31836	26.3
61455.441	16.035	31513	1.05360e-04	3.32012	25.7	30915	1.07390e-04	3.32012	26.2	31499	1.05360e-04	3.31875	25.0	31219	1.06300e-04	3.31855	26.3
61456.629	16.035	31540	1.05260e-04	3.31992	25.7	30910	1.07420e-04	3.32031	26.2	31493	1.05380e-04	3.31875	25.0	31237	1.06240e-04	3.31855	26.3
61457.817	16.020	31577	1.05150e-04	3.32031	25.7	30900	1.07450e-04	3.32012	26.2	31572	1.05120e-04	3.31875	25.0	31276	1.06110e-04	3.31875	26.3
61459.006	16.020	31598	1.05070e-04	3.32012	25.7	30944	1.07290e-04	3.32012	26.2	31598	1.05040e-04	3.31895	25.0	31303	1.06020e-04	3.31855	26.3
61460.194	16.020	31557	1.05200e-04	3.31992	25.7	30983	1.07160e-04	3.32012	26.2	31634	1.04910e-04	3.31875	25.0	31348	1.05860e-04	3.31836	26.3
61461.382	16.012	31528	1.05310e-04	3.32012	25.7	30947	1.07280e-04	3.32012	26.2	31540	1.05230e-04	3.31895	25.0	31227	1.06270e-04	3.31855	26.3
61462.571	16.012	31541	1.05260e-04	3.31992	25.7	30934	1.07320e-04	3.31992	26.2	31430	1.05600e-04	3.31895	25.0	31218	1.06300e-04	3.31855	26.3
61463.759	16.018	31513	1.05360e-04	3.32012	25.7	30891	1.07470e-04	3.31992	26.2	31532	1.05250e-04	3.31875	25.0	31283	1.06080e-04	3.31855	26.3
61464.947	16.018	31561	1.05200e-04	3.32012	25.7	30913	1.07410e-04	3.32031	26.2	31568	1.05140e-04	3.31895	25.0	31280	1.06090e-04	3.31855	26.3
61466.135	16.051	31536	1.05270e-04	3.31992	25.7	30957	1.07250e-04	3.32031	26.2	31567	1.05140e-04	3.31895	25.0	31291	1.06050e-04	3.31836	26.3
61467.323	16.051	31524	1.05320e-04	3.32012	25.7	30928	1.07350e-04	3.32012	26.2	31515	1.05300e-04	3.31855	25.0	31239	1.06230e-04	3.31836	26.3
61468.512	16.051	31516	1.05350e-04	3.32012	25.7	30928	1.07360e-04	3.32031	26.2	31508	1.05340e-04	3.31914	25.0	31257	1.06170e-04	3.31855	26.3
61469.700	16.042	31602	1.05060e-04	3.31992	25.7	30990	1.07140e-04	3.32031	26.2	31539	1.05230e-04	3.31895	25.0	31322	1.05950e-04	3.31855	26.3
61470.888	16.042	31588	1.05110e-04	3.32012	25.6	30993	1.07120e-04	3.32012	26.2	31632	1.04920e-04	3.31875	25.0	31338	1.05900e-04	3.31875	26.3
61472.076	16.025	31640	1.04930e-04	3.32012	25.7	31027	1.07000e-04	3.31992	26.2	31585	1.05070e-04	3.31875	25.0	31350	1.05850e-04	3.31855	26.3
61473.265	16.025	31595	1.05080e-04	3.31992	25.7	30955	1.07260e-04	3.32031	26.2	31632	1.04920e-04	3.31895	25.0	31282	1.06080e-04	3.31836	26.3
61474.453	16.015	31573	1.05160e-04	3.32031	25.7	30961	1.07240e-04	3.32012	26.2	31593	1.05050e-04	3.31875	25.0	31291	1.06060e-04	3.31855	26.3
61475.641	16.015	31574	1.05150e-04	3.31992	25.6	30932	1.07340e-04	3.32012	26.2	31526	1.05280e-04	3.31895	25.0	31217	1.06310e-04	3.31875	26.3
61476.829	16.024	31539	1.05270e-04	3.31992	25.6	30919	1.07370e-04	3.31973	26.2	31526	1.05270e-04	3.31875	25.0	31204	1.06350e-04	3.31836	26.3
61478.018	16.024	31562	1.05190e-04	3.32012	25.7	30941	1.07300e-04	3.32012	26.2	31481	1.05420e-04	3.31875	25.0	31264	1.06150e-04	3.31855	26.3
61479.206	16.028	31550	1.05230e-04	3.31992	25.7	30959	1.07250e-04	3.32031	26.2	31534	1.05250e-04	3.31895	25.0	31283	1.06080e-04	3.31836	26.3
61480.394	16.028	31482	1.05450e-04	3.31992	25.6	30996	1.07110e-04	3.32012	26.2	31573	1.05110e-04	3.31875	25.0	31236	1.06240e-04	3.31855	26.3
61481.583	16.028	31568	1.05170e-04	3.32012	25.6	30918	1.07390e-04	3.32031	26.2	31530	1.05260e-04	3.31895	25.0	31271	1.06130e-04	3.31875	26.3
61482.770	16.042	31526	1.05310e-04	3.32012	25.6	30947	1.07280e-04	3.32012	26.2	31558	1.05170e-04	3.31895	25.0	31221	1.06290e-04	3.31855	26.3
61483.959	16.042	31473	1.05480e-04	3.31992	25.6	30895	1.07470e-04	3.32012	26.2	31487	1.05400e-04	3.31875	25.0	31188	1.06400e-04	3.31836	26.3
61485.147	16.064	31499	1.05400e-04	3.32012	25.6	30893	1.07470e-04	3.32012	26.2	31481	1.05430e-04	3.31895	25.0	31205	1.06340e-04	3.31836	26.3
61486.335	16.064	31553	1.05220e-04	3.31992	25.6	30861	1.07580e-04	3.32012	26.2	31529	1.05270e-04	3.31895	25.0	31254	1.06180e-04	3.31855	26.3
61487.523	16.028	31648	1.04910e-04	3.32031	25.6	30934	1.07320e-04	3.31992	26.2	31561	1.05150e-04	3.31875	25.0	31206	1.06340e-04	3.31855	26.3
61488.712	16.028	31556	1.05220e-04	3.32031	25.6	30971	1.07200e-04	3.32012	26.2	31542	1.05220e-04	3.31895	25.0	31225	1.06280e-04	3.31855	26.3
61489.900	16.028	31547	1.05240e-04	3.31992	25.6	30970	1.07200e-04	3.31992	26.2	31519	1.05290e-04	3.31875	25.0	31277	1.06100e-04	3.31855	26.3
61491.089	16.055	31540	1.05270e-04	3.32012	25.6	30900	1.07450e-04	3.32012	26.2	31563	1.05150e-04	3.31875	25.0	31317	1.05960e-04	3.31836	26.3
61492.277	16.055	31559	1.05200e-04	3.32012	25.6	31004	1.07090e-04	3.32012	26.2	31550	1.05190e-04	3.31875	25.0	31266	1.06130e-04	3.31836	26.3
61493.465	16.039	31634	1.04950e-04	3.31992	25.6	30983	1.07160e-04	3.32012	26.2	31628	1.04940e-04	3.31895	25.0	31299	1.06020e-04	3.31836	26.3
61494.653	16.039	31583	1.05120e-04	3.32012	25.6	30953	1.07270e-04	3.32031	26.2	31572	1.05120e-04	3.31875	25.0	31315	1.05970e-04	3.31855	26.3
61495.841	16.055	31511	1.05360e-04	3.31992	25.6	30893	1.07470e-04	3.32012	26.2	31511	1.05320e-04	3.31875	25.0	31216	1.06310e-04	3.31855	26.3
61497.030	16.055	31562	1.05190e-04	3.32012	25.6	30970	1.07200e-04	3.31992	26.2	31536	1.05240e-04	3.31875	25.0	31214	1.06310e-04	3.31836	26.3
61498.218	16.034	31518	1.05340e-04	3.32012	25.6	30900	1.07450e-04	3.32012	26.2	31556	1.05170e-04	3.31855	25.0	31271	1.06120e-04	3.31855	26.3
61499.406	16.034	31616	1.05010e-04	3.31992	25.6	30955	1.07260e-04	3.32012	26.2	31570	1.05130e-04	3.31895	25.0	31295	1.06040e-04	3.31855	26.3
61500.594	16.034	31589	1.05100e-04	3.32012	25.6	30982	1.07150e-04	3.31992	26.2	31570	1.05120e-04	3.31875	25.0	31260	1.06160e-04	3.31855	26.3
61501.783	16.029	31571	1.05160e-04	3.32012	25.6	30983	1.07150e-04	3.31992	26.2	31597	1.05030e-04	3.31875	25.0	31283	1.06080e-04	3.31855	26.3
61502.971	16.029	31528	1.05300e-04	3.31992	25.6	30952	1.07270e-04	3.32012	26.2	31532	1.05250e-04	3.31875	25.0	31287	1.06070e-04	3.31855	26.3
61504.159	16.053	31603	1.05050e-04	3.31992	25.6	30979	1.07170e-04	3.32012	26.2	31571	1.05120e-04	3.31875	25.0	31301	1.06020e-04	3.31836	26.3
61505.347	16.053	31640	1.04940e-04	3.32031	25.6	31026	1.07020e-04	3.32051	26.2	31625	1.04950e-04	3.31895	25.0	31318	1.05960e-04	3.31855	26.3
61506.535	16.035	31566	1.05180e-04	3.31992	25.6	31008	1.07080e-04	3.32031	26.2	31610	1.05000e-04	3.31895	25.0	31345	1.05870e-04	3.31855	26.3
61507.724	16.035	31617	1.05010e-04	3.32012	25.6	30942	1.07300e-04	3.32012	26.2	31520	1.05290e-04	3.31875	25.0	31320	1.05960e-04	3.31875	26.3
61508.912	16.015	31547	1.05240e-04	3.32012	25.6	30938	1.07320e-04	3.32012	26.2	31562	1.05160e-04	3.31895	25.0	31260	1.06160e-04	3.31855	26.3
61510.100	16.015	31539	1.05260e-04	3.31992	25.6	30877	1.07530e-04	3.32012	26.2	31565	1.05140e-04	3.31875	25.0	31223	1.06280e-04	3.31836	26.3
61511.289	16.015	31602	1.05070e-04	3.32031	25.6	30905	1.07440e-04	3.32031	26.2	31551	1.05190e-04	3.31895	25.0	31330	1.05920e-04	3.31855	26.3
61512.477	16.028	31554	1.05220e-04	3.32012	25.6	30930	1.07340e-04	3.32012	26.2	31571	1.05130e-04	3.31914	25.0	31298	1.06030e-04	3.31855	26.3
61513.665	16.028	31571	1.05160e-04	3.31992	25.6	30951	1.07270e-04	3.31992	26.2	31553	1.05180e-04	3.31875	25.0	31291	1.06050e-04	3.31855	26.3
61514.853	16.049	31518	1.05350e-04	3.32031	25.6	30957	1.07250e-04	3.32012	26.2	31571	1.05130e-04	3.31895	25.0	31268	1.06140e-04	3.31875	26.3
61516.041	16.049	31515	1.05350e-04	3.32012	25.6	30976	1.07180e-04	3.32012	26.2	31555	1.05180e-04	3.31895	25.0	31258	1.06170e-04	3.31855	26.3
61517.230	16.042	31557	1.05210e-04	3.32012	25.6	30935	1.07330e-04	3.32012	26.2	31547	1.05200e-04	3.31875	25.0	31282	1.06080e-04	3.31836	26.3
61518.418	16.042	31568	1.05180e-04	3.32031	25.6	30997	1.07120e-04	3.32031	26.2	31599	1.05030e-04	3.31875	25.0	31273	1.06120e-04	3.31855	26.3
61519.606	16.042	31617	1.05010e-04	3.32012	25.6	30966	1.07220e-04	3.32012	26.2	31584	1.05080e-04	3.31895	25.0	31312	1.05980e-04	3.31855	26.3
61520.794	16.042	31634	1.04950e-04	3.32012	25.6	31017	1.07040e-04	3.32012	26.2	31583	1.05070e-04	3.31855	25.0	31293	1.06050e-04	3.31855	26.3
61521.983	16.042	31614	1.05020e-04	3.32012	25.6	31001	1.07100e-04	3.32012	26.2	31627	1.04940e-04	3.31895	25.0	31383	1.05740e-04	3.31855	26.3
61523.171	16.046	31590	1.05090e-04	3.31992	25.6	31043	1.06950e-04	3.31992	26.2	31663	1.04820e-04	3.31895	25.0	31419	1.05620e-04	3.31836	26.3
61524.359	16.046	31575	1.05150e-04	3.32012	25.6	30973	1.07190e-04	3.32012	26.2	31655	1.04830e-04	3.31855	25.0	31309	1.05990e-04	3.31836	26.3
61525.547	16.013	31558	1.05210e-04	3.32012	25.6	30978	1.07180e-04	3.32031	26.2	31594	1.05050e-04	3.31895	25.0	31368	1.05800e-04	3.31875	26.3
61526.736	16.013	31566	1.05180e-04	3.31992	25.6	30955	1.07260e-04	3.32012	26.2	31619	1.04960e-04	3.31875	25.0	31291	1.06050e-04	3.31855	26.3
61527.924	16.058	31527	1.05310e-04	3.32012	25.6	30993	1.07130e-04	3.32012	26.2	31598	1.05030e-04	3.31875	25.0	31303	1.06020e-04	3.31855	26.3
61529.112	16.058	31577	1.05140e-04	3.31992	25.6	30941	1.07310e-04	3.32031	26.2	31550	1.05200e-04	3.31895	25.0	31234	1.06240e-04	3.31836	26.3
61530.301	15.995	31504	1.05390e-04	3.32012	25.6	30902	1.07450e-04	3.32031	26.2	31528	1.05260e-04	3.31875	25.0	31214	1.06320e-04	3.31855	26.3
61531.488	15.995	31546	1.05250e-04	3.32012	25.6	30986	1.07150e-04	3.32012	26.2	31565	1.05140e-04	3.31875	25.0	31247	1.06200e-04	3.31855	26.3
61532.677	15.995	31536	1.05280e-04	3.31992	25.7	30906	1.07430e-04	3.32031	26.2	31534	1.05250e-04	3.31895	25.0	31206	1.06350e-04	3.31875	26.3
61533.865	16.025	31539	1.05270e-04	3.31992	25.6	30968	1.07210e-04	3.32012	26.2	31452	1.05520e-04	3.31875	25.0	31241	1.06220e-04	3.31855	26.3
61535.053	16.025	31546	1.05250e-04	3.32012	25.7	30914	1.07400e-04	3.32012	26.2	31534	1.05240e-04	3.31875	25.0	31228	1.06270e-04	3.31855	26.3
61536.241	16.031	31577	1.05150e-04	3.32031	25.6	30950	1.07280e-04	3.32012	26.2	31534	1.05250e-04	3.31895	25.0	31214	1.06320e-04	3.31855	26.3
61537.430	16.031	31558	1.05200e-04	3.31992	25.6	30963	1.07220e-04	3.31992	26.2	31529	1.05260e-04	3.31875	25.0	31326	1.05930e-04	3.31836	26.3
61538.618	16.002	31546	1.05250e-04	3.32012	25.6	30961	1.07240e-04	3.32012	26.2	31543	1.05210e-04	3.31875	25.0	31258	1.06170e-04	3.31875	26.3
61539.806	16.002	31613	1.05020e-04	3.31992	25.6	30980	1.07170e-04	3.32012	26.2	31515	1.05310e-04	3.31895	25.0	31228	1.06270e-04	3.31855	26.3
61540.995	16.002	31570	1.05160e-04	3.31992	25.6	30927	1.07350e-04	3.31992	26.2	31549	1.05200e-04	3.31875	25.0	31312	1.05980e-04	3.31836	26.3
61542.183	16.021	31556	1.05220e-04	3.32031	25.6	30917	1.07390e-04	3.32031	26.2	31580	1.05090e-04	3.31875	25.0	31291	1.06050e-04	3.31855	26.3
61543.371	16.021	31585	1.05110e-04	3.31992	25.6	30934	1.07340e-04	3.32031	26.2	31567	1.05140e-04	3.31895	25.0	31243	1.06210e-04	3.31836	26.3
61544.559	16.038	31549	1.05240e-04	3.32012	25.6	30962	1.07230e-04	3.32012	26.2	31589	1.05060e-04	3.31875	25.0	31250	1.06190e-04	3.31855	26.3
61545.747	16.038	31558	1.05210e-04	3.32012	25.6	30953	1.07260e-04	3.32012	26.2	31551	1.05190e-04	3.31875	25.0	31239	1.06230e-04	3.31855	26.3
61546.936	16.020	31549	1.05230e-04	3.31992	25.6	30919	1.07380e-04	3.32012	26.2	31538	1.05240e-04	3.31895	25.0	31281	1.06080e-04	3.31836	26.3
61548.124	16.020	31509	1.05380e-04	3.32031	25.6	30958	1.07240e-04	3.31992	26.2	31528	1.05260e-04	3.31875	25.0	31260	1.06150e-04	3.31836	26.3
61549.312	16.036	31502	1.05390e-04	3.32012	25.6	30932	1.07330e-04	3.31992	26.2	31510	1.05330e-04	3.31895	25.0	31245	1.06200e-04	3.31836	26.3
61550.500	16.036	31536	1.05280e-04	3.31992	25.6	30960	1.07230e-04	3.31992	26.2	31522	1.05280e-04	3.31875	25.0	31214	1.06320e-04	3.31855	26.3
61551.688	16.036	31543	1.05250e-04	3.31992	25.6	30958	1.07240e-04	3.31992	26.2	31541	1.05210e-04	3.31855	25.0	31229	1.06260e-04	3.31855	26.3
61552.877	16.026	31597	1.05070e-04	3.31992	25.6	30997	1.07120e-04	3.32031	26.2	31562	1.05160e-04	3.31895	25.0	31301	1.06020e-04	3.31855	26.3
61554.065	16.026	31574	1.05150e-04	3.32012	25.6	30995	1.07120e-04	3.32012	26.2	31620	1.04960e-04	3.31875	25.0	31271	1.06120e-04	3.31836	26.3
61555.253	16.013	31584	1.05110e-04	3.31992	25.6	30964	1.07230e-04	3.32012	26.2	31589	1.05050e-04	3.31855	25.0	31240	1.06220e-04	3.31836	26.3
61556.442	16.013	31576	1.05140e-04	3.31992	25.6	30950	1.07280e-04	3.32031	26.2	31556	1.05180e-04	3.31895	25.0	31211	1.06330e-04	3.31855	26.3
61557.630	16.007	31565	1.05180e-04	3.31992	25.6	30995	1.07120e-04	3.32031	26.2	31565	1.05140e-04	3.31875	25.0	31240	1.06220e-04	3.31836	26.3
61558.818	16.007	31509	1.05380e-04	3.32031	25.6	30906	1.07430e-04	3.32012	26.2	31533	1.05250e-04	3.31875	25.0	31203	1.06360e-04	3.31875	26.3
61560.006	16.007	31573	1.05150e-04	3.31992	25.6	30959	1.07240e-04	3.32012	26.2	31524	1.05280e-04	3.31895	25.0	31262	1.06150e-04	3.31836	26.3
61561.194	16.020	31534	1.05280e-04	3.31992	25.6	30964	1.07220e-04	3.31992	26.2	31496	1.05370e-04	3.31855	25.0	31294	1.06040e-04	3.31836	26.3
61562.383	16.020	31548	1.05240e-04	3.32012	25.7	30925	1.07360e-04	3.32012	26.2	31568	1.05140e-04	3.31895	25.0	31298	1.06030e-04	3.31855	26.3
61563.571	16.017	31552	1.05220e-04	3.31992	25.7	30923	1.07370e-04	3.32012	26.2	31545	1.05210e-04	3.31895	25.0	31251	1.06190e-04	3.31855	26.3
61564.759	16.017	31581	1.05130e-04	3.32012	25.7	30943	1.07300e-04	3.32012	26.2	31530	1.05260e-04	3.31875	25.0	31291	1.06050e-04	3.31855	26.3
61565.947	16.009	31584	1.05120e-04	3.32012	25.7	31009	1.07080e-04	3.32031	26.2	31551	1.05200e-04	3.31914	25.0	31316	1.05970e-04	3.31855	26.3
61567.136	16.009	31601	1.05060e-04	3.31992	25.7	30972	1.07200e-04	3.32012	26.2	31567	1.05140e-04	3.31895	25.0	31275	1.06100e-04	3.31836	26.3
61568.324	16.027	31542	1.05260e-04	3.32012	25.7	30966	1.07220e-04	3.32012	26.2	31526	1.05270e-04	3.31875	25.0	31267	1.06130e-04	3.31836	26.3
61569.512	16.027	31551	1.05230e-04	3.32012	25.7	30932	1.07340e-04	3.32031	26.2	31547	1.05210e-04	3.31895	25.0	31268	1.06130e-04	3.31855	26.3
61570.700	16.034	31518	1.05340e-04	3.32012	25.7	30927	1.07350e-04	3.32012	26.2	31570	1.05130e-04	3.31895	25.0	31299	1.06030e-04	3.31855	26.3
61571.888	16.034	31528	1.05310e-04	3.32031	25.7	30875	1.07530e-04	3.32012	26.2	31511	1.05320e-04	3.31875	25.0	31262	1.06150e-04	3.31855	26.3
61573.077	16.034	31538	1.05270e-04	3.32012	25.7	30937	1.07320e-04	3.32012	26.2	31485	1.05410e-04	3.31895	25.0	31262	1.06150e-04	3.31836	26.3
61574.265	16.034	31550	1.05230e-04	3.31992	25.7	30885	1.07490e-04	3.31992	26.2	31500	1.05360e-04	3.31875	25.0	31256	1.06160e-04	3.31816	26.3
61575.453	16.034	31560	1.05200e-04	3.32012	25.7	30915	1.07390e-04	3.32012	26.2	31543	1.05210e-04	3.31875	25.0	31283	1.06090e-04	3.31875	26.3
61576.641	16.030	31523	1.05320e-04	3.31992	25.7	30966	1.07220e-04	3.32012	26.2	31574	1.05120e-04	3.31895	25.0	31277	1.06100e-04	3.31855	26.3
61577.830	16.030	31492	1.05430e-04	3.32031	25.7	30869	1.07550e-04	3.32012	26.2	31520	1.05290e-04	3.31875	25.0	31259	1.06160e-04	3.31855	26.3
61579.018	16.023	31474	1.05490e-04	3.32012	25.7	30885	1.07510e-04	3.32031	26.2	31528	1.05270e-04	3.31895	25.0	31269	1.06130e-04	3.31855	26.3
61580.207	16.023	31514	1.05350e-04	3.32012	25.7	30876	1.07540e-04	3.32031	26.2	31515	1.05320e-04	3.31914	25.0	31208	1.06340e-04	3.31855	26.3
61581.394	16.029	31511	1.05360e-04	3.32012	25.7	30925	1.07370e-04	3.32051	26.2	31500	1.05360e-04	3.31875	25.0	31215	1.06320e-04	3.31875	26.3
61582.583	16.029	31553	1.05220e-04	3.32012	25.7	30932	1.07340e-04	3.32031	26.2	31537	1.05240e-04	3.31895	25.0	31294	1.06040e-04	3.31855	26.3
61583.771	16.029	31564	1.05190e-04	3.32012	25.7	31009	1.07070e-04	3.32012	26.2	31576	1.05110e-04	3.31895	25.0	31285	1.06080e-04	3.31855	26.3
61584.959	16.037	31552	1.05230e-04	3.32031	25.7	30974	1.07190e-04	3.32012	26.2	31601	1.05020e-04	3.31875	25.0	31262	1.06150e-04	3.31855	26.3
61586.147	16.037	31488	1.05440e-04	3.32012	25.7	30950	1.07280e-04	3.32012	26.2	31497	1.05370e-04	3.31895	25.0	31247	1.06200e-04	3.31855	26.3
61587.336	16.009	31561	1.05200e-04	3.32012	25.7	30950	1.07280e-04	3.32012	26.2	31495	1.05380e-04	3.31875	25.0	31310	1.05990e-04	3.31855	26.3
61588.524	16.009	31573	1.05160e-04	3.32012	25.7	30917	1.07390e-04	3.32012	26.2	31520	1.05290e-04	3.31855	25.0	31248	1.06210e-04	3.31875	26.3
61589.712	16.067	31571	1.05160e-04	3.32012	25.7	30955	1.07260e-04	3.32012	26.2	31580	1.05090e-04	3.31895	25.0	31322	1.05950e-04	3.31855	26.3
61590.900	16.067	31589	1.05100e-04	3.32012	25.7	31010	1.07070e-04	3.32012	26.2	31568	1.05130e-04	3.31875	25.0	31328	1.05920e-04	3.31836	26.3
61592.088	16.067	31536	1.05280e-04	3.32012	25.7	30977	1.07180e-04	3.32012	26.2	31573	1.05110e-04	3.31875	25.0	31275	1.06100e-04	3.31836	26.3
61593.277	16.019	31563	1.05190e-04	3.31992	25.7	30980	1.07170e-04	3.32031	26.2	31515	1.05310e-04	3.31895	25.0	31259	1.06160e-04	3.31836	26.3
61594.465	16.019	31591	1.05100e-04	3.32012	25.7	30986	1.07150e-04	3.32012	26.2	31535	1.05240e-04	3.31875	25.0	31297	1.06030e-04	3.31855	26.3
61595.653	16.051	31611	1.05030e-04	3.32012	25.7	30991	1.07140e-04	3.32031	26.2	31549	1.05200e-04	3.31875	25.0	31333	1.05920e-04	3.31875	26.3
61596.842	16.051	31591	1.05100e-04	3.32012	25.7	30944	1.07290e-04	3.32012	26.2	31562	1.05160e-04	3.31895	25.0	31296	1.06040e-04	3.31855	26.3
61598.030	16.026	31618	1.05010e-04	3.32012	25.7	30959	1.07240e-04	3.32012	26.2	31537	1.05230e-04	3.31875	25.0	31300	1.06020e-04	3.31855	26.3
61599.218	16.026	31600	1.05070e-04	3.32012	25.7	30991	1.07130e-04	3.32012	26.2	31605	1.05010e-04	3.31895	25.0	31284	1.06070e-04	3.31836	26.3
61600.406	16.006	31629	1.04970e-04	3.32012	25.7	31044	1.06950e-04	3.32012	26.2	31592	1.05060e-04	3.31895	25.0	31347	1.05870e-04	3.31855	26.3
61601.595	16.006	31540	1.05270e-04	3.32012	25.7	30973	1.07190e-04	3.31992	26.2	31595	1.05040e-04	3.31875	25.0	31327	1.05930e-04	3.31855	26.3
61602.783	16.006	31526	1.05320e-04	3.32031	25.7	30962	1.07230e-04	3.32012	26.2	31481	1.05420e-04	3.31875	25.0	31247	1.06200e-04	3.31855	26.3
61603.971	16.000	31559	1.05200e-04	3.32012	25.7	30962	1.07230e-04	3.32012	26.2	31529	1.05270e-04	3.31895	25.0	31250	1.06190e-04	3.31855	26.3
61605.159	16.000	31545	1.05250e-04	3.32012	25.7	30877	1.07530e-04	3.32012	26.2	31506	1.05330e-04	3.31855	25.0	31222	1.06280e-04	3.31836	26.3
61606.347	16.026	31588	1.05110e-04	3.32012	25.7	30909	1.07420e-04	3.32031	26.2	31464	1.05480e-04	3.31895	25.0	31287	1.06070e-04	3.31855	26.3
61607.536	16.026	31513	1.05360e-04	3.32012	25.7	30887	1.07500e-04	3.32031	26.2	31486	1.05410e-04	3.31895	25.0	31234	1.06250e-04	3.31855	26.3
61608.724	16.035	31548	1.05240e-04	3.32012	25.7	30918	1.07380e-04	3.31992	26.2	31531	1.05250e-04	3.31875	25.0	31234	1.06250e-04	3.31855	26.3
61609.912	16.035	31498	1.05400e-04	3.31992	25.7	30922	1.07370e-04	3.32012	26.2	31509	1.05330e-04	3.31875	25.0	31249	1.06200e-04	3.31855	26.3
61611.100	16.035	31537	1.05270e-04	3.31992	25.7	30966	1.07210e-04	3.31992	26.2	31568	1.05130e-04	3.31875	25.0	31235	1.06240e-04	3.31836	26.3
61612.289	16.040	31606	1.05050e-04	3.32012	25.7	30923	1.07370e-04	3.32012	26.2	31555	1.05180e-04	3.31875	25.0	31322	1.05950e-04	3.31855	26.3
61613.477	16.040	31536	1.05270e-04	3.31992	25.7	30928	1.07350e-04	3.32012	26.2	31592	1.05060e-04	3.31895	25.0	31232	1.06260e-04	3.31855	26.3
61614.665	16.042	31513	1.05360e-04	3.32012	25.7	30943	1.07300e-04	3.32012	26.2	31538	1.05230e-04	3.31875	25.0	31270	1.06130e-04	3.31875	26.3
61615.853	16.042	31528	1.05300e-04	3.31992	25.7	30952	1.07270e-04	3.32012	26.2	31487	1.05400e-04	3.31875	25.0	31241	1.06220e-04	3.31836	26.3
61617.041	16.025	31598	1.05070e-04	3.32012	25.7	30945	1.07290e-04	3.32012	26.2	31493	1.05380e-04	3.31875	25.0	31306	1.06000e-04	3.31855	26.3
61618.230	16.025	31560	1.05200e-04	3.32012	25.7	30991	1.07140e-04	3.32031	26.2	31576	1.05110e-04	3.31895	25.0	31311	1.05990e-04	3.31855	26.3
61619.418	16.021	31627	1.04970e-04	3.31992	25.7	30943	1.07300e-04	3.32012	26.2	31537	1.05240e-04	3.31895	25.0	31323	1.05940e-04	3.31836	26.3
61620.606	16.021	31633	1.04970e-04	3.32031	25.7	30987	1.07150e-04	3.32012	26.2	31591	1.05050e-04	3.31875	25.0	31268	1.06140e-04	3.31875	26.3
61621.795	16.011	31612	1.05030e-04	3.32031	25.7	31008	1.07080e-04	3.32031	26.2	31582	1.05090e-04	3.31895	25.0	31342	1.05890e-04	3.31875	26.3
61622.983	16.011	31580	1.05130e-04	3.31992	25.7	30941	1.07300e-04	3.31992	26.2	31607	1.05010e-04	3.31895	25.0	31302	1.06010e-04	3.31836	26.3
61624.171	16.011	31525	1.05320e-04	3.32031	25.7	30965	1.07230e-04	3.32031	26.2	31578	1.05100e-04	3.31895	25.0	31277	1.06100e-04	3.31855	26.3
61625.359	16.030	31516	1.05350e-04	3.32012	25.7	30890	1.07480e-04	3.32012	26.2	31518	1.05300e-04	3.31895	25.0	31320	1.05960e-04	3.31875	26.3
61626.547	16.030	31563	1.05200e-04	3.32031	25.7	30927	1.07350e-04	3.32012	26.2	31512	1.05320e-04	3.31875	25.0	31307	1.06000e-04	3.31855	26.3
61627.736	16.018	31565	1.05190e-04	3.32031	25.7	30918	1.07390e-04	3.32031	26.2	31482	1.05420e-04	3.31895	25.0	31263	1.06150e-04	3.31855	26.3
61628.924	16.018	31538	1.05270e-04	3.31992	25.7	30950	1.07280e-04	3.32012	26.2	31499	1.05360e-04	3.31875	25.0	31302	1.06010e-04	3.31836	26.3
61630.112	16.035	31516	1.05350e-04	3.32012	25.7	30943	1.07300e-04	3.32012	26.2	31515	1.05310e-04	3.31875	25.0	31234	1.06250e-04	3.31855	26.3
61631.300	16.035	31495	1.05420e-04	3.32012	25.7	30916	1.07400e-04	3.32031	26.2	31483	1.05420e-04	3.31895	25.0	31271	1.06120e-04	3.31855	26.3
61632.489	16.041	31549	1.05240e-04	3.32012	25.7	30930	1.07340e-04	3.32012	26.2	31497	1.05370e-04	3.31875	25.0	31228	1.06270e-04	3.31855	26.3
61633.677	16.041	31524	1.05310e-04	3.31992	25.7	30936	1.07320e-04	3.32012	26.2	31478	1.05440e-04	3.31895	25.0	31243	1.06220e-04	3.31875	26.3
61634.865	16.041	31556	1.05210e-04	3.32012	25.7	30945	1.07290e-04	3.32012	26.2	31530	1.05260e-04	3.31875	25.0	31232	1.06250e-04	3.31855	26.3
61636.053	16.044	31588	1.05100e-04	3.31992	25.7	30925	1.07350e-04	3.31992	26.2	31513	1.05310e-04	3.31875	25.0	31244	1.06210e-04	3.31836	26.3
61637.242	16.044	31489	1.05440e-04	3.32031	25.7	30892	1.07480e-04	3.32012	26.2	31508	1.05340e-04	3.31895	25.0	31313	1.05980e-04	3.31855	26.3
61638.430	16.047	31513	1.05360e-04	3.32012	25.7	30933	1.07330e-04	3.32012	26.2	31518	1.05300e-04	3.31895	25.0	31276	1.06110e-04	3.31875	26.3
61639.618	16.047	31558	1.05210e-04	3.32012	25.7	30961	1.07240e-04	3.32012	26.2	31508	1.05330e-04	3.31875	25.0	31236	1.06240e-04	3.31855	26.3
61640.806	16.025	31570	1.05170e-04	3.32012	25.7	30947	1.07280e-04	3.32012	26.2	31544	1.05220e-04	3.31895	25.0	31337	1.05900e-04	3.31855	26.3
61641.994	16.025	31574	1.05150e-04	3.32012	25.7	30957	1.07250e-04	3.32031	26.2	31519	1.05290e-04	3.31875	25.0	31268	1.06130e-04	3.31855	26.3
61643.183	16.025	31560	1.05200e-04	3.31992	25.7	31011	1.07060e-04	3.32012	26.2	31547	1.05200e-04	3.31875	25.0	31250	1.06190e-04	3.31836	26.3
61644.371	16.042	31551	1.05230e-04	3.32012	25.7	30911	1.07420e-04	3.32031	26.2	31542	1.05220e-04	3.31895	25.0	31281	1.06080e-04	3.31836	26.3
61645.559	16.042	31544	1.05250e-04	3.32012	25.7	30961	1.07240e-04	3.32031	26.2	31600	1.05020e-04	3.31875	25.0	31302	1.06020e-04	3.31875	26.3
61646.748	16.034	31491	1.05420e-04	3.31992	25.7	30878	1.07520e-04	3.32012	26.2	31523	1.05290e-04	3.31895	25.0	31222	1.06290e-04	3.31855	26.3
61647.936	16.034	31506	1.05380e-04	3.32012	25.7	30884	1.07500e-04	3.32012	26.2	31534	1.05240e-04	3.31875	25.0	31227	1.06260e-04	3.31836	26.3
61649.124	16.017	31492	1.05420e-04	3.31992	25.7	30904	1.07430e-04	3.31992	26.2	31467	1.05470e-04	3.31875	25.0	31229	1.06260e-04	3.31836	26.3
61650.312	16.017	31575	1.05140e-04	3.31992	25.7	30936	1.07320e-04	3.32012	26.2	31553	1.05190e-04	3.31895	25.0	31262	1.06150e-04	3.31855	26.3
61651.501	16.022	31513	1.05360e-04	3.32012	25.7	30947	1.07280e-04	3.32012	26.2	31578	1.05100e-04	3.31875	25.0	31261	1.06160e-04	3.31855	26.3
61652.688	16.022	31586	1.05110e-04	3.32012	25.7	30922	1.07370e-04	3.32012	26.2	31535	1.05240e-04	3.31875	25.0	31268	1.06130e-04	3.31855	26.3
61653.877	16.022	31565	1.05180e-04	3.31992	25.7	30952	1.07270e-04	3.32012	26.2	31560	1.05160e-04	3.31895	25.0	31279	1.06090e-04	3.31836	26.3
61655.065	16.027	31581	1.05130e-04	3.32012	25.7	30886	1.07500e-04	3.32031	26.2	31538	1.05230e-04	3.31875	25.0	31257	1.06160e-04	3.31836	26.3
61656.253	16.027	31567	1.05180e-04	3.32012	25.7	30958	1.07250e-04	3.32012	26.2	31534	1.05240e-04	3.31875	25.0	31315	1.05970e-04	3.31855	26.3
61657.442	16.030	31580	1.05130e-04	3.32012	25.6	30993	1.07120e-04	3.32012	26.2	31622	1.04950e-04	3.31875	25.0	31293	1.06050e-04	3.31855	26.3
61658.630	16.030	31571	1.05160e-04	3.31992	25.6	30909	1.07420e-04	3.32012	26.2	31553	1.05180e-04	3.31875	25.0	31297	1.06030e-04	3.31855	26.3
61659.818	16.031	31598	1.05070e-04	3.31992	25.6	30981	1.07160e-04	3.31992	26.2	31563	1.05150e-04	3.31875	25.0	31306	1.06000e-04	3.31836	26.3
61661.006	16.031	31526	1.05320e-04	3.32031	25.6	30979	1.07170e-04	3.31992	26.2	31574	1.05110e-04	3.31875	25.0	31276	1.06110e-04	3.31855	26.3
61662.195	16.031	31560	1.05200e-04	3.32012	25.6	30935	1.07320e-04	3.31992	26.2	31593	1.05050e-04	3.31875	25.0	31342	1.05880e-04	3.31855	26.3
61663.383	16.040	31495	1.05410e-04	3.31992	25.6	30987	1.07140e-04	3.31992	26.2	31584	1.05080e-04	3.31875	25.0	31297	1.06030e-04	3.31836	26.3
61664.571	16.040	31508	1.05370e-04	3.32012	25.6	30934	1.07340e-04	3.32031	26.2	31504	1.05350e-04	3.31895	25.0	31267	1.06130e-04	3.31855	26.3
61665.759	15.950	31483	1.05450e-04	3.31992	25.6	30928	1.07350e-04	3.32012	26.2	31512	1.05320e-04	3.31875	25.0	31279	1.06100e-04	3.31855	26.3
61666.947	15.950	31505	1.05380e-04	3.32012	25.6	30861	1.07580e-04	3.32012	26.2	31538	1.05230e-04	3.31875	25.0	31246	1.06200e-04	3.31836	26.3
61668.136	16.031	31560	1.05200e-04	3.32012	25.6	30912	1.07410e-04	3.32031	26.2	31559	1.05160e-04	3.31875	25.0	31240	1.06220e-04	3.31836	26.3
61669.324	16.031	31497	1.05400e-04	3.31992	25.6	30902	1.07440e-04	3.32012	26.2	31555	1.05170e-04	3.31875	25.0	31239	1.06230e-04	3.31855	26.3
61670.512	16.057	31533	1.05280e-04	3.31992	25.6	30945	1.07290e-04	3.32012	26.2	31560	1.05160e-04	3.31875	25.0	31239	1.06230e-04	3.31855	26.3
61671.701	16.057	31554	1.05210e-04	3.31973	25.6	30906	1.07430e-04	3.32012	26.2	31559	1.05160e-04	3.31875	25.0	31249	1.06200e-04	3.31855	26.3
61672.889	16.111	31538	1.05270e-04	3.32012	25.6	30897	1.07450e-04	3.31992	26.2	31508	1.05330e-04	3.31875	25.0	31291	1.06050e-04	3.31836	26.3
61674.077	16.111	31543	1.05260e-04	3.32012	25.6	30939	1.07310e-04	3.32012	26.2	31586	1.05070e-04	3.31895	25.0	31230	1.06260e-04	3.31855	26.3
61675.265	16.111	31521	1.05320e-04	3.31992	25.6	30923	1.07360e-04	3.31992	26.2	31576	1.05100e-04	3.31875	25.0	31257	1.06160e-04	3.31836	26.3
61676.454	16.052	31540	1.05270e-04	3.32012	25.6	30819	1.07730e-04	3.32012	26.2	31555	1.05170e-04	3.31875	25.0	31220	1.06300e-04	3.31855	26.3
61677.642	16.052	31566	1.05180e-04	3.31992	25.6	30899	1.07460e-04	3.32031	26.2	31558	1.05170e-04	3.31895	25.0	31288	1.06070e-04	3.31875	26.3
61678.830	16.047	31611	1.05020e-04	3.31992	25.6	30938	1.07320e-04	3.32012	26.2	31510	1.05320e-04	3.31875	25.0	31314	1.05980e-04	3.31855	26.3
61680.018	16.047	31523	1.05320e-04	3.32012	25.6	30916	1.07400e-04	3.32031	26.2	31587	1.05070e-04	3.31875	25.0	31248	1.06200e-04	3.31836	26.3
61681.207	16.053	31560	1.05200e-04	3.32012	25.6	30868	1.07560e-04	3.32012	26.2	31613	1.04980e-04	3.31875	25.0	31244	1.06210e-04	3.31836	26.3
61682.395	16.053	31580	1.05130e-04	3.31992	25.6	30960	1.07240e-04	3.32012	26.2	31588	1.05060e-04	3.31855	25.0	31309	1.05990e-04	3.31855	26.3
61683.583	16.009	31605	1.05050e-04	3.32012	25.6	30892	1.07480e-04	3.32031	26.2	31573	1.05120e-04	3.31895	25.0	31318	1.05960e-04	3.31855	26.3
61684.771	16.009	31574	1.05150e-04	3.31992	25.6	30922	1.07360e-04	3.31992	26.2	31549	1.05200e-04	3.31895	25.0	31292	1.06050e-04	3.31855	26.3
61685.959	16.009	31549	1.05230e-04	3.31992	25.6	30944	1.07290e-04	3.31992	26.2	31593	1.05050e-04	3.31875	25.0	31280	1.06090e-04	3.31836	26.3
61687.148	16.046	31509	1.05370e-04	3.32012	25.6	30940	1.07300e-04	3.31992	26.2	31541	1.05220e-04	3.31875	25.0	31302	1.06010e-04	3.31836	26.3
61688.336	16.046	31519	1.05330e-04	3.31992	25.6	30916	1.07380e-04	3.31992	26.2	31579	1.05090e-04	3.31875	25.0	31237	1.06240e-04	3.31855	26.3
61689.524	16.101	31504	1.05390e-04	3.32012	25.6	30886	1.07500e-04	3.32012	26.2	31562	1.05140e-04	3.31855	25.0	31287	1.06060e-04	3.31836	26.3
61690.712	16.101	31524	1.05320e-04	3.32012	25.6	30870	1.07560e-04	3.32031	26.2	31518	1.05300e-04	3.31895	25.0	31246	1.06210e-04	3.31855	26.3
61691.901	16.054	31553	1.05220e-04	3.31992	25.6	30891	1.07480e-04	3.32012	26.2	31491	1.05390e-04	3.31875	25.0	31219	1.06300e-04	3.31855	26.3
61693.089	16.054	31534	1.05290e-04	3.32012	25.6	30896	1.07470e-04	3.32031	26.2	31512	1.05320e-04	3.31875	25.0	31240	1.06220e-04	3.31836	26.3
61694.277	16.059	31588	1.05100e-04	3.31992	25.6	30976	1.07180e-04	3.31992	26.2	31597	1.05040e-04	3.31895	25.0	31259	1.06160e-04	3.31855	26.3
61695.466	16.059	31561	1.05190e-04	3.31992	25.6	30961	1.07240e-04	3.32012	26.2	31611	1.04980e-04	3.31855	25.0	31336	1.05900e-04	3.31855	26.3
61696.654	16.059	31513	1.05350e-04	3.31992	25.6	30887	1.07490e-04	3.32012	26.2	31528	1.05270e-04	3.31895	25.0	31279	1.06100e-04	3.31855	26.3
61697.842	16.011	31494	1.05420e-04	3.32012	25.6	30907	1.07420e-04	3.31992	26.2	31528	1.05270e-04	3.31895	25.0	31291	1.06060e-04	3.31855	26.3
61699.030	16.011	31579	1.05130e-04	3.31992	25.6	30932	1.07330e-04	3.31992	26.2	31540	1.05220e-04	3.31875	25.0	31205	1.06340e-04	3.31836	26.3
61700.219	16.030	31626	1.04970e-04	3.31992	25.6	30914	1.07400e-04	3.32012	26.2	31602	1.05020e-04	3.31875	25.0	31217	1.06300e-04	3.31836	26.3
61701.406	16.030	31533	1.05280e-04	3.31992	25.6	30949	1.07280e-04	3.32012	26.2	31586	1.05080e-04	3.31895	25.0	31266	1.06140e-04	3.31855	26.3
61702.595	16.021	31535	1.05280e-04	3.32012	25.6	30922	1.07370e-04	3.32012	26.2	31559	1.05160e-04	3.31875	25.0	31332	1.05920e-04	3.31855	26.3
61703.783	16.021	31616	1.05010e-04	3.32012	25.7	30895	1.07460e-04	3.32012	26.2	31526	1.05280e-04	3.31895	25.0	31308	1.06000e-04	3.31855	26.3
61704.971	16.021	31655	1.04880e-04	3.31992	25.6	30996	1.07110e-04	3.32012	26.2	31549	1.05190e-04	3.31875	25.0	31165	1.06480e-04	3.31836	26.3
61706.160	15.978	31590	1.05100e-04	3.32012	25.6	30961	1.07240e-04	3.32031	26.2	31626	1.04940e-04	3.31875	25.0	31271	1.06120e-04	3.31836	26.3
61707.348	15.978	31496	1.05410e-04	3.32012	25.6	30929	1.07350e-04	3.32012	26.2	31524	1.05280e-04	3.31895	25.0	31242	1.06220e-04	3.31855	26.3
61708.536	16.043	31500	1.05400e-04	3.32012	25.6	30877	1.07530e-04	3.32012	26.2	31505	1.05340e-04	3.31875	25.0	31217	1.06310e-04	3.31855	26.3
61709.724	16.043	31568	1.05170e-04	3.31992	25.7	30900	1.07450e-04	3.32012	26.2	31545	1.05210e-04	3.31895	25.0	31262	1.06150e-04	3.31855	26.3
61710.913	16.045	31552	1.05230e-04	3.32012	25.7	30892	1.07480e-04	3.32012	26.2	31502	1.05360e-04	3.31895	25.0	31223	1.06280e-04	3.31855	26.3
61712.101	16.045	31545	1.05250e-04	3.32012	25.7	30928	1.07350e-04	3.32012	26.2	31543	1.05210e-04	3.31875	25.0	31260	1.06150e-04	3.31836	26.3
61713.289	16.123	31566	1.05180e-04	3.32012	25.6	30915	1.07390e-04	3.31992	26.2	31539	1.05230e-04	3.31875	25.0	31317	1.05970e-04	3.31855	26.3
61714.477	16.123	31561	1.05200e-04	3.32012	25.6	30909	1.07410e-04	3.32012	26.2	31531	1.05250e-04	3.31875	25.0	31255	1.06180e-04	3.31855	26.3
61715.665	16.123	31601	1.05060e-04	3.31992	25.6	30941	1.07310e-04	3.32012	26.2	31576	1.05100e-04	3.31875	25.0	31264	1.06150e-04	3.31855	26.3
61716.854	16.044	31483	1.05460e-04	3.32012	25.7	30813	1.07750e-04	3.32012	26.2	31609	1.04990e-04	3.31855	25.0	31286	1.06060e-04	3.31836	26.3
61718.042	16.044	31602	1.05070e-04	3.32031	25.7	30933	1.07340e-04	3.32031	26.2	31554	1.05180e-04	3.31895	25.0	31285	1.06070e-04	3.31855	26.3
61719.230	16.029	31634	1.04950e-04	3.32012	25.7	30983	1.07170e-04	3.32031	26.2	31549	1.05200e-04	3.31895	25.0	31309	1.06000e-04	3.31855	26.3
61720.418	16.029	31584	1.05120e-04	3.32012	25.7	30959	1.07240e-04	3.32012	26.2	31540	1.05220e-04	3.31875	25.0	31309	1.05990e-04	3.31855	26.3
61721.607	16.014	31563	1.05190e-04	3.32012	25.7	30974	1.07190e-04	3.32012	26.2	31553	1.05190e-04	3.31895	25.0	31336	1.05900e-04	3.31855	26.3
61722.795	16.014	31551	1.05220e-04	3.31992	25.7	30912	1.07410e-04	3.32012	26.2	31500	1.05360e-04	3.31875	25.0	31314	1.05980e-04	3.31855	26.3
61723.983	16.014	31487	1.05440e-04	3.32012	25.7	30889	1.07480e-04	3.32012	26.2	31483	1.05410e-04	3.31875	25.0	31256	1.06170e-04	3.31836	26.3
61725.171	16.036	31560	1.05200e-04	3.32012	25.7	30884	1.07500e-04	3.32012	26.2	31498	1.05370e-04	3.31895	25.0	31234	1.06250e-04	3.31855	26.3
61726.360	16.036	31551	1.05220e-04	3.31973	25.7	30890	1.07480e-04	3.31992	26.2	31525	1.05280e-04	3.31875	25.0	31257	1.06170e-04	3.31855	26.3
61727.548	16.006	31554	1.05230e-04	3.32031	25.7	30942	1.07310e-04	3.32031	26.2	31506	1.05340e-04	3.31895	25.0	31227	1.06270e-04	3.31836	26.3
61728.736	16.006	31553	1.05220e-04	3.32012	25.7	30926	1.07360e-04	3.32031	26.2	31515	1.05310e-04	3.31895	25.0	31316	1.05980e-04	3.31875	26.3
61729.925	16.023	31540	1.05260e-04	3.31992	25.6	30955	1.07250e-04	3.32012	26.2	31548	1.05200e-04	3.31875	25.0	31309	1.06000e-04	3.31855	26.3
61731.112	16.023	31576	1.05150e-04	3.32012	25.6	30941	1.07310e-04	3.32012	26.2	31575	1.05110e-04	3.31895	25.0	31299	1.06020e-04	3.31836	26.3
61732.301	16.034	31576	1.05140e-04	3.31992	25.6	30957	1.07250e-04	3.32012	26.2	31580	1.05090e-04	3.31875	25.0	31288	1.06060e-04	3.31836	26.3
61733.489	16.034	31531	1.05300e-04	3.32012	25.6	30939	1.07310e-04	3.32012	26.2	31633	1.04910e-04	3.31875	25.0	31340	1.05890e-04	3.31855	26.3
61734.677	16.023	31554	1.05220e-04	3.32012	25.6	30945	1.07290e-04	3.32012	26.2	31585	1.05070e-04	3.31875	25.0	31301	1.06020e-04	3.31855	26.3
61735.866	16.023	31530	1.05300e-04	3.31992	25.6	30933	1.07330e-04	3.31992	26.2	31598	1.05030e-04	3.31875	25.0	31305	1.06010e-04	3.31855	26.3
61737.054	16.023	31560	1.05200e-04	3.31992	25.6	30903	1.07430e-04	3.31992	26.2	31541	1.05220e-04	3.31875	25.0	31259	1.06160e-04	3.31836	26.3
61738.242	16.042	31452	1.05550e-04	3.31992	25.6	30884	1.07500e-04	3.31992	26.2	31480	1.05420e-04	3.31875	25.0	31249	1.06190e-04	3.31836	26.3
61739.430	16.042	31522	1.05320e-04	3.31992	25.7	30933	1.07330e-04	3.32012	26.2	31520	1.05290e-04	3.31875	25.0	31270	1.06120e-04	3.31836	26.3
61740.618	16.032	31543	1.05260e-04	3.32012	25.7	30979	1.07170e-04	3.32012	26.2	31531	1.05250e-04	3.31875	25.0	31273	1.06120e-04	3.31855	26.3
61741.807	16.032	31552	1.05230e-04	3.32012	25.7	30946	1.07290e-04	3.32031	26.2	31532	1.05260e-04	3.31895	25.0	31286	1.06060e-04	3.31836	26.3
61742.995	16.038	31523	1.05320e-04	3.31992	25.7	30922	1.07370e-04	3.32012	26.2	31539	1.05230e-04	3.31875	25.0	31263	1.06150e-04	3.31855	26.3
61744.183	16.038	31613	1.05020e-04	3.32012	25.7	31018	1.07040e-04	3.32031	26.2	31602	1.05020e-04	3.31875	25.0	31297	1.06030e-04	3.31836	26.3
61745.372	16.023	31588	1.05110e-04	3.32012	25.7	30960	1.07240e-04	3.32012	26.2	31602	1.05020e-04	3.31895	25.0	31328	1.05930e-04	3.31855	26.3
61746.560	16.023	31600	1.05070e-04	3.32012	25.7	30981	1.07170e-04	3.32012	26.2	31644	1.04870e-04	3.31855	25.0	31370	1.05790e-04	3.31855	26.3
61747.748	16.023	31643	1.04930e-04	3.32031	25.7	30925	1.07370e-04	3.32031	26.2	31586	1.05080e-04	3.31914	25.0	31315	1.05970e-04	3.31855	26.3
61748.936	16.014	31611	1.05020e-04	3.31973	25.7	31004	1.07080e-04	3.31992	26.2	31591	1.05060e-04	3.31895	25.0	31295	1.06040e-04	3.31855	26.3
61750.125	16.014	31563	1.05200e-04	3.32031	25.7	30973	1.07200e-04	3.32031	26.2	31556	1.05170e-04	3.31855	25.0	31316	1.05960e-04	3.31836	26.3
61751.313	16.024	31586	1.05110e-04	3.32012	25.7	30952	1.07270e-04	3.32012	26.2	31652	1.04860e-04	3.31895	25.0	31330	1.05930e-04	3.31875	26.3
61752.501	16.024	31575	1.05150e-04	3.32012	25.7	30932	1.07340e-04	3.32012	26.2	31578	1.05100e-04	3.31895	25.0	31304	1.06010e-04	3.31855	26.3
61753.689	16.004	31531	1.05290e-04	3.31992	25.6	30914	1.07400e-04	3.32012	26.2	31586	1.05060e-04	3.31855	25.0	31289	1.06060e-04	3.31855	26.3
61754.878	16.004	31570	1.05170e-04	3.32012	25.6	30941	1.07300e-04	3.32012	26.2	31532	1.05250e-04	3.31875	25.0	31266	1.06130e-04	3.31836	26.3
61756.066	16.004	31576	1.05140e-04	3.31992	25.6	30910	1.07410e-04	3.32012	26.2	31574	1.05110e-04	3.31875	25.0	31287	1.06070e-04	3.31855	26.3
61757.254	16.041	31558	1.05200e-04	3.31992	25.7	30927	1.07350e-04	3.31992	26.2	31502	1.05350e-04	3.31875	25.0	31254	1.06180e-04	3.31855	26.3
61758.442	16.041	31516	1.05350e-04	3.32012	25.7	30905	1.07430e-04	3.32012	26.2	31549	1.05200e-04	3.31895	25.0	31271	1.06120e-04	3.31836	26.3
61759.630	16.041	31549	1.05230e-04	3.31992	25.7	30971	1.07200e-04	3.32012	26.2	31548	1.05200e-04	3.31875	25.0	31233	1.06250e-04	3.31855	26.3
61760.819	16.041	31597	1.05070e-04	3.31992	25.7	30901	1.07440e-04	3.31992	26.2	31556	1.05170e-04	3.31875	25.0	31271	1.06120e-04	3.31836	26.3
61762.007	16.030	31606	1.05050e-04	3.32012	25.7	30880	1.07520e-04	3.32012	26.2	31539	1.05230e-04	3.31875	25.0	31297	1.06030e-04	3.31836	26.3
61763.195	16.030	31554	1.05220e-04	3.32012	25.7	30976	1.07180e-04	3.32012	26.2	31491	1.05390e-04	3.31895	25.0	31269	1.06130e-04	3.31855	26.3
61764.384	16.018	31575	1.05150e-04	3.32012	25.7	30995	1.07120e-04	3.32012	26.2	31576	1.05100e-04	3.31875	25.0	31273	1.06120e-04	3.31855	26.3
61765.571	16.018	31568	1.05170e-04	3.31992	25.7	30945	1.07290e-04	3.32012	26.2	31590	1.05060e-04	3.31875	25.0	31289	1.06060e-04	3.31855	26.3
61766.760	16.018	31554	1.05210e-04	3.31992	25.6	30954	1.07260e-04	3.32012	26.2	31590	1.05050e-04	3.31855	25.0	31342	1.05880e-04	3.31836	26.3
61767.948	16.038	31560	1.05200e-04	3.32012	25.6	30942	1.07310e-04	3.32031	26.2	31586	1.05080e-04	3.31895	25.0	31301	1.06020e-04	3.31855	26.3
61769.136	16.038	31561	1.05190e-04	3.31992	25.7	30964	1.07230e-04	3.32012	26.2	31536	1.05240e-04	3.31895	25.0	31339	1.05890e-04	3.31855	26.3
61770.325	16.026	31556	1.05210e-04	3.32012	25.7	30962	1.07230e-04	3.32012	26.2	31587	1.05070e-04	3.31875	25.0	31309	1.06000e-04	3.31855	26.3
61771.513	16.026	31595	1.05080e-04	3.32012	25.7	30988	1.07140e-04	3.32012	26.2	31542	1.05220e-04	3.31895	25.0	31291	1.06060e-04	3.31855	26.3
61772.701	16.041	31571	1.05160e-04	3.31992	25.6	30922	1.07370e-04	3.31992	26.2	31629	1.04930e-04	3.31895	25.0	31303	1.06020e-04	3.31855	26.3
61773.889	16.041	31519	1.05340e-04	3.32012	25.6	30928	1.07350e-04	3.32012	26.2	31551	1.05190e-04	3.31875	25.0	31315	1.05970e-04	3.31836	26.3
61775.078	16.041	31508	1.05380e-04	3.32012	25.6	30965	1.07220e-04	3.31992	26.2	31526	1.05280e-04	3.31895	25.0	31249	1.06200e-04	3.31855	26.3
61776.266	16.057	31496	1.05410e-04	3.31992	25.7	30965	1.07210e-04	3.31992	26.2	31601	1.05020e-04	3.31875	25.0	31308	1.06000e-04	3.31855	26.3
61777.454	16.057	31619	1.05010e-04	3.32031	25.7	30926	1.07360e-04	3.32031	26.2	31570	1.05120e-04	3.31855	25.0	31330	1.05920e-04	3.31836	26.3
61778.642	16.045	31574	1.05150e-04	3.31992	25.7	30951	1.07280e-04	3.32031	26.2	31580	1.05100e-04	3.31895	25.0	31309	1.06000e-04	3.31875	26.3
61779.830	16.045	31537	1.05280e-04	3.32012	25.7	30932	1.07340e-04	3.32031	26.2	31571	1.05110e-04	3.31855	25.0	31201	1.06360e-04	3.31855	26.3
61781.019	16.033	31611	1.05040e-04	3.32031	25.6	30959	1.07250e-04	3.32031	26.2	31535	1.05250e-04	3.31895	25.0	31245	1.06200e-04	3.31836	26.3
61782.207	16.033	31570	1.05170e-04	3.32012	25.7	30972	1.07200e-04	3.32012	26.2	31578	1.05100e-04	3.31895	25.0	31260	1.06170e-04	3.31875	26.3
61783.395	16.030	31550	1.05230e-04	3.31992	25.7	30957	1.07250e-04	3.32012	26.2	31596	1.05040e-04	3.31875	25.0	31313	1.05970e-04	3.31836	26.3
61784.583	16.030	31518	1.05340e-04	3.32012	25.7	30898	1.07460e-04	3.32012	26.2	31535	1.05240e-04	3.31875	25.0	31278	1.06110e-04	3.31875	26.3
61785.772	16.034	31588	1.05100e-04	3.31992	25.7	30972	1.07200e-04	3.32012	26.2	31504	1.05350e-04	3.31895	25.0	31192	1.06390e-04	3.31855	26.3
61786.960	16.034	31600	1.05070e-04	3.32012	25.6	30936	1.07320e-04	3.32012	26.2	31580	1.05090e-04	3.31875	25.0	31283	1.06080e-04	3.31855	26.3
61788.148	16.034	31579	1.05140e-04	3.32012	25.6	30973	1.07200e-04	3.32031	26.2	31628	1.04940e-04	3.31895	25.0	31290	1.06060e-04	3.31855	26.3
61789.336	16.026	31617	1.05000e-04	3.31992	25.6	31034	1.06980e-04	3.32012	26.2	31615	1.04970e-04	3.31875	25.0	31332	1.05920e-04	3.31855	26.3
61790.525	16.026	31580	1.05140e-04	3.32031	25.6	30972	1.07200e-04	3.32031	26.2	31605	1.05010e-04	3.31875	25.0	31345	1.05870e-04	3.31855	26.3
61791.713	16.036	31562	1.05190e-04	3.31992	25.6	30896	1.07470e-04	3.32031	26.2	31572	1.05120e-04	3.31895	25.0	31260	1.06160e-04	3.31855	26.3
61792.901	16.036	31621	1.05000e-04	3.32012	25.6	30986	1.07150e-04	3.32012	26.2	31541	1.05220e-04	3.31875	25.0	31272	1.06110e-04	3.31836	26.3
61794.089	16.023	31564	1.05190e-04	3.32031	25.6	30994	1.07130e-04	3.32031	26.2	31650	1.04870e-04	3.31895	25.0	31232	1.06250e-04	3.31855	26.3
61795.278	16.023	31564	1.05190e-04	3.32012	25.6	30955	1.07250e-04	3.32012	26.2	31546	1.05210e-04	3.31895	25.0	31278	1.06100e-04	3.31855	26.3
61796.466	16.036	31543	1.05260e-04	3.32012	25.6	30930	1.07340e-04	3.32012	26.2	31513	1.05310e-04	3.31875	25.0	31254	1.06180e-04	3.31855	26.3
61797.654	16.036	31584	1.05130e-04	3.32031	25.6	30922	1.07370e-04	3.32012	26.2	31528	1.05260e-04	3.31875	25.0	31244	1.06210e-04	3.31855	26.3
61798.842	16.036	31605	1.05040e-04	3.31992	25.6	30950	1.07280e-04	3.32012	26.2	31569	1.05130e-04	3.31895	25.0	31260	1.06160e-04	3.31855	26.3
61800.030	16.040	31591	1.05100e-04	3.32012	25.6	30959	1.07250e-04	3.32031	26.2	31589	1.05070e-04	3.31895	25.0	31247	1.06200e-04	3.31855	26.3
61801.219	16.040	31532	1.05300e-04	3.32012	25.6	30973	1.07190e-04	3.32012	26.2	31533	1.05250e-04	3.31875	25.0	31283	1.06080e-04	3.31836	26.3
61802.407	16.021	31546	1.05250e-04	3.32012	25.6	30956	1.07260e-04	3.32031	26.2	31532	1.05260e-04	3.31895	25.0	31234	1.06250e-04	3.31855	26.3
61803.595	16.021	31516	1.05350e-04	3.32012	25.6	30940	1.07320e-04	3.32031	26.2	31580	1.05100e-04	3.31895	25.0	31289	1.06070e-04	3.31875	26.3
61804.783	16.021	31546	1.05250e-04	3.32012	25.6	30873	1.07550e-04	3.32031	26.2	31498	1.05360e-04	3.31875	25.0	31252	1.06190e-04	3.31855	26.3
61805.972	16.040	31525	1.05320e-04	3.32012	25.6	30951	1.07280e-04	3.32031	26.2	31583	1.05090e-04	3.31914	25.0	31262	1.06150e-04	3.31855	26.3
61807.160	16.040	31565	1.05180e-04	3.32012	25.6	30976	1.07180e-04	3.32012	26.2	31562	1.05160e-04	3.31895	25.0	31234	1.06250e-04	3.31855	26.3
61808.348	16.021	31570	1.05170e-04	3.32012	25.6	30917	1.07390e-04	3.32031	26.2	31577	1.05100e-04	3.31875	25.0	31311	1.05990e-04	3.31855	26.3
61809.537	16.021	31560	1.05200e-04	3.31992	25.6	30988	1.07140e-04	3.32012	26.2	31610	1.05000e-04	3.31895	25.0	31346	1.05880e-04	3.31875	26.3
61810.725	16.031	31640	1.04930e-04	3.32012	25.6	30963	1.07220e-04	3.31992	26.2	31583	1.05080e-04	3.31875	25.0	31299	1.06030e-04	3.31855	26.3
61811.913	16.031	31580	1.05130e-04	3.32012	25.6	30938	1.07320e-04	3.32012	26.2	31582	1.05090e-04	3.31895	25.0	31300	1.06020e-04	3.31836	26.3
61813.101	16.024	31633	1.04950e-04	3.31992	25.6	30949	1.07270e-04	3.31992	26.2	31612	1.04990e-04	3.31875	25.0	31292	1.06040e-04	3.31836	26.3
61814.289	16.024	31639	1.04940e-04	3.32031	25.6	31016	1.07050e-04	3.32031	26.2	31590	1.05060e-04	3.31875	25.0	31331	1.05920e-04	3.31855	26.3
61815.477	16.017	31596	1.05070e-04	3.31992	25.6	30957	1.07250e-04	3.32012	26.2	31588	1.05070e-04	3.31895	25.0	31352	1.05850e-04	3.31855	26.3
61816.666	16.017	31564	1.05190e-04	3.32012	25.6	30881	1.07520e-04	3.32031	26.2	31505	1.05340e-04	3.31875	25.0	31252	1.06180e-04	3.31836	26.3
61817.854	16.017	31541	1.05260e-04	3.32012	25.6	30912	1.07400e-04	3.32012	26.2	31498	1.05370e-04	3.31895	25.0	31270	1.06120e-04	3.31855	26.3
61819.043	16.031	31619	1.05000e-04	3.31992	25.6	30952	1.07260e-04	3.31992	26.2	31538	1.05240e-04	3.31895	25.0	31247	1.06200e-04	3.31836	26.3
61820.231	16.031	31581	1.05130e-04	3.32012	25.6	30919	1.07380e-04	3.32012	26.2	31635	1.04900e-04	3.31855	25.0	31228	1.06270e-04	3.31855	26.3
61821.419	16.010	31584	1.05120e-04	3.32012	25.6	30918	1.07380e-04	3.32012	26.2	31555	1.05180e-04	3.31895	25.0	31240	1.06230e-04	3.31855	26.3
61822.607	16.010	31580	1.05130e-04	3.31992	25.6	30941	1.07300e-04	3.31992	26.2	31568	1.05140e-04	3.31895	25.0	31220	1.06300e-04	3.31855	26.3
61823.796	16.036	31531	1.05300e-04	3.32031	25.6	30920	1.07380e-04	3.32031	26.2	31577	1.05110e-04	3.31895	25.0	31304	1.06010e-04	3.31836	26.3
61824.984	16.036	31492	1.05430e-04	3.32012	25.6	30912	1.07410e-04	3.32012	26.2	31489	1.05400e-04	3.31895	25.0	31230	1.06270e-04	3.31875	26.3
61826.172	16.036	31543	1.05250e-04	3.31992	25.6	30854	1.07610e-04	3.32012	26.2	31543	1.05220e-04	3.31895	25.0	31196	1.06380e-04	3.31855	26.3
61827.360	16.035	31509	1.05380e-04	3.32031	25.6	30869	1.07560e-04	3.32031	26.2	31513	1.05310e-04	3.31875	25.0	31214	1.06320e-04	3.31875	26.3
61828.548	16.035	31471	1.05490e-04	3.31992	25.6	30899	1.07450e-04	3.32012	26.2	31445	1.05550e-04	3.31895	25.0	31243	1.06230e-04	3.31875	26.3
61829.737	16.035	31494	1.05420e-04	3.32012	25.6	30914	1.07400e-04	3.32012	26.2	31469	1.05460e-04	3.31875	25.0	31198	1.06370e-04	3.31855	26.3
61830.925	16.035	31549	1.05240e-04	3.32031	25.6	30899	1.07460e-04	3.32031	26.2	31474	1.05450e-04	3.31895	25.0	31195	1.06380e-04	3.31855	26.3
61832.113	16.036	31554	1.05210e-04	3.31992	25.6	30899	1.07460e-04	3.32031	26.2	31542	1.05220e-04	3.31895	25.0	31255	1.06180e-04	3.31855	26.3
61833.301	16.036	31510	1.05370e-04	3.32012	25.6	30915	1.07390e-04	3.31992	26.2	31521	1.05290e-04	3.31895	25.0	31247	1.06200e-04	3.31836	26.3
61834.490	16.039	31569	1.05170e-04	3.32012	25.6	30933	1.07330e-04	3.32012	26.2	31507	1.05340e-04	3.31895	25.0	31251	1.06200e-04	3.31875	26.3
61835.678	16.039	31587	1.05100e-04	3.31992	25.6	30903	1.07440e-04	3.32012	26.2	31520	1.05300e-04	3.31895	25.0	31254	1.06180e-04	3.31855	26.3
61836.866	16.041	31631	1.04970e-04	3.32012	25.6	30931	1.07340e-04	3.32012	26.2	31535	1.05250e-04	3.31895	25.0	31244	1.06220e-04	3.31855	26.3
61838.054	16.041	31612	1.05030e-04	3.32012	25.6	30977	1.07180e-04	3.32012	26.2	31585	1.05070e-04	3.31875	25.0	31296	1.06030e-04	3.31836	26.3
61839.242	16.041	31600	1.05070e-04	3.32012	25.6	30932	1.07340e-04	3.32012	26.2	31594	1.05040e-04	3.31875	25.0	31283	1.06080e-04	3.31836	26.3
61840.430	16.032	31592	1.05090e-04	3.32012	25.6	30955	1.07260e-04	3.32031	26.2	31556	1.05180e-04	3.31895	25.0	31271	1.06130e-04	3.31875	26.3
61841.619	16.032	31609	1.05040e-04	3.32012	25.6	30968	1.07220e-04	3.32031	26.2	31570	1.05130e-04	3.31895	25.0	31311	1.05990e-04	3.31855	26.3
61842.807	16.011	31628	1.04970e-04	3.32012	25.6	30945	1.07300e-04	3.32031	26.2	31532	1.05260e-04	3.31895	25.0	31300	1.06020e-04	3.31855	26.3
61843.995	16.011	31523	1.05320e-04	3.32012	25.6	30951	1.07280e-04	3.32031	26.2	31551	1.05190e-04	3.31895	25.0	31241	1.06230e-04	3.31855	26.3
61845.183	16.029	31540	1.05260e-04	3.31992	25.6	30872	1.07540e-04	3.32012	26.2	31563	1.05150e-04	3.31875	25.0	31225	1.06270e-04	3.31836	26.3
61846.372	16.029	31543	1.05260e-04	3.32012	25.6	30869	1.07550e-04	3.32012	26.2	31532	1.05260e-04	3.31895	25.0	31246	1.06210e-04	3.31875	26.3
61847.560	16.046	31530	1.05300e-04	3.32012	25.6	30908	1.07420e-04	3.32012	26.2	31510	1.05330e-04	3.31895	25.0	31266	1.06140e-04	3.31855	26.3
61848.749	16.046	31572	1.05160e-04	3.32012	25.6	30923	1.07370e-04	3.32012	26.2	31475	1.05440e-04	3.31875	25.0	31228	1.06270e-04	3.31855	26.3
61849.937	16.046	31542	1.05250e-04	3.31992	25.6	30880	1.07520e-04	3.32012	26.2	31511	1.05320e-04	3.31875	25.0	31235	1.06240e-04	3.31836	26.3
61851.125	16.069	31560	1.05200e-04	3.32012	25.6	30864	1.07570e-04	3.32012	26.2	31489	1.05400e-04	3.31875	25.0	31237	1.06230e-04	3.31836	26.3
61852.313	16.069	31556	1.05210e-04	3.32012	25.6	30923	1.07380e-04	3.32031	26.2	31513	1.05320e-04	3.31895	25.0	31273	1.06120e-04	3.31875	26.3
61853.501	16.025	31511	1.05360e-04	3.32012	25.6	30913	1.07410e-04	3.32031	26.2	31479	1.05430e-04	3.31895	25.0	31223	1.06290e-04	3.31855	26.3
61854.690	16.025	31581	1.05120e-04	3.31992	25.6	30909	1.07420e-04	3.32031	26.2	31518	1.05290e-04	3.31855	25.0	31248	1.06200e-04	3.31855	26.3
61855.877	16.066	31557	1.05220e-04	3.32031	25.6	30908	1.07410e-04	3.31992	26.2	31578	1.05100e-04	3.31895	25.0	31282	1.06080e-04	3.31836	26.3
61857.066	16.066	31591	1.05100e-04	3.32012	25.6	30936	1.07330e-04	3.32051	26.2	31635	1.04910e-04	3.31895	25.0	31295	1.06050e-04	3.31875	26.3
61858.254	15.995	31578	1.05140e-04	3.32012	25.6	31012	1.07060e-04	3.32012	26.2	31582	1.05080e-04	3.31855	25.0	31301	1.06020e-04	3.31836	26.3
61859.443	15.995	31553	1.05230e-04	3.32031	25.6	30937	1.07330e-04	3.32031	26.2	31583	1.05090e-04	3.31914	25.0	31294	1.06050e-04	3.31875	26.3
61860.631	15.995	31587	1.05120e-04	3.32031	25.6	30936	1.07320e-04	3.32012	26.2	31548	1.05200e-04	3.31895	25.0	31228	1.06270e-04	3.31855	26.3
61861.819	16.008	31597	1.05080e-04	3.32031	25.6	30972	1.07200e-04	3.32012	26.2	31534	1.05250e-04	3.31895	25.0	31318	1.05960e-04	3.31836	26.3
61863.007	16.008	31554	1.05220e-04	3.32012	25.7	30913	1.07410e-04	3.32031	26.2	31544	1.05220e-04	3.31895	25.0	31255	1.06180e-04	3.31855	26.3
61864.195	16.012	31514	1.05360e-04	3.32031	25.7	30892	1.07480e-04	3.32031	26.2	31569	1.05130e-04	3.31895	25.0	31224	1.06280e-04	3.31855	26.3
61865.384	16.012	31573	1.05160e-04	3.32012	25.7	30932	1.07340e-04	3.32031	26.2	31495	1.05380e-04	3.31895	25.0	31292	1.06060e-04	3.31875	26.3
61866.572	16.045	31520	1.05340e-04	3.32031	25.7	30951	1.07280e-04	3.32031	26.2	31591	1.05060e-04	3.31895	25.0	31274	1.06120e-04	3.31875	26.3
61867.760	16.045	31546	1.05250e-04	3.32012	25.7	30925	1.07370e-04	3.32031	26.2	31549	1.05200e-04	3.31875	25.0	31221	1.06290e-04	3.31855	26.3
61868.949	16.045	31543	1.05260e-04	3.32012	25.7	30906	1.07430e-04	3.32012	26.2	31492	1.05390e-04	3.31895	25.0	31201	1.06370e-04	3.31875	26.3
61870.136	16.031	31503	1.05380e-04	3.31992	25.7	30943	1.07300e-04	3.32031	26.2	31566	1.05140e-04	3.31895	25.0	31234	1.06250e-04	3.31855	26.3
61871.325	16.031	31599	1.05070e-04	3.32031	25.7	30987	1.07150e-04	3.32012	26.2	31517	1.05300e-04	3.31855	25.0	31283	1.06080e-04	3.31836	26.3
61872.513	16.045	31531	1.05300e-04	3.32031	25.7	30947	1.07290e-04	3.32031	26.2	31602	1.05030e-04	3.31914	25.0	31322	1.05960e-04	3.31875	26.3
61873.701	16.045	31574	1.05160e-04	3.32031	25.7	30942	1.07300e-04	3.32012	26.2	31566	1.05140e-04	3.31895	25.0	31301	1.06020e-04	3.31855	26.3
61874.890	16.002	31583	1.05120e-04	3.32012	25.7	30952	1.07270e-04	3.32012	26.2	31599	1.05030e-04	3.31895	25.0	31318	1.05960e-04	3.31855	26.3
61876.078	16.002	31543	1.05260e-04	3.32012	25.7	30911	1.07420e-04	3.32031	26.2	31547	1.05210e-04	3.31895	25.0	31234	1.06250e-04	3.31855	26.3
61877.266	16.047	31530	1.05300e-04	3.32012	25.7	30948	1.07290e-04	3.32031	26.2	31523	1.05290e-04	3.31895	25.0	31232	1.06260e-04	3.31855	26.3
61878.454	16.047	31563	1.05200e-04	3.32031	25.7	30918	1.07380e-04	3.32012	26.2	31555	1.05170e-04	3.31875	25.0	31268	1.06140e-04	3.31875	26.3
61879.643	16.047	31575	1.05150e-04	3.32012	25.7	30952	1.07280e-04	3.32051	26.2	31531	1.05260e-04	3.31895	25.0	31242	1.06230e-04	3.31875	26.3
61880.831	16.064	31567	1.05180e-04	3.32012	25.6	30953	1.07270e-04	3.32031	26.2	31622	1.04950e-04	3.31875	25.0	31316	1.05970e-04	3.31855	26.3
61882.019	16.064	31564	1.05190e-04	3.32012	25.7	30918	1.07380e-04	3.31992	26.2	31602	1.05010e-04	3.31855	25.0	31273	1.06120e-04	3.31855	26.3
61883.208	16.051	31540	1.05270e-04	3.32012	25.7	30940	1.07310e-04	3.32012	26.2	31567	1.05140e-04	3.31895	25.0	31251	1.06190e-04	3.31855	26.3
61884.395	16.051	31585	1.05120e-04	3.32012	25.7	30886	1.07490e-04	3.32012	26.2	31551	1.05190e-04	3.31895	25.0	31206	1.06340e-04	3.31855	26.3
61885.584	16.034	31580	1.05130e-04	3.32012	25.7	30916	1.07380e-04	3.31992	26.2	31593	1.05050e-04	3.31875	25.0	31274	1.06110e-04	3.31855	26.3
61886.772	16.034	31534	1.05290e-04	3.32012	25.7	30930	1.07350e-04	3.32031	26.2	31558	1.05170e-04	3.31895	25.0	31282	1.06090e-04	3.31855	26.3
61887.960	16.058	31595	1.05080e-04	3.32012	25.7	30914	1.07400e-04	3.32012	26.2	31585	1.05070e-04	3.31875	25.0	31301	1.06020e-04	3.31855	26.3
61889.148	16.058	31584	1.05120e-04	3.32012	25.7	30967	1.07210e-04	3.32012	26.2	31575	1.05110e-04	3.31875	25.0	31305	1.06000e-04	3.31836	26.3
61890.337	16.058	31585	1.05120e-04	3.32012	25.7	30977	1.07190e-04	3.32031	26.2	31557	1.05180e-04	3.31914	25.0	31288	1.06070e-04	3.31875	26.3
61891.525	16.022	31559	1.05200e-04	3.32012	25.7	30953	1.07270e-04	3.32031	26.2	31547	1.05200e-04	3.31875	25.0	31289	1.06070e-04	3.31875	26.3
61892.713	16.022	31589	1.05100e-04	3.32012	25.7	30938	1.07330e-04	3.32051	26.2	31564	1.05150e-04	3.31895	25.0	31239	1.06230e-04	3.31855	26.3
61893.902	16.049	31510	1.05370e-04	3.32012	25.7	30923	1.07370e-04	3.32031	26.2	31591	1.05060e-04	3.31895	25.0	31298	1.06030e-04	3.31855	26.3
61895.090	16.049	31583	1.05120e-04	3.32012	25.7	30925	1.07360e-04	3.32012	26.2	31551	1.05190e-04	3.31875	25.0	31296	1.06040e-04	3.31855	26.3
61896.278	16.035	31550	1.05230e-04	3.32012	25.7	30869	1.07550e-04	3.32012	26.2	31484	1.05420e-04	3.31895	25.0	31244	1.06220e-04	3.31875	26.3
61897.466	16.035	31534	1.05290e-04	3.32012	25.7	30927	1.07350e-04	3.31992	26.2	31559	1.05160e-04	3.31875	25.0	31212	1.06320e-04	3.31855	26.3
61898.654	16.032	31520	1.05340e-04	3.32031	25.7	30927	1.07350e-04	3.32012	26.2	31541	1.05220e-04	3.31875	25.0	31237	1.06240e-04	3.31855	26.3
61899.842	16.032	31513	1.05360e-04	3.32012	25.7	30911	1.07410e-04	3.32031	26.2	31529	1.05270e-04	3.31914	25.0	31247	1.06200e-04	3.31855	26.3
61901.030	16.032	31510	1.05370e-04	3.32012	25.7	30903	1.07440e-04	3.32012	26.2	31530	1.05260e-04	3.31895	25.0	31287	1.06070e-04	3.31855	26.3
61902.219	16.071	31516	1.05350e-04	3.32012	25.7	30884	1.07510e-04	3.32031	26.2	31502	1.05360e-04	3.31895	25.0	31224	1.06280e-04	3.31855	26.3
61903.407	16.071	31602	1.05060e-04	3.32012	25.7	30890	1.07490e-04	3.32031	26.2	31482	1.05420e-04	3.31895	25.0	31242	1.06220e-04	3.31855	26.3
61904.596	16.041	31655	1.04890e-04	3.32012	25.7	30981	1.07170e-04	3.32031	26.2	31554	1.05180e-04	3.31875	25.0	31321	1.05950e-04	3.31836	26.3
61905.784	16.041	31585	1.05120e-04	3.32012	25.7	31033	1.06990e-04	3.32012	26.2	31636	1.04910e-04	3.31895	25.0	31370	1.05790e-04	3.31875	26.3
61906.972	16.033	31618	1.05010e-04	3.32031	25.7	30950	1.07270e-04	3.32012	26.2	31596	1.05040e-04	3.31895	25.0	31300	1.06020e-04	3.31855	26.3
61908.160	16.033	31598	1.05080e-04	3.32031	25.7	30960	1.07250e-04	3.32031	26.2	31551	1.05200e-04	3.31914	25.0	31276	1.06110e-04	3.31875	26.3
61909.348	16.008	31614	1.05030e-04	3.32031	25.7	30928	1.07350e-04	3.32012	26.2	31522	1.05290e-04	3.31895	25.0	31299	1.06030e-04	3.31875	26.3
61910.537	16.008	31533	1.05290e-04	3.32012	25.7	30943	1.07300e-04	3.32012	26.2	31512	1.05320e-04	3.31895	25.0	31268	1.06130e-04	3.31855	26.3
61911.725	16.008	31524	1.05320e-04	3.32012	25.7	30896	1.07460e-04	3.32012	26.2	31477	1.05430e-04	3.31875	25.0	31270	1.06120e-04	3.31855	26.3
61912.913	16.016	31528	1.05300e-04	3.31992	25.7	30896	1.07470e-04	3.32031	26.2	31515	1.05310e-04	3.31895	25.0	31266	1.06140e-04	3.31855	26.3
61914.101	16.016	31543	1.05260e-04	3.32012	25.7	30904	1.07430e-04	3.32012	26.2	31504	1.05350e-04	3.31895	25.0	31250	1.06190e-04	3.31855	26.3
61915.290	16.033	31522	1.05330e-04	3.32012	25.7	30870	1.07560e-04	3.32031	26.2	31506	1.05340e-04	3.31875	25.0	31221	1.06290e-04	3.31855	26.3
61916.478	16.033	31572	1.05150e-04	3.31992	25.7	30891	1.07480e-04	3.32031	26.2	31482	1.05420e-04	3.31895	25.0	31232	1.06260e-04	3.31875	26.3
61917.666	16.030	31517	1.05350e-04	3.32031	25.7	30940	1.07310e-04	3.32012	26.2	31555	1.05170e-04	3.31875	25.0	31260	1.06160e-04	3.31855	26.3
61918.854	16.030	31509	1.05370e-04	3.32012	25.7	30872	1.07550e-04	3.32031	26.2	31546	1.05210e-04	3.31895	25.0	31230	1.06260e-04	3.31855	26.3
61920.042	16.030	31525	1.05320e-04	3.32012	25.7	30924	1.07360e-04	3.32012	26.2	31515	1.05310e-04	3.31895	25.0	31271	1.06120e-04	3.31855	26.4
61921.231	16.028	31579	1.05130e-04	3.31992	25.7	30933	1.07330e-04	3.31992	26.2	31528	1.05260e-04	3.31855	25.0	31322	1.05940e-04	3.31836	26.4
61922.419	16.028	31571	1.05170e-04	3.32031	25.7	30967	1.07220e-04	3.32012	26.2	31550	1.05200e-04	3.31895	25.0	31362	1.05820e-04	3.31875	26.4
61923.607	16.037	31487	1.05450e-04	3.32031	25.7	30939	1.07320e-04	3.32031	26.2	31565	1.05150e-04	3.31895	25.0	31302	1.06020e-04	3.31875	26.4
61924.796	16.037	31617	1.05010e-04	3.32012	25.7	30935	1.07330e-04	3.32012	26.2	31541	1.05220e-04	3.31875	25.0	31284	1.06070e-04	3.31836	26.4
61925.984	16.001	31524	1.05320e-04	3.32012	25.7	30969	1.07210e-04	3.32031	26.2	31535	1.05250e-04	3.31895	25.0	31376	1.05770e-04	3.31855	26.4
61927.172	16.001	31549	1.05230e-04	3.31992	25.7	30914	1.07400e-04	3.32031	26.2	31489	1.05400e-04	3.31895	25.0	31246	1.06210e-04	3.31855	26.4
61928.360	16.006	31630	1.04970e-04	3.32031	25.7	30970	1.07210e-04	3.32031	26.2	31542	1.05220e-04	3.31895	25.0	31333	1.05910e-04	3.31855	26.4
61929.548	16.006	31536	1.05280e-04	3.32012	25.7	30918	1.07390e-04	3.32031	26.2	31570	1.05130e-04	3.31895	25.0	31330	1.05930e-04	3.31875	26.4
61930.737	16.005	31510	1.05370e-04	3.32012	25.7	31002	1.07100e-04	3.32031	26.2	31523	1.05290e-04	3.31895	25.0	31271	1.06130e-04	3.31875	26.4
61931.925	16.005	31543	1.05260e-04	3.32031	25.7	30946	1.07290e-04	3.32012	26.2	31547	1.05200e-04	3.31875	25.0	31266	1.06130e-04	3.31836	26.4
61933.113	16.005	31538	1.05280e-04	3.32031	25.7	30940	1.07320e-04	3.32051	26.2	31541	1.05230e-04	3.31914	25.0	31266	1.06150e-04	3.31895	26.4
61934.301	16.016	31551	1.05240e-04	3.32031	25.7	30952	1.07270e-04	3.32031	26.2	31594	1.05060e-04	3.31914	25.0	31316	1.05980e-04	3.31875	26.4
61935.490	16.016	31552	1.05230e-04	3.32012	25.7	30908	1.07420e-04	3.32012	26.2	31545	1.05210e-04	3.31875	25.0	31230	1.06270e-04	3.31875	26.4
61936.678	16.035	31568	1.05180e-04	3.32012	25.7	30905	1.07430e-04	3.32012	26.2	31515	1.05310e-04	3.31895	25.0	31286	1.06070e-04	3.31855	26.4
61937.866	16.035	31543	1.05260e-04	3.32031	25.7	30935	1.07330e-04	3.32031	26.2	31547	1.05210e-04	3.31914	25.0	31295	1.06050e-04	3.31875	26.4
61939.054	16.035	31515	1.05350e-04	3.31992	25.7	30865	1.07570e-04	3.32012	26.2	31475	1.05440e-04	3.31875	25.0	31241	1.06230e-04	3.31855	26.4
61940.243	16.034	31554	1.05230e-04	3.32031	25.7	30893	1.07470e-04	3.32012	26.2	31481	1.05420e-04	3.31875	25.0	31277	1.06100e-04	3.31855	26.4
61941.431	16.034	31646	1.04910e-04	3.32012	25.7	30945	1.07300e-04	3.32031	26.2	31534	1.05250e-04	3.31895	25.0	31330	1.05930e-04	3.31875	26.4
61942.619	16.036	31481	1.05460e-04	3.31992	25.7	31017	1.07040e-04	3.32012	26.2	31526	1.05270e-04	3.31875	25.0	31295	1.06040e-04	3.31855	26.4
61943.807	16.036	31534	1.05290e-04	3.32031	25.7	30906	1.07430e-04	3.32012	26.2	31476	1.05440e-04	3.31895	25.0	31242	1.06220e-04	3.31855	26.4
61944.996	16.042	31594	1.05090e-04	3.32012	25.7	30937	1.07330e-04	3.32031	26.2	31526	1.05280e-04	3.31895	25.0	31276	1.06110e-04	3.31855	26.4
61946.184	16.042	31573	1.05160e-04	3.32012	25.7	30931	1.07340e-04	3.32012	26.2	31564	1.05150e-04	3.31895	25.0	31314	1.05980e-04	3.31855	26.4
61947.372	16.038	31547	1.05250e-04	3.32031	25.7	30954	1.07260e-04	3.32012	26.2	31570	1.05130e-04	3.31895	25.0	31263	1.06160e-04	3.31875	26.4
61948.560	16.038	31536	1.05270e-04	3.31992	25.7	30901	1.07440e-04	3.31992	26.2	31532	1.05250e-04	3.31875	25.0	31317	1.05970e-04	3.31855	26.4
61949.749	16.041	31516	1.05350e-04	3.32012	25.7	30942	1.07310e-04	3.32031	26.2	31564	1.05150e-04	3.31895	25.0	31340	1.05890e-04	3.31855	26.4
61950.937	16.041	31597	1.05080e-04	3.32031	25.7	30902	1.07450e-04	3.32031	26.2	31485	1.05410e-04	3.31895	25.0	31309	1.06000e-04	3.31875	26.4
61952.125	16.041	31478	1.05470e-04	3.32012	25.7	30980	1.07180e-04	3.32031	26.2	31533	1.05250e-04	3.31875	25.0	31264	1.06150e-04	3.31855	26.4
61953.313	16.027	31610	1.05030e-04	3.32012	25.7	30927	1.07350e-04	3.32012	26.2	31515	1.05310e-04	3.31895	25.0	31290	1.06060e-04	3.31875	26.4
61954.501	16.027	31570	1.05170e-04	3.32012	25.7	30985	1.07160e-04	3.32031	26.2	31558	1.05170e-04	3.31895	25.0	31295	1.06050e-04	3.31875	26.4
61955.690	16.038	31561	1.05190e-04	3.31992	25.7	30976	1.07180e-04	3.32012	26.2	31530	1.05260e-04	3.31875	25.0	31329	1.05920e-04	3.31836	26.4
61956.878	16.038	31550	1.05240e-04	3.32031	25.7	30909	1.07420e-04	3.32012	26.2	31556	1.05180e-04	3.31895	25.0	31286	1.06070e-04	3.31855	26.4
61958.066	16.049	31563	1.05190e-04	3.32012	25.7	31004	1.07090e-04	3.32031	26.3	31516	1.05310e-04	3.31895	25.0	31270	1.06120e-04	3.31855	26.4
61959.254	16.049	31526	1.05310e-04	3.32012	25.7	30959	1.07240e-04	3.32012	26.3	31549	1.05200e-04	3.31875	25.0	31340	1.05900e-04	3.31875	26.4
61960.443	16.028	31529	1.05300e-04	3.32012	25.7	30888	1.07490e-04	3.32012	26.3	31448	1.05540e-04	3.31895	25.0	31357	1.05840e-04	3.31875	26.4
61961.631	16.028	31520	1.05330e-04	3.31992	25.7	30907	1.07420e-04	3.32012	26.3	31489	1.05400e-04	3.31895	25.0	31257	1.06180e-04	3.31875	26.4
61962.819	16.028	31499	1.05410e-04	3.32031	25.7	30879	1.07520e-04	3.32012	26.3	31536	1.05240e-04	3.31875	25.0	31204	1.06350e-04	3.31836	26.4
61964.007	16.033	31499	1.05410e-04	3.32031	25.7	30915	1.07410e-04	3.32051	26.3	31542	1.05230e-04	3.31914	25.0	31258	1.06170e-04	3.31875	26.4
61965.196	16.033	31531	1.05300e-04	3.32012	25.7	30901	1.07450e-04	3.32031	26.3	31522	1.05290e-04	3.31895	25.0	31292	1.06050e-04	3.31855	26.4
61966.384	16.028	31511	1.05370e-04	3.32031	25.7	30895	1.07470e-04	3.32031	26.3	31514	1.05310e-04	3.31875	25.0	31249	1.06200e-04	3.31875	26.4
61967.572	16.028	31555	1.05220e-04	3.32031	25.7	30887	1.07500e-04	3.32031	26.3	31496	1.05380e-04	3.31895	25.0	31204	1.06350e-04	3.31855	26.4
61968.760	16.053	31506	1.05380e-04	3.32012	25.7	30856	1.07610e-04	3.32031	26.3	31514	1.05320e-04	3.31895	25.0	31298	1.06030e-04	3.31855	26.4
61969.948	16.053	31603	1.05060e-04	3.32012	25.7	30863	1.07580e-04	3.32012	26.3	31496	1.05370e-04	3.31875	25.0	31327	1.05930e-04	3.31855	26.4
61971.137	16.053	31603	1.05060e-04	3.32012	25.7	30986	1.07150e-04	3.32031	26.3	31554	1.05180e-04	3.31895	25.0	31381	1.05750e-04	3.31855	26.4
61972.325	16.038	31531	1.05300e-04	3.32012	25.7	30944	1.07290e-04	3.32012	26.3	31530	1.05250e-04	3.31855	25.0	31317	1.05970e-04	3.31855	26.4
61973.513	16.038	31478	1.05480e-04	3.32012	25.7	30876	1.07540e-04	3.32031	26.3	31490	1.05400e-04	3.31914	25.0	31280	1.06100e-04	3.31875	26.4
61974.701	16.054	31515	1.05360e-04	3.32031	25.7	30849	1.07630e-04	3.32012	26.3	31480	1.05430e-04	3.31895	25.0	31268	1.06120e-04	3.31836	26.4
61975.890	16.054	31486	1.05450e-04	3.32012	25.7	30886	1.07490e-04	3.32012	26.3	31485	1.05410e-04	3.31875	25.0	31262	1.06150e-04	3.31855	26.4
61977.078	16.070	31505	1.05380e-04	3.32012	25.7	30900	1.07450e-04	3.32031	26.3	31477	1.05440e-04	3.31895	25.0	31290	1.06060e-04	3.31855	26.4
61978.266	16.070	31528	1.05300e-04	3.31992	25.7	30890	1.07480e-04	3.32012	26.3	31520	1.05300e-04	3.31895	25.0	31244	1.06220e-04	3.31855	26.4
61979.455	16.025	31556	1.05210e-04	3.32012	25.7	30901	1.07450e-04	3.32031	26.3	31461	1.05490e-04	3.31895	25.0	31245	1.06210e-04	3.31855	26.4
61980.643	16.025	31588	1.05110e-04	3.32031	25.7	30962	1.07230e-04	3.32012	26.3	31553	1.05190e-04	3.31895	25.0	31379	1.05760e-04	3.31855	26.4
61981.831	16.025	31630	1.04970e-04	3.32012	25.7	30974	1.07190e-04	3.32012	26.3	31618	1.04960e-04	3.31875	25.0	31326	1.05940e-04	3.31855	26.4
61983.019	16.030	31633	1.04960e-04	3.32012	25.7	30968	1.07220e-04	3.32031	26.3	31556	1.05180e-04	3.31895	25.0	31328	1.05930e-04	3.31855	26.4
61984.207	16.030	31567	1.05180e-04	3.32012	25.7	31003	1.07090e-04	3.32012	26.3	31549	1.05200e-04	3.31914	25.0	31392	1.05710e-04	3.31855	26.4
61985.396	16.024	31578	1.05140e-04	3.32012	25.7	30982	1.07160e-04	3.32012	26.3	31560	1.05160e-04	3.31875	25.0	31327	1.05920e-04	3.31816	26.4
61986.584	16.024	31572	1.05170e-04	3.32031	25.7	30949	1.07280e-04	3.32031	26.3	31540	1.05230e-04	3.31895	25.0	31249	1.06200e-04	3.31875	26.4
61987.772	16.020	31544	1.05250e-04	3.32012	25.7	30986	1.07150e-04	3.32031	26.2	31582	1.05090e-04	3.31895	25.0	31277	1.06100e-04	3.31855	26.4
61988.961	16.020	31527	1.05310e-04	3.32012	25.7	30953	1.07260e-04	3.32012	26.2	31523	1.05280e-04	3.31875	25.0	31230	1.06250e-04	3.31836	26.4
61990.148	16.020	31490	1.05430e-04	3.32012	25.7	30935	1.07330e-04	3.32031	26.2	31510	1.05330e-04	3.31895	25.0	31286	1.06080e-04	3.31875	26.4
61991.337	16.037	31551	1.05230e-04	3.32012	25.7	30931	1.07340e-04	3.32012	26.2	31515	1.05310e-04	3.31895	25.0	31301	1.06020e-04	3.31855	26.4
61992.525	16.037	31511	1.05360e-04	3.31992	25.7	30971	1.07200e-04	3.32012	26.2	31500	1.05360e-04	3.31895	25.0	31263	1.06150e-04	3.31855	26.4
61993.714	16.025	31502	1.05400e-04	3.32031	25.7	30882	1.07510e-04	3.32012	26.2	31489	1.05400e-04	3.31875	25.0	31255	1.06180e-04	3.31855	26.4
61994.902	16.025	31490	1.05430e-04	3.32012	25.7	30916	1.07390e-04	3.32012	26.2	31520	1.05300e-04	3.31895	25.0	31241	1.06220e-04	3.31855	26.4
61996.090	16.042	31506	1.05380e-04	3.32012	25.7	30908	1.07420e-04	3.32012	26.2	31538	1.05230e-04	3.31875	25.0	31251	1.06190e-04	3.31855	26.4
61997.278	16.042	31512	1.05370e-04	3.32031	25.7	30935	1.07320e-04	3.31992	26.2	31541	1.05220e-04	3.31875	25.0	31242	1.06220e-04	3.31855	26.4
61998.467	16.044	31476	1.05480e-04	3.32012	25.7	30915	1.07400e-04	3.32031	26.2	31484	1.05420e-04	3.31914	25.0	31216	1.06310e-04	3.31855	26.4
61999.655	16.044	31433	1.05620e-04	3.31992	25.7	30901	1.07440e-04	3.32012	26.2	31495	1.05380e-04	3.31875	25.0	31299	1.06030e-04	3.31855	26.4
62000.843	16.025	31487	1.05450e-04	3.32031	25.7	30893	1.07470e-04	3.31992	26.2	31510	1.05320e-04	3.31875	25.0	31329	1.05920e-04	3.31855	26.4
62002.031	16.025	31505	1.05380e-04	3.32012	25.7	30904	1.07440e-04	3.32031	26.2	31494	1.05380e-04	3.31895	25.0	31244	1.06220e-04	3.31855	26.4
62003.219	16.025	31556	1.05210e-04	3.32012	25.7	30879	1.07530e-04	3.32031	26.2	31491	1.05390e-04	3.31875	25.0	31244	1.06210e-04	3.31855	26.4
62004.407	16.061	31511	1.05370e-04	3.32031	25.7	30959	1.07250e-04	3.32031	26.2	31583	1.05090e-04	3.31895	25.0	31311	1.05990e-04	3.31855	26.4
62005.596	16.061	31486	1.05450e-04	3.32012	25.7	30943	1.07300e-04	3.32031	26.2	31553	1.05190e-04	3.31895	25.0	31258	1.06170e-04	3.31855	26.4
62006.784	16.054	31533	1.05290e-04	3.31992	25.7	30903	1.07440e-04	3.32012	26.2	31526	1.05280e-04	3.31895	25.0	31250	1.06190e-04	3.31855	26.4
62007.973	16.054	31480	1.05470e-04	3.32012	25.7	30892	1.07480e-04	3.32012	26.2	31534	1.05240e-04	3.31875	25.0	31238	1.06230e-04	3.31836	26.4
62009.160	16.046	31480	1.05470e-04	3.32012	25.7	30866	1.07560e-04	3.32012	26.2	31469	1.05470e-04	3.31895	25.0	31252	1.06190e-04	3.31855	26.4
62010.349	16.046	31544	1.05250e-04	3.32012	25.7	30863	1.07580e-04	3.32012	26.2	31540	1.05220e-04	3.31875	25.0	31221	1.06290e-04	3.31855	26.4
62011.537	16.025	31561	1.05200e-04	3.32031	25.7	30906	1.07420e-04	3.31992	26.2	31567	1.05130e-04	3.31875	25.0	31293	1.06040e-04	3.31836	26.4
62012.725	16.025	31592	1.05090e-04	3.32012	25.7	30957	1.07250e-04	3.32031	26.2	31585	1.05070e-04	3.31875	25.0	31323	1.05950e-04	3.31855	26.4
62013.914	16.025	31548	1.05240e-04	3.32012	25.7	30993	1.07120e-04	3.32012	26.2	31574	1.05120e-04	3.31895	25.0	31343	1.05870e-04	3.31836	26.4
62015.102	16.036	31609	1.05040e-04	3.32012	25.7	30944	1.07290e-04	3.32012	26.2	31556	1.05170e-04	3.31875	25.0	31337	1.05890e-04	3.31836	26.4
62016.290	16.036	31649	1.04900e-04	3.32012	25.7	31018	1.07040e-04	3.32031	26.2	31596	1.05040e-04	3.31875	25.0	31379	1.05760e-04	3.31855	26.4
62017.478	15.983	31586	1.05110e-04	3.32012	25.7	30983	1.07160e-04	3.32012	26.2	31538	1.05230e-04	3.31875	25.0	31358	1.05820e-04	3.31836	26.4
62018.666	15.983	31551	1.05230e-04	3.32012	25.7	30922	1.07370e-04	3.32012	26.2	31589	1.05070e-04	3.31895	25.0	31275	1.06110e-04	3.31855	26.4
62019.855	15.983	31551	1.05230e-04	3.32012	25.7	30939	1.07310e-04	3.32012	26.2	31486	1.05400e-04	3.31875	25.0	31285	1.06080e-04	3.31855	26.4
62021.043	16.010	31532	1.05290e-04	3.32012	25.7	30896	1.07460e-04	3.31992	26.2	31543	1.05210e-04	3.31875	25.0	31256	1.06170e-04	3.31836	26.4
62022.231	16.010	31512	1.05360e-04	3.32012	25.7	30922	1.07370e-04	3.31992	26.2	31475	1.05450e-04	3.31895	25.0	31296	1.06040e-04	3.31855	26.4
62023.419	16.027	31548	1.05240e-04	3.32012	25.7	30864	1.07570e-04	3.32012	26.2	31527	1.05270e-04	3.31875	25.0	31294	1.06040e-04	3.31855	26.4
62024.608	16.027	31494	1.05420e-04	3.32012	25.7	30876	1.07530e-04	3.32012	26.2	31540	1.05230e-04	3.31895	25.0	31273	1.06120e-04	3.31855	26.4
62025.796	16.033	31521	1.05330e-04	3.32012	25.7	30845	1.07640e-04	3.32012	26.2	31471	1.05450e-04	3.31875	25.0	31248	1.06200e-04	3.31855	26.4
62026.984	16.033	31539	1.05280e-04	3.32031	25.7	30903	1.07440e-04	3.32012	26.2	31533	1.05250e-04	3.31875	25.0	31260	1.06160e-04	3.31855	26.4
62028.172	16.040	31552	1.05230e-04	3.32012	25.7	30987	1.07150e-04	3.32012	26.2	31511	1.05330e-04	3.31895	25.0	31336	1.05900e-04	3.31855	26.4
62029.361	16.040	31589	1.05100e-04	3.31992	25.7	30945	1.07300e-04	3.32031	26.2	31593	1.05050e-04	3.31875	25.0	31303	1.06010e-04	3.31855	26.4
62030.549	16.037	31573	1.05160e-04	3.32012	25.7	30988	1.07140e-04	3.32012	26.2	31570	1.05130e-04	3.31895	25.0	31328	1.05920e-04	3.31836	26.4
62031.737	16.037	31528	1.05310e-04	3.32012	25.7	30916	1.07390e-04	3.32012	26.2	31515	1.05310e-04	3.31895	25.0	31247	1.06200e-04	3.31855	26.4
62032.925	16.037	31589	1.05100e-04	3.31992	25.7	31017	1.07040e-04	3.32012	26.2	31554	1.05180e-04	3.31875	25.0	31294	1.06040e-04	3.31855	26.4
62034.114	16.038	31559	1.05210e-04	3.32031	25.7	30999	1.07100e-04	3.31992	26.2	31574	1.05110e-04	3.31875	25.0	31400	1.05690e-04	3.31855	26.4
62035.302	16.038	31569	1.05160e-04	3.31992	25.7	30939	1.07310e-04	3.32012	26.2	31571	1.05130e-04	3.31895	25.0	31348	1.05860e-04	3.31855	26.4
62036.490	16.038	31565	1.05180e-04	3.31992	25.7	30908	1.07420e-04	3.32012	26.2	31514	1.05310e-04	3.31875	25.0	31287	1.06070e-04	3.31855	26.4
62037.678	16.038	31534	1.05290e-04	3.32012	25.7	30901	1.07440e-04	3.32012	26.2	31512	1.05320e-04	3.31895	25.0	31273	1.06120e-04	3.31855	26.4
62038.866	16.049	31570	1.05170e-04	3.32012	25.7	30878	1.07530e-04	3.32031	26.2	31573	1.05120e-04	3.31895	25.0	31290	1.06060e-04	3.31855	26.4
62040.055	16.049	31608	1.05050e-04	3.32031	25.7	30927	1.07350e-04	3.32012	26.2	31600	1.05020e-04	3.31875	25.0	31320	1.05950e-04	3.31836	26.4
62041.243	16.049	31594	1.05080e-04	3.31992	25.7	30963	1.07230e-04	3.32012	26.2	31521	1.05290e-04	3.31875	25.0	31359	1.05820e-04	3.31855	26.4
62042.431	16.058	31561	1.05190e-04	3.31992	25.7	30975	1.07190e-04	3.32031	26.2	31571	1.05130e-04	3.31895	25.0	31352	1.05850e-04	3.31855	26.4
62043.620	16.058	31567	1.05180e-04	3.32012	25.7	30962	1.07230e-04	3.32012	26.2	31552	1.05190e-04	3.31895	25.0	31273	1.06120e-04	3.31855	26.4
62044.807	16.055	31526	1.05310e-04	3.31992	25.7	30940	1.07300e-04	3.31992	26.2	31573	1.05110e-04	3.31875	25.0	31299	1.06020e-04	3.31836	26.4
62045.996	16.055	31535	1.05280e-04	3.32012	25.7	30897	1.07450e-04	3.31992	26.2	31529	1.05260e-04	3.31875	25.0	31219	1.06290e-04	3.31836	26.4
62047.184	16.026	31568	1.05170e-04	3.32012	25.7	30991	1.07130e-04	3.32012	26.2	31521	1.05290e-04	3.31875	25.0	31302	1.06020e-04	3.31875	26.4
62048.372	16.026	31631	1.04960e-04	3.31992	25.7	30950	1.07270e-04	3.31992	26.2	31541	1.05210e-04	3.31855	25.0	31284	1.06080e-04	3.31855	26.4
62049.560	16.037	31586	1.05110e-04	3.32012	25.7	30892	1.07480e-04	3.32012	26.2	31527	1.05270e-04	3.31875	25.0	31310	1.05980e-04	3.31836	26.4
62050.749	16.037	31587	1.05110e-04	3.32012	25.7	30962	1.07230e-04	3.32012	26.2	31585	1.05080e-04	3.31895	25.0	31386	1.05730e-04	3.31855	26.4
62051.937	16.052	31516	1.05350e-04	3.32012	25.7	30926	1.07360e-04	3.32012	26.2	31568	1.05130e-04	3.31875	25.0	31315	1.05970e-04	3.31836	26.4
62053.125	16.052	31560	1.05200e-04	3.32012	25.7	30923	1.07370e-04	3.32012	26.2	31541	1.05220e-04	3.31875	25.0	31243	1.06220e-04	3.31855	26.4
62054.313	16.052	31521	1.05320e-04	3.31992	25.7	30927	1.07350e-04	3.32012	26.2	31558	1.05170e-04	3.31895	25.0	31285	1.06070e-04	3.31855	26.4
62055.502	16.045	31514	1.05350e-04	3.31992	25.7	30922	1.07370e-04	3.32012	26.2	31490	1.05390e-04	3.31875	25.0	31233	1.06250e-04	3.31836	26.4
62056.690	16.045	31543	1.05260e-04	3.32012	25.7	30914	1.07400e-04	3.32012	26.2	31527	1.05270e-04	3.31875	25.0	31259	1.06160e-04	3.31855	26.4
62057.879	16.049	31576	1.05150e-04	3.32012	25.7	30941	1.07300e-04	3.31992	26.2	31551	1.05190e-04	3.31895	25.0	31309	1.05990e-04	3.31836	26.4
62059.066	16.049	31531	1.05290e-04	3.31992	25.7	30926	1.07360e-04	3.32012	26.2	31521	1.05290e-04	3.31875	25.0	31267	1.06130e-04	3.31855	26.4
62060.255	16.050	31568	1.05180e-04	3.32012	25.7	30915	1.07390e-04	3.32012	26.2	31529	1.05260e-04	3.31875	25.0	31318	1.05960e-04	3.31855	26.4
62061.443	16.050	31573	1.05160e-04	3.32012	25.7	30881	1.07510e-04	3.32012	26.2	31560	1.05160e-04	3.31895	25.0	31277	1.06100e-04	3.31855	26.4
62062.631	16.050	31573	1.05150e-04	3.31992	25.7	30893	1.07470e-04	3.32012	26.2	31527	1.05270e-04	3.31875	25.0	31251	1.06180e-04	3.31836	26.4
62063.819	16.039	31540	1.05270e-04	3.32012	25.7	30912	1.07400e-04	3.32012	26.2	31491	1.05390e-04	3.31875	25.0	31271	1.06120e-04	3.31836	26.4
62065.008	16.039	31564	1.05190e-04	3.32012	25.7	30925	1.07370e-04	3.32031	26.2	31488	1.05400e-04	3.31895	25.0	31277	1.06100e-04	3.31855	26.4
62066.196	16.023	31534	1.05290e-04	3.32012	25.7	30879	1.07520e-04	3.32012	26.2	31549	1.05200e-04	3.31875	25.0	31217	1.06310e-04	3.31855	26.4
62067.385	16.023	31676	1.04820e-04	3.32031	25.7	30959	1.07240e-04	3.32012	26.2	31535	1.05240e-04	3.31875	25.0	31255	1.06180e-04	3.31855	26.4
62068.572	16.019	31526	1.05310e-04	3.31992	25.7	30953	1.07260e-04	3.32012	26.2	31560	1.05160e-04	3.31895	25.0	31351	1.05850e-04	3.31855	26.4
62069.761	16.019	31494	1.05420e-04	3.32012	25.7	30931	1.07330e-04	3.31992	26.2	31513	1.05310e-04	3.31875	25.0	31257	1.06170e-04	3.31855	26.4
62070.949	16.035	31501	1.05400e-04	3.32012	25.7	30873	1.07530e-04	3.31992	26.2	31508	1.05330e-04	3.31875	25.0	31232	1.06250e-04	3.31836	26.4
62072.137	16.035	31579	1.05130e-04	3.31992	25.7	30874	1.07530e-04	3.31992	26.2	31555	1.05170e-04	3.31875	25.0	31269	1.06130e-04	3.31855	26.4
62073.325	16.030	31563	1.05190e-04	3.32012	25.7	30940	1.07320e-04	3.32031	26.2	31541	1.05220e-04	3.31875	25.0	31322	1.05950e-04	3.31855	26.4
62074.514	16.030	31487	1.05440e-04	3.31992	25.7	30961	1.07240e-04	3.32031	26.2	31519	1.05290e-04	3.31875	25.0	31281	1.06090e-04	3.31855	26.4
62075.702	16.030	31480	1.05470e-04	3.32012	25.7	30913	1.07400e-04	3.32012	26.2	31500	1.05360e-04	3.31875	25.0	31245	1.06210e-04	3.31836	26.4
62076.890	16.029	31559	1.05200e-04	3.32012	25.7	30900	1.07450e-04	3.32031	26.2	31538	1.05230e-04	3.31875	25.0	31249	1.06200e-04	3.31855	26.4
62078.078	16.029	31573	1.05160e-04	3.32012	25.7	30984	1.07150e-04	3.32012	26.2	31584	1.05080e-04	3.31875	25.0	31330	1.05920e-04	3.31855	26.4
62079.267	16.041	31621	1.04990e-04	3.31992	25.7	30908	1.07420e-04	3.32012	26.2	31593	1.05050e-04	3.31875	25.0	31264	1.06150e-04	3.31855	26.4
62080.455	16.041	31555	1.05210e-04	3.31992	25.7	30948	1.07280e-04	3.32012	26.2	31580	1.05090e-04	3.31875	25.0	31272	1.06120e-04	3.31855	26.4
62081.643	16.029	31534	1.05280e-04	3.31992	25.7	30905	1.07420e-04	3.31992	26.2	31483	1.05410e-04	3.31875	25.0	31261	1.06150e-04	3.31836	26.4
62082.831	16.029	31536	1.05280e-04	3.32012	25.7	30884	1.07500e-04	3.32012	26.2	31520	1.05290e-04	3.31875	25.0	31252	1.06190e-04	3.31855	26.4
62084.019	16.029	31542	1.05250e-04	3.31992	25.7	30840	1.07650e-04	3.31992	26.2	31511	1.05320e-04	3.31875	25.0	31287	1.06070e-04	3.31855	26.4
62085.208	16.027	31591	1.05100e-04	3.32012	25.7	30905	1.07420e-04	3.31992	26.2	31554	1.05180e-04	3.31875	25.0	31268	1.06130e-04	3.31836	26.4
62086.396	16.027	31571	1.05160e-04	3.31992	25.7	30925	1.07370e-04	3.32031	26.2	31530	1.05260e-04	3.31875	25.0	31270	1.06120e-04	3.31855	26.4
62087.585	16.043	31583	1.05120e-04	3.31992	25.6	30914	1.07400e-04	3.32012	26.2	31524	1.05280e-04	3.31875	25.0	31315	1.05970e-04	3.31836	26.4
62088.773	16.043	31544	1.05250e-04	3.31992	25.7	30879	1.07520e-04	3.32012	26.2	31500	1.05360e-04	3.31875	25.0	31308	1.05990e-04	3.31836	26.4
62089.961	16.038	31503	1.05390e-04	3.32012	25.6	30881	1.07510e-04	3.32012	26.2	31529	1.05260e-04	3.31875	25.0	31253	1.06180e-04	3.31836	26.4
62091.149	16.038	31552	1.05230e-04	3.32012	25.6	30943	1.07300e-04	3.32012	26.2	31516	1.05310e-04	3.31895	25.0	31221	1.06290e-04	3.31855	26.4
62092.337	16.038	31568	1.05160e-04	3.31973	25.6	30888	1.07490e-04	3.32012	26.2	31552	1.05190e-04	3.31895	25.0	31181	1.06430e-04	3.31855	26.4
62093.526	16.038	31508	1.05380e-04	3.32012	25.6	30912	1.07410e-04	3.32012	26.2	31477	1.05430e-04	3.31855	25.0	31222	1.06280e-04	3.31836	26.4
62094.714	16.028	31488	1.05440e-04	3.32012	25.6	30908	1.07420e-04	3.32012	26.2	31562	1.05160e-04	3.31895	25.0	31292	1.06050e-04	3.31855	26.4
62095.902	16.028	31619	1.05000e-04	3.31992	25.6	30926	1.07350e-04	3.31992	26.2	31567	1.05140e-04	3.31895	25.0	31250	1.06190e-04	3.31836	26.4
62097.090	16.028	31617	1.05000e-04	3.31992	25.6	31012	1.07050e-04	3.31992	26.2	31623	1.04950e-04	3.31875	25.0	31264	1.06140e-04	3.31836	26.4
62098.279	16.008	31630	1.04960e-04	3.31992	25.6	31009	1.07060e-04	3.31992	26.2	31673	1.04780e-04	3.31875	25.0	31330	1.05920e-04	3.31836	26.4
62099.467	16.008	31623	1.04990e-04	3.32012	25.6	30959	1.07250e-04	3.32031	26.2	31680	1.04760e-04	3.31895	25.0	31381	1.05740e-04	3.31836	26.4
62100.655	16.020	31602	1.05060e-04	3.32012	25.6	31009	1.07070e-04	3.32012	26.2	31629	1.04930e-04	3.31875	25.0	31332	1.05920e-04	3.31855	26.4
62101.843	16.020	31624	1.04980e-04	3.31992	25.6	30906	1.07420e-04	3.31992	26.2	31611	1.04990e-04	3.31895	25.0	31357	1.05820e-04	3.31836	26.4
62103.032	16.020	31568	1.05170e-04	3.31992	25.6	30983	1.07160e-04	3.32012	26.2	31641	1.04890e-04	3.31875	25.0	31411	1.05650e-04	3.31855	26.4
62104.220	16.020	31512	1.05350e-04	3.31992	25.6	30868	1.07550e-04	3.31992	26.2	31558	1.05160e-04	3.31875	25.0	31297	1.06030e-04	3.31855	26.4
62105.408	16.020	31512	1.05350e-04	3.31973	25.6	30847	1.07630e-04	3.32012	26.2	31521	1.05290e-04	3.31875	25.0	31237	1.06240e-04	3.31855	26.4
62106.596	16.011	31555	1.05220e-04	3.32012	25.6	30879	1.07510e-04	3.31992	26.2	31516	1.05300e-04	3.31875	25.0	31265	1.06140e-04	3.31836	26.4
62107.785	16.011	31519	1.05330e-04	3.31992	25.6	30900	1.07450e-04	3.32012	26.2	31505	1.05340e-04	3.31875	25.0	31219	1.06290e-04	3.31836	26.4
62108.973	16.025	31511	1.05360e-04	3.31992	25.6	30862	1.07570e-04	3.31992	26.2	31569	1.05130e-04	3.31875	25.0	31245	1.06210e-04	3.31836	26.4
62110.161	16.025	31472	1.05500e-04	3.32012	25.6	30853	1.07610e-04	3.32012	26.2	31535	1.05240e-04	3.31875	25.0	31234	1.06250e-04	3.31855	26.4
62111.349	16.035	31521	1.05320e-04	3.31992	25.6	30871	1.07550e-04	3.32031	26.2	31548	1.05200e-04	3.31895	25.0	31311	1.05990e-04	3.31855	26.4
62112.537	16.035	31568	1.05170e-04	3.31992	25.6	30937	1.07330e-04	3.32031	26.2	31558	1.05170e-04	3.31895	25.0	31261	1.06160e-04	3.31855	26.4
62113.726	16.015	31601	1.05070e-04	3.32031	25.6	30907	1.07420e-04	3.32012	26.2	31514	1.05310e-04	3.31875	25.0	31279	1.06090e-04	3.31836	26.4
62114.914	16.015	31558	1.05210e-04	3.32012	25.6	30947	1.07290e-04	3.32031	26.2	31620	1.04960e-04	3.31875	25.0	31331	1.05920e-04	3.31855	26.4
62116.102	16.015	31565	1.05180e-04	3.32012	25.6	30971	1.07200e-04	3.32012	26.2	31541	1.05230e-04	3.31895	25.0	31259	1.06160e-04	3.31855	26.4
62117.290	16.052	31557	1.05210e-04	3.32012	25.6	30982	1.07160e-04	3.32012	26.2	31564	1.05140e-04	3.31875	25.0	31340	1.05890e-04	3.31855	26.4
62118.479	16.052	31510	1.05370e-04	3.32012	25.6	30949	1.07280e-04	3.32012	26.2	31551	1.05190e-04	3.31875	25.0	31275	1.06110e-04	3.31855	26.4
62119.667	16.045	31558	1.05200e-04	3.31992	25.6	30913	1.07400e-04	3.31992	26.2	31557	1.05170e-04	3.31875	25.0	31299	1.06030e-04	3.31855	26.4
62120.855	16.045	31512	1.05350e-04	3.31992	25.6	30950	1.07270e-04	3.31992	26.2	31548	1.05190e-04	3.31855	25.0	31238	1.06230e-04	3.31836	26.4
62122.044	16.064	31506	1.05380e-04	3.31992	25.6	30846	1.07640e-04	3.32031	26.2	31502	1.05360e-04	3.31895	25.0	31227	1.06280e-04	3.31875	26.4
62123.232	16.064	31527	1.05300e-04	3.31992	25.6	30886	1.07490e-04	3.32012	26.2	31512	1.05320e-04	3.31875	25.0	31212	1.06320e-04	3.31855	26.4
62124.420	16.049	31558	1.05210e-04	3.32012	25.6	30874	1.07540e-04	3.32012	26.2	31552	1.05180e-04	3.31875	25.0	31285	1.06070e-04	3.31836	26.4
62125.608	16.049	31574	1.05150e-04	3.31992	25.6	30925	1.07370e-04	3.32031	26.2	31582	1.05090e-04	3.31895	25.0	31267	1.06130e-04	3.31855	26.4
62126.797	16.049	31506	1.05370e-04	3.31992	25.6	30882	1.07510e-04	3.32012	26.2	31546	1.05200e-04	3.31875	25.0	31265	1.06140e-04	3.31836	26.4
62127.985	16.046	31555	1.05220e-04	3.32012	25.6	30918	1.07380e-04	3.32012	26.2	31513	1.05310e-04	3.31855	25.0	31262	1.06150e-04	3.31855	26.4
62129.173	16.046	31569	1.05160e-04	3.31992	25.6	30898	1.07460e-04	3.32012	26.2	31523	1.05280e-04	3.31875	25.0	31302	1.06020e-04	3.31855	26.4
62130.361	16.041	31601	1.05060e-04	3.32012	25.6	30991	1.07130e-04	3.31992	26.2	31504	1.05340e-04	3.31875	25.0	31293	1.06040e-04	3.31836	26.4
62131.549	16.041	31591	1.05100e-04	3.32012	25.6	30992	1.07130e-04	3.32012	26.2	31545	1.05200e-04	3.31855	25.0	31273	1.06120e-04	3.31855	26.4
62132.738	16.049	31596	1.05070e-04	3.31992	25.6	30930	1.07340e-04	3.32012	26.2	31618	1.04970e-04	3.31895	25.0	31349	1.05860e-04	3.31855	26.4
62133.926	16.049	31619	1.05000e-04	3.32012	25.6	30969	1.07210e-04	3.32012	26.2	31626	1.04940e-04	3.31875	25.0	31347	1.05870e-04	3.31855	26.4
62135.114	16.049	31555	1.05210e-04	3.31992	25.6	30961	1.07240e-04	3.32012	26.2	31576	1.05100e-04	3.31875	25.0	31306	1.06000e-04	3.31855	26.4
62136.302	16.039	31555	1.05220e-04	3.32012	25.6	30933	1.07330e-04	3.32012	26.2	31569	1.05130e-04	3.31895	25.0	31285	1.06070e-04	3.31855	26.4
62137.491	16.039	31586	1.05110e-04	3.31992	25.6	30936	1.07320e-04	3.32012	26.2	31631	1.04920e-04	3.31875	25.0	31322	1.05940e-04	3.31836	26.4
62138.679	16.042	31553	1.05220e-04	3.31992	25.6	30971	1.07200e-04	3.32012	26.2	31604	1.05010e-04	3.31875	25.0	31346	1.05870e-04	3.31855	26.4
62139.867	16.042	31518	1.05340e-04	3.32012	25.6	30931	1.07340e-04	3.32012	26.2	31540	1.05230e-04	3.31895	25.0	31309	1.05990e-04	3.31836	26.4
62141.055	16.045	31540	1.05270e-04	3.32012	25.6	30992	1.07120e-04	3.31992	26.2	31526	1.05260e-04	3.31855	25.0	31258	1.06160e-04	3.31836	26.4
62142.243	16.045	31540	1.05270e-04	3.32012	25.6	30862	1.07580e-04	3.32012	26.2	31555	1.05170e-04	3.31875	25.0	31259	1.06160e-04	3.31855	26.4
62143.432	16.022	31564	1.05190e-04	3.32012	25.6	30906	1.07420e-04	3.31992	26.2	31493	1.05390e-04	3.31895	25.0	31263	1.06140e-04	3.31836	26.4
62144.620	16.022	31581	1.05130e-04	3.32012	25.6	30875	1.07530e-04	3.31992	26.2	31570	1.05120e-04	3.31855	25.0	31251	1.06180e-04	3.31836	26.4
62145.808	16.126	31532	1.05300e-04	3.32012	25.6	30955	1.07260e-04	3.32012	26.2	31598	1.05040e-04	3.31914	25.0	31237	1.06240e-04	3.31855	26.4
62146.996	16.126	31509	1.05370e-04	3.32012	25.6	30903	1.07440e-04	3.32012	26.2	31567	1.05140e-04	3.31895	25.0	31271	1.06120e-04	3.31855	26.4
62148.184	16.126	31546	1.05250e-04	3.32012	25.6	30914	1.07400e-04	3.32012	26.2	31559	1.05170e-04	3.31895	25.0	31234	1.06250e-04	3.31855	26.4
62149.373	16.057	31500	1.05400e-04	3.32012	25.6	30919	1.07380e-04	3.32012	26.2	31553	1.05190e-04	3.31895	25.0	31218	1.06300e-04	3.31855	26.4
62150.561	16.057	31526	1.05310e-04	3.32012	25.6	30922	1.07370e-04	3.32012	26.2	31518	1.05300e-04	3.31875	25.0	31281	1.06080e-04	3.31836	26.4
62151.749	16.052	31467	1.05510e-04	3.32012	25.6	30899	1.07450e-04	3.32012	26.2	31521	1.05290e-04	3.31875	25.0	31277	1.06100e-04	3.31855	26.4
62152.938	16.052	31477	1.05470e-04	3.31992	25.6	30858	1.07590e-04	3.32012	26.2	31540	1.05230e-04	3.31895	25.0	31237	1.06240e-04	3.31855	26.4
62154.126	16.052	31602	1.05060e-04	3.32012	25.6	30930	1.07340e-04	3.31992	26.2	31502	1.05360e-04	3.31895	25.0	31277	1.06100e-04	3.31836	26.4
62155.314	16.004	31570	1.05170e-04	3.32012	25.6	30944	1.07290e-04	3.32012	26.2	31568	1.05130e-04	3.31875	25.0	31297	1.06040e-04	3.31875	26.4
62156.502	16.004	31484	1.05450e-04	3.32012	25.6	30930	1.07340e-04	3.32012	26.2	31548	1.05200e-04	3.31895	25.0	31314	1.05980e-04	3.31855	26.4
62157.691	16.020	31522	1.05330e-04	3.32012	25.6	30944	1.07290e-04	3.32012	26.2	31546	1.05200e-04	3.31875	25.0	31322	1.05940e-04	3.31836	26.4
62158.879	16.020	31586	1.05110e-04	3.32012	25.6	30953	1.07260e-04	3.32012	26.2	31603	1.05020e-04	3.31895	25.0	31318	1.05960e-04	3.31855	26.4
62160.067	16.000	31584	1.05110e-04	3.31992	25.6	30879	1.07510e-04	3.31992	26.2	31567	1.05140e-04	3.31895	25.0	31324	1.05940e-04	3.31836	26.4
62161.255	16.000	31562	1.05200e-04	3.32031	25.6	30958	1.07250e-04	3.32012	26.2	31560	1.05150e-04	3.31855	25.0	31271	1.06120e-04	3.31855	26.4
62162.444	16.025	31596	1.05080e-04	3.32012	25.6	30960	1.07250e-04	3.32031	26.2	31592	1.05060e-04	3.31914	25.0	31320	1.05960e-04	3.31875	26.4
62163.632	16.025	31564	1.05190e-04	3.32012	25.6	31017	1.07040e-04	3.32012	26.2	31610	1.04990e-04	3.31875	25.0	31356	1.05830e-04	3.31836	26.4
62164.820	16.017	31533	1.05290e-04	3.32012	25.6	30907	1.07430e-04	3.32031	26.2	31551	1.05190e-04	3.31875	25.0	31272	1.06120e-04	3.31855	26.4
62166.008	16.017	31559	1.05200e-04	3.32012	25.6	30949	1.07280e-04	3.32012	26.2	31570	1.05130e-04	3.31895	25.0	31272	1.06120e-04	3.31855	26.4
62167.197	16.017	31575	1.05150e-04	3.32012	25.6	30903	1.07430e-04	3.31992	26.2	31489	1.05390e-04	3.31875	25.0	31188	1.06410e-04	3.31855	26.4
62168.385	16.031	31559	1.05200e-04	3.32012	25.6	30946	1.07290e-04	3.32012	26.2	31499	1.05360e-04	3.31875	25.0	31273	1.06120e-04	3.31875	26.4
62169.573	16.031	31540	1.05270e-04	3.32012	25.6	30887	1.07490e-04	3.32012	26.2	31534	1.05250e-04	3.31895	25.0	31287	1.06070e-04	3.31855	26.4
62170.761	16.040	31584	1.05120e-04	3.32012	25.6	30954	1.07260e-04	3.32012	26.2	31557	1.05170e-04	3.31875	25.0	31336	1.05900e-04	3.31855	26.4
62171.949	16.040	31558	1.05200e-04	3.31992	25.6	30968	1.07210e-04	3.32012	26.2	31686	1.04740e-04	3.31875	25.0	31327	1.05930e-04	3.31855	26.4
62173.138	16.051	31558	1.05210e-04	3.32012	25.6	30909	1.07410e-04	3.32012	26.2	31586	1.05070e-04	3.31875	25.0	31354	1.05840e-04	3.31855	26.4
62174.326	16.051	31604	1.05050e-04	3.31992	25.6	30900	1.07450e-04	3.32012	26.2	31587	1.05070e-04	3.31875	25.0	31267	1.06130e-04	3.31855	26.4
62175.515	16.021	31590	1.05090e-04	3.31992	25.6	30986	1.07150e-04	3.32012	26.2	31628	1.04930e-04	3.31875	25.0	31325	1.05930e-04	3.31836	26.4
62176.702	16.021	31532	1.05290e-04	3.32012	25.6	30980	1.07180e-04	3.32031	26.2	31576	1.05110e-04	3.31895	25.0	31312	1.05980e-04	3.31855	26.4
62177.890	16.021	31568	1.05170e-04	3.32012	25.6	30897	1.07460e-04	3.32012	26.2	31568	1.05140e-04	3.31895	25.0	31317	1.05960e-04	3.31836	26.4
62179.079	16.042	31510	1.05370e-04	3.32012	25.6	30951	1.07260e-04	3.31992	26.2	31572	1.05120e-04	3.31875	25.0	31295	1.06030e-04	3.31836	26.4
62180.267	16.042	31556	1.05210e-04	3.32012	25.6	30908	1.07420e-04	3.32012	26.2	31532	1.05260e-04	3.31895	25.0	31282	1.06090e-04	3.31855	26.4
62181.455	16.034	31548	1.05230e-04	3.31992	25.6	30907	1.07420e-04	3.31992	26.2	31592	1.05050e-04	3.31875	25.0	31284	1.06080e-04	3.31855	26.4
62182.644	16.034	31504	1.05390e-04	3.32012	25.6	30933	1.07330e-04	3.32012	26.2	31570	1.05120e-04	3.31875	25.0	31282	1.06090e-04	3.31855	26.4
62183.832	16.032	31532	1.05300e-04	3.32012	25.6	30896	1.07460e-04	3.32012	26.2	31466	1.05480e-04	3.31895	25.0	31232	1.06260e-04	3.31855	26.4
62185.020	16.032	31509	1.05370e-04	3.31992	25.6	30954	1.07260e-04	3.32012	26.2	31526	1.05270e-04	3.31875	25.0	31277	1.06100e-04	3.31855	26.3
62186.208	16.032	31591	1.05090e-04	3.31992	25.6	30942	1.07300e-04	3.32012	26.2	31579	1.05100e-04	3.31895	25.0	31274	1.06110e-04	3.31855	26.3
62187.396	16.029	31666	1.04840e-04	3.31992	25.6	31005	1.07080e-04	3.32012	26.2	31618	1.04960e-04	3.31875	25.0	31335	1.05900e-04	3.31836	26.3
62188.585	16.029	31526	1.05310e-04	3.31992	25.6	30936	1.07320e-04	3.32012	26.2	31598	1.05030e-04	3.31875	25.0	31279	1.06090e-04	3.31836	26.4
62189.773	16.035	31644	1.04920e-04	3.32012	25.6	30993	1.07120e-04	3.32012	26.2	31607	1.05010e-04	3.31895	25.0	31324	1.05940e-04	3.31855	26.4
62190.962	16.035	31631	1.04970e-04	3.32031	25.6	31068	1.06870e-04	3.32012	26.2	31618	1.04960e-04	3.31875	25.0	31346	1.05860e-04	3.31836	26.4
62192.150	15.993	31635	1.04950e-04	3.31992	25.6	31026	1.07000e-04	3.31992	26.2	31632	1.04920e-04	3.31875	25.0	31345	1.05870e-04	3.31855	26.4
62193.338	15.993	31583	1.05120e-04	3.31992	25.6	30980	1.07160e-04	3.31992	26.2	31618	1.04960e-04	3.31875	25.0	31359	1.05820e-04	3.31836	26.4
62194.526	16.015	31544	1.05250e-04	3.31992	25.6	30919	1.07380e-04	3.32012	26.2	31594	1.05040e-04	3.31855	25.0	31341	1.05890e-04	3.31855	26.4
62195.715	16.015	31539	1.05270e-04	3.32012	25.6	30976	1.07180e-04	3.32012	26.2	31535	1.05240e-04	3.31875	25.0	31289	1.06060e-04	3.31836	26.4
62196.902	16.015	31635	1.04950e-04	3.32012	25.6	31002	1.07090e-04	3.31992	26.2	31506	1.05340e-04	3.31895	25.0	31248	1.06200e-04	3.31836	26.3
62198.091	16.035	31663	1.04850e-04	3.31992	25.6	31022	1.07020e-04	3.31992	26.2	31535	1.05240e-04	3.31875	25.0	31367	1.05800e-04	3.31855	26.4
62199.279	16.035	31678	1.04810e-04	3.32012	25.6	31047	1.06940e-04	3.32012	26.2	31652	1.04850e-04	3.31875	25.0	31340	1.05890e-04	3.31855	26.4
62200.467	15.999	31611	1.05030e-04	3.32012	25.6	31017	1.07040e-04	3.32012	26.2	31618	1.04970e-04	3.31875	25.0	31345	1.05870e-04	3.31855	26.4
62201.656	15.999	31576	1.05140e-04	3.31992	25.6	30955	1.07260e-04	3.32012	26.2	31605	1.05010e-04	3.31875	25.0	31322	1.05940e-04	3.31836	26.4
62202.844	15.996	31474	1.05480e-04	3.31992	25.6	30884	1.07500e-04	3.32012	26.2	31521	1.05290e-04	3.31895	25.0	31282	1.06090e-04	3.31855	26.4
62204.032	15.996	31559	1.05200e-04	3.31992	25.6	30893	1.07470e-04	3.31992	26.2	31531	1.05250e-04	3.31875	25.0	31297	1.06030e-04	3.31836	26.3
62205.220	15.996	31505	1.05380e-04	3.32012	25.6	30959	1.07240e-04	3.31992	26.2	31547	1.05200e-04	3.31875	25.0	31280	1.06090e-04	3.31855	26.3
62206.408	16.032	31515	1.05350e-04	3.32012	25.6	30936	1.07320e-04	3.32012	26.2	31486	1.05400e-04	3.31875	25.0	31227	1.06260e-04	3.31836	26.4
62207.597	16.032	31541	1.05260e-04	3.31992	25.6	30949	1.07280e-04	3.32012	26.2	31557	1.05170e-04	3.31875	25.0	31214	1.06310e-04	3.31836	26.4
62208.785	16.042	31521	1.05330e-04	3.32012	25.6	30894	1.07470e-04	3.32012	26.2	31546	1.05200e-04	3.31875	25.0	31263	1.06140e-04	3.31836	26.4
62209.973	16.042	31557	1.05210e-04	3.32012	25.6	30919	1.07380e-04	3.32012	26.2	31491	1.05390e-04	3.31895	25.0	31258	1.06170e-04	3.31855	26.4
62211.162	16.016	31540	1.05250e-04	3.31973	25.6	30964	1.07220e-04	3.32012	26.2	31516	1.05300e-04	3.31875	25.0	31243	1.06210e-04	3.31836	26.4
62212.350	16.016	31540	1.05270e-04	3.32012	25.6	30933	1.07330e-04	3.32012	26.2	31549	1.05200e-04	3.31875	25.0	31241	1.06220e-04	3.31836	26.4
62213.538	16.023	31508	1.05380e-04	3.32012	25.6	30884	1.07500e-04	3.32012	26.2	31509	1.05330e-04	3.31895	25.0	31258	1.06170e-04	3.31855	26.4
62214.726	16.023	31528	1.05300e-04	3.31992	25.6	30906	1.07430e-04	3.32012	26.2	31525	1.05280e-04	3.31875	25.0	31271	1.06120e-04	3.31836	26.4
62215.914	16.011	31575	1.05150e-04	3.32012	25.6	30945	1.07290e-04	3.32012	26.2	31571	1.05120e-04	3.31875	25.0	31269	1.06130e-04	3.31855	26.4
62217.103	16.011	31620	1.05000e-04	3.32012	25.6	31009	1.07070e-04	3.32012	26.2	31540	1.05230e-04	3.31895	25.0	31283	1.06080e-04	3.31855	26.4
62218.291	16.011	31582	1.05120e-04	3.31992	25.6	30927	1.07350e-04	3.32012	26.2	31558	1.05160e-04	3.31875	25.0	31268	1.06130e-04	3.31836	26.4
62219.479	16.010	31570	1.05170e-04	3.32012	25.6	30949	1.07270e-04	3.31992	26.2	31544	1.05210e-04	3.31875	25.0	31216	1.06310e-04	3.31855	26.4
62220.667	16.010	31615	1.05020e-04	3.32012	25.6	30973	1.07190e-04	3.31992	26.2	31572	1.05120e-04	3.31895	25.0	31248	1.06190e-04	3.31816	26.4
62221.856	16.045	31503	1.05380e-04	3.31992	25.6	30907	1.07420e-04	3.31992	26.2	31618	1.04960e-04	3.31875	25.0	31291	1.06050e-04	3.31836	26.4
62223.044	16.045	31509	1.05370e-04	3.32012	25.6	30889	1.07490e-04	3.32031	26.2	31555	1.05170e-04	3.31875	25.0	31232	1.06260e-04	3.31875	26.4
62224.232	16.043	31477	1.05470e-04	3.31992	25.6	30883	1.07510e-04	3.32031	26.2	31512	1.05320e-04	3.31895	25.0	31227	1.06270e-04	3.31855	26.4
62225.420	16.043	31540	1.05270e-04	3.32012	25.6	30885	1.07500e-04	3.32012	26.2	31536	1.05230e-04	3.31855	25.0	31216	1.06300e-04	3.31836	26.4
62226.609	16.042	31554	1.05220e-04	3.32012	25.6	30959	1.07250e-04	3.32031	26.2	31534	1.05260e-04	3.31914	25.0	31276	1.06110e-04	3.31855	26.4
62227.797	16.042	31583	1.05120e-04	3.31992	25.6	30883	1.07500e-04	3.32012	26.2	31570	1.05130e-04	3.31895	25.0	31311	1.05980e-04	3.31836	26.4
62228.985	16.042	31509	1.05360e-04	3.31992	25.6	30977	1.07170e-04	3.31992	26.2	31557	1.05150e-04	3.31836	25.0	31309	1.05990e-04	3.31836	26.4
62230.173	16.043	31523	1.05320e-04	3.32012	25.6	30886	1.07490e-04	3.32012	26.2	31529	1.05270e-04	3.31895	25.0	31277	1.06100e-04	3.31855	26.4
62231.361	16.043	31528	1.05300e-04	3.31992	25.6	30940	1.07310e-04	3.32012	26.2	31564	1.05140e-04	3.31875	25.0	31355	1.05840e-04	3.31855	26.4
62232.549	16.007	31563	1.05180e-04	3.31992	25.6	30929	1.07340e-04	3.31992	26.2	31579	1.05090e-04	3.31875	25.0	31315	1.05970e-04	3.31836	26.4
62233.738	16.007	31497	1.05410e-04	3.32012	25.6	30926	1.07360e-04	3.32012	26.2	31567	1.05140e-04	3.31895	25.0	31293	1.06040e-04	3.31836	26.4
62234.926	16.025	31586	1.05110e-04	3.31992	25.6	30939	1.07310e-04	3.32012	26.2	31547	1.05200e-04	3.31855	25.0	31303	1.06010e-04	3.31855	26.4
62236.114	16.025	31564	1.05190e-04	3.32012	25.6	30910	1.07410e-04	3.32012	26.2	31567	1.05130e-04	3.31875	25.0	31263	1.06150e-04	3.31855	26.4
62237.303	16.023	31547	1.05240e-04	3.31992	25.6	30972	1.07200e-04	3.32012	26.2	31563	1.05150e-04	3.31895	25.0	31300	1.06020e-04	3.31855	26.4
62238.491	16.023	31540	1.05260e-04	3.31992	25.6	30972	1.07200e-04	3.32012	26.2	31550	1.05190e-04	3.31875	25.0	31307	1.05990e-04	3.31816	26.4
62239.679	16.023	31524	1.05310e-04	3.31992	25.6	30905	1.07430e-04	3.32012	26.2	31606	1.05000e-04	3.31875	25.0	31308	1.06000e-04	3.31855	26.4
62240.867	16.010	31460	1.05530e-04	3.32012	25.6	30849	1.07630e-04	3.32012	26.2	31508	1.05330e-04	3.31875	25.0	31283	1.06080e-04	3.31836	26.4
62242.056	16.010	31472	1.05490e-04	3.31992	25.6	30867	1.07560e-04	3.32012	26.2	31480	1.05420e-04	3.31855	25.0	31229	1.06260e-04	3.31855	26.4
62243.244	16.034	31493	1.05420e-04	3.31992	25.7	30865	1.07560e-04	3.31973	26.2	31523	1.05280e-04	3.31875	25.0	31201	1.06350e-04	3.31836	26.4
62244.432	16.034	31534	1.05290e-04	3.32012	25.7	30886	1.07490e-04	3.32012	26.2	31489	1.05400e-04	3.31875	25.0	31268	1.06140e-04	3.31875	26.4
62245.620	16.052	31551	1.05230e-04	3.32012	25.6	30983	1.07160e-04	3.32012	26.2	31558	1.05160e-04	3.31875	25.0	31283	1.06080e-04	3.31855	26.4
62246.809	16.052	31620	1.05000e-04	3.32012	25.6	30991	1.07130e-04	3.32012	26.2	31549	1.05190e-04	3.31875	25.0	31302	1.06010e-04	3.31836	26.4
62247.997	16.052	31606	1.05050e-04	3.32012	25.7	30943	1.07300e-04	3.32012	26.2	31613	1.04990e-04	3.31895	25.0	31336	1.05910e-04	3.31875	26.4
62249.185	16.027	31634	1.04960e-04	3.32012	25.7	30929	1.07350e-04	3.32012	26.2	31637	1.04900e-04	3.31875	25.0	31379	1.05760e-04	3.31855	26.4
62250.373	16.027	31583	1.05130e-04	3.32031	25.7	30952	1.07270e-04	3.32012	26.2	31636	1.04900e-04	3.31875	25.0	31343	1.05870e-04	3.31836	26.4
62251.562	16.034	31598	1.05070e-04	3.31992	25.7	30959	1.07240e-04	3.32012	26.2	31594	1.05040e-04	3.31875	25.0	31281	1.06080e-04	3.31836	26.4
62252.750	16.034	31561	1.05190e-04	3.31973	25.7	30930	1.07340e-04	3.31992	26.2	31578	1.05100e-04	3.31875	25.0	31264	1.06130e-04	3.31816	26.4
62253.938	15.998	31549	1.05240e-04	3.32012	25.7	30885	1.07500e-04	3.32012	26.2	31557	1.05170e-04	3.31875	25.0	31262	1.06150e-04	3.31855	26.4
62255.126	15.998	31623	1.04990e-04	3.31992	25.7	31004	1.07080e-04	3.31992	26.2	31577	1.05100e-04	3.31875	25.0	31298	1.06030e-04	3.31855	26.4
62256.314	16.031	31581	1.05130e-04	3.32012	25.7	30962	1.07230e-04	3.31992	26.2	31586	1.05070e-04	3.31875	25.0	31298	1.06030e-04	3.31855	26.4
62257.502	16.031	31515	1.05350e-04	3.32012	25.7	30951	1.07270e-04	3.31992	26.2	31598	1.05030e-04	3.31875	25.0	31351	1.05850e-04	3.31836	26.4
62258.691	16.062	31541	1.05260e-04	3.31992	25.7	30945	1.07280e-04	3.31992	26.2	31577	1.05100e-04	3.31875	25.0	31302	1.06010e-04	3.31836	26.4
62259.879	16.062	31531	1.05300e-04	3.32012	25.7	30875	1.07530e-04	3.32012	26.2	31541	1.05220e-04	3.31875	25.0	31286	1.06060e-04	3.31836	26.4
62261.068	16.062	31541	1.05260e-04	3.31992	25.7	30900	1.07450e-04	3.32012	26.2	31513	1.05310e-04	3.31875	25.0	31323	1.05940e-04	3.31836	26.4
62262.256	16.028	31528	1.05310e-04	3.32012	25.7	30905	1.07440e-04	3.32031	26.2	31551	1.05190e-04	3.31875	25.0	31228	1.06270e-04	3.31855	26.4
62263.444	16.028	31554	1.05220e-04	3.32012	25.7	30948	1.07280e-04	3.32012	26.2	31549	1.05190e-04	3.31875	25.0	31337	1.05900e-04	3.31855	26.4
62264.632	16.034	31540	1.05260e-04	3.31992	25.7	30892	1.07480e-04	3.32012	26.2	31632	1.04920e-04	3.31875	25.0	31321	1.05950e-04	3.31836	26.4
62265.821	16.034	31586	1.05110e-04	3.32012	25.7	30916	1.07400e-04	3.32031	26.2	31519	1.05300e-04	3.31895	25.0	31309	1.06000e-04	3.31855	26.4
62267.008	16.027	31515	1.05350e-04	3.32012	25.7	30910	1.07410e-04	3.32012	26.2	31547	1.05200e-04	3.31875	25.0	31316	1.05970e-04	3.31855	26.4
62268.197	16.027	31513	1.05360e-04	3.32012	25.7	30928	1.07350e-04	3.32012	26.2	31568	1.05130e-04	3.31875	25.0	31257	1.06170e-04	3.31855	26.4
62269.385	16.027	31475	1.05480e-04	3.32012	25.7	30912	1.07410e-04	3.32012	26.2	31536	1.05240e-04	3.31895	25.0	31273	1.06120e-04	3.31855	26.4
62270.574	16.025	31541	1.05260e-04	3.31992	25.7	30894	1.07470e-04	3.32012	26.2	31518	1.05300e-04	3.31895	25.0	31273	1.06120e-04	3.31855	26.4
62271.762	16.025	31540	1.05270e-04	3.32012	25.7	30943	1.07300e-04	3.32031	26.2	31521	1.05290e-04	3.31875	25.0	31264	1.06150e-04	3.31855	26.4
62272.950	16.027	31605	1.05050e-04	3.32012	25.7	30975	1.07190e-04	3.32031	26.2	31551	1.05190e-04	3.31895	25.0	31253	1.06190e-04	3.31875	26.4
62274.138	16.027	31579	1.05140e-04	3.32012	25.7	30938	1.07310e-04	3.32012	26.2	31546	1.05210e-04	3.31895	25.0	31290	1.06060e-04	3.31855	26.4
62275.326	16.032	31606	1.05050e-04	3.32012	25.7	31009	1.07080e-04	3.32031	26.2	31587	1.05070e-04	3.31875	25.0	31313	1.05980e-04	3.31855	26.4
62276.515	16.032	31547	1.05240e-04	3.32012	25.7	30959	1.07240e-04	3.32012	26.2	31636	1.04910e-04	3.31895	25.0	31329	1.05930e-04	3.31855	26.4
62277.703	15.999	31591	1.05090e-04	3.31992	25.7	30932	1.07340e-04	3.32012	26.2	31538	1.05220e-04	3.31855	25.0	31273	1.06120e-04	3.31855	26.4
62278.891	15.999	31541	1.05260e-04	3.31992	25.7	30978	1.07180e-04	3.32012	26.2	31597	1.05040e-04	3.31895	25.0	31287	1.06070e-04	3.31855	26.4
62280.079	15.999	31561	1.05200e-04	3.32031	25.6	30904	1.07430e-04	3.31992	26.2	31468	1.05470e-04	3.31875	25.0	31266	1.06130e-04	3.31836	26.4
62281.268	16.027	31547	1.05240e-04	3.32012	25.6	30961	1.07240e-04	3.32012	26.2	31576	1.05110e-04	3.31895	25.0	31244	1.06220e-04	3.31875	26.4
62282.456	16.027	31553	1.05220e-04	3.31992	25.6	30996	1.07110e-04	3.31992	26.2	31596	1.05040e-04	3.31875	25.0	31326	1.05930e-04	3.31836	26.4
62283.644	16.019	31494	1.05420e-04	3.32012	25.6	30903	1.07440e-04	3.32012	26.2	31495	1.05370e-04	3.31875	25.0	31302	1.06010e-04	3.31836	26.4
62284.832	16.019	31520	1.05330e-04	3.32012	25.6	30911	1.07410e-04	3.32031	26.2	31488	1.05400e-04	3.31875	25.0	31263	1.06160e-04	3.31875	26.4
62286.020	16.031	31534	1.05290e-04	3.32012	25.6	30874	1.07540e-04	3.32012	26.2	31509	1.05330e-04	3.31895	25.0	31241	1.06220e-04	3.31855	26.4
62287.209	16.031	31568	1.05170e-04	3.32012	25.6	30918	1.07390e-04	3.32031	26.2	31525	1.05280e-04	3.31875	25.0	31222	1.06290e-04	3.31875	26.4
62288.397	16.055	31568	1.05170e-04	3.31992	25.6	30913	1.07390e-04	3.31992	26.2	31597	1.05040e-04	3.31895	25.0	31295	1.06040e-04	3.31855	26.4
62289.585	16.055	31555	1.05220e-04	3.32031	25.6	30887	1.07490e-04	3.32012	26.2	31533	1.05250e-04	3.31875	25.0	31259	1.06160e-04	3.31855	26.4
62290.774	16.055	31634	1.04950e-04	3.32012	25.6	31002	1.07090e-04	3.32012	26.2	31593	1.05050e-04	3.31895	25.0	31273	1.06120e-04	3.31855	26.4
62291.962	16.031	31540	1.05270e-04	3.32012	25.6	30918	1.07380e-04	3.31992	26.2	31573	1.05120e-04	3.31895	25.0	31231	1.06260e-04	3.31855	26.4
62293.150	16.031	31516	1.05350e-04	3.32012	25.6	30909	1.07410e-04	3.31992	26.2	31536	1.05230e-04	3.31855	25.0	31311	1.05990e-04	3.31855	26.4
62294.338	16.022	31501	1.05400e-04	3.32012	25.6	30903	1.07440e-04	3.32012	26.2	31539	1.05230e-04	3.31895	25.0	31237	1.06240e-04	3.31855	26.4
62295.526	16.022	31605	1.05050e-04	3.32012	25.6	30989	1.07140e-04	3.32031	26.2	31573	1.05120e-04	3.31895	25.0	31278	1.06090e-04	3.31836	26.4
62296.714	16.020	31622	1.04990e-04	3.32012	25.6	30985	1.07150e-04	3.32012	26.2	31599	1.05030e-04	3.31875	25.0	31313	1.05980e-04	3.31855	26.4
62297.903	16.020	31527	1.05310e-04	3.32012	25.6	30952	1.07270e-04	3.32031	26.2	31595	1.05050e-04	3.31895	25.0	31323	1.05940e-04	3.31836	26.4
62299.091	16.020	31568	1.05180e-04	3.32012	25.6	30939	1.07310e-04	3.32012	26.2	31530	1.05260e-04	3.31875	25.0	31282	1.06080e-04	3.31855	26.4
62300.279	16.028	31538	1.05280e-04	3.32012	25.6	30943	1.07300e-04	3.32012	26.2	31548	1.05200e-04	3.31895	25.0	31284	1.06080e-04	3.31855	26.4
62301.468	16.028	31552	1.05220e-04	3.31992	25.7	30952	1.07260e-04	3.31992	26.2	31511	1.05320e-04	3.31875	25.0	31304	1.06010e-04	3.31836	26.4
62302.656	16.042	31459	1.05540e-04	3.32012	25.7	30894	1.07480e-04	3.32031	26.2	31508	1.05340e-04	3.31895	25.0	31279	1.06100e-04	3.31875	26.4
62303.844	16.042	31496	1.05410e-04	3.32012	25.6	30933	1.07330e-04	3.32012	26.2	31536	1.05240e-04	3.31895	25.0	31271	1.06120e-04	3.31836	26.4
62305.032	16.033	31568	1.05170e-04	3.32012	25.7	30955	1.07260e-04	3.32012	26.2	31513	1.05310e-04	3.31875	25.0	31339	1.05890e-04	3.31855	26.4
62306.220	16.033	31528	1.05300e-04	3.31992	25.7	30964	1.07220e-04	3.32012	26.2	31504	1.05340e-04	3.31875	25.0	31277	1.06100e-04	3.31855	26.4
62307.409	16.050	31563	1.05190e-04	3.32012	25.7	30913	1.07400e-04	3.31992	26.2	31526	1.05270e-04	3.31875	25.0	31277	1.06100e-04	3.31836	26.4
62308.597	16.050	31581	1.05130e-04	3.32012	25.7	30950	1.07280e-04	3.32031	26.2	31530	1.05260e-04	3.31895	25.0	31332	1.05920e-04	3.31855	26.4
62309.785	16.041	31616	1.05010e-04	3.32012	25.7	30997	1.07120e-04	3.32031	26.2	31560	1.05170e-04	3.31914	25.0	31408	1.05660e-04	3.31855	26.4
62310.973	16.041	31564	1.05190e-04	3.32012	25.7	30948	1.07290e-04	3.32031	26.2	31638	1.04900e-04	3.31895	25.0	31324	1.05940e-04	3.31855	26.4
62312.162	16.041	31478	1.05480e-04	3.32012	25.7	30878	1.07530e-04	3.32031	26.2	31495	1.05380e-04	3.31875	25.0	31277	1.06110e-04	3.31875	26.4
62313.350	16.026	31512	1.05360e-04	3.32012	25.7	30933	1.07330e-04	3.32012	26.2	31517	1.05300e-04	3.31875	25.0	31329	1.05920e-04	3.31855	26.4
62314.538	16.026	31594	1.05090e-04	3.32012	25.7	30959	1.07240e-04	3.32012	26.2	31545	1.05210e-04	3.31875	25.0	31302	1.06020e-04	3.31855	26.4
62315.726	16.040	31558	1.05210e-04	3.32031	25.7	30926	1.07360e-04	3.32012	26.2	31549	1.05200e-04	3.31895	25.0	31308	1.06000e-04	3.31855	26.4
62316.915	16.040	31480	1.05470e-04	3.32012	25.7	30874	1.07540e-04	3.32012	26.2	31507	1.05340e-04	3.31895	25.0	31295	1.06040e-04	3.31855	26.4
62318.103	16.040	31495	1.05410e-04	3.31992	25.7	30931	1.07350e-04	3.32031	26.2	31519	1.05300e-04	3.31875	25.0	31304	1.06020e-04	3.31875	26.4
62319.291	16.023	31574	1.05150e-04	3.32012	25.7	31012	1.07060e-04	3.32012	26.2	31582	1.05080e-04	3.31875	25.0	31252	1.06190e-04	3.31875	26.4
62320.479	16.023	31502	1.05400e-04	3.32012	25.7	30935	1.07330e-04	3.32012	26.2	31564	1.05140e-04	3.31875	25.0	31285	1.06070e-04	3.31836	26.4
62321.668	16.026	31539	1.05270e-04	3.32012	25.7	30901	1.07450e-04	3.32031	26.2	31542	1.05220e-04	3.31895	25.0	31311	1.05990e-04	3.31855	26.4
62322.856	16.026	31548	1.05250e-04	3.32031	25.7	30942	1.07310e-04	3.32051	26.2	31551	1.05190e-04	3.31895	25.0	31276	1.06110e-04	3.31875	26.4
62324.044	16.030	31494	1.05420e-04	3.32012	25.7	30903	1.07440e-04	3.32012	26.2	31551	1.05190e-04	3.31875	25.0	31287	1.06070e-04	3.31855	26.4
62325.232	16.030	31517	1.05350e-04	3.32031	25.7	30885	1.07500e-04	3.32031	26.2	31544	1.05220e-04	3.31895	25.0	31258	1.06170e-04	3.31875	26.4
62326.420	16.036	31514	1.05350e-04	3.32012	25.7	30853	1.07610e-04	3.32012	26.2	31495	1.05380e-04	3.31895	25.0	31244	1.06220e-04	3.31855	26.4
62327.609	16.036	31470	1.05500e-04	3.32012	25.7	30863	1.07580e-04	3.32012	26.2	31520	1.05300e-04	3.31895	25.0	31231	1.06260e-04	3.31855	26.4
62328.797	16.037	31569	1.05170e-04	3.32012	25.7	31012	1.07050e-04	3.31992	26.2	31518	1.05300e-04	3.31895	25.0	31131	1.06600e-04	3.31855	26.4
62329.985	16.037	31572	1.05160e-04	3.32012	25.7	30993	1.07130e-04	3.32012	26.2	31620	1.04960e-04	3.31875	25.0	31328	1.05930e-04	3.31855	26.4
62331.173	16.037	31554	1.05220e-04	3.32012	25.7	30952	1.07270e-04	3.32031	26.2	31622	1.04960e-04	3.31895	25.0	31286	1.06080e-04	3.31875	26.4
62332.362	16.050	31591	1.05100e-04	3.32012	25.7	30995	1.07120e-04	3.32012	26.2	31548	1.05200e-04	3.31895	25.0	31308	1.05990e-04	3.31836	26.4
62333.550	16.050	31572	1.05160e-04	3.32012	25.7	30921	1.07380e-04	3.32031	26.2	31563	1.05150e-04	3.31895	25.0	31334	1.05910e-04	3.31855	26.4
62334.738	16.036	31590	1.05100e-04	3.32012	25.7	30933	1.07340e-04	3.32031	26.2	31538	1.05240e-04	3.31895	25.0	31292	1.06060e-04	3.31875	26.4
62335.927	16.036	31581	1.05130e-04	3.32012	25.7	31026	1.07020e-04	3.32031	26.2	31571	1.05130e-04	3.31895	25.0	31385	1.05740e-04	3.31875	26.4
62337.115	16.032	31560	1.05200e-04	3.32012	25.7	30913	1.07400e-04	3.32012	26.2	31627	1.04940e-04	3.31875	25.0	31319	1.05960e-04	3.31855	26.4
62338.303	16.032	31559	1.05200e-04	3.32012	25.7	30953	1.07260e-04	3.32012	26.2	31551	1.05190e-04	3.31875	25.0	31330	1.05920e-04	3.31855	26.4
62339.491	16.038	31516	1.05350e-04	3.32012	25.7	30919	1.07380e-04	3.32012	26.2	31553	1.05190e-04	3.31895	25.0	31313	1.05980e-04	3.31855	26.4
62340.679	16.038	31533	1.05280e-04	3.31992	25.7	30893	1.07460e-04	3.31973	26.2	31518	1.05300e-04	3.31875	25.0	31303	1.06000e-04	3.31816	26.4
62341.867	16.038	31539	1.05280e-04	3.32031	25.7	30894	1.07480e-04	3.32051	26.2	31517	1.05300e-04	3.31875	25.0	31293	1.06060e-04	3.31895	26.4
62343.056	16.032	31506	1.05380e-04	3.32012	25.7	30916	1.07400e-04	3.32031	26.2	31530	1.05260e-04	3.31895	25.0	31271	1.06130e-04	3.31875	26.4
62344.244	16.032	31565	1.05180e-04	3.32012	25.7	30986	1.07150e-04	3.32012	26.2	31548	1.05200e-04	3.31895	25.0	31309	1.06000e-04	3.31875	26.4
62345.432	16.032	31582	1.05130e-04	3.32012	25.7	30916	1.07390e-04	3.32012	26.2	31596	1.05040e-04	3.31895	25.0	31374	1.05780e-04	3.31875	26.4
62346.621	16.032	31635	1.04960e-04	3.32031	25.6	30993	1.07120e-04	3.32012	26.2	31578	1.05100e-04	3.31895	25.0	31337	1.05900e-04	3.31855	26.4
62347.809	16.019	31619	1.05000e-04	3.32012	25.6	30948	1.07290e-04	3.32031	26.2	31598	1.05040e-04	3.31895	25.0	31331	1.05920e-04	3.31855	26.4
62348.997	16.019	31521	1.05330e-04	3.32012	25.6	30903	1.07440e-04	3.32012	26.2	31549	1.05200e-04	3.31895	25.0	31329	1.05930e-04	3.31855	26.4
62350.185	16.019	31530	1.05300e-04	3.32012	25.6	30895	1.07460e-04	3.32012	26.2	31503	1.05350e-04	3.31875	25.0	31356	1.05830e-04	3.31855	26.4
62351.373	16.023	31514	1.05350e-04	3.31992	25.6	30919	1.07380e-04	3.32012	26.2	31538	1.05230e-04	3.31875	25.0	31291	1.06060e-04	3.31855	26.4
62352.561	16.023	31557	1.05210e-04	3.32012	25.6	30922	1.07370e-04	3.31992	26.2	31522	1.05290e-04	3.31895	25.0	31263	1.06140e-04	3.31836	26.4
62353.750	16.027	31534	1.05290e-04	3.32012	25.6	30877	1.07530e-04	3.32012	26.2	31550	1.05190e-04	3.31855	25.0	31269	1.06130e-04	3.31855	26.4
62354.938	16.027	31529	1.05300e-04	3.31992	25.6	30960	1.07240e-04	3.32031	26.2	31504	1.05350e-04	3.31895	25.0	31308	1.06000e-04	3.31855	26.4
62356.126	16.027	31458	1.05540e-04	3.32012	25.6	30927	1.07350e-04	3.31992	26.2	31505	1.05340e-04	3.31875	25.0	31268	1.06130e-04	3.31855	26.4
62357.315	16.030	31536	1.05280e-04	3.32012	25.6	30882	1.07510e-04	3.32031	26.2	31516	1.05300e-04	3.31875	25.0	31282	1.06090e-04	3.31855	26.4
62358.503	16.044	31528	1.05310e-04	3.32012	25.6	30919	1.07380e-04	3.32012	26.2	31528	1.05270e-04	3.31895	25.0	31281	1.06080e-04	3.31836	26.4
62359.691	16.044	31534	1.05280e-04	3.31992	25.6	30921	1.07380e-04	3.32031	26.2	31541	1.05220e-04	3.31875	25.0	31262	1.06150e-04	3.31855	26.4
62360.880	16.044	31588	1.05110e-04	3.32031	25.6	30968	1.07220e-04	3.32031	26.2	31573	1.05110e-04	3.31875	25.0	31275	1.06110e-04	3.31855	26.4
62362.068	16.051	31572	1.05150e-04	3.31992	25.6	30986	1.07150e-04	3.32012	26.2	31586	1.05070e-04	3.31895	25.0	31279	1.06100e-04	3.31875	26.4
62363.256	16.051	31558	1.05210e-04	3.32031	25.6	30967	1.07220e-04	3.32031	26.2	31590	1.05060e-04	3.31875	25.0	31273	1.06120e-04	3.31855	26.4
62364.444	16.008	31581	1.05130e-04	3.32012	25.6	30914	1.07400e-04	3.32012	26.2	31546	1.05220e-04	3.31914	25.0	31284	1.06080e-04	3.31855	26.4
62365.632	16.008	31619	1.05000e-04	3.31992	25.7	30919	1.07380e-04	3.31992	26.2	31558	1.05170e-04	3.31895	25.0	31260	1.06150e-04	3.31816	26.4
62366.820	16.013	31648	1.04910e-04	3.32031	25.7	30945	1.07290e-04	3.32012	26.2	31594	1.05040e-04	3.31875	25.0	31425	1.05610e-04	3.31875	26.4
62368.009	16.013	31642	1.04930e-04	3.32012	25.7	30967	1.07220e-04	3.32031	26.2	31617	1.04970e-04	3.31895	25.0	31342	1.05890e-04	3.31875	26.4
62369.197	16.013	31574	1.05150e-04	3.31992	25.7	30986	1.07150e-04	3.32012	26.2	31578	1.05100e-04	3.31875	25.0	31367	1.05800e-04	3.31855	26.4
62370.385	16.010	31693	1.04760e-04	3.32012	25.7	30959	1.07250e-04	3.32031	26.2	31621	1.04960e-04	3.31895	25.0	31354	1.05840e-04	3.31836	26.4
62371.574	16.010	31614	1.05020e-04	3.32012	25.7	30937	1.07320e-04	3.32031	26.2	31605	1.05010e-04	3.31895	25.0	31358	1.05830e-04	3.31855	26.4
62372.762	16.014	31583	1.05120e-04	3.32012	25.7	30967	1.07220e-04	3.32012	26.2	31578	1.05100e-04	3.31895	25.0	31328	1.05930e-04	3.31855	26.4
62373.950	16.014	31556	1.05210e-04	3.32012	25.7	31007	1.07080e-04	3.32031	26.2	31564	1.05150e-04	3.31895	25.0	31342	1.05880e-04	3.31855	26.4
62375.138	15.995	31581	1.05130e-04	3.32012	25.7	30943	1.07300e-04	3.32012	26.2	31579	1.05090e-04	3.31875	25.0	31315	1.05980e-04	3.31875	26.4
62376.326	15.995	31569	1.05180e-04	3.32031	25.7	30938	1.07320e-04	3.32012	26.2	31550	1.05200e-04	3.31895	25.0	31369	1.05790e-04	3.31855	26.4
62377.515	16.037	31530	1.05300e-04	3.32012	25.7	30964	1.07220e-04	3.32012	26.2	31534	1.05240e-04	3.31875	25.0	31309	1.05990e-04	3.31836	26.4
62378.703	16.037	31666	1.04850e-04	3.32012	25.7	31080	1.06830e-04	3.32012	26.2	31603	1.05020e-04	3.31895	25.0	31327	1.05930e-04	3.31855	26.4
62379.891	16.017	31617	1.05010e-04	3.32012	25.7	30978	1.07180e-04	3.32012	26.2	31548	1.05200e-04	3.31875	25.0	31323	1.05950e-04	3.31875	26.4
62381.079	16.017	31604	1.05050e-04	3.31992	25.7	30993	1.07130e-04	3.32012	26.2	31632	1.04920e-04	3.31875	25.0	31344	1.05880e-04	3.31855	26.4
62382.267	16.017	31590	1.05100e-04	3.32012	25.7	30949	1.07280e-04	3.32012	26.2	31613	1.04990e-04	3.31895	25.0	31353	1.05840e-04	3.31836	26.4
62383.456	15.979	31546	1.05250e-04	3.32012	25.7	30916	1.07400e-04	3.32031	26.2	31513	1.05310e-04	3.31875	25.0	31329	1.05920e-04	3.31836	26.4
62384.644	15.979	31523	1.05320e-04	3.31992	25.7	30938	1.07320e-04	3.32012	26.2	31546	1.05200e-04	3.31875	25.0	31320	1.05940e-04	3.31816	26.4
62385.833	16.025	31580	1.05140e-04	3.32031	25.7	30940	1.07320e-04	3.32031	26.2	31557	1.05170e-04	3.31875	25.0	31271	1.06130e-04	3.31875	26.4
62387.020	16.025	31572	1.05160e-04	3.32012	25.7	30904	1.07430e-04	3.32012	26.2	31460	1.05500e-04	3.31895	25.0	31251	1.06200e-04	3.31875	26.4
62388.209	16.019	31584	1.05120e-04	3.32012	25.7	30957	1.07250e-04	3.32012	26.2	31556	1.05180e-04	3.31895	25.0	31320	1.05960e-04	3.31855	26.4
62389.397	16.019	31547	1.05240e-04	3.31992	25.7	30974	1.07190e-04	3.32012	26.2	31548	1.05200e-04	3.31895	25.0	31255	1.06180e-04	3.31855	26.4
62390.585	16.033	31555	1.05220e-04	3.32012	25.7	30935	1.07330e-04	3.32012	26.2	31518	1.05290e-04	3.31855	25.0	31260	1.06150e-04	3.31836	26.4
62391.773	16.033	31555	1.05220e-04	3.32012	25.7	30936	1.07320e-04	3.32012	26.2	31558	1.05170e-04	3.31895	25.0	31250	1.06190e-04	3.31855	26.4
62392.962	16.033	31544	1.05250e-04	3.31992	25.7	30909	1.07410e-04	3.31992	26.2	31556	1.05170e-04	3.31875	25.0	31240	1.06230e-04	3.31855	26.4
62394.150	16.028	31592	1.05100e-04	3.32031	25.7	31023	1.07030e-04	3.32031	26.2	31539	1.05230e-04	3.31875	25.0	31307	1.06010e-04	3.31875	26.4
62395.338	16.028	31562	1.05190e-04	3.32012	25.7	30954	1.07270e-04	3.32031	26.2	31583	1.05090e-04	3.31895	25.0	31321	1.05950e-04	3.31855	26.4
62396.526	16.018	31600	1.05070e-04	3.32012	25.7	30956	1.07250e-04	3.32012	26.2	31528	1.05260e-04	3.31875	25.0	31320	1.05950e-04	3.31836	26.4
62397.715	16.018	31561	1.05200e-04	3.32031	25.7	30907	1.07440e-04	3.32051	26.2	31543	1.05210e-04	3.31875	25.0	31276	1.06120e-04	3.31895	26.4
62398.903	16.018	31559	1.05200e-04	3.32012	25.7	30941	1.07310e-04	3.32012	26.2	31578	1.05100e-04	3.31895	25.0	31290	1.06060e-04	3.31875	26.4
62400.092	16.022	31651	1.04900e-04	3.32012	25.7	31041	1.06970e-04	3.32031	26.2	31548	1.05200e-04	3.31895	25.0	31297	1.06040e-04	3.31875	26.4
62401.280	16.022	31610	1.05030e-04	3.31992	25.7	31018	1.07040e-04	3.32012	26.2	31587	1.05070e-04	3.31875	25.0	31350	1.05850e-04	3.31855	26.4
62402.468	16.021	31631	1.04970e-04	3.32012	25.7	30971	1.07200e-04	3.32012	26.2	31565	1.05150e-04	3.31895	25.0	31306	1.06000e-04	3.31855	26.4
62403.656	16.021	31545	1.05250e-04	3.32012	25.7	31013	1.07060e-04	3.32031	26.2	31623	1.04950e-04	3.31875	25.0	31322	1.05950e-04	3.31855	26.4
62404.844	16.015	31617	1.05010e-04	3.32012	25.7	30931	1.07340e-04	3.32012	26.2	31592	1.05060e-04	3.31895	25.0	31317	1.05970e-04	3.31875	26.4
62406.032	16.015	31510	1.05370e-04	3.32012	25.7	30956	1.07250e-04	3.32012	26.2	31609	1.05010e-04	3.31914	25.0	31286	1.06070e-04	3.31855	26.4
62407.221	16.027	31569	1.05180e-04	3.32031	25.7	30973	1.07200e-04	3.32031	26.2	31551	1.05190e-04	3.31875	25.0	31270	1.06130e-04	3.31875	26.4
62408.409	16.027	31587	1.05110e-04	3.32012	25.7	30950	1.07280e-04	3.32031	26.2	31537	1.05240e-04	3.31895	25.0	31269	1.06130e-04	3.31855	26.4
62409.597	16.024	31509	1.05380e-04	3.32031	25.7	30964	1.07230e-04	3.32031	26.2	31522	1.05290e-04	3.31895	25.0	31308	1.06000e-04	3.31855	26.4
62410.785	16.024	31584	1.05120e-04	3.32012	25.7	30893	1.07480e-04	3.32031	26.2	31486	1.05410e-04	3.31895	25.0	31244	1.06220e-04	3.31855	26.4
62411.974	16.024	31544	1.05250e-04	3.32012	25.7	30964	1.07230e-04	3.32031	26.2	31486	1.05400e-04	3.31875	25.0	31216	1.06310e-04	3.31855	26.4
62413.162	16.031	31542	1.05270e-04	3.32031	25.7	30984	1.07150e-04	3.32012	26.2	31536	1.05240e-04	3.31895	25.0	31305	1.06010e-04	3.31855	26.4
62414.350	16.031	31521	1.05330e-04	3.32012	25.7	30846	1.07640e-04	3.32012	26.2	31532	1.05260e-04	3.31895	25.0	31277	1.06100e-04	3.31855	26.4
62415.538	16.056	31510	1.05370e-04	3.32012	25.7	30846	1.07640e-04	3.32012	26.2	31511	1.05320e-04	3.31875	25.0	31214	1.06310e-04	3.31836	26.4
62416.726	16.056	31555	1.05220e-04	3.32012	25.7	30963	1.07230e-04	3.32012	26.2	31504	1.05350e-04	3.31895	25.0	31317	1.05970e-04	3.31875	26.4
62417.915	16.058	31554	1.05220e-04	3.32012	25.7	30947	1.07280e-04	3.32012	26.2	31525	1.05280e-04	3.31895	25.0	31258	1.06170e-04	3.31855	26.4
62419.103	16.058	31564	1.05190e-04	3.32012	25.7	30910	1.07410e-04	3.32012	26.2	31477	1.05440e-04	3.31895	25.0	31249	1.06200e-04	3.31855	26.4
62420.291	16.043	31576	1.05150e-04	3.32012	25.7	30969	1.07210e-04	3.32012	26.2	31551	1.05190e-04	3.31875	25.0	31279	1.06090e-04	3.31836	26.4
62421.479	16.043	31537	1.05280e-04	3.32012	25.7	30914	1.07400e-04	3.32012	26.2	31535	1.05240e-04	3.31875	25.0	31310	1.05990e-04	3.31836	26.4
62422.668	16.043	31543	1.05260e-04	3.32012	25.7	30940	1.07320e-04	3.32031	26.2	31513	1.05310e-04	3.31875	25.0	31241	1.06230e-04	3.31855	26.4
62423.856	16.071	31590	1.05100e-04	3.32012	25.7	30925	1.07360e-04	3.32012	26.2	31511	1.05330e-04	3.31895	25.0	31273	1.06120e-04	3.31855	26.4
62425.044	16.071	31615	1.05020e-04	3.32012	25.7	30923	1.07370e-04	3.32012	26.2	31514	1.05310e-04	3.31875	25.0	31309	1.06000e-04	3.31875	26.4
62426.233	16.029	31640	1.04930e-04	3.32012	25.7	30969	1.07210e-04	3.32031	26.2	31658	1.04840e-04	3.31895	25.0	31371	1.05790e-04	3.31855	26.4
62427.421	16.029	31656	1.04880e-04	3.32012	25.7	31022	1.07030e-04	3.32012	26.2	31581	1.05090e-04	3.31895	25.0	31413	1.05640e-04	3.31855	26.4
62428.609	16.018	31640	1.04930e-04	3.32012	25.7	30993	1.07120e-04	3.32012	26.2	31616	1.04970e-04	3.31875	25.0	31353	1.05850e-04	3.31855	26.4
62429.797	16.018	31642	1.04930e-04	3.32012	25.7	30943	1.07300e-04	3.32012	26.2	31607	1.05010e-04	3.31895	25.0	31303	1.06010e-04	3.31855	26.4
62430.985	16.023	31539	1.05260e-04	3.31992	25.7	30935	1.07330e-04	3.32012	26.2	31571	1.05120e-04	3.31875	25.0	31316	1.05970e-04	3.31855	26.4
62432.174	16.023	31532	1.05290e-04	3.32012	25.7	30959	1.07240e-04	3.32012	26.2	31564	1.05150e-04	3.31895	25.0	31247	1.06200e-04	3.31836	26.4
62433.362	16.023	31523	1.05330e-04	3.32031	25.6	30864	1.07580e-04	3.32031	26.2	31526	1.05280e-04	3.31895	25.0	31305	1.06000e-04	3.31836	26.4
62434.550	16.028	31551	1.05220e-04	3.31992	25.7	30923	1.07380e-04	3.32031	26.2	31497	1.05370e-04	3.31875	25.0	31283	1.06080e-04	3.31836	26.4
62435.739	16.028	31511	1.05370e-04	3.32031	25.7	30910	1.07410e-04	3.32012	26.2	31504	1.05350e-04	3.31895	25.0	31258	1.06170e-04	3.31855	26.4
62436.927	16.045	31649	1.04910e-04	3.32031	25.7	30871	1.07550e-04	3.32031	26.2	31501	1.05360e-04	3.31895	25.0	31323	1.05940e-04	3.31855	26.4
62438.115	16.045	31572	1.05150e-04	3.31992	25.7	31050	1.06930e-04	3.32012	26.2	31609	1.04990e-04	3.31855	25.0	31376	1.05770e-04	3.31855	26.4
62439.303	16.039	31639	1.04940e-04	3.32012	25.7	31004	1.07090e-04	3.32012	26.2	31620	1.04960e-04	3.31895	25.0	31396	1.05700e-04	3.31855	26.4
62440.492	16.039	31629	1.04970e-04	3.32012	25.7	31082	1.06820e-04	3.32012	26.2	31617	1.04970e-04	3.31895	25.0	31361	1.05820e-04	3.31855	26.4
62441.680	16.008	31614	1.05020e-04	3.32012	25.7	30982	1.07160e-04	3.32012	26.2	31589	1.05070e-04	3.31895	25.0	31294	1.06040e-04	3.31836	26.4
62442.868	16.008	31505	1.05390e-04	3.32031	25.7	30978	1.07170e-04	3.31992	26.2	31600	1.05030e-04	3.31895	25.0	31287	1.06070e-04	3.31855	26.4
62444.056	16.008	31525	1.05320e-04	3.32012	25.7	30918	1.07390e-04	3.32031	26.2	31485	1.05410e-04	3.31895	25.0	31242	1.06220e-04	3.31855	26.4
62445.244	16.020	31569	1.05160e-04	3.31992	25.7	30910	1.07420e-04	3.32031	26.2	31492	1.05380e-04	3.31875	25.0	31247	1.06200e-04	3.31836	26.4
62446.433	16.020	31589	1.05100e-04	3.32012	25.7	30899	1.07460e-04	3.32031	26.2	31529	1.05270e-04	3.31895	25.0	31252	1.06190e-04	3.31855	26.4
62447.621	16.028	31584	1.05120e-04	3.32012	25.7	30937	1.07330e-04	3.32031	26.2	31579	1.05090e-04	3.31875	25.0	31291	1.06060e-04	3.31855	26.4
62448.809	16.028	31592	1.05090e-04	3.32012	25.7	30979	1.07170e-04	3.32012	26.2	31568	1.05130e-04	3.31875	25.0	31294	1.06040e-04	3.31855	26.4
62449.997	16.034	31566	1.05190e-04	3.32031	25.7	30988	1.07140e-04	3.32012	26.2	31633	1.04920e-04	3.31895	25.0	31325	1.05950e-04	3.31875	26.4
62451.186	16.034	31526	1.05310e-04	3.32012	25.7	30991	1.07130e-04	3.32012	26.2	31526	1.05280e-04	3.31895	25.0	31305	1.06010e-04	3.31855	26.4
62452.374	16.040	31592	1.05090e-04	3.32012	25.7	30948	1.07280e-04	3.32012	26.2	31506	1.05340e-04	3.31895	25.0	31273	1.06120e-04	3.31855	26.4
62453.562	16.040	31579	1.05140e-04	3.32012	25.7	30964	1.07220e-04	3.32012	26.2	31609	1.04990e-04	3.31875	25.0	31311	1.05990e-04	3.31855	26.4
62454.750	16.040	31554	1.05220e-04	3.32012	25.7	30973	1.07190e-04	3.31992	26.2	31504	1.05340e-04	3.31875	25.0	31287	1.06070e-04	3.31855	26.4
62455.939	16.043	31533	1.05290e-04	3.32012	25.7	30913	1.07410e-04	3.32031	26.2	31566	1.05140e-04	3.31895	25.0	31276	1.06110e-04	3.31875	26.4
62457.127	16.043	31525	1.05320e-04	3.32012	25.7	30932	1.07340e-04	3.32031	26.2	31532	1.05260e-04	3.31895	25.0	31266	1.06140e-04	3.31855	26.4
62458.315	16.029	31507	1.05380e-04	3.32012	25.7	30881	1.07520e-04	3.32031	26.2	31503	1.05350e-04	3.31875	25.0	31284	1.06080e-04	3.31855	26.4
62459.503	16.029	31551	1.05230e-04	3.32012	25.7	30930	1.07350e-04	3.32031	26.2	31485	1.05410e-04	3.31895	25.0	31239	1.06230e-04	3.31855	26.4
62460.692	16.039	31538	1.05280e-04	3.32012	25.7	30899	1.07460e-04	3.32031	26.2	31476	1.05440e-04	3.31895	25.0	31289	1.06060e-04	3.31836	26.4
62461.880	16.039	31529	1.05310e-04	3.32031	25.7	30917	1.07390e-04	3.32012	26.2	31512	1.05320e-04	3.31875	25.0	31237	1.06250e-04	3.31895	26.4
62463.068	16.039	31500	1.05400e-04	3.32012	25.7	30887	1.07500e-04	3.32031	26.2	31525	1.05290e-04	3.31914	25.0	31282	1.06090e-04	3.31875	26.4
62464.256	16.038	31540	1.05270e-04	3.32012	25.7	30932	1.07340e-04	3.32012	26.2	31534	1.05240e-04	3.31875	25.0	31285	1.06070e-04	3.31855	26.4
62465.444	16.038	31600	1.05070e-04	3.32031	25.7	30950	1.07270e-04	3.32012	26.2	31526	1.05280e-04	3.31895	25.0	31340	1.05900e-04	3.31875	26.4
62466.633	16.074	31671	1.04840e-04	3.32031	25.7	31008	1.07080e-04	3.32031	26.2	31613	1.04990e-04	3.31914	25.0	31337	1.05900e-04	3.31855	26.4
62467.821	16.074	31545	1.05250e-04	3.32012	25.7	31045	1.06950e-04	3.32031	26.2	31601	1.05030e-04	3.31895	25.0	31297	1.06040e-04	3.31875	26.4
62469.009	16.052	31456	1.05550e-04	3.32012	25.7	30915	1.07390e-04	3.32012	26.2	31537	1.05240e-04	3.31895	25.0	31239	1.06230e-04	3.31855	26.4
62470.197	16.052	31512	1.05360e-04	3.32012	25.7	30850	1.07630e-04	3.32031	26.2	31446	1.05540e-04	3.31895	25.0	31294	1.06040e-04	3.31855	26.4
62471.386	16.046	31532	1.05300e-04	3.32012	25.7	30895	1.07470e-04	3.32031	26.2	31530	1.05260e-04	3.31875	25.0	31283	1.06080e-04	3.31855	26.4
62472.574	16.046	31548	1.05250e-04	3.32031	25.7	30961	1.07240e-04	3.32031	26.2	31500	1.05360e-04	3.31895	25.0	31305	1.06010e-04	3.31855	26.4
62473.762	16.055	31543	1.05260e-04	3.32012	25.7	30987	1.07150e-04	3.32031	26.2	31596	1.05040e-04	3.31875	25.0	31262	1.06150e-04	3.31855	26.4
62474.950	16.055	31539	1.05270e-04	3.32012	25.7	30914	1.07400e-04	3.32012	26.2	31535	1.05240e-04	3.31875	25.0	31241	1.06220e-04	3.31855	26.4
62476.138	16.055	31568	1.05180e-04	3.32012	25.7	30925	1.07360e-04	3.31992	26.2	31528	1.05270e-04	3.31895	25.0	31242	1.06220e-04	3.31855	26.4
62477.327	16.045	31507	1.05370e-04	3.31992	25.7	30931	1.07340e-04	3.32012	26.2	31531	1.05260e-04	3.31895	25.0	31261	1.06150e-04	3.31836	26.4
62478.515	16.045	31588	1.05110e-04	3.32012	25.7	30871	1.07550e-04	3.32012	26.2	31518	1.05300e-04	3.31895	25.0	31293	1.06050e-04	3.31855	26.4
62479.704	16.052	31509	1.05370e-04	3.32012	25.7	30909	1.07420e-04	3.32012	26.2	31547	1.05200e-04	3.31875	25.0	31246	1.06210e-04	3.31855	26.4
62480.892	16.052	31509	1.05360e-04	3.31992	25.7	30904	1.07430e-04	3.32012	26.2	31517	1.05300e-04	3.31875	25.0	31252	1.06190e-04	3.31855	26.4
62482.080	16.052	31619	1.05000e-04	3.32012	25.7	30913	1.07400e-04	3.32012	26.2	31499	1.05370e-04	3.31895	25.0	31306	1.06000e-04	3.31855	26.4
62483.268	16.050	31590	1.05090e-04	3.31992	25.7	30940	1.07310e-04	3.32031	26.2	31570	1.05130e-04	3.31895	25.0	31344	1.05870e-04	3.31836	26.4
62484.456	16.050	31524	1.05320e-04	3.32012	25.7	30945	1.07290e-04	3.32012	26.2	31541	1.05220e-04	3.31875	25.0	31241	1.06220e-04	3.31855	26.4
62485.645	16.050	31521	1.05330e-04	3.32012	25.7	30884	1.07500e-04	3.32012	26.2	31452	1.05520e-04	3.31895	25.0	31219	1.06300e-04	3.31855	26.4
62486.833	16.050	31500	1.05400e-04	3.32012	25.7	30882	1.07510e-04	3.32012	26.2	31500	1.05370e-04	3.31914	25.0	31213	1.06310e-04	3.31836	26.4
62488.021	16.038	31492	1.05430e-04	3.32012	25.7	30838	1.07660e-04	3.31992	26.2	31483	1.05410e-04	3.31875	25.0	31205	1.06350e-04	3.31875	26.4
62489.209	16.038	31554	1.05220e-04	3.32012	25.7	30855	1.07610e-04	3.32031	26.2	31445	1.05550e-04	3.31895	25.0	31237	1.06240e-04	3.31855	26.4
62490.397	16.041	31548	1.05240e-04	3.32012	25.7	30884	1.07500e-04	3.32012	26.2	31512	1.05320e-04	3.31895	25.0	31267	1.06140e-04	3.31855	26.4
62491.586	16.041	31598	1.05070e-04	3.32012	25.7	30955	1.07250e-04	3.32012	26.2	31494	1.05380e-04	3.31895	25.0	31384	1.05740e-04	3.31855	26.4
62492.774	16.047	31570	1.05170e-04	3.32012	25.7	30917	1.07390e-04	3.32012	26.2	31537	1.05240e-04	3.31895	25.0	31264	1.06140e-04	3.31855	26.4
62493.962	16.047	31483	1.05460e-04	3.32012	25.7	30848	1.07630e-04	3.32012	26.2	31504	1.05350e-04	3.31895	25.0	31268	1.06140e-04	3.31875	26.4
62495.151	16.047	31503	1.05390e-04	3.32012	25.7	30893	1.07470e-04	3.32012	26.2	31485	1.05410e-04	3.31875	25.0	31221	1.06290e-04	3.31855	26.4
62496.339	16.058	31491	1.05440e-04	3.32031	25.7	30851	1.07620e-04	3.32031	26.2	31424	1.05620e-04	3.31895	25.0	31244	1.06210e-04	3.31855	26.4
62497.527	16.058	31540	1.05260e-04	3.31992	25.7	30892	1.07480e-04	3.32031	26.2	31554	1.05180e-04	3.31895	25.0	31291	1.06050e-04	3.31836	26.4
62498.715	16.053	31516	1.05350e-04	3.32012	25.7	30963	1.07230e-04	3.32012	26.2	31506	1.05330e-04	3.31855	25.0	31263	1.06150e-04	3.31855	26.4
62499.904	16.053	31574	1.05150e-04	3.32012	25.7	30862	1.07590e-04	3.32031	26.2	31549	1.05200e-04	3.31914	25.0	31350	1.05860e-04	3.31875	26.4
62501.091	16.048	31562	1.05190e-04	3.31992	25.7	30998	1.07110e-04	3.32012	26.2	31565	1.05150e-04	3.31895	25.0	31349	1.05850e-04	3.31836	26.4
62502.280	16.048	31591	1.05100e-04	3.32031	25.7	30948	1.07280e-04	3.31992	26.2	31556	1.05180e-04	3.31895	25.0	31292	1.06050e-04	3.31855	26.4
62503.468	16.062	31573	1.05160e-04	3.32012	25.7	30945	1.07300e-04	3.32031	26.2	31527	1.05270e-04	3.31895	25.0	31246	1.06200e-04	3.31836	26.4
62504.656	16.062	31530	1.05300e-04	3.32012	25.7	30884	1.07500e-04	3.32012	26.2	31547	1.05200e-04	3.31875	25.0	31272	1.06120e-04	3.31855	26.4
62505.845	16.062	31549	1.05240e-04	3.32012	25.7	31007	1.07070e-04	3.32012	26.2	31505	1.05340e-04	3.31875	25.0	31264	1.06140e-04	3.31855	26.4
62507.033	16.038	31571	1.05160e-04	3.31992	25.7	30902	1.07440e-04	3.32012	26.2	31499	1.05360e-04	3.31875	25.0	31302	1.06010e-04	3.31836	26.4
62508.221	16.038	31591	1.05100e-04	3.32012	25.7	30983	1.07160e-04	3.32012	26.2	31625	1.04940e-04	3.31875	25.0	31343	1.05880e-04	3.31855	26.4
62509.410	16.041	31594	1.05090e-04	3.32012	25.7	30949	1.07280e-04	3.32031	26.2	31580	1.05090e-04	3.31895	25.0	31304	1.06000e-04	3.31836	26.4
62510.598	16.041	31596	1.05070e-04	3.31992	25.7	30975	1.07190e-04	3.32012	26.2	31524	1.05280e-04	3.31875	25.0	31313	1.05980e-04	3.31855	26.4
62511.786	16.037	31576	1.05140e-04	3.31992	25.7	30910	1.07410e-04	3.32012	26.2	31580	1.05090e-04	3.31895	25.0	31283	1.06080e-04	3.31855	26.4
62512.974	16.037	31600	1.05070e-04	3.32012	25.7	30969	1.07210e-04	3.32012	26.2	31510	1.05320e-04	3.31875	25.0	31336	1.05900e-04	3.31855	26.4
62514.162	16.037	31577	1.05140e-04	3.32012	25.7	30947	1.07280e-04	3.31992	26.2	31586	1.05070e-04	3.31875	25.0	31354	1.05830e-04	3.31836	26.4
62515.351	16.045	31562	1.05200e-04	3.32012	25.7	30944	1.07290e-04	3.32012	26.2	31623	1.04950e-04	3.31875	25.0	31346	1.05860e-04	3.31836	26.4
62516.538	16.045	31502	1.05390e-04	3.31992	25.7	30923	1.07360e-04	3.31992	26.2	31549	1.05200e-04	3.31895	25.0	31330	1.05920e-04	3.31836	26.4
62517.727	16.053	31553	1.05220e-04	3.32012	25.7	30946	1.07280e-04	3.31992	26.2	31588	1.05060e-04	3.31875	25.0	31294	1.06040e-04	3.31855	26.4
62518.915	16.053	31585	1.05110e-04	3.31992	25.7	30941	1.07300e-04	3.32012	26.2	31527	1.05270e-04	3.31875	25.0	31340	1.05890e-04	3.31855	26.4
62520.103	16.041	31567	1.05180e-04	3.32012	25.7	30980	1.07170e-04	3.32012	26.2	31579	1.05090e-04	3.31875	25.0	31338	1.05890e-04	3.31836	26.4
62521.291	16.041	31532	1.05290e-04	3.32012	25.7	30954	1.07260e-04	3.32012	26.2	31563	1.05150e-04	3.31875	25.0	31283	1.06080e-04	3.31855	26.4
62522.480	16.046	31523	1.05320e-04	3.32012	25.7	30911	1.07410e-04	3.32031	26.2	31487	1.05400e-04	3.31875	25.0	31316	1.05960e-04	3.31836	26.4
62523.668	16.046	31455	1.05550e-04	3.32012	25.7	30912	1.07400e-04	3.32012	26.2	31524	1.05280e-04	3.31875	25.0	31245	1.06210e-04	3.31855	26.4
62524.856	16.049	31501	1.05400e-04	3.32012	25.7	30918	1.07380e-04	3.32012	26.2	31512	1.05320e-04	3.31875	25.0	31258	1.06170e-04	3.31855	26.4
62526.045	16.049	31592	1.05090e-04	3.32012	25.7	30921	1.07380e-04	3.32012	26.2	31561	1.05160e-04	3.31895	25.0	31304	1.06000e-04	3.31836	26.4
62527.233	16.049	31564	1.05190e-04	3.32012	25.7	30952	1.07270e-04	3.32012	26.2	31574	1.05120e-04	3.31895	25.0	31284	1.06070e-04	3.31836	26.4
62528.421	16.043	31533	1.05290e-04	3.32012	25.7	30957	1.07250e-04	3.32012	26.2	31565	1.05140e-04	3.31875	25.0	31260	1.06160e-04	3.31855	26.4
62529.609	16.043	31560	1.05200e-04	3.32012	25.7	30934	1.07330e-04	3.32012	26.2	31539	1.05230e-04	3.31875	25.0	31289	1.06060e-04	3.31855	26.4
62530.798	16.029	31534	1.05290e-04	3.32012	25.7	30932	1.07340e-04	3.32012	26.2	31528	1.05260e-04	3.31875	25.0	31346	1.05870e-04	3.31875	26.4
62531.986	16.029	31572	1.05160e-04	3.32012	25.7	30932	1.07340e-04	3.32031	26.2	31591	1.05060e-04	3.31895	25.0	31312	1.05980e-04	3.31855	26.4
62533.174	16.029	31525	1.05320e-04	3.32012	25.7	30924	1.07370e-04	3.32031	26.2	31603	1.05020e-04	3.31895	25.0	31332	1.05910e-04	3.31836	26.4
62534.363	16.037	31536	1.05280e-04	3.32012	25.7	30874	1.07540e-04	3.32012	26.2	31541	1.05220e-04	3.31875	25.0	31342	1.05880e-04	3.31855	26.4
62535.551	16.037	31601	1.05060e-04	3.32012	25.7	31020	1.07040e-04	3.32031	26.2	31650	1.04860e-04	3.31895	25.0	31343	1.05880e-04	3.31855	26.4
62536.739	16.035	31598	1.05070e-04	3.32012	25.7	30952	1.07270e-04	3.32012	26.2	31584	1.05080e-04	3.31895	25.0	31344	1.05880e-04	3.31855	26.4
62537.927	16.035	31522	1.05330e-04	3.32012	25.7	30949	1.07280e-04	3.32012	26.2	31570	1.05130e-04	3.31895	25.0	31326	1.05940e-04	3.31875	26.4
62539.115	16.042	31519	1.05340e-04	3.32012	25.7	30894	1.07470e-04	3.32012	26.2	31532	1.05250e-04	3.31875	25.0	31241	1.06230e-04	3.31855	26.4
62540.304	16.042	31490	1.05430e-04	3.32012	25.7	30890	1.07480e-04	3.32012	26.2	31565	1.05150e-04	3.31895	25.0	31248	1.06190e-04	3.31836	26.4
62541.492	16.041	31530	1.05300e-04	3.32012	25.7	30908	1.07430e-04	3.32031	26.2	31523	1.05280e-04	3.31875	25.0	31277	1.06100e-04	3.31855	26.4
62542.680	16.041	31538	1.05280e-04	3.32031	25.7	30902	1.07440e-04	3.32012	26.2	31541	1.05220e-04	3.31875	25.0	31251	1.06190e-04	3.31855	26.4
62543.868	16.026	31498	1.05400e-04	3.31992	25.7	30906	1.07430e-04	3.32031	26.2	31513	1.05320e-04	3.31895	25.0	31288	1.06060e-04	3.31855	26.4
62545.057	16.026	31508	1.05370e-04	3.32012	25.7	30852	1.07610e-04	3.32012	26.2	31542	1.05220e-04	3.31875	25.0	31302	1.06020e-04	3.31855	26.4
62546.245	16.026	31497	1.05410e-04	3.32012	25.7	30863	1.07580e-04	3.32012	26.2	31560	1.05160e-04	3.31875	25.0	31245	1.06210e-04	3.31836	26.4
62547.433	16.044	31535	1.05280e-04	3.32012	25.7	30919	1.07390e-04	3.32031	26.2	31534	1.05250e-04	3.31895	25.0	31265	1.06140e-04	3.31855	26.4
62548.621	16.044	31498	1.05400e-04	3.31992	25.7	30895	1.07470e-04	3.32012	26.2	31514	1.05300e-04	3.31855	25.0	31232	1.06250e-04	3.31855	26.4
62549.809	16.057	31544	1.05250e-04	3.32012	25.7	30895	1.07460e-04	3.32012	26.2	31494	1.05380e-04	3.31895	25.0	31246	1.06210e-04	3.31875	26.4
62550.998	16.057	31570	1.05170e-04	3.32012	25.7	30879	1.07520e-04	3.32012	26.2	31551	1.05190e-04	3.31895	25.0	31384	1.05740e-04	3.31855	26.4
62552.186	16.043	31581	1.05130e-04	3.32012	25.7	31001	1.07090e-04	3.31992	26.2	31625	1.04940e-04	3.31855	25.0	31360	1.05810e-04	3.31836	26.4
62553.374	16.043	31566	1.05180e-04	3.32012	25.7	30980	1.07170e-04	3.32012	26.2	31553	1.05190e-04	3.31895	25.0	31306	1.06000e-04	3.31855	26.4
62554.563	16.038	31609	1.05030e-04	3.31992	25.7	30967	1.07210e-04	3.32012	26.2	31631	1.04930e-04	3.31895	25.0	31297	1.06030e-04	3.31836	26.4
62555.750	16.038	31601	1.05070e-04	3.32031	25.7	30922	1.07370e-04	3.31992	26.2	31572	1.05120e-04	3.31875	25.0	31321	1.05960e-04	3.31875	26.4
62556.939	16.038	31549	1.05240e-04	3.32012	25.7	30937	1.07320e-04	3.32031	26.2	31532	1.05260e-04	3.31895	25.0	31294	1.06040e-04	3.31855	26.4
62558.127	16.042	31534	1.05290e-04	3.32012	25.7	31003	1.07100e-04	3.32031	26.2	31498	1.05360e-04	3.31875	25.0	31335	1.05900e-04	3.31836	26.4
62559.316	16.042	31530	1.05300e-04	3.32012	25.7	30914	1.07400e-04	3.32012	26.2	31534	1.05240e-04	3.31875	25.0	31242	1.06220e-04	3.31855	26.4
62560.504	16.040	31524	1.05320e-04	3.32012	25.7	30878	1.07530e-04	3.32031	26.2	31507	1.05340e-04	3.31895	25.0	31305	1.06010e-04	3.31855	26.4
62561.692	16.040	31498	1.05410e-04	3.32012	25.7	30964	1.07220e-04	3.32012	26.2	31517	1.05310e-04	3.31895	25.0	31248	1.06200e-04	3.31855	26.4
62562.880	16.111	31531	1.05300e-04	3.32031	25.7	30903	1.07440e-04	3.32012	26.2	31553	1.05190e-04	3.31895	25.0	31274	1.06110e-04	3.31855	26.4
62564.069	16.111	31543	1.05250e-04	3.31992	25.7	30925	1.07360e-04	3.32012	26.2	31551	1.05190e-04	3.31895	25.0	31257	1.06160e-04	3.31836	26.4
62565.257	16.111	31516	1.05350e-04	3.32012	25.7	30910	1.07410e-04	3.32012	26.2	31527	1.05270e-04	3.31875	25.0	31375	1.05760e-04	3.31836	26.4
62566.445	16.029	31516	1.05350e-04	3.32012	25.7	30884	1.07500e-04	3.32012	26.2	31529	1.05260e-04	3.31875	25.0	31294	1.06040e-04	3.31836	26.4
62567.633	16.029	31586	1.05100e-04	3.31973	25.7	30950	1.07270e-04	3.32012	26.2	31503	1.05350e-04	3.31895	25.0	31389	1.05720e-04	3.31836	26.4
62568.821	16.056	31569	1.05180e-04	3.32031	25.7	31022	1.07030e-04	3.32012	26.2	31619	1.04960e-04	3.31875	25.0	31382	1.05760e-04	3.31895	26.4
62570.009	16.056	31632	1.04960e-04	3.32012	25.7	31016	1.07050e-04	3.32031	26.2	31585	1.05080e-04	3.31895	25.0	31355	1.05840e-04	3.31855	26.4
62571.198	16.045	31561	1.05190e-04	3.31992	25.7	30940	1.07310e-04	3.32031	26.2	31580	1.05100e-04	3.31895	25.0	31343	1.05880e-04	3.31855	26.4
62572.386	16.045	31545	1.05260e-04	3.32031	25.7	30958	1.07250e-04	3.32012	26.2	31629	1.04920e-04	3.31855	25.0	31308	1.05990e-04	3.31836	26.4
62573.575	16.022	31568	1.05170e-04	3.32012	25.7	30935	1.07330e-04	3.32031	26.2	31528	1.05270e-04	3.31895	25.0	31285	1.06080e-04	3.31855	26.4
62574.762	16.022	31534	1.05290e-04	3.32012	25.7	30937	1.07320e-04	3.32012	26.2	31532	1.05260e-04	3.31895	25.0	31273	1.06120e-04	3.31855	26.4
62575.951	16.022	31517	1.05350e-04	3.32031	25.7	30925	1.07360e-04	3.31992	26.2	31507	1.05330e-04	3.31855	25.0	31273	1.06120e-04	3.31855	26.4
62577.139	16.036	31605	1.05040e-04	3.31992	25.7	30993	1.07130e-04	3.32012	26.2	31540	1.05230e-04	3.31895	25.0	31276	1.06110e-04	3.31875	26.4
62578.327	16.036	31504	1.05380e-04	3.31992	25.7	30922	1.07370e-04	3.31992	26.2	31565	1.05140e-04	3.31875	25.0	31305	1.06010e-04	3.31855	26.4
62579.516	16.043	31526	1.05310e-04	3.32012	25.7	30976	1.07190e-04	3.32031	26.2	31535	1.05240e-04	3.31875	25.0	31284	1.06070e-04	3.31836	26.4
62580.704	16.043	31538	1.05270e-04	3.32012	25.7	30855	1.07600e-04	3.32012	26.2	31504	1.05350e-04	3.31895	25.0	31303	1.06020e-04	3.31855	26.4
62581.892	16.043	31542	1.05250e-04	3.31992	25.7	30891	1.07470e-04	3.31992	26.2	31525	1.05270e-04	3.31855	25.0	31311	1.05990e-04	3.31855	26.4
62583.080	16.043	31532	1.05300e-04	3.32012	25.7	30939	1.07320e-04	3.32031	26.2	31460	1.05500e-04	3.31895	25.0	31240	1.06230e-04	3.31855	26.4
62584.269	16.043	31535	1.05280e-04	3.31992	25.7	30875	1.07530e-04	3.32012	26.2	31472	1.05460e-04	3.31895	25.0	31227	1.06270e-04	3.31855	26.4
62585.457	16.050	31537	1.05280e-04	3.32012	25.7	30913	1.07390e-04	3.31992	26.2	31534	1.05240e-04	3.31855	25.0	31249	1.06200e-04	3.31855	26.4
62586.645	16.050	31607	1.05040e-04	3.32012	25.7	30887	1.07500e-04	3.32031	26.2	31499	1.05370e-04	3.31895	25.0	31234	1.06250e-04	3.31855	26.4
62587.833	16.145	31624	1.04980e-04	3.31992	25.7	30955	1.07250e-04	3.32012	26.2	31526	1.05280e-04	3.31895	25.0	31254	1.06180e-04	3.31855	26.4
62589.022	16.145	31556	1.05210e-04	3.32012	25.7	31027	1.07000e-04	3.31992	26.2	31597	1.05030e-04	3.31875	25.0	31344	1.05880e-04	3.31855	26.4
62590.210	16.034	31628	1.04970e-04	3.32012	25.7	30998	1.07110e-04	3.32012	26.2	31608	1.05000e-04	3.31875	25.0	31371	1.05780e-04	3.31855	26.4
62591.398	16.034	31625	1.04980e-04	3.32012	25.7	30977	1.07180e-04	3.32012	26.2	31637	1.04910e-04	3.31895	25.0	31391	1.05710e-04	3.31836	26.4
62592.586	16.016	31644	1.04920e-04	3.32012	25.7	31052	1.06930e-04	3.32031	26.2	31655	1.04840e-04	3.31875	25.0	31363	1.05810e-04	3.31855	26.4
62593.775	16.016	31662	1.04860e-04	3.31992	25.7	31036	1.06980e-04	3.32031	26.2	31627	1.04930e-04	3.31875	25.0	31356	1.05830e-04	3.31855	26.4
62594.963	16.023	31627	1.04980e-04	3.32012	25.7	30988	1.07140e-04	3.32012	26.2	31618	1.04970e-04	3.31875	25.0	31432	1.05570e-04	3.31836	26.4
62596.151	16.023	31519	1.05340e-04	3.32012	25.7	30921	1.07380e-04	3.32031	26.2	31556	1.05180e-04	3.31895	25.0	31258	1.06170e-04	3.31855	26.4
62597.339	16.023	31539	1.05270e-04	3.31992	25.7	30893	1.07470e-04	3.32012	26.2	31548	1.05200e-04	3.31875	25.0	31330	1.05920e-04	3.31855	26.4
62598.527	15.991	31519	1.05340e-04	3.32012	25.7	30890	1.07490e-04	3.32031	26.2	31534	1.05250e-04	3.31895	25.0	31304	1.06000e-04	3.31836	26.4
62599.716	15.991	31524	1.05310e-04	3.31992	25.7	30905	1.07430e-04	3.32012	26.2	31482	1.05420e-04	3.31875	25.0	31255	1.06180e-04	3.31855	26.4
62600.904	16.038	31506	1.05380e-04	3.32012	25.7	30962	1.07230e-04	3.32012	26.2	31546	1.05200e-04	3.31875	25.0	31280	1.06090e-04	3.31855	26.4
62602.092	16.038	31546	1.05250e-04	3.32012	25.7	31021	1.07030e-04	3.32031	26.2	31579	1.05100e-04	3.31895	25.0	31305	1.06010e-04	3.31875	26.4
62603.280	15.985	31536	1.05280e-04	3.32012	25.7	30906	1.07420e-04	3.31992	26.2	31574	1.05110e-04	3.31875	25.0	31274	1.06110e-04	3.31855	26.4
62604.468	15.985	31539	1.05280e-04	3.32031	25.7	30914	1.07400e-04	3.32031	26.2	31473	1.05450e-04	3.31895	25.0	31256	1.06170e-04	3.31836	26.4
62605.657	15.985	31470	1.05500e-04	3.31992	25.7	30923	1.07380e-04	3.32031	26.2	31523	1.05290e-04	3.31895	25.0	31232	1.06250e-04	3.31855	26.4
62606.845	16.043	31581	1.05130e-04	3.32012	25.7	30915	1.07390e-04	3.32012	26.2	31538	1.05230e-04	3.31875	25.0	31261	1.06160e-04	3.31855	26.4
62608.033	16.043	31544	1.05250e-04	3.32012	25.7	30947	1.07290e-04	3.32031	26.2	31536	1.05240e-04	3.31895	25.0	31248	1.06210e-04	3.31875	26.4
62609.221	16.066	31518	1.05340e-04	3.32012	25.7	30923	1.07370e-04	3.32012	26.2	31493	1.05380e-04	3.31875	25.0	31300	1.06030e-04	3.31875	26.4
62610.410	16.066	31491	1.05430e-04	3.32012	25.6	30938	1.07310e-04	3.32012	26.2	31562	1.05160e-04	3.31895	25.0	31310	1.05980e-04	3.31836	26.4
62611.598	16.018	31583	1.05120e-04	3.32012	25.6	30964	1.07230e-04	3.32031	26.2	31622	1.04960e-04	3.31895	25.0	31323	1.05950e-04	3.31855	26.4
62612.786	16.018	31636	1.04950e-04	3.32012	25.6	30959	1.07240e-04	3.32012	26.2	31588	1.05060e-04	3.31875	25.0	31320	1.05950e-04	3.31836	26.4
62613.974	16.021	31590	1.05100e-04	3.32012	25.6	30978	1.07180e-04	3.32012	26.2	31636	1.04910e-04	3.31895	25.0	31336	1.05910e-04	3.31875	26.4
62615.163	16.021	31566	1.05180e-04	3.31992	25.6	30956	1.07250e-04	3.32012	26.2	31570	1.05130e-04	3.31895	25.0	31297	1.06030e-04	3.31855	26.4
62616.351	16.027	31578	1.05140e-04	3.32012	25.6	30955	1.07250e-04	3.32012	26.2	31559	1.05170e-04	3.31895	25.0	31314	1.05980e-04	3.31855	26.4
62617.539	16.027	31538	1.05270e-04	3.32012	25.6	30899	1.07460e-04	3.32031	26.2	31534	1.05250e-04	3.31895	25.0	31288	1.06060e-04	3.31855	26.4
62618.728	16.027	31546	1.05250e-04	3.32012	25.7	30923	1.07370e-04	3.32031	26.2	31612	1.04990e-04	3.31895	25.0	31344	1.05880e-04	3.31855	26.4
62619.916	16.023	31592	1.05100e-04	3.32031	25.7	30909	1.07410e-04	3.32012	26.2	31550	1.05180e-04	3.31855	25.0	31303	1.06010e-04	3.31855	26.4
62621.104	16.023	31592	1.05090e-04	3.32012	25.7	30947	1.07290e-04	3.32031	26.2	31522	1.05300e-04	3.31914	25.0	31278	1.06100e-04	3.31855	26.4
62622.292	16.030	31577	1.05150e-04	3.32031	25.7	30918	1.07380e-04	3.32012	26.2	31534	1.05250e-04	3.31895	25.0	31297	1.06030e-04	3.31855	26.4
62623.481	16.030	31466	1.05510e-04	3.32012	25.7	30919	1.07380e-04	3.32012	26.2	31507	1.05330e-04	3.31875	25.0	31246	1.06210e-04	3.31855	26.4
62624.669	16.026	31536	1.05280e-04	3.32012	25.7	30862	1.07580e-04	3.32031	26.2	31519	1.05300e-04	3.31895	25.0	31260	1.06160e-04	3.31855	26.4
62625.857	16.026	31510	1.05370e-04	3.32012	25.7	30948	1.07280e-04	3.31992	26.2	31528	1.05260e-04	3.31875	25.0	31275	1.06110e-04	3.31855	26.4
62627.045	16.026	31591	1.05100e-04	3.32012	25.7	30953	1.07260e-04	3.32012	26.2	31566	1.05140e-04	3.31895	25.0	31326	1.05940e-04	3.31855	26.4
62628.234	16.169	31514	1.05350e-04	3.32012	25.7	31007	1.07070e-04	3.32012	26.2	31630	1.04930e-04	3.31895	25.0	31283	1.06080e-04	3.31855	26.4
62629.422	16.169	31553	1.05230e-04	3.32031	25.7	30927	1.07360e-04	3.32031	26.2	31562	1.05150e-04	3.31875	25.0	31282	1.06080e-04	3.31836	26.4
62630.610	16.063	31527	1.05310e-04	3.32012	25.7	30931	1.07350e-04	3.32031	26.2	31528	1.05270e-04	3.31895	25.0	31290	1.06060e-04	3.31875	26.4
62631.798	16.063	31491	1.05430e-04	3.32012	25.7	30874	1.07540e-04	3.32012	26.2	31550	1.05200e-04	3.31895	25.0	31230	1.06270e-04	3.31875	26.4
62632.986	16.037	31540	1.05270e-04	3.32031	25.7	30954	1.07270e-04	3.32031	26.2	31485	1.05410e-04	3.31895	25.0	31251	1.06190e-04	3.31855	26.4
62634.175	16.037	31493	1.05420e-04	3.32012	25.7	30894	1.07480e-04	3.32031	26.2	31537	1.05240e-04	3.31895	25.0	31287	1.06070e-04	3.31875	26.4
62635.363	15.980	31543	1.05260e-04	3.32012	25.7	30890	1.07480e-04	3.32012	26.2	31517	1.05300e-04	3.31875	25.0	31320	1.05950e-04	3.31836	26.4
62636.551	15.980	31521	1.05330e-04	3.32012	25.7	30908	1.07420e-04	3.32012	26.2	31569	1.05130e-04	3.31875	25.0	31275	1.06100e-04	3.31836	26.4
62637.739	16.024	31547	1.05240e-04	3.32012	25.7	30952	1.07270e-04	3.32012	26.2	31483	1.05420e-04	3.31895	25.0	31309	1.06000e-04	3.31855	26.4
62638.928	16.024	31587	1.05100e-04	3.31992	25.7	30938	1.07310e-04	3.32012	26.2	31546	1.05210e-04	3.31895	25.0	31364	1.05810e-04	3.31875	26.4
62640.116	16.024	31524	1.05330e-04	3.32031	25.7	30936	1.07320e-04	3.32012	26.2	31589	1.05070e-04	3.31895	25.0	31367	1.05790e-04	3.31836	26.4
62641.304	15.995	31592	1.05090e-04	3.32012	25.7	30948	1.07280e-04	3.32012	26.2	31611	1.04990e-04	3.31895	25.0	31293	1.06050e-04	3.31855	26.4
62642.492	15.995	31587	1.05110e-04	3.32012	25.7	30976	1.07180e-04	3.32012	26.2	31526	1.05280e-04	3.31895	25.0	31374	1.05770e-04	3.31855	26.4
62643.680	15.990	31615	1.05020e-04	3.32012	25.7	30973	1.07200e-04	3.32031	26.2	31600	1.05030e-04	3.31895	25.0	31376	1.05770e-04	3.31855	26.4
62644.869	15.990	31572	1.05150e-04	3.31992	25.7	30989	1.07140e-04	3.32031	26.2	31578	1.05100e-04	3.31895	25.0	31389	1.05730e-04	3.31875	26.4
62646.057	16.032	31531	1.05300e-04	3.32031	25.7	30931	1.07340e-04	3.32012	26.2	31605	1.05010e-04	3.31895	25.0	31318	1.05960e-04	3.31836	26.4
62647.245	16.032	31514	1.05350e-04	3.32012	25.7	30869	1.07560e-04	3.32031	26.2	31480	1.05430e-04	3.31895	25.0	31277	1.06100e-04	3.31855	26.4
62648.434	16.032	31482	1.05460e-04	3.32012	25.7	30905	1.07430e-04	3.32012	26.2	31531	1.05250e-04	3.31875	25.0	31264	1.06140e-04	3.31836	26.4
62649.622	16.013	31529	1.05310e-04	3.32031	25.7	30911	1.07420e-04	3.32031	26.2	31518	1.05300e-04	3.31895	25.0	31258	1.06170e-04	3.31855	26.4
62650.810	16.013	31510	1.05360e-04	3.31992	25.7	30908	1.07420e-04	3.32012	26.2	31518	1.05300e-04	3.31895	25.0	31273	1.06120e-04	3.31875	26.4
62651.998	16.038	31567	1.05180e-04	3.32012	25.7	30918	1.07380e-04	3.31992	26.2	31554	1.05180e-04	3.31895	25.0	31338	1.05900e-04	3.31855	26.4
62653.186	16.038	31545	1.05260e-04	3.32031	25.7	30963	1.07240e-04	3.32031	26.2	31557	1.05170e-04	3.31895	25.0	31340	1.05890e-04	3.31855	26.4
62654.375	16.028	31474	1.05490e-04	3.32012	25.7	30982	1.07170e-04	3.32031	26.2	31577	1.05110e-04	3.31895	25.0	31329	1.05920e-04	3.31855	26.4
62655.563	16.028	31533	1.05300e-04	3.32031	25.7	30954	1.07260e-04	3.32012	26.2	31492	1.05380e-04	3.31875	25.0	31304	1.06010e-04	3.31836	26.4
62656.752	16.036	31481	1.05460e-04	3.32012	25.7	30949	1.07280e-04	3.32031	26.2	31580	1.05100e-04	3.31895	25.0	31248	1.06210e-04	3.31875	26.4
62657.940	16.036	31557	1.05210e-04	3.32012	25.7	30903	1.07440e-04	3.32031	26.2	31477	1.05440e-04	3.31895	25.0	31292	1.06060e-04	3.31875	26.4
62659.128	16.036	31577	1.05140e-04	3.32012	25.7	30892	1.07480e-04	3.32012	26.2	31510	1.05330e-04	3.31895	25.0	31259	1.06160e-04	3.31855	26.4
62660.316	16.051	31646	1.04920e-04	3.32031	25.7	30973	1.07190e-04	3.31992	26.2	31599	1.05030e-04	3.31875	25.0	31346	1.05860e-04	3.31836	26.4
62661.504	16.051	31540	1.05270e-04	3.32031	25.7	31005	1.07080e-04	3.32012	26.2	31640	1.04900e-04	3.31914	25.0	31373	1.05780e-04	3.31855	26.4
62662.692	16.051	31530	1.05300e-04	3.32012	25.7	30882	1.07510e-04	3.32012	26.2	31513	1.05320e-04	3.31895	25.0	31387	1.05730e-04	3.31855	26.4
62663.880	16.051	31521	1.05340e-04	3.32031	25.7	30886	1.07490e-04	3.31992	26.2	31483	1.05420e-04	3.31895	25.0	31254	1.06180e-04	3.31855	26.4
62665.069	16.051	31515	1.05350e-04	3.32012	25.7	30892	1.07480e-04	3.32012	26.2	31468	1.05470e-04	3.31895	25.0	31271	1.06130e-04	3.31875	26.4
62666.257	16.051	31474	1.05490e-04	3.32012	25.7	30959	1.07240e-04	3.32012	26.2	31537	1.05240e-04	3.31895	25.0	31297	1.06030e-04	3.31855	26.4
62667.446	16.059	31543	1.05260e-04	3.32012	25.7	30880	1.07520e-04	3.32031	26.2	31537	1.05230e-04	3.31875	25.0	31246	1.06200e-04	3.31836	26.4
62668.633	16.059	31502	1.05390e-04	3.32012	25.7	30887	1.07510e-04	3.32051	26.2	31521	1.05300e-04	3.31914	25.0	31264	1.06150e-04	3.31875	26.4
62669.822	16.059	31534	1.05290e-04	3.32031	25.7	30914	1.07400e-04	3.32031	26.2	31475	1.05440e-04	3.31875	25.0	31254	1.06190e-04	3.31875	26.4
62671.010	16.075	31599	1.05070e-04	3.32012	25.7	30919	1.07390e-04	3.32031	26.2	31495	1.05380e-04	3.31875	25.0	31298	1.06030e-04	3.31855	26.4
62672.198	16.075	31524	1.05320e-04	3.32012	25.7	30925	1.07370e-04	3.32031	26.2	31551	1.05200e-04	3.31914	25.0	31335	1.05910e-04	3.31875	26.4
62673.387	16.047	31510	1.05370e-04	3.32012	25.7	30934	1.07330e-04	3.32012	26.2	31554	1.05180e-04	3.31895	25.0	31348	1.05860e-04	3.31855	26.4
62674.575	16.047	31564	1.05190e-04	3.32012	25.7	30949	1.07280e-04	3.32031	26.2	31512	1.05320e-04	3.31895	25.0	31267	1.06140e-04	3.31855	26.4
62675.763	16.050	31559	1.05200e-04	3.32012	25.7	30956	1.07250e-04	3.32012	26.2	31507	1.05340e-04	3.31895	25.0	31253	1.06190e-04	3.31875	26.4
62676.951	16.050	31599	1.05070e-04	3.32012	25.6	30995	1.07120e-04	3.32012	26.2	31635	1.04910e-04	3.31895	25.0	31318	1.05960e-04	3.31855	26.4
62678.140	16.050	31549	1.05240e-04	3.32012	25.6	30964	1.07220e-04	3.32012	26.2	31546	1.05210e-04	3.31895	25.0	31299	1.06030e-04	3.31875	26.4
62679.328	16.032	31644	1.04920e-04	3.32012	25.6	31007	1.07070e-04	3.32012	26.2	31564	1.05150e-04	3.31895	25.0	31376	1.05770e-04	3.31855	26.4
62680.516	16.032	31579	1.05140e-04	3.32012	25.6	30986	1.07150e-04	3.32012	26.2	31622	1.04960e-04	3.31895	25.0	31360	1.05820e-04	3.31855	26.4
62681.704	16.019	31547	1.05240e-04	3.31992	25.6	30970	1.07200e-04	3.32012	26.2	31574	1.05110e-04	3.31875	25.0	31319	1.05960e-04	3.31855	26.4
62682.893	16.019	31546	1.05250e-04	3.32012	25.6	30935	1.07330e-04	3.32031	26.2	31567	1.05140e-04	3.31895	25.0	31277	1.06100e-04	3.31855	26.4
62684.081	16.038	31523	1.05320e-04	3.31992	25.6	30941	1.07300e-04	3.32012	26.2	31553	1.05180e-04	3.31875	25.0	31329	1.05930e-04	3.31855	26.4
62685.269	16.038	31641	1.04930e-04	3.31992	25.6	30958	1.07250e-04	3.32012	26.2	31580	1.05090e-04	3.31875	25.0	31245	1.06210e-04	3.31836	26.4
62686.457	16.015	31598	1.05070e-04	3.32012	25.6	30952	1.07270e-04	3.32012	26.2	31570	1.05120e-04	3.31875	25.0	31253	1.06180e-04	3.31836	26.4
62687.646	16.015	31530	1.05300e-04	3.31992	25.6	30952	1.07270e-04	3.32012	26.2	31593	1.05050e-04	3.31875	25.0	31363	1.05810e-04	3.31855	26.4
62688.834	16.015	31540	1.05270e-04	3.32012	25.6	30886	1.07490e-04	3.31992	26.2	31550	1.05200e-04	3.31895	25.0	31244	1.06220e-04	3.31855	26.4
62690.022	16.015	31615	1.05020e-04	3.32012	25.6	30933	1.07330e-04	3.32012	26.2	31549	1.05200e-04	3.31875	25.0	31229	1.06260e-04	3.31836	26.4
62691.210	16.015	31547	1.05240e-04	3.31992	25.6	30886	1.07500e-04	3.32012	26.2	31584	1.05080e-04	3.31875	25.0	31237	1.06240e-04	3.31855	26.4
62692.399	16.032	31596	1.05070e-04	3.31992	25.6	30962	1.07230e-04	3.32012	26.1	31551	1.05190e-04	3.31875	25.0	31259	1.06160e-04	3.31836	26.4
62693.586	16.032	31568	1.05170e-04	3.32012	25.6	30950	1.07270e-04	3.32012	26.1	31571	1.05110e-04	3.31855	25.0	31267	1.06130e-04	3.31836	26.4
62694.775	16.034	31596	1.05080e-04	3.32012	25.6	30898	1.07460e-04	3.32031	26.1	31565	1.05150e-04	3.31895	25.0	31292	1.06050e-04	3.31855	26.4
62695.963	16.034	31571	1.05160e-04	3.32012	25.6	30972	1.07200e-04	3.32012	26.1	31550	1.05190e-04	3.31875	25.0	31312	1.05980e-04	3.31836	26.4
62697.152	16.034	31576	1.05150e-04	3.32012	25.6	30953	1.07260e-04	3.32012	26.1	31585	1.05070e-04	3.31875	25.0	31346	1.05870e-04	3.31855	26.4
62698.340	16.039	31549	1.05230e-04	3.31992	25.6	30877	1.07530e-04	3.32012	26.1	31547	1.05200e-04	3.31875	25.0	31311	1.05980e-04	3.31836	26.4
62699.528	16.039	31570	1.05170e-04	3.32012	25.6	30925	1.07360e-04	3.31992	26.1	31487	1.05400e-04	3.31875	25.0	31284	1.06070e-04	3.31836	26.4
62700.716	16.043	31529	1.05300e-04	3.32012	25.6	30928	1.07340e-04	3.31992	26.1	31554	1.05180e-04	3.31875	25.0	31227	1.06270e-04	3.31855	26.4
62701.905	16.043	31539	1.05260e-04	3.31992	25.6	30816	1.07740e-04	3.32012	26.1	31567	1.05140e-04	3.31895	25.0	31208	1.06340e-04	3.31855	26.4
62703.093	16.053	31548	1.05240e-04	3.32012	25.6	30859	1.07580e-04	3.31992	26.1	31547	1.05200e-04	3.31875	25.0	31267	1.06130e-04	3.31836	26.4
62704.281	16.053	31515	1.05340e-04	3.31992	25.6	30905	1.07430e-04	3.32012	26.1	31488	1.05400e-04	3.31875	25.0	31198	1.06360e-04	3.31836	26.4
62705.469	16.054	31588	1.05110e-04	3.32012	25.6	30954	1.07260e-04	3.32012	26.1	31564	1.05140e-04	3.31875	25.0	31264	1.06140e-04	3.31855	26.4
62706.657	16.054	31545	1.05260e-04	3.32031	25.6	30949	1.07280e-04	3.32031	26.1	31580	1.05090e-04	3.31875	25.0	31315	1.05970e-04	3.31855	26.4
62707.846	16.045	31557	1.05210e-04	3.32012	25.6	30912	1.07400e-04	3.32012	26.1	31551	1.05190e-04	3.31875	25.0	31219	1.06300e-04	3.31855	26.4
62709.034	16.045	31548	1.05240e-04	3.32012	25.6	30919	1.07380e-04	3.32012	26.1	31548	1.05200e-04	3.31895	25.0	31218	1.06310e-04	3.31875	26.4
62710.222	16.045	31568	1.05170e-04	3.31992	25.6	30932	1.07340e-04	3.32012	26.1	31618	1.04970e-04	3.31875	25.0	31277	1.06100e-04	3.31855	26.4
62711.410	16.032	31563	1.05190e-04	3.31992	25.5	30958	1.07240e-04	3.31992	26.1	31548	1.05190e-04	3.31855	25.0	31248	1.06190e-04	3.31836	26.4
62712.598	16.032	31617	1.05020e-04	3.32031	25.5	30963	1.07230e-04	3.32012	26.1	31555	1.05190e-04	3.31914	25.0	31275	1.06110e-04	3.31855	26.4
62713.787	16.058	31538	1.05260e-04	3.31973	25.5	30998	1.07110e-04	3.32012	26.1	31645	1.04870e-04	3.31875	25.0	31284	1.06080e-04	3.31855	26.4
62714.975	16.058	31598	1.05070e-04	3.32012	25.5	30999	1.07100e-04	3.31992	26.1	31623	1.04950e-04	3.31875	25.0	31370	1.05780e-04	3.31836	26.4
62716.163	16.038	31669	1.04840e-04	3.32012	25.5	30999	1.07100e-04	3.32012	26.1	31627	1.04940e-04	3.31895	25.0	31377	1.05760e-04	3.31855	26.4
62717.351	16.038	31605	1.05040e-04	3.31992	25.6	30967	1.07220e-04	3.32012	26.1	31677	1.04770e-04	3.31875	25.0	31314	1.05980e-04	3.31855	26.4
62718.540	16.024	31532	1.05300e-04	3.32031	25.6	30967	1.07220e-04	3.32031	26.1	31598	1.05030e-04	3.31875	25.0	31299	1.06020e-04	3.31836	26.4
62719.728	16.024	31446	1.05580e-04	3.32012	25.6	30938	1.07320e-04	3.32031	26.1	31536	1.05240e-04	3.31895	25.0	31305	1.06010e-04	3.31875	26.4
62720.916	16.024	31504	1.05380e-04	3.31992	25.6	30855	1.07600e-04	3.32012	26.1	31561	1.05150e-04	3.31855	25.0	31305	1.06010e-04	3.31855	26.4
62722.105	16.024	31570	1.05170e-04	3.32031	25.6	30937	1.07320e-04	3.32031	26.1	31571	1.05130e-04	3.31895	25.0	31234	1.06240e-04	3.31836	26.4
62723.293	16.024	31554	1.05220e-04	3.32012	25.6	30948	1.07280e-04	3.32012	26.1	31591	1.05050e-04	3.31875	25.0	31305	1.06010e-04	3.31855	26.4
62724.481	16.015	31554	1.05220e-04	3.32012	25.5	30913	1.07400e-04	3.32012	26.1	31622	1.04950e-04	3.31875	25.0	31302	1.06010e-04	3.31836	26.3
62725.669	16.015	31534	1.05280e-04	3.31992	25.5	30938	1.07310e-04	3.32012	26.1	31549	1.05200e-04	3.31875	25.0	31249	1.06200e-04	3.31855	26.3
62726.857	16.035	31528	1.05300e-04	3.31992	25.5	30947	1.07280e-04	3.32012	26.1	31583	1.05090e-04	3.31895	25.0	31217	1.06310e-04	3.31855	26.3
62728.046	16.035	31523	1.05320e-04	3.31992	25.5	30929	1.07350e-04	3.32012	26.1	31541	1.05220e-04	3.31875	25.0	31232	1.06250e-04	3.31855	26.3
62729.234	16.035	31583	1.05120e-04	3.31992	25.5	30950	1.07270e-04	3.32012	26.1	31606	1.05010e-04	3.31895	25.0	31199	1.06360e-04	3.31836	26.3
62730.422	16.030	31513	1.05350e-04	3.31992	25.5	31003	1.07090e-04	3.32012	26.1	31594	1.05040e-04	3.31875	24.9	31261	1.06150e-04	3.31836	26.3
62731.610	16.030	31608	1.05030e-04	3.31992	25.5	30973	1.07190e-04	3.32012	26.1	31576	1.05100e-04	3.31855	25.0	31280	1.06090e-04	3.31855	26.3
62732.799	16.065	31611	1.05030e-04	3.32012	25.5	30968	1.07220e-04	3.32031	26.1	31622	1.04960e-04	3.31895	24.9	31316	1.05970e-04	3.31855	26.3
62733.987	16.065	31601	1.05060e-04	3.31992	25.5	30993	1.07130e-04	3.32012	26.1	31637	1.04900e-04	3.31875	24.9	31311	1.05990e-04	3.31855	26.3
62735.175	16.065	31596	1.05080e-04	3.32012	25.5	30966	1.07220e-04	3.32012	26.1	31638	1.04900e-04	3.31875	24.9	31252	1.06170e-04	3.31816	26.3
62736.363	16.008	31537	1.05280e-04	3.32031	25.5	30961	1.07240e-04	3.32012	26.1	31633	1.04930e-04	3.31914	24.9	31272	1.06120e-04	3.31855	26.3
62737.552	16.018	31587	1.05100e-04	3.31973	25.5	30938	1.07310e-04	3.31992	26.1	31599	1.05030e-04	3.31875	24.9	31334	1.05910e-04	3.31855	26.3
62738.740	16.018	31558	1.05210e-04	3.32031	25.5	30951	1.07260e-04	3.31992	26.1	31581	1.05090e-04	3.31875	24.9	31221	1.06290e-04	3.31836	26.3
62739.928	16.018	31557	1.05210e-04	3.32012	25.5	30945	1.07300e-04	3.32031	26.1	31600	1.05030e-04	3.31895	24.9	31247	1.06210e-04	3.31875	26.3
62741.117	16.026	31490	1.05430e-04	3.31992	25.5	30901	1.07440e-04	3.31992	26.1	31546	1.05200e-04	3.31875	24.9	31237	1.06240e-04	3.31855	26.3
62742.305	16.026	31531	1.05300e-04	3.32031	25.5	30930	1.07350e-04	3.32031	26.1	31517	1.05310e-04	3.31895	24.9	31185	1.06410e-04	3.31836	26.3
62743.493	16.053	31537	1.05280e-04	3.32012	25.5	30918	1.07390e-04	3.32031	26.1	31525	1.05280e-04	3.31895	24.9	31249	1.06200e-04	3.31855	26.3
62744.681	16.053	31576	1.05140e-04	3.31992	25.5	30916	1.07400e-04	3.32031	26.1	31574	1.05100e-04	3.31855	24.9	31293	1.06050e-04	3.31855	26.3
62745.870	16.030	31613	1.05020e-04	3.32012	25.5	31009	1.07080e-04	3.32031	26.1	31673	1.04790e-04	3.31895	24.9	31322	1.05950e-04	3.31855	26.3
62747.058	16.030	31557	1.05200e-04	3.31992	25.5	30974	1.07190e-04	3.32012	26.1	31606	1.05000e-04	3.31875	24.9	31381	1.05750e-04	3.31855	26.3
62748.246	16.030	31576	1.05150e-04	3.32012	25.5	30997	1.07110e-04	3.31992	26.1	31634	1.04910e-04	3.31875	24.9	31313	1.05970e-04	3.31836	26.3
62749.434	16.023	31620	1.05000e-04	3.32012	25.5	30972	1.07200e-04	3.32012	26.1	31662	1.04820e-04	3.31875	24.9	31310	1.05990e-04	3.31855	26.3
62750.622	16.023	31547	1.05240e-04	3.31992	25.5	30939	1.07300e-04	3.31992	26.1	31585	1.05070e-04	3.31875	24.9	31266	1.06140e-04	3.31855	26.3
62751.810	16.005	31569	1.05160e-04	3.31992	25.5	30966	1.07220e-04	3.32012	26.1	31543	1.05210e-04	3.31875	24.9	31279	1.06100e-04	3.31855	26.3
62752.999	16.005	31617	1.05000e-04	3.31992	25.5	31029	1.07000e-04	3.32012	26.1	31657	1.04830e-04	3.31875	24.9	31329	1.05920e-04	3.31855	26.3
62754.187	16.023	31564	1.05190e-04	3.32012	25.5	30991	1.07130e-04	3.32012	26.1	31601	1.05020e-04	3.31875	24.9	31323	1.05940e-04	3.31836	26.3
62755.376	16.023	31513	1.05360e-04	3.32012	25.5	30930	1.07350e-04	3.32031	26.1	31527	1.05270e-04	3.31895	24.9	31230	1.06260e-04	3.31855	26.3
62756.564	16.031	31517	1.05340e-04	3.32012	25.5	30886	1.07500e-04	3.32012	26.1	31525	1.05270e-04	3.31875	24.9	31228	1.06270e-04	3.31855	26.3
62757.752	16.031	31548	1.05230e-04	3.31992	25.5	30903	1.07440e-04	3.32012	26.1	31509	1.05330e-04	3.31875	24.9	31234	1.06250e-04	3.31855	26.3
62758.940	16.042	31599	1.05070e-04	3.32012	25.5	30924	1.07360e-04	3.32012	26.1	31560	1.05160e-04	3.31875	24.9	31226	1.06280e-04	3.31855	26.3
62760.128	16.042	31591	1.05090e-04	3.31992	25.5	30991	1.07130e-04	3.32012	26.1	31576	1.05100e-04	3.31875	24.9	31311	1.05980e-04	3.31836	26.3
62761.316	16.042	31528	1.05300e-04	3.31992	25.5	30961	1.07230e-04	3.31992	26.1	31632	1.04910e-04	3.31855	24.9	31298	1.06020e-04	3.31836	26.3
62762.505	15.994	31538	1.05270e-04	3.32012	25.5	30979	1.07170e-04	3.31992	26.1	31573	1.05110e-04	3.31875	24.9	31311	1.05990e-04	3.31855	26.3
62763.693	15.994	31592	1.05090e-04	3.31992	25.5	30999	1.07100e-04	3.32012	26.1	31626	1.04940e-04	3.31875	24.9	31278	1.06100e-04	3.31855	26.3
62764.882	16.035	31570	1.05160e-04	3.31992	25.5	30902	1.07450e-04	3.32031	26.1	31567	1.05130e-04	3.31875	24.9	31292	1.06050e-04	3.31855	26.3
62766.070	16.035	31610	1.05030e-04	3.32012	25.5	30884	1.07500e-04	3.32012	26.1	31527	1.05270e-04	3.31875	24.9	31264	1.06140e-04	3.31855	26.3
62767.258	16.029	31527	1.05300e-04	3.31992	25.5	30879	1.07520e-04	3.32012	26.1	31599	1.05030e-04	3.31875	24.9	31293	1.06040e-04	3.31836	26.3
62768.446	16.029	31548	1.05230e-04	3.31992	25.5	30936	1.07320e-04	3.32012	26.1	31622	1.04950e-04	3.31875	24.9	31250	1.06190e-04	3.31836	26.3
62769.634	16.015	31539	1.05270e-04	3.31992	25.5	30920	1.07380e-04	3.32012	26.1	31630	1.04930e-04	3.31895	24.9	31278	1.06090e-04	3.31836	26.3
62770.822	16.015	31526	1.05300e-04	3.31973	25.5	30910	1.07410e-04	3.32012	26.1	31574	1.05110e-04	3.31875	24.9	31256	1.06170e-04	3.31855	26.3
62772.011	16.015	31504	1.05390e-04	3.32031	25.5	30860	1.07580e-04	3.32012	26.1	31549	1.05190e-04	3.31855	24.9	31229	1.06260e-04	3.31836	26.3
62773.199	16.044	31541	1.05260e-04	3.32012	25.5	30890	1.07480e-04	3.32012	26.1	31548	1.05200e-04	3.31895	24.9	31246	1.06210e-04	3.31855	26.3
62774.387	16.044	31548	1.05230e-04	3.31992	25.5	30893	1.07470e-04	3.32012	26.1	31543	1.05210e-04	3.31875	24.9	31240	1.06220e-04	3.31836	26.3
62775.576	16.016	31555	1.05210e-04	3.31992	25.5	30927	1.07350e-04	3.31992	26.1	31621	1.04950e-04	3.31875	24.9	31288	1.06060e-04	3.31855	26.3
62776.763	16.016	31563	1.05190e-04	3.32012	25.5	30934	1.07320e-04	3.31992	26.1	31563	1.05150e-04	3.31875	24.9	31226	1.06270e-04	3.31836	26.3
62777.952	16.024	31566	1.05180e-04	3.32012	25.5	30924	1.07370e-04	3.32031	26.1	31553	1.05180e-04	3.31875	24.9	31277	1.06100e-04	3.31855	26.3
62779.140	16.024	31543	1.05250e-04	3.31992	25.5	30906	1.07430e-04	3.32012	26.1	31539	1.05230e-04	3.31875	24.9	31218	1.06300e-04	3.31836	26.3
62780.328	16.024	31579	1.05140e-04	3.32031	25.6	30983	1.07160e-04	3.32012	26.1	31565	1.05150e-04	3.31895	24.9	31280	1.06090e-04	3.31836	26.3
62781.517	16.045	31609	1.05040e-04	3.32012	25.6	30927	1.07360e-04	3.32031	26.1	31649	1.04870e-04	3.31895	24.9	31292	1.06050e-04	3.31855	26.3
62782.705	16.045	31556	1.05210e-04	3.32012	25.6	30901	1.07440e-04	3.32012	26.1	31617	1.04970e-04	3.31895	24.9	31290	1.06060e-04	3.31855	26.3
62783.893	16.028	31557	1.05200e-04	3.31992	25.6	30938	1.07320e-04	3.32012	26.1	31546	1.05210e-04	3.31895	24.9	31259	1.06170e-04	3.31875	26.3
62785.081	16.028	31534	1.05290e-04	3.32012	25.6	30972	1.07200e-04	3.32012	26.1	31629	1.04930e-04	3.31875	24.9	31299	1.06030e-04	3.31855	26.3
62786.270	16.012	31551	1.05230e-04	3.32012	25.5	30923	1.07360e-04	3.31992	26.1	31591	1.05050e-04	3.31875	24.9	31271	1.06120e-04	3.31836	26.3
62787.458	16.012	31500	1.05400e-04	3.31992	25.5	30923	1.07360e-04	3.31992	26.1	31544	1.05210e-04	3.31875	24.9	31205	1.06350e-04	3.31855	26.3
62788.646	16.045	31484	1.05450e-04	3.32012	25.5	30899	1.07450e-04	3.31992	26.1	31603	1.05010e-04	3.31855	24.9	31245	1.06200e-04	3.31836	26.3
62789.834	16.045	31500	1.05400e-04	3.32012	25.5	30947	1.07280e-04	3.32012	26.1	31537	1.05240e-04	3.31895	24.9	31186	1.06420e-04	3.31875	26.3
62791.022	16.045	31505	1.05370e-04	3.31973	25.5	30886	1.07500e-04	3.32012	26.1	31530	1.05260e-04	3.31895	24.9	31194	1.06380e-04	3.31855	26.3
62792.211	16.045	31479	1.05480e-04	3.32051	25.5	30863	1.07580e-04	3.32012	26.1	31524	1.05280e-04	3.31875	24.9	31203	1.06340e-04	3.31816	26.3
62793.399	16.045	31532	1.05300e-04	3.32012	25.5	30940	1.07320e-04	3.32051	26.1	31567	1.05150e-04	3.31914	24.9	31205	1.06350e-04	3.31875	26.3
62794.587	16.030	31540	1.05260e-04	3.31992	25.5	31002	1.07090e-04	3.31992	26.1	31563	1.05150e-04	3.31895	24.9	31287	1.06070e-04	3.31875	26.3
62795.776	16.030	31551	1.05240e-04	3.32031	25.5	31018	1.07050e-04	3.32031	26.1	31564	1.05140e-04	3.31875	24.9	31323	1.05950e-04	3.31855	26.3
62796.964	16.019	31522	1.05330e-04	3.32012	25.5	30954	1.07270e-04	3.32031	26.1	31602	1.05030e-04	3.31914	24.9	31252	1.06190e-04	3.31855	26.3
62798.152	16.019	31549	1.05230e-04	3.31992	25.5	30944	1.07290e-04	3.31992	26.1	31568	1.05130e-04	3.31875	24.9	31237	1.06240e-04	3.31855	26.3
62799.340	16.019	31541	1.05270e-04	3.32031	25.5	30935	1.07330e-04	3.32031	26.1	31589	1.05060e-04	3.31875	24.9	31238	1.06230e-04	3.31855	26.3
62800.529	16.037	31560	1.05200e-04	3.31992	25.5	30996	1.07120e-04	3.32031	26.1	31558	1.05170e-04	3.31895	24.9	31269	1.06130e-04	3.31855	26.3
62801.717	16.038	31597	1.05080e-04	3.32012	25.5	30941	1.07310e-04	3.32012	26.1	31635	1.04910e-04	3.31875	24.9	31283	1.06080e-04	3.31855	26.3
62802.905	16.038	31528	1.05310e-04	3.32012	25.5	30945	1.07300e-04	3.32031	26.1	31588	1.05060e-04	3.31875	24.9	31277	1.06100e-04	3.31855	26.3
62804.093	16.038	31581	1.05120e-04	3.31992	25.5	30965	1.07230e-04	3.32031	26.1	31562	1.05160e-04	3.31895	24.9	31272	1.06120e-04	3.31855	26.3
62805.282	16.038	31543	1.05260e-04	3.32012	25.5	30978	1.07180e-04	3.32031	26.1	31635	1.04910e-04	3.31875	24.9	31333	1.05910e-04	3.31836	26.3
62806.470	16.038	31488	1.05440e-04	3.32012	25.5	30911	1.07420e-04	3.32031	26.1	31579	1.05100e-04	3.31895	24.9	31247	1.06210e-04	3.31875	26.3
62807.658	16.037	31651	1.04890e-04	3.31973	25.5	30909	1.07410e-04	3.31992	26.1	31557	1.05170e-04	3.31875	24.9	31242	1.06220e-04	3.31855	26.3
62808.846	16.037	31605	1.05060e-04	3.32031	25.5	30991	1.07130e-04	3.32012	26.1	31664	1.04810e-04	3.31875	24.9	31269	1.06130e-04	3.31855	26.3
62810.035	16.012	31577	1.05140e-04	3.31992	25.5	30979	1.07170e-04	3.32012	26.1	31625	1.04950e-04	3.31895	24.9	31269	1.06130e-04	3.31855	26.3
62811.223	16.012	31535	1.05280e-04	3.31992	25.5	30973	1.07190e-04	3.31992	26.0	31621	1.04950e-04	3.31875	24.9	31279	1.06090e-04	3.31836	26.3
62812.411	16.012	31603	1.05060e-04	3.32012	25.5	30974	1.07190e-04	3.32012	26.0	31654	1.04850e-04	3.31875	24.9	31333	1.05910e-04	3.31836	26.3
62813.599	16.007	31646	1.04910e-04	3.31992	25.5	31045	1.06940e-04	3.31992	26.0	31635	1.04910e-04	3.31895	24.9	31296	1.06040e-04	3.31855	26.3
62814.788	16.007	31594	1.05080e-04	3.31992	25.5	31010	1.07070e-04	3.32012	26.0	31623	1.04950e-04	3.31875	24.9	31345	1.05870e-04	3.31836	26.3
62815.976	16.003	31584	1.05120e-04	3.32012	25.5	30931	1.07350e-04	3.32031	26.0	31668	1.04800e-04	3.31875	24.9	31294	1.06040e-04	3.31855	26.3
62817.164	16.003	31517	1.05330e-04	3.31973	25.5	30920	1.07380e-04	3.32012	26.0	31601	1.05020e-04	3.31875	24.9	31233	1.06250e-04	3.31836	26.3
62818.352	16.012	31528	1.05300e-04	3.31992	25.5	30977	1.07180e-04	3.32012	26.0	31571	1.05120e-04	3.31875	24.9	31200	1.06360e-04	3.31836	26.3
62819.540	16.012	31498	1.05410e-04	3.32012	25.4	30937	1.07320e-04	3.32012	26.0	31551	1.05190e-04	3.31875	24.9	31257	1.06170e-04	3.31855	26.3
62820.728	16.012	31580	1.05130e-04	3.31992	25.4	30997	1.07110e-04	3.31992	26.0	31568	1.05130e-04	3.31875	24.9	31212	1.06320e-04	3.31836	26.3
62821.917	16.016	31532	1.05290e-04	3.32012	25.4	30962	1.07230e-04	3.32012	26.0	31549	1.05190e-04	3.31855	24.9	31195	1.06380e-04	3.31855	26.3
62823.105	16.016	31578	1.05130e-04	3.31992	25.4	30902	1.07430e-04	3.31992	26.0	31558	1.05160e-04	3.31875	24.9	31201	1.06350e-04	3.31836	26.3
62824.293	16.034	31533	1.05280e-04	3.31992	25.4	30939	1.07310e-04	3.31992	26.0	31628	1.04930e-04	3.31855	24.9	31206	1.06330e-04	3.31816	26.3
62825.482	16.034	31546	1.05250e-04	3.32012	25.4	30904	1.07430e-04	3.31992	26.0	31581	1.05090e-04	3.31875	24.9	31245	1.06210e-04	3.31855	26.3
62826.670	16.036	31587	1.05100e-04	3.31992	25.4	31009	1.07060e-04	3.31992	26.0	31615	1.04970e-04	3.31875	24.9	31292	1.06050e-04	3.31855	26.3
62827.858	16.036	31611	1.05030e-04	3.32012	25.4	30952	1.07270e-04	3.32012	26.0	31629	1.04930e-04	3.31875	24.9	31273	1.06120e-04	3.31855	26.3
62829.046	16.032	31594	1.05090e-04	3.32012	25.4	31005	1.07080e-04	3.32012	26.0	31662	1.04820e-04	3.31875	24.9	31308	1.06000e-04	3.31855	26.3
62830.234	16.032	31601	1.05060e-04	3.31992	25.4	30974	1.07190e-04	3.32012	26.0	31609	1.04990e-04	3.31875	24.9	31289	1.06050e-04	3.31816	26.3
62831.423	16.028	31615	1.05010e-04	3.31992	25.4	31068	1.06870e-04	3.32012	26.0	31550	1.05200e-04	3.31895	24.9	31282	1.06080e-04	3.31855	26.3
62832.611	16.028	31650	1.04900e-04	3.32012	25.4	31004	1.07080e-04	3.31992	26.0	31675	1.04780e-04	3.31895	24.9	31244	1.06220e-04	3.31855	26.3
62833.799	16.028	31587	1.05100e-04	3.31992	25.4	30967	1.07210e-04	3.32012	26.0	31592	1.05050e-04	3.31875	24.9	31334	1.05900e-04	3.31836	26.3
62834.988	16.019	31574	1.05150e-04	3.32012	25.4	30910	1.07410e-04	3.32012	26.0	31589	1.05070e-04	3.31895	24.9	31304	1.06010e-04	3.31855	26.3
62836.176	16.019	31520	1.05330e-04	3.32012	25.4	30882	1.07510e-04	3.32012	26.0	31592	1.05050e-04	3.31875	24.9	31212	1.06320e-04	3.31836	26.3
62837.364	16.030	31520	1.05330e-04	3.31992	25.4	30916	1.07390e-04	3.32012	26.0	31561	1.05150e-04	3.31875	24.9	31199	1.06360e-04	3.31836	26.3
62838.552	16.030	31572	1.05160e-04	3.32012	25.4	30928	1.07350e-04	3.32012	26.0	31577	1.05100e-04	3.31875	24.9	31183	1.06420e-04	3.31855	26.3
62839.741	16.047	31544	1.05250e-04	3.31992	25.4	30908	1.07420e-04	3.32012	26.0	31534	1.05240e-04	3.31855	24.9	31194	1.06380e-04	3.31836	26.3
62840.929	16.047	31523	1.05320e-04	3.32012	25.4	30970	1.07210e-04	3.32031	26.0	31550	1.05200e-04	3.31895	24.9	31196	1.06380e-04	3.31855	26.3
62842.117	16.047	31583	1.05120e-04	3.32012	25.4	31019	1.07040e-04	3.32012	26.0	31595	1.05040e-04	3.31875	24.9	31268	1.06130e-04	3.31855	26.3
62843.305	16.028	31511	1.05360e-04	3.31992	25.4	30874	1.07540e-04	3.32012	26.0	31618	1.04960e-04	3.31875	24.9	31300	1.06020e-04	3.31836	26.2
62844.494	16.028	31710	1.04700e-04	3.32012	25.4	31004	1.07090e-04	3.32012	26.0	31610	1.04990e-04	3.31875	24.9	31226	1.06270e-04	3.31836	26.3
62845.682	16.034	31615	1.05020e-04	3.32012	25.4	31046	1.06940e-04	3.32012	26.0	31695	1.04710e-04	3.31875	24.9	31313	1.05980e-04	3.31855	26.3
62846.870	16.034	31628	1.04970e-04	3.31992	25.4	30972	1.07200e-04	3.32012	26.0	31612	1.04990e-04	3.31875	24.9	31280	1.06090e-04	3.31855	26.3
62848.058	16.006	31600	1.05070e-04	3.32012	25.4	30958	1.07250e-04	3.32012	26.0	31621	1.04950e-04	3.31875	24.9	31279	1.06090e-04	3.31836	26.3
62849.247	16.006	31530	1.05300e-04	3.32012	25.4	30888	1.07480e-04	3.31992	26.0	31626	1.04940e-04	3.31875	24.9	31195	1.06370e-04	3.31836	26.2
62850.435	16.006	31601	1.05060e-04	3.31992	25.4	30955	1.07250e-04	3.31992	26.0	31557	1.05170e-04	3.31875	24.9	31170	1.06460e-04	3.31836	26.2
62851.623	16.006	31640	1.04930e-04	3.31992	25.4	31018	1.07030e-04	3.31992	26.0	31599	1.05030e-04	3.31875	24.9	31315	1.05970e-04	3.31855	26.2
62852.811	16.020	31585	1.05110e-04	3.31992	25.4	30990	1.07130e-04	3.31992	26.0	31673	1.04780e-04	3.31875	24.9	31280	1.06090e-04	3.31855	26.2
62853.999	16.020	31606	1.05040e-04	3.31992	25.4	31016	1.07050e-04	3.32012	26.0	31663	1.04810e-04	3.31875	24.9	31348	1.05860e-04	3.31836	26.2
62855.188	16.020	31585	1.05110e-04	3.31992	25.4	30977	1.07180e-04	3.32012	26.0	31652	1.04850e-04	3.31875	24.9	31268	1.06120e-04	3.31816	26.2
62856.376	16.037	31546	1.05250e-04	3.32012	25.4	30926	1.07360e-04	3.32012	26.0	31555	1.05180e-04	3.31875	24.9	31250	1.06190e-04	3.31836	26.2
62857.564	16.037	31516	1.05340e-04	3.31992	25.4	30940	1.07300e-04	3.31992	26.0	31548	1.05200e-04	3.31875	24.9	31217	1.06310e-04	3.31855	26.2
62858.752	16.035	31519	1.05330e-04	3.31992	25.4	30936	1.07320e-04	3.31992	26.0	31570	1.05120e-04	3.31875	24.9	31228	1.06270e-04	3.31855	26.2
62859.941	16.035	31576	1.05140e-04	3.31992	25.4	30885	1.07490e-04	3.31992	26.0	31595	1.05030e-04	3.31855	24.9	31247	1.06200e-04	3.31836	26.2
62861.129	16.035	31539	1.05260e-04	3.31973	25.4	30911	1.07400e-04	3.31973	26.0	31577	1.05100e-04	3.31875	24.9	31168	1.06470e-04	3.31836	26.2
62862.317	16.044	31471	1.05500e-04	3.32031	25.4	30884	1.07500e-04	3.32012	26.0	31582	1.05080e-04	3.31855	24.9	31267	1.06120e-04	3.31816	26.2
62863.505	16.044	31490	1.05430e-04	3.31992	25.4	30866	1.07560e-04	3.31992	26.0	31523	1.05280e-04	3.31875	24.9	31204	1.06350e-04	3.31855	26.2
62864.693	16.059	31506	1.05380e-04	3.31992	25.4	30922	1.07370e-04	3.32012	26.0	31549	1.05200e-04	3.31875	24.9	31222	1.06280e-04	3.31836	26.2
62865.882	16.059	31555	1.05210e-04	3.31992	25.4	30911	1.07400e-04	3.31992	26.0	31566	1.05140e-04	3.31875	24.9	31244	1.06210e-04	3.31836	26.2
62867.070	16.020	31503	1.05380e-04	3.31992	25.4	30853	1.07610e-04	3.32012	26.0	31518	1.05300e-04	3.31875	24.9	31227	1.06260e-04	3.31836	26.2
62868.259	16.020	31540	1.05260e-04	3.31992	25.4	30870	1.07550e-04	3.32012	26.0	31571	1.05120e-04	3.31875	24.9	31273	1.06100e-04	3.31816	26.2
62869.446	16.041	31553	1.05220e-04	3.31992	25.4	30895	1.07470e-04	3.32012	26.0	31629	1.04930e-04	3.31875	24.9	31200	1.06360e-04	3.31836	26.2
62870.635	16.041	31581	1.05120e-04	3.31973	25.4	30924	1.07360e-04	3.31992	26.0	31608	1.04990e-04	3.31855	24.9	31279	1.06090e-04	3.31836	26.2
62871.823	16.012	31558	1.05200e-04	3.31992	25.4	30936	1.07320e-04	3.31992	26.0	31627	1.04930e-04	3.31875	24.9	31289	1.06050e-04	3.31836	26.2
62873.011	16.012	31566	1.05180e-04	3.31992	25.4	31052	1.06910e-04	3.31992	26.0	31730	1.04590e-04	3.31855	24.9	31187	1.06400e-04	3.31836	26.2
62874.200	16.012	31615	1.05010e-04	3.31992	25.4	30954	1.07250e-04	3.31992	26.0	31662	1.04820e-04	3.31875	24.9	31330	1.05920e-04	3.31836	26.2
62875.388	16.006	31591	1.05100e-04	3.32012	25.4	30974	1.07180e-04	3.31992	26.0	31621	1.04950e-04	3.31875	24.9	31256	1.06170e-04	3.31836	26.2
62876.576	16.006	31677	1.04800e-04	3.31992	25.4	30981	1.07160e-04	3.31992	26.0	31665	1.04800e-04	3.31855	24.9	31296	1.06040e-04	3.31855	26.2
62877.764	16.021	31616	1.05010e-04	3.31992	25.4	30984	1.07150e-04	3.32012	26.0	31654	1.04840e-04	3.31875	24.9	31292	1.06050e-04	3.31855	26.2
62878.952	16.021	31633	1.04950e-04	3.31992	25.4	30993	1.07130e-04	3.32012	26.0	31671	1.04790e-04	3.31875	24.9	31262	1.06150e-04	3.31836	26.2
62880.141	16.005	31633	1.04950e-04	3.31992	25.4	31022	1.07020e-04	3.32012	26.0	31637	1.04900e-04	3.31875	24.9	31297	1.06030e-04	3.31836	26.2
62881.329	16.005	31624	1.04990e-04	3.32012	25.4	30989	1.07130e-04	3.31992	26.0	31591	1.05050e-04	3.31855	24.9	31278	1.06090e-04	3.31836	26.2
62882.517	15.996	31556	1.05210e-04	3.32012	25.4	30943	1.07300e-04	3.32012	26.0	31647	1.04870e-04	3.31875	24.9	31255	1.06180e-04	3.31855	26.2
62883.705	15.996	31557	1.05200e-04	3.31992	25.4	30975	1.07180e-04	3.31992	26.0	31576	1.05100e-04	3.31875	24.9	31220	1.06300e-04	3.31855	26.2
62884.894	15.996	31563	1.05180e-04	3.31992	25.4	30955	1.07250e-04	3.32012	26.0	31590	1.05050e-04	3.31855	24.9	31298	1.06020e-04	3.31816	26.2
62886.082	16.031	31604	1.05050e-04	3.32012	25.4	30941	1.07300e-04	3.32012	26.0	31613	1.04990e-04	3.31895	24.9	31250	1.06190e-04	3.31855	26.2
62887.270	16.031	31600	1.05060e-04	3.31992	25.4	30979	1.07170e-04	3.31992	26.0	31607	1.05000e-04	3.31875	24.9	31328	1.05930e-04	3.31855	26.2
62888.458	16.022	31544	1.05250e-04	3.32012	25.4	30946	1.07290e-04	3.32012	26.0	31617	1.04970e-04	3.31875	24.9	31263	1.06140e-04	3.31836	26.2
62889.647	16.022	31515	1.05350e-04	3.31992	25.4	30927	1.07350e-04	3.32012	26.0	31593	1.05050e-04	3.31875	24.9	31241	1.06220e-04	3.31855	26.2
62890.835	15.994	31534	1.05280e-04	3.31973	25.4	30915	1.07390e-04	3.32012	26.0	31576	1.05100e-04	3.31855	24.9	31225	1.06270e-04	3.31836	26.2
62892.023	15.994	31486	1.05450e-04	3.32012	25.4	30918	1.07390e-04	3.32031	26.0	31525	1.05280e-04	3.31895	24.9	31214	1.06320e-04	3.31855	26.2
62893.211	15.994	31554	1.05210e-04	3.31992	25.4	30969	1.07210e-04	3.32012	26.0	31586	1.05070e-04	3.31875	24.9	31214	1.06310e-04	3.31836	26.2
62894.400	16.035	31503	1.05380e-04	3.31992	25.4	30962	1.07230e-04	3.31992	26.0	31581	1.05080e-04	3.31855	24.9	31156	1.06510e-04	3.31836	26.2
62895.588	16.035	31539	1.05270e-04	3.31992	25.4	30889	1.07480e-04	3.32012	26.0	31541	1.05220e-04	3.31875	24.9	31207	1.06340e-04	3.31855	26.2
62896.776	16.035	31542	1.05250e-04	3.31992	25.4	30909	1.07410e-04	3.31992	26.0	31591	1.05050e-04	3.31875	24.9	31193	1.06390e-04	3.31855	26.2
62897.965	16.035	31541	1.05260e-04	3.32012	25.4	30902	1.07430e-04	3.31992	26.0	31576	1.05100e-04	3.31875	24.9	31194	1.06380e-04	3.31836	26.2
62899.152	16.030	31546	1.05250e-04	3.32012	25.4	30927	1.07350e-04	3.31992	26.0	31564	1.05140e-04	3.31855	24.9	31241	1.06210e-04	3.31816	26.2
62900.341	16.030	31482	1.05450e-04	3.31992	25.4	30862	1.07580e-04	3.32012	26.0	31571	1.05120e-04	3.31875	24.9	31188	1.06410e-04	3.31855	26.2
62901.529	16.036	31539	1.05260e-04	3.31992	25.4	30900	1.07440e-04	3.31992	26.0	31559	1.05160e-04	3.31875	24.9	31189	1.06400e-04	3.31855	26.2
62902.717	16.036	31525	1.05320e-04	3.32031	25.4	30849	1.07620e-04	3.32012	26.0	31571	1.05120e-04	3.31875	24.9	31162	1.06490e-04	3.31836	26.2
62903.906	16.036	31573	1.05160e-04	3.32012	25.4	30985	1.07150e-04	3.32012	26.0	31517	1.05300e-04	3.31875	24.9	31203	1.06350e-04	3.31855	26.2
62905.094	16.050	31542	1.05250e-04	3.31992	25.4	30959	1.07240e-04	3.32012	26.0	31593	1.05050e-04	3.31895	24.9	31175	1.06440e-04	3.31836	26.2
62906.282	16.050	31528	1.05310e-04	3.32012	25.4	30913	1.07400e-04	3.31992	26.0	31572	1.05110e-04	3.31855	24.9	31251	1.06180e-04	3.31836	26.2
62907.470	16.032	31529	1.05290e-04	3.31973	25.4	30942	1.07300e-04	3.32012	26.0	31576	1.05100e-04	3.31875	24.9	31211	1.06330e-04	3.31855	26.2
62908.659	16.032	31578	1.05140e-04	3.32012	25.4	30938	1.07310e-04	3.31992	26.0	31625	1.04930e-04	3.31855	24.9	31297	1.06030e-04	3.31836	26.2
62909.847	16.032	31586	1.05110e-04	3.32012	25.4	30969	1.07210e-04	3.32012	26.0	31583	1.05080e-04	3.31875	24.9	31267	1.06140e-04	3.31855	26.2
62911.035	16.032	31569	1.05170e-04	3.31992	25.4	30942	1.07300e-04	3.32012	26.0	31649	1.04870e-04	3.31895	24.9	31276	1.06110e-04	3.31855	26.2
62912.223	16.032	31583	1.05120e-04	3.32012	25.4	30957	1.07240e-04	3.31992	26.0	31623	1.04950e-04	3.31875	24.9	31305	1.06000e-04	3.31816	26.2
62913.411	16.046	31599	1.05070e-04	3.31992	25.4	30989	1.07140e-04	3.32012	26.0	31636	1.04900e-04	3.31875	24.9	31257	1.06180e-04	3.31875	26.2
62914.599	16.046	31558	1.05200e-04	3.31992	25.4	30953	1.07260e-04	3.32012	26.0	31609	1.04990e-04	3.31875	24.9	31291	1.06060e-04	3.31855	26.2
62915.788	16.028	31536	1.05280e-04	3.32012	25.4	30943	1.07300e-04	3.32012	26.0	31590	1.05060e-04	3.31875	24.9	31297	1.06030e-04	3.31836	26.2
62916.976	16.028	31585	1.05110e-04	3.31992	25.4	30946	1.07290e-04	3.32031	26.0	31587	1.05070e-04	3.31875	24.9	31263	1.06150e-04	3.31855	26.2
62918.164	16.026	31544	1.05250e-04	3.31992	25.4	31003	1.07090e-04	3.32012	26.0	31598	1.05030e-04	3.31875	24.9	31250	1.06190e-04	3.31836	26.2
62919.353	16.026	31532	1.05290e-04	3.31992	25.4	30927	1.07350e-04	3.32012	26.0	31595	1.05040e-04	3.31875	24.9	31219	1.06290e-04	3.31836	26.2
62920.541	16.041	31515	1.05350e-04	3.31992	25.4	30918	1.07380e-04	3.31992	26.0	31571	1.05110e-04	3.31855	24.9	31233	1.06240e-04	3.31816	26.2
62921.729	16.041	31506	1.05380e-04	3.32012	25.4	30959	1.07240e-04	3.32012	26.0	31548	1.05200e-04	3.31895	24.9	31200	1.06370e-04	3.31875	26.2
62922.918	16.031	31576	1.05150e-04	3.32012	25.4	30922	1.07370e-04	3.32012	26.0	31570	1.05130e-04	3.31895	24.9	31219	1.06300e-04	3.31855	26.2
62924.106	16.031	31532	1.05290e-04	3.31992	25.4	30996	1.07120e-04	3.32012	26.0	31550	1.05200e-04	3.31895	24.9	31212	1.06320e-04	3.31855	26.2
62925.294	16.031	31543	1.05250e-04	3.31992	25.5	30890	1.07480e-04	3.31992	26.0	31557	1.05170e-04	3.31875	24.9	31189	1.06400e-04	3.31855	26.2
62926.482	16.013	31559	1.05200e-04	3.32012	25.5	30999	1.07110e-04	3.32031	26.0	31536	1.05240e-04	3.31875	24.9	31209	1.06330e-04	3.31855	26.2
62927.670	16.013	31589	1.05100e-04	3.32012	25.5	30959	1.07250e-04	3.32031	26.0	31555	1.05170e-04	3.31875	24.9	31249	1.06200e-04	3.31855	26.2
62928.859	16.046	31571	1.05160e-04	3.32012	25.5	30910	1.07410e-04	3.32012	26.0	31555	1.05180e-04	3.31895	24.9	31214	1.06320e-04	3.31855	26.2
62930.046	16.046	31476	1.05480e-04	3.32012	25.5	30894	1.07480e-04	3.32031	26.0	31540	1.05220e-04	3.31875	24.9	31199	1.06370e-04	3.31855	26.2
62931.235	16.036	31559	1.05200e-04	3.31992	25.5	30955	1.07250e-04	3.32012	26.0	31540	1.05230e-04	3.31895	24.9	31214	1.06310e-04	3.31836	26.2
62932.423	16.036	31576	1.05150e-04	3.32012	25.5	30950	1.07270e-04	3.32012	26.0	31568	1.05140e-04	3.31895	24.9	31257	1.06170e-04	3.31855	26.2
62933.611	16.031	31592	1.05090e-04	3.32012	25.4	31039	1.06970e-04	3.32012	26.0	31576	1.05100e-04	3.31875	24.9	31228	1.06270e-04	3.31855	26.2
62934.800	16.031	31581	1.05130e-04	3.32012	25.4	31013	1.07050e-04	3.31992	26.0	31633	1.04920e-04	3.31895	24.9	31275	1.06110e-04	3.31855	26.2
62935.988	16.031	31575	1.05150e-04	3.32012	25.4	30964	1.07220e-04	3.31992	26.0	31644	1.04880e-04	3.31875	24.9	31238	1.06230e-04	3.31836	26.2
62937.176	16.008	31473	1.05490e-04	3.32012	25.4	30900	1.07450e-04	3.32012	26.0	31554	1.05180e-04	3.31895	24.9	31239	1.06230e-04	3.31855	26.2
62938.364	16.008	31525	1.05310e-04	3.31992	25.4	30872	1.07540e-04	3.32012	26.0	31505	1.05350e-04	3.31895	24.9	31158	1.06510e-04	3.31855	26.2
62939.553	16.024	31524	1.05320e-04	3.32012	25.4	30931	1.07340e-04	3.32012	26.0	31527	1.05270e-04	3.31875	24.9	31241	1.06220e-04	3.31836	26.2
62940.741	16.024	31622	1.04990e-04	3.32012	25.4	30937	1.07320e-04	3.32012	26.0	31599	1.05030e-04	3.31875	24.9	31245	1.06220e-04	3.31875	26.2
62941.929	16.039	31574	1.05150e-04	3.32012	25.5	30978	1.07180e-04	3.32031	26.0	31589	1.05070e-04	3.31895	24.9	31323	1.05950e-04	3.31855	26.2
62943.117	16.039	31604	1.05050e-04	3.31992	25.5	31011	1.07060e-04	3.32012	26.0	31664	1.04820e-04	3.31895	24.9	31264	1.06140e-04	3.31855	26.2
62944.306	16.039	31570	1.05170e-04	3.32012	25.5	30967	1.07210e-04	3.32012	26.0	31620	1.04960e-04	3.31875	24.9	31292	1.06050e-04	3.31855	26.2
62945.494	16.007	31531	1.05300e-04	3.32012	25.5	30979	1.07170e-04	3.32012	26.0	31619	1.04970e-04	3.31895	24.9	31294	1.06040e-04	3.31855	26.2
62946.682	16.007	31524	1.05310e-04	3.31992	25.5	30934	1.07320e-04	3.31992	26.0	31512	1.05320e-04	3.31875	24.9	31183	1.06420e-04	3.31855	26.2
62947.870	16.035	31584	1.05120e-04	3.32012	25.5	30912	1.07400e-04	3.32012	26.0	31560	1.05160e-04	3.31895	24.9	31306	1.06000e-04	3.31855	26.2
62949.059	16.035	31533	1.05290e-04	3.31992	25.5	30951	1.07270e-04	3.32012	26.0	31588	1.05070e-04	3.31895	24.9	31243	1.06220e-04	3.31855	26.2
62950.247	16.017	31564	1.05190e-04	3.32012	25.5	30963	1.07240e-04	3.32031	26.0	31528	1.05260e-04	3.31855	24.9	31215	1.06310e-04	3.31836	26.2
62951.435	16.017	31554	1.05220e-04	3.32012	25.5	30979	1.07170e-04	3.32012	26.0	31603	1.05020e-04	3.31895	24.9	31209	1.06330e-04	3.31855	26.2
62952.623	16.039	31548	1.05240e-04	3.32012	25.5	30961	1.07240e-04	3.32012	26.0	31511	1.05330e-04	3.31895	24.9	31246	1.06210e-04	3.31855	26.2
62953.812	16.039	31574	1.05160e-04	3.32031	25.5	30963	1.07240e-04	3.32031	26.0	31640	1.04890e-04	3.31875	24.9	31308	1.06000e-04	3.31855	26.2
62955.000	16.039	31556	1.05210e-04	3.32012	25.5	30916	1.07400e-04	3.32031	26.0	31599	1.05030e-04	3.31895	24.9	31213	1.06310e-04	3.31836	26.2
62956.188	16.032	31585	1.05110e-04	3.31992	25.5	31003	1.07090e-04	3.32012	26.0	31534	1.05240e-04	3.31875	24.9	31195	1.06370e-04	3.31836	26.2
62957.376	16.032	31591	1.05100e-04	3.32012	25.5	30969	1.07210e-04	3.32012	26.0	31622	1.04950e-04	3.31875	24.9	31314	1.05980e-04	3.31855	26.2
62958.565	16.056	31543	1.05260e-04	3.32012	25.5	30942	1.07290e-04	3.31992	26.0	31612	1.04990e-04	3.31914	24.9	31272	1.06120e-04	3.31875	26.2
62959.752	16.056	31563	1.05190e-04	3.31992	25.5	30877	1.07520e-04	3.31992	26.0	31589	1.05060e-04	3.31875	24.9	31202	1.06350e-04	3.31836	26.2
62960.941	16.058	31494	1.05420e-04	3.32012	25.5	30931	1.07340e-04	3.32012	26.0	31555	1.05180e-04	3.31895	24.9	31181	1.06430e-04	3.31855	26.2
62962.129	16.058	31591	1.05100e-04	3.32012	25.5	30934	1.07330e-04	3.32012	26.0	31516	1.05310e-04	3.31895	24.9	31268	1.06130e-04	3.31855	26.2
62963.317	16.058	31608	1.05030e-04	3.31992	25.5	31012	1.07060e-04	3.32012	26.0	31599	1.05020e-04	3.31855	24.9	31266	1.06130e-04	3.31836	26.2
62964.505	16.038	31611	1.05030e-04	3.32012	25.5	30972	1.07200e-04	3.32031	26.0	31638	1.04900e-04	3.31895	24.9	31320	1.05960e-04	3.31875	26.2
62965.694	16.025	31574	1.05150e-04	3.32012	25.5	30973	1.07190e-04	3.32012	26.0	31586	1.05070e-04	3.31895	24.9	31249	1.06200e-04	3.31855	26.2
62966.882	16.025	31595	1.05080e-04	3.32012	25.5	30999	1.07110e-04	3.32031	26.0	31577	1.05100e-04	3.31875	24.9	31286	1.06070e-04	3.31855	26.2
62968.070	16.025	31598	1.05070e-04	3.32012	25.5	30974	1.07190e-04	3.32012	26.0	31595	1.05040e-04	3.31875	24.9	31228	1.06270e-04	3.31855	26.2
62969.258	16.008	31618	1.05000e-04	3.31992	25.5	31009	1.07060e-04	3.31992	26.0	31556	1.05170e-04	3.31875	24.9	31210	1.06330e-04	3.31855	26.2
62970.446	16.008	31564	1.05190e-04	3.32031	25.5	30947	1.07280e-04	3.32012	26.0	31605	1.05010e-04	3.31875	24.9	31285	1.06080e-04	3.31855	26.2
62971.635	16.004	31597	1.05080e-04	3.32012	25.5	30967	1.07210e-04	3.32012	26.0	31670	1.04800e-04	3.31895	24.9	31221	1.06290e-04	3.31855	26.2
62972.823	16.004	31629	1.04960e-04	3.31992	25.5	31001	1.07100e-04	3.32012	26.0	31617	1.04970e-04	3.31895	24.9	31302	1.06020e-04	3.31855	26.2
62974.011	16.009	31593	1.05090e-04	3.32012	25.5	31022	1.07030e-04	3.32012	26.1	31615	1.04970e-04	3.31875	24.9	31250	1.06190e-04	3.31836	26.2
62975.200	16.009	31511	1.05360e-04	3.32012	25.5	30953	1.07260e-04	3.32012	26.1	31556	1.05180e-04	3.31895	24.9	31253	1.06180e-04	3.31855	26.2
62976.388	16.009	31547	1.05240e-04	3.32012	25.5	30923	1.07370e-04	3.32012	26.0	31540	1.05230e-04	3.31895	24.9	31224	1.06280e-04	3.31836	26.2
62977.576	16.013	31508	1.05370e-04	3.32012	25.5	30976	1.07180e-04	3.32012	26.0	31569	1.05120e-04	3.31855	24.9	31261	1.06150e-04	3.31836	26.2
62978.764	16.013	31542	1.05260e-04	3.32012	25.5	30939	1.07320e-04	3.32051	26.0	31628	1.04940e-04	3.31895	24.9	31227	1.06280e-04	3.31875	26.2
62979.953	16.037	31560	1.05200e-04	3.31992	25.5	30916	1.07390e-04	3.32012	26.0	31541	1.05230e-04	3.31895	24.9	31206	1.06340e-04	3.31855	26.2
62981.141	16.037	31528	1.05300e-04	3.31992	25.5	30892	1.07470e-04	3.31992	26.0	31581	1.05090e-04	3.31875	24.9	31185	1.06410e-04	3.31836	26.2
62982.329	16.027	31494	1.05430e-04	3.32031	25.5	30933	1.07330e-04	3.32012	26.0	31536	1.05240e-04	3.31875	24.9	31163	1.06480e-04	3.31836	26.2
62983.517	16.027	31477	1.05470e-04	3.31992	25.5	30900	1.07450e-04	3.32012	26.0	31499	1.05360e-04	3.31875	24.9	31190	1.06410e-04	3.31875	26.2
62984.705	16.027	31600	1.05060e-04	3.31992	25.5	31048	1.06930e-04	3.31992	26.0	31532	1.05250e-04	3.31875	24.9	31219	1.06300e-04	3.31855	26.2
62985.894	16.042	31565	1.05180e-04	3.32012	25.4	30944	1.07290e-04	3.32012	26.0	31606	1.05000e-04	3.31875	24.9	31196	1.06370e-04	3.31836	26.2
62987.082	16.042	31510	1.05360e-04	3.31992	25.4	30955	1.07250e-04	3.31992	26.0	31530	1.05260e-04	3.31875	24.9	31248	1.06200e-04	3.31836	26.2
62988.270	16.030	31576	1.05140e-04	3.31992	25.4	31005	1.07080e-04	3.32012	26.0	31565	1.05140e-04	3.31875	24.9	31215	1.06310e-04	3.31836	26.2
62989.459	16.030	31538	1.05280e-04	3.32012	25.4	30962	1.07230e-04	3.32012	26.0	31548	1.05200e-04	3.31875	24.9	31240	1.06220e-04	3.31836	26.2
62990.647	16.038	31468	1.05500e-04	3.31992	25.4	30955	1.07260e-04	3.32012	26.0	31512	1.05320e-04	3.31875	24.9	31214	1.06320e-04	3.31855	26.2
62991.835	16.038	31505	1.05380e-04	3.31992	25.4	30935	1.07320e-04	3.31992	26.0	31493	1.05380e-04	3.31855	24.9	31209	1.06320e-04	3.31816	26.2
62993.023	16.047	31490	1.05430e-04	3.32012	25.4	30984	1.07150e-04	3.32012	26.0	31592	1.05060e-04	3.31895	24.9	31234	1.06250e-04	3.31855	26.2
62994.211	16.047	31596	1.05080e-04	3.32012	25.4	30972	1.07200e-04	3.32012	26.0	31679	1.04760e-04	3.31875	24.9	31289	1.06060e-04	3.31855	26.2
62995.400	16.042	31533	1.05290e-04	3.31992	25.4	30943	1.07300e-04	3.32012	26.0	31608	1.05000e-04	3.31895	24.9	31271	1.06120e-04	3.31836	26.2
62996.588	16.042	31606	1.05050e-04	3.32012	25.4	31003	1.07080e-04	3.31992	26.0	31526	1.05270e-04	3.31875	24.9	31194	1.06380e-04	3.31855	26.2
62997.776	16.042	31585	1.05100e-04	3.31973	25.4	31003	1.07080e-04	3.31992	26.0	31608	1.04990e-04	3.31855	24.9	31214	1.06320e-04	3.31855	26.2
62998.964	16.051	31513	1.05360e-04	3.32012	25.4	30953	1.07260e-04	3.31992	26.0	31534	1.05240e-04	3.31875	24.9	31152	1.06520e-04	3.31816	26.2
63000.153	16.051	31501	1.05390e-04	3.31992	25.4	30884	1.07500e-04	3.32012	26.0	31562	1.05160e-04	3.31895	24.9	31163	1.06490e-04	3.31855	26.2
63001.341	16.027	31562	1.05190e-04	3.32012	25.4	30943	1.07290e-04	3.31992	26.0	31581	1.05090e-04	3.31875	24.9	31175	1.06440e-04	3.31836	26.2
63002.529	16.027	31514	1.05360e-04	3.32031	25.4	31031	1.07000e-04	3.32031	26.0	31605	1.05010e-04	3.31895	24.9	31191	1.06390e-04	3.31855	26.2
63003.717	16.030	31493	1.05420e-04	3.31992	25.4	30898	1.07460e-04	3.32031	26.0	31570	1.05120e-04	3.31875	24.9	31175	1.06450e-04	3.31855	26.2
63004.906	16.030	31596	1.05070e-04	3.31992	25.4	30953	1.07260e-04	3.32012	26.0	31606	1.05000e-04	3.31855	24.9	31291	1.06050e-04	3.31836	26.2
63006.094	16.030	31583	1.05120e-04	3.32012	25.4	31020	1.07030e-04	3.32012	26.0	31620	1.04960e-04	3.31895	24.9	31273	1.06120e-04	3.31855	26.2
63007.282	16.020	31544	1.05250e-04	3.31992	25.4	30989	1.07130e-04	3.31992	26.0	31626	1.04940e-04	3.31875	24.9	31203	1.06350e-04	3.31836	26.2
63008.471	16.020	31585	1.05110e-04	3.31992	25.4	30932	1.07330e-04	3.31992	26.0	31520	1.05280e-04	3.31836	24.9	31233	1.06250e-04	3.31836	26.2
63009.659	16.042	31650	1.04900e-04	3.32012	25.4	31005	1.07080e-04	3.31992	26.0	31617	1.04970e-04	3.31895	24.9	31266	1.06140e-04	3.31855	26.2
63010.847	16.042	31576	1.05140e-04	3.31992	25.4	30969	1.07200e-04	3.31992	26.0	31631	1.04920e-04	3.31875	24.9	31328	1.05920e-04	3.31836	26.2
63012.035	16.039	31578	1.05140e-04	3.32012	25.4	30920	1.07370e-04	3.31992	26.0	31590	1.05050e-04	3.31855	24.9	31210	1.06320e-04	3.31836	26.2
63013.223	16.039	31573	1.05150e-04	3.31992	25.4	30992	1.07130e-04	3.32012	26.0	31600	1.05030e-04	3.31895	24.9	31244	1.06210e-04	3.31855	26.2
63014.412	16.038	31504	1.05380e-04	3.31992	25.4	30953	1.07260e-04	3.32012	26.0	31587	1.05070e-04	3.31875	24.9	31219	1.06290e-04	3.31836	26.2
63015.600	16.038	31558	1.05200e-04	3.31992	25.4	30936	1.07320e-04	3.32012	26.0	31558	1.05160e-04	3.31855	24.9	31203	1.06350e-04	3.31836	26.2
63016.788	16.036	31523	1.05320e-04	3.31992	25.4	30897	1.07460e-04	3.32012	26.0	31580	1.05090e-04	3.31895	24.9	31210	1.06340e-04	3.31875	26.2
63017.976	16.036	31499	1.05400e-04	3.32012	25.4	30909	1.07420e-04	3.32012	26.0	31557	1.05170e-04	3.31875	24.8	31207	1.06330e-04	3.31836	26.2
63019.164	16.036	31600	1.05060e-04	3.31992	25.4	30903	1.07430e-04	3.31992	26.0	31612	1.04980e-04	3.31875	24.8	31240	1.06220e-04	3.31836	26.2
63020.353	16.042	31507	1.05370e-04	3.31992	25.4	30979	1.07170e-04	3.32012	26.0	31588	1.05070e-04	3.31895	24.8	31227	1.06270e-04	3.31855	26.2
63021.541	16.042	31599	1.05060e-04	3.31992	25.4	30918	1.07380e-04	3.32012	26.0	31577	1.05100e-04	3.31875	24.8	31240	1.06230e-04	3.31855	26.2
63022.729	16.051	31544	1.05250e-04	3.31992	25.4	30979	1.07170e-04	3.31992	26.0	31593	1.05050e-04	3.31875	24.8	31262	1.06150e-04	3.31855	26.2
63023.917	16.051	31536	1.05280e-04	3.31992	25.4	30996	1.07110e-04	3.31992	26.0	31578	1.05090e-04	3.31855	24.8	31204	1.06350e-04	3.31836	26.2
63025.106	16.036	31547	1.05250e-04	3.32031	25.4	30936	1.07320e-04	3.31992	26.0	31578	1.05100e-04	3.31875	24.8	31234	1.06250e-04	3.31855	26.2
63026.294	16.036	31527	1.05300e-04	3.31992	25.4	30943	1.07300e-04	3.32031	26.0	31526	1.05280e-04	3.31895	24.8	31194	1.06380e-04	3.31836	26.2
63027.482	16.036	31564	1.05180e-04	3.31992	25.4	30945	1.07290e-04	3.32012	26.0	31533	1.05250e-04	3.31875	24.8	31217	1.06300e-04	3.31836	26.2
63028.671	16.062	31525	1.05320e-04	3.32031	25.4	30942	1.07300e-04	3.32012	26.0	31551	1.05190e-04	3.31875	24.8	31218	1.06300e-04	3.31855	26.2
63029.859	16.062	31570	1.05160e-04	3.31992	25.4	30923	1.07370e-04	3.32031	26.0	31564	1.05150e-04	3.31895	24.8	31213	1.06320e-04	3.31855	26.2
63031.047	16.032	31531	1.05290e-04	3.31992	25.4	30926	1.07360e-04	3.32012	26.0	31640	1.04890e-04	3.31875	24.8	31185	1.06410e-04	3.31836	26.2
63032.235	16.032	31578	1.05130e-04	3.31992	25.4	30958	1.07240e-04	3.31992	26.0	31538	1.05220e-04	3.31855	24.8	31251	1.06180e-04	3.31816	26.2
63033.424	16.037	31493	1.05420e-04	3.31992	25.4	30880	1.07520e-04	3.32012	25.9	31566	1.05140e-04	3.31895	24.8	31249	1.06200e-04	3.31855	26.2
63034.612	16.037	31562	1.05180e-04	3.31973	25.4	30888	1.07490e-04	3.32012	26.0	31561	1.05150e-04	3.31875	24.8	31251	1.06190e-04	3.31855	26.2
63035.800	16.043	31563	1.05190e-04	3.32012	25.4	30900	1.07430e-04	3.31973	26.0	31638	1.04890e-04	3.31855	24.8	31220	1.06290e-04	3.31836	26.2
63036.988	16.043	31635	1.04940e-04	3.31992	25.4	30954	1.07260e-04	3.32012	26.0	31620	1.04960e-04	3.31895	24.8	31295	1.06040e-04	3.31855	26.2
63038.177	16.043	31585	1.05110e-04	3.31992	25.4	31035	1.06980e-04	3.32012	26.0	31635	1.04910e-04	3.31875	24.8	31286	1.06060e-04	3.31836	26.2
63039.365	16.034	31558	1.05210e-04	3.32012	25.4	31018	1.07030e-04	3.31992	26.0	31602	1.05020e-04	3.31875	24.8	31207	1.06330e-04	3.31836	26.2
63040.553	16.034	31602	1.05060e-04	3.31992	25.4	30957	1.07250e-04	3.32031	25.9	31608	1.05000e-04	3.31875	24.8	31210	1.06330e-04	3.31855	26.2
63041.741	16.058	31485	1.05450e-04	3.32012	25.4	30921	1.07380e-04	3.32012	25.9	31579	1.05090e-04	3.31875	24.8	31187	1.06400e-04	3.31836	26.2
63042.929	16.058	31506	1.05380e-04	3.31992	25.4	30932	1.07340e-04	3.32012	26.0	31543	1.05210e-04	3.31875	24.8	31216	1.06310e-04	3.31855	26.2
63044.118	16.049	31528	1.05300e-04	3.31992	25.4	30842	1.07650e-04	3.32012	26.0	31520	1.05290e-04	3.31875	24.8	31123	1.06620e-04	3.31836	26.2
63045.306	16.049	31532	1.05290e-04	3.32012	25.4	30877	1.07530e-04	3.32012	26.0	31582	1.05080e-04	3.31875	24.8	31178	1.06440e-04	3.31855	26.2
63046.494	16.045	31474	1.05480e-04	3.31992	25.4	30883	1.07510e-04	3.32012	25.9	31546	1.05200e-04	3.31875	24.8	31171	1.06460e-04	3.31855	26.2
63047.683	16.045	31533	1.05280e-04	3.31992	25.4	30886	1.07490e-04	3.32012	26.0	31549	1.05200e-04	3.31875	24.8	31212	1.06320e-04	3.31855	26.2
63048.871	16.045	31582	1.05130e-04	3.32012	25.4	30920	1.07370e-04	3.31992	26.0	31529	1.05260e-04	3.31875	24.8	31168	1.06470e-04	3.31855	26.2
63050.059	16.051	31584	1.05110e-04	3.31992	25.3	30979	1.07170e-04	3.32012	25.9	31657	1.04840e-04	3.31895	24.8	31281	1.06080e-04	3.31836	26.1
63051.247	16.051	31524	1.05310e-04	3.31992	25.3	30943	1.07290e-04	3.31992	25.9	31602	1.05010e-04	3.31855	24.8	31216	1.06300e-04	3.31816	26.2
63052.436	16.030	31530	1.05300e-04	3.32012	25.3	30908	1.07420e-04	3.32012	25.9	31563	1.05150e-04	3.31875	24.8	31187	1.06410e-04	3.31855	26.2
63053.624	16.030	31551	1.05220e-04	3.31973	25.3	30923	1.07380e-04	3.32031	26.0	31618	1.04960e-04	3.31875	24.8	31180	1.06430e-04	3.31855	26.2
63054.812	16.056	31539	1.05280e-04	3.32031	25.3	30925	1.07350e-04	3.31992	25.9	31595	1.05040e-04	3.31855	24.8	31172	1.06450e-04	3.31816	26.1
63056.000	16.056	31609	1.05030e-04	3.31992	25.3	30975	1.07190e-04	3.32012	25.9	31638	1.04910e-04	3.31914	24.8	31240	1.06230e-04	3.31855	26.1
63057.188	16.056	31513	1.05350e-04	3.31992	25.3	30976	1.07180e-04	3.32012	25.9	31663	1.04810e-04	3.31875	24.8	31273	1.06110e-04	3.31836	26.1
63058.376	16.053	31544	1.05250e-04	3.31992	25.3	30944	1.07290e-04	3.31992	25.9	31569	1.05130e-04	3.31875	24.8	31245	1.06200e-04	3.31836	26.1
63059.565	16.053	31589	1.05100e-04	3.32012	25.3	30960	1.07230e-04	3.31992	25.9	31631	1.04910e-04	3.31855	24.8	31227	1.06270e-04	3.31855	26.1
63060.753	16.052	31519	1.05330e-04	3.31992	25.3	30947	1.07280e-04	3.32012	25.9	31602	1.05020e-04	3.31875	24.8	31166	1.06470e-04	3.31836	26.1
63061.941	16.052	31553	1.05220e-04	3.31992	25.3	30931	1.07330e-04	3.31992	25.9	31552	1.05180e-04	3.31855	24.8	31157	1.06510e-04	3.31836	26.1
63063.130	16.046	31612	1.05020e-04	3.31992	25.3	30928	1.07350e-04	3.32012	25.9	31568	1.05140e-04	3.31895	24.8	31222	1.06290e-04	3.31855	26.1
63064.318	16.046	31563	1.05180e-04	3.31992	25.3	30983	1.07160e-04	3.32012	25.9	31613	1.04980e-04	3.31875	24.8	31220	1.06290e-04	3.31836	26.1
63065.506	16.036	31540	1.05270e-04	3.32012	25.3	30965	1.07220e-04	3.32012	25.9	31611	1.04980e-04	3.31855	24.8	31268	1.06130e-04	3.31836	26.1
63066.694	16.036	31570	1.05160e-04	3.31992	25.3	30925	1.07360e-04	3.32012	25.9	31589	1.05070e-04	3.31895	24.8	31243	1.06230e-04	3.31875	26.1
63067.882	16.016	31539	1.05270e-04	3.31992	25.3	30905	1.07430e-04	3.32012	25.9	31585	1.05070e-04	3.31875	24.8	31197	1.06370e-04	3.31836	26.1
63069.071	16.016	31617	1.05010e-04	3.32012	25.3	30943	1.07290e-04	3.31992	25.9	31625	1.04940e-04	3.31875	24.8	31246	1.06200e-04	3.31836	26.1
63070.259	16.016	31600	1.05060e-04	3.31992	25.3	30953	1.07260e-04	3.31992	25.9	31632	1.04920e-04	3.31875	24.8	31261	1.06150e-04	3.31836	26.1
63071.447	16.020	31568	1.05170e-04	3.32012	25.3	30943	1.07290e-04	3.31992	25.9	31596	1.05040e-04	3.31875	24.8	31204	1.06350e-04	3.31836	26.1
63072.635	16.020	31582	1.05130e-04	3.32012	25.3	30939	1.07310e-04	3.32012	25.9	31600	1.05020e-04	3.31875	24.8	31157	1.06500e-04	3.31836	26.1
63073.824	16.040	31579	1.05130e-04	3.31992	25.3	30940	1.07300e-04	3.31992	25.9	31671	1.04790e-04	3.31875	24.8	31214	1.06320e-04	3.31855	26.1
63075.012	16.040	31637	1.04940e-04	3.31992	25.3	30993	1.07130e-04	3.32012	25.9	31602	1.05020e-04	3.31875	24.8	31239	1.06230e-04	3.31836	26.1
63076.200	16.040	31621	1.04990e-04	3.31992	25.3	30983	1.07160e-04	3.32012	25.9	31620	1.04960e-04	3.31875	24.8	31186	1.06410e-04	3.31836	26.1
63077.388	16.035	31612	1.05010e-04	3.31973	25.3	30976	1.07180e-04	3.32012	25.9	31635	1.04910e-04	3.31875	24.8	31255	1.06170e-04	3.31836	26.1
63078.576	16.035	31609	1.05040e-04	3.32012	25.3	31042	1.06960e-04	3.32012	25.9	31615	1.04970e-04	3.31855	24.8	31234	1.06240e-04	3.31836	26.1
63079.765	16.009	31638	1.04930e-04	3.31992	25.3	31010	1.07070e-04	3.32012	25.9	31655	1.04840e-04	3.31875	24.8	31276	1.06100e-04	3.31836	26.1
63080.953	16.009	31576	1.05140e-04	3.31973	25.3	31007	1.07080e-04	3.32012	25.9	31654	1.04850e-04	3.31875	24.8	31270	1.06110e-04	3.31816	26.1
63082.141	16.010	31625	1.04990e-04	3.32012	25.3	30997	1.07100e-04	3.31973	25.9	31632	1.04910e-04	3.31855	24.8	31260	1.06150e-04	3.31836	26.1
63083.330	16.010	31594	1.05070e-04	3.31973	25.3	31014	1.07050e-04	3.32012	25.9	31616	1.04970e-04	3.31875	24.8	31294	1.06040e-04	3.31836	26.1
63084.518	16.022	31553	1.05220e-04	3.31992	25.3	30939	1.07310e-04	3.31992	25.9	31665	1.04800e-04	3.31855	24.8	31236	1.06230e-04	3.31836	26.1
63085.706	16.022	31562	1.05190e-04	3.32012	25.3	30988	1.07140e-04	3.32012	25.9	31597	1.05030e-04	3.31875	24.8	31256	1.06170e-04	3.31855	26.1
63086.894	16.019	31608	1.05030e-04	3.31973	25.3	30979	1.07170e-04	3.32012	25.9	31566	1.05140e-04	3.31875	24.8	31208	1.06330e-04	3.31836	26.1
63088.083	16.019	31585	1.05120e-04	3.32012	25.3	30956	1.07240e-04	3.31973	25.9	31650	1.04850e-04	3.31855	24.8	31230	1.06260e-04	3.31836	26.1
63089.271	16.019	31571	1.05160e-04	3.31992	25.3	30977	1.07190e-04	3.32031	25.9	31584	1.05080e-04	3.31875	24.8	31196	1.06370e-04	3.31836	26.1
63090.459	16.025	31546	1.05240e-04	3.31992	25.3	30993	1.07130e-04	3.32012	25.9	31582	1.05080e-04	3.31875	24.8	31167	1.06470e-04	3.31836	26.1
63091.647	16.025	31579	1.05140e-04	3.32012	25.3	30955	1.07250e-04	3.32012	25.9	31608	1.05000e-04	3.31875	24.8	31239	1.06230e-04	3.31855	26.1
63092.835	16.035	31528	1.05310e-04	3.32012	25.3	30910	1.07410e-04	3.32012	25.9	31514	1.05310e-04	3.31875	24.8	31174	1.06450e-04	3.31855	26.1
63094.024	16.035	31541	1.05260e-04	3.31992	25.3	30886	1.07490e-04	3.31992	25.9	31566	1.05140e-04	3.31875	24.8	31144	1.06550e-04	3.31836	26.1
63095.212	16.044	31586	1.05110e-04	3.32012	25.3	30964	1.07220e-04	3.31992	25.9	31578	1.05090e-04	3.31855	24.8	31173	1.06460e-04	3.31855	26.1
63096.400	16.044	31600	1.05070e-04	3.32012	25.3	30957	1.07250e-04	3.32012	25.9	31557	1.05170e-04	3.31895	24.8	31237	1.06240e-04	3.31855	26.1
63097.589	16.042	31512	1.05350e-04	3.31992	25.3	30955	1.07250e-04	3.32012	25.9	31560	1.05160e-04	3.31875	24.8	31216	1.06300e-04	3.31836	26.1
63098.777	16.042	31539	1.05270e-04	3.32012	25.3	30923	1.07370e-04	3.32012	25.9	31591	1.05050e-04	3.31875	24.8	31186	1.06410e-04	3.31855	26.1
63099.965	16.042	31572	1.05150e-04	3.31973	25.3	30887	1.07490e-04	3.32012	25.9	31549	1.05200e-04	3.31875	24.8	31151	1.06530e-04	3.31836	26.1
63101.153	16.041	31551	1.05230e-04	3.32012	25.3	30925	1.07350e-04	3.31992	25.9	31545	1.05200e-04	3.31855	24.8	31187	1.06400e-04	3.31836	26.1
63102.342	16.041	31543	1.05260e-04	3.32012	25.3	30942	1.07310e-04	3.32031	25.9	31542	1.05220e-04	3.31895	24.8	31164	1.06490e-04	3.31855	26.1
63103.530	16.041	31588	1.05100e-04	3.31992	25.3	30936	1.07320e-04	3.32012	25.9	31590	1.05060e-04	3.31875	24.8	31222	1.06290e-04	3.31855	26.1
63104.718	16.041	31504	1.05390e-04	3.32012	25.3	30984	1.07150e-04	3.32012	25.9	31518	1.05300e-04	3.31875	24.8	31176	1.06440e-04	3.31836	26.1
63105.906	16.035	31544	1.05250e-04	3.31992	25.4	30926	1.07360e-04	3.32012	25.9	31517	1.05300e-04	3.31875	24.8	31240	1.06230e-04	3.31855	26.1
63107.094	16.035	31558	1.05210e-04	3.32012	25.4	30886	1.07490e-04	3.32012	25.9	31588	1.05060e-04	3.31875	24.8	31182	1.06420e-04	3.31836	26.1
63108.282	16.035	31599	1.05070e-04	3.32031	25.4	30942	1.07300e-04	3.32012	26.0	31549	1.05200e-04	3.31895	24.8	31208	1.06340e-04	3.31875	26.1
63109.471	16.027	31618	1.05000e-04	3.31992	25.4	31004	1.07090e-04	3.32012	25.9	31627	1.04940e-04	3.31895	24.8	31274	1.06110e-04	3.31855	26.1
63110.659	16.027	31572	1.05150e-04	3.31992	25.3	30990	1.07140e-04	3.32012	25.9	31560	1.05160e-04	3.31875	24.8	31219	1.06300e-04	3.31855	26.1
63111.847	16.028	31560	1.05200e-04	3.32012	25.4	30959	1.07240e-04	3.32012	26.0	31556	1.05180e-04	3.31895	24.8	31219	1.06300e-04	3.31855	26.1
63113.035	16.028	31603	1.05050e-04	3.31992	25.4	30945	1.07290e-04	3.32012	26.0	31647	1.04870e-04	3.31875	24.8	31212	1.06320e-04	3.31836	26.1
63114.224	16.028	31625	1.04990e-04	3.32012	25.4	30992	1.07130e-04	3.32012	26.0	31609	1.04990e-04	3.31875	24.8	31248	1.06200e-04	3.31855	26.1
63115.412	16.038	31567	1.05180e-04	3.32012	25.4	30970	1.07210e-04	3.32031	26.0	31583	1.05090e-04	3.31895	24.8	31237	1.06240e-04	3.31855	26.1
63116.600	16.041	31618	1.05000e-04	3.31992	25.4	30894	1.07480e-04	3.32031	26.0	31563	1.05150e-04	3.31875	24.8	31280	1.06090e-04	3.31855	26.1
63117.788	16.041	31556	1.05210e-04	3.32012	25.4	31013	1.07050e-04	3.32012	26.0	31644	1.04880e-04	3.31895	24.8	31277	1.06100e-04	3.31855	26.1
63118.977	16.041	31613	1.05020e-04	3.32012	25.4	30955	1.07260e-04	3.32012	26.0	31668	1.04800e-04	3.31875	24.8	31336	1.05900e-04	3.31855	26.1
63120.165	16.043	31621	1.04990e-04	3.31992	25.4	30984	1.07150e-04	3.31992	26.0	31579	1.05090e-04	3.31875	24.8	31286	1.06060e-04	3.31836	26.1
63121.353	16.043	31621	1.05000e-04	3.32031	25.4	31041	1.06950e-04	3.31992	26.0	31671	1.04790e-04	3.31895	24.8	31245	1.06210e-04	3.31855	26.1
63122.541	16.036	31581	1.05130e-04	3.32012	25.4	31024	1.07020e-04	3.32031	26.0	31627	1.04940e-04	3.31895	24.8	31229	1.06260e-04	3.31855	26.1
63123.730	16.036	31540	1.05260e-04	3.31992	25.4	30950	1.07270e-04	3.32012	26.0	31576	1.05100e-04	3.31875	24.8	31200	1.06360e-04	3.31855	26.1
63124.918	16.039	31564	1.05190e-04	3.32031	25.4	30902	1.07440e-04	3.32012	26.0	31593	1.05050e-04	3.31875	24.8	31171	1.06460e-04	3.31855	26.1
63126.106	16.039	31589	1.05100e-04	3.32012	25.4	30939	1.07320e-04	3.32031	26.0	31597	1.05040e-04	3.31895	24.8	31205	1.06350e-04	3.31855	26.1
63127.294	16.039	31479	1.05470e-04	3.31992	25.4	30957	1.07250e-04	3.32031	26.0	31546	1.05210e-04	3.31895	24.8	31165	1.06480e-04	3.31836	26.1
63128.483	16.072	31509	1.05380e-04	3.32031	25.4	30917	1.07390e-04	3.32012	26.0	31525	1.05270e-04	3.31875	24.8	31247	1.06200e-04	3.31855	26.1
63129.671	16.032	31513	1.05360e-04	3.32012	25.4	30921	1.07380e-04	3.32031	26.0	31520	1.05300e-04	3.31895	24.8	31197	1.06370e-04	3.31855	26.1
63130.859	16.032	31528	1.05300e-04	3.31992	25.4	30922	1.07370e-04	3.32012	26.0	31535	1.05250e-04	3.31895	24.8	31225	1.06270e-04	3.31836	26.1
63132.047	16.032	31511	1.05370e-04	3.32031	25.4	30913	1.07400e-04	3.31992	26.0	31557	1.05170e-04	3.31875	24.8	31164	1.06490e-04	3.31855	26.1
63133.236	16.034	31606	1.05040e-04	3.31992	25.4	30926	1.07360e-04	3.32012	26.0	31592	1.05060e-04	3.31895	24.8	31240	1.06230e-04	3.31855	26.1
63134.424	16.034	31622	1.04990e-04	3.32012	25.4	31051	1.06930e-04	3.32012	26.0	31669	1.04790e-04	3.31875	24.8	31314	1.05980e-04	3.31855	26.1
63135.612	16.015	31573	1.05160e-04	3.32012	25.4	30978	1.07170e-04	3.31992	26.0	31641	1.04880e-04	3.31855	24.8	31244	1.06220e-04	3.31855	26.1
63136.800	16.015	31612	1.05010e-04	3.31973	25.4	30976	1.07180e-04	3.31992	26.0	31595	1.05040e-04	3.31875	24.8	31261	1.06150e-04	3.31836	26.1
63137.989	15.998	31617	1.05010e-04	3.32012	25.4	31030	1.07000e-04	3.32012	26.0	31671	1.04790e-04	3.31875	24.8	31264	1.06150e-04	3.31855	26.1
63139.177	15.998	31702	1.04720e-04	3.31992	25.4	30969	1.07210e-04	3.32012	26.0	31623	1.04950e-04	3.31875	24.8	31320	1.05950e-04	3.31836	26.1
63140.365	15.998	31596	1.05070e-04	3.31992	25.4	31002	1.07090e-04	3.32012	26.0	31604	1.05000e-04	3.31855	24.8	31268	1.06120e-04	3.31836	26.1
63141.553	16.001	31566	1.05190e-04	3.32031	25.4	31002	1.07090e-04	3.32012	26.0	31582	1.05080e-04	3.31875	24.8	31227	1.06270e-04	3.31855	26.1
63142.741	16.001	31527	1.05300e-04	3.31992	25.4	30967	1.07220e-04	3.32012	26.0	31574	1.05110e-04	3.31875	24.8	31222	1.06290e-04	3.31855	26.1
63143.930	16.025	31530	1.05300e-04	3.31992	25.4	30984	1.07150e-04	3.31992	26.0	31559	1.05160e-04	3.31875	24.8	31179	1.06430e-04	3.31836	26.1
63145.118	16.025	31595	1.05080e-04	3.32012	25.4	30979	1.07170e-04	3.31992	26.0	31554	1.05180e-04	3.31875	24.8	31217	1.06300e-04	3.31836	26.1
63146.306	16.014	31559	1.05200e-04	3.31992	25.4	30960	1.07230e-04	3.31992	26.0	31557	1.05160e-04	3.31855	24.8	31236	1.06230e-04	3.31836	26.1
63147.495	16.014	31548	1.05230e-04	3.31992	25.4	30962	1.07230e-04	3.32012	26.0	31562	1.05150e-04	3.31875	24.8	31181	1.06420e-04	3.31836	26.1
63148.683	16.020	31534	1.05290e-04	3.32012	25.4	30943	1.07290e-04	3.31992	26.0	31519	1.05290e-04	3.31855	24.8	31166	1.06480e-04	3.31855	26.1
63149.871	16.020	31589	1.05100e-04	3.31992	25.4	30877	1.07530e-04	3.32012	26.0	31582	1.05080e-04	3.31875	24.8	31190	1.06400e-04	3.31855	26.1
63151.059	16.020	31479	1.05460e-04	3.31992	25.4	30912	1.07400e-04	3.32012	25.9	31548	1.05200e-04	3.31875	24.8	31144	1.06540e-04	3.31816	26.1
63152.247	16.026	31494	1.05410e-04	3.31992	25.4	30903	1.07440e-04	3.32012	25.9	31542	1.05210e-04	3.31855	24.8	31165	1.06480e-04	3.31836	26.1
63153.436	16.026	31509	1.05360e-04	3.31973	25.3	30961	1.07240e-04	3.32012	25.9	31551	1.05190e-04	3.31875	24.8	31216	1.06300e-04	3.31836	26.1
63154.624	16.020	31519	1.05330e-04	3.31992	25.3	30923	1.07370e-04	3.32012	25.9	31555	1.05170e-04	3.31875	24.8	31193	1.06390e-04	3.31855	26.1
63155.812	16.020	31514	1.05350e-04	3.31992	25.4	30894	1.07460e-04	3.31992	25.9	31570	1.05120e-04	3.31855	24.8	31217	1.06300e-04	3.31836	26.1
63157.000	16.020	31587	1.05100e-04	3.31992	25.4	30939	1.07300e-04	3.31973	25.9	31567	1.05130e-04	3.31875	24.8	31205	1.06340e-04	3.31836	26.1
63158.189	16.029	31526	1.05310e-04	3.31992	25.3	30953	1.07250e-04	3.31973	25.9	31576	1.05100e-04	3.31875	24.8	31238	1.06220e-04	3.31816	26.1
63159.377	16.046	31584	1.05110e-04	3.31992	25.3	30949	1.07270e-04	3.31992	25.9	31570	1.05120e-04	3.31855	24.8	31274	1.06110e-04	3.31836	26.1
63160.565	16.046	31621	1.04990e-04	3.31992	25.3	30925	1.07350e-04	3.31992	25.9	31669	1.04790e-04	3.31875	24.8	31281	1.06080e-04	3.31836	26.1
63161.753	16.046	31525	1.05310e-04	3.31992	25.3	30967	1.07210e-04	3.32012	25.9	31568	1.05130e-04	3.31875	24.8	31193	1.06380e-04	3.31836	26.1
63162.941	16.026	31592	1.05090e-04	3.31992	25.3	30918	1.07380e-04	3.31992	25.9	31597	1.05030e-04	3.31855	24.8	31243	1.06210e-04	3.31836	26.1
63164.130	16.026	31634	1.04950e-04	3.31992	25.3	30938	1.07320e-04	3.32012	25.9	31569	1.05120e-04	3.31855	24.8	31232	1.06250e-04	3.31836	26.1
63165.318	16.002	31608	1.05030e-04	3.31992	25.3	30900	1.07450e-04	3.32012	25.9	31622	1.04950e-04	3.31855	24.8	31246	1.06200e-04	3.31816	26.1
63166.506	16.002	31579	1.05130e-04	3.31992	25.3	30945	1.07280e-04	3.31992	25.9	31558	1.05160e-04	3.31855	24.8	31246	1.06210e-04	3.31855	26.1
63167.695	16.029	31544	1.05250e-04	3.31992	25.3	30869	1.07550e-04	3.31992	25.9	31560	1.05160e-04	3.31875	24.8	31177	1.06430e-04	3.31836	26.1
63168.883	16.029	31585	1.05110e-04	3.31992	25.3	30913	1.07390e-04	3.31992	25.9	31593	1.05050e-04	3.31875	24.8	31139	1.06560e-04	3.31836	26.1
63170.071	16.029	31498	1.05400e-04	3.31973	25.3	30962	1.07220e-04	3.31973	25.9	31522	1.05280e-04	3.31855	24.8	31171	1.06450e-04	3.31816	26.1
63171.259	16.037	31577	1.05140e-04	3.31992	25.3	30903	1.07420e-04	3.31973	25.9	31630	1.04920e-04	3.31855	24.8	31258	1.06150e-04	3.31816	26.1
63172.448	16.037	31552	1.05210e-04	3.31973	25.3	30916	1.07380e-04	3.31992	25.9	31624	1.04940e-04	3.31855	24.8	31291	1.06040e-04	3.31816	26.1
63173.636	16.053	31511	1.05360e-04	3.31992	25.3	30961	1.07220e-04	3.31973	25.9	31595	1.05040e-04	3.31855	24.8	31199	1.06370e-04	3.31855	26.1
63174.824	16.053	31580	1.05130e-04	3.31992	25.3	30884	1.07500e-04	3.32012	25.9	31575	1.05110e-04	3.31875	24.8	31279	1.06090e-04	3.31836	26.1
63176.012	16.036	31625	1.04980e-04	3.31992	25.3	30990	1.07130e-04	3.31992	25.9	31563	1.05140e-04	3.31855	24.8	31226	1.06260e-04	3.31816	26.1
63177.200	16.036	31585	1.05100e-04	3.31973	25.3	30901	1.07440e-04	3.31992	25.9	31609	1.04990e-04	3.31855	24.8	31202	1.06350e-04	3.31836	26.1
63178.389	16.046	31610	1.05030e-04	3.31992	25.3	30935	1.07320e-04	3.31992	25.9	31606	1.05000e-04	3.31875	24.8	31274	1.06090e-04	3.31797	26.1
63179.577	16.046	31682	1.04790e-04	3.31992	25.3	30995	1.07110e-04	3.31992	25.9	31678	1.04760e-04	3.31855	24.8	31304	1.06020e-04	3.31875	26.1
63180.765	16.049	31667	1.04830e-04	3.31973	25.3	30971	1.07200e-04	3.32012	25.9	31722	1.04620e-04	3.31875	24.8	31244	1.06210e-04	3.31836	26.1
63181.954	16.049	31653	1.04890e-04	3.31992	25.2	30980	1.07150e-04	3.31953	25.9	31660	1.04810e-04	3.31836	24.8	31314	1.05960e-04	3.31816	26.1
63183.141	16.049	31591	1.05090e-04	3.31992	25.2	30955	1.07250e-04	3.32012	25.9	31650	1.04860e-04	3.31875	24.8	31289	1.06060e-04	3.31836	26.1
63184.330	16.028	31623	1.04980e-04	3.31973	25.2	30908	1.07410e-04	3.31992	25.9	31660	1.04820e-04	3.31875	24.8	31231	1.06250e-04	3.31836	26.1
63185.518	16.028	31633	1.04950e-04	3.31992	25.2	30994	1.07110e-04	3.31973	25.9	31605	1.05000e-04	3.31855	24.8	31246	1.06200e-04	3.31836	26.1
63186.706	16.035	31516	1.05340e-04	3.31992	25.2	30969	1.07210e-04	3.32012	25.9	31584	1.05080e-04	3.31875	24.8	31257	1.06160e-04	3.31836	26.1
63187.894	16.035	31583	1.05110e-04	3.31973	25.2	30900	1.07440e-04	3.31992	25.9	31576	1.05100e-04	3.31875	24.8	31262	1.06140e-04	3.31816	26.1
63189.083	16.039	31580	1.05130e-04	3.31992	25.2	30971	1.07190e-04	3.31992	25.9	31598	1.05020e-04	3.31855	24.8	31223	1.06270e-04	3.31816	26.1
63190.271	16.039	31553	1.05220e-04	3.31992	25.2	30931	1.07330e-04	3.31992	25.9	31534	1.05240e-04	3.31855	24.8	31169	1.06460e-04	3.31816	26.1
63191.460	16.039	31547	1.05240e-04	3.31992	25.2	30911	1.07400e-04	3.31992	25.8	31531	1.05250e-04	3.31875	24.8	31208	1.06330e-04	3.31836	26.1
63192.648	16.031	31587	1.05100e-04	3.31992	25.2	30943	1.07300e-04	3.32012	25.8	31586	1.05060e-04	3.31855	24.8	31231	1.06260e-04	3.31855	26.1
63193.836	16.031	31606	1.05040e-04	3.31973	25.2	30945	1.07280e-04	3.31973	25.8	31643	1.04880e-04	3.31875	24.8	31268	1.06130e-04	3.31836	26.1
63195.024	16.011	31663	1.04850e-04	3.31992	25.2	31005	1.07070e-04	3.31973	25.8	31648	1.04860e-04	3.31855	24.8	31241	1.06210e-04	3.31816	26.1
63196.212	16.011	31666	1.04840e-04	3.31992	25.2	30974	1.07180e-04	3.31992	25.8	31660	1.04830e-04	3.31875	24.7	31305	1.06000e-04	3.31816	26.1
63197.401	16.015	31602	1.05050e-04	3.31973	25.2	31026	1.07000e-04	3.31973	25.8	31627	1.04930e-04	3.31855	24.7	31277	1.06090e-04	3.31816	26.1
63198.589	16.015	31493	1.05420e-04	3.31992	25.2	30947	1.07270e-04	3.31973	25.8	31704	1.04670e-04	3.31855	24.7	31193	1.06380e-04	3.31836	26.1
63199.777	16.032	31557	1.05200e-04	3.31973	25.2	30852	1.07610e-04	3.32012	25.8	31544	1.05200e-04	3.31855	24.7	31172	1.06450e-04	3.31836	26.1
63200.965	16.032	31551	1.05220e-04	3.31973	25.2	30880	1.07510e-04	3.31992	25.8	31576	1.05100e-04	3.31855	24.7	31178	1.06430e-04	3.31816	26.1
63202.154	16.032	31566	1.05180e-04	3.32012	25.2	30925	1.07350e-04	3.31992	25.8	31593	1.05040e-04	3.31855	24.7	31203	1.06340e-04	3.31816	26.1
63203.342	16.040	31592	1.05080e-04	3.31973	25.2	30968	1.07200e-04	3.31992	25.8	31624	1.04940e-04	3.31855	24.7	31246	1.06200e-04	3.31836	26.1
63204.530	16.040	31559	1.05200e-04	3.31992	25.2	30975	1.07180e-04	3.31992	25.8	31642	1.04880e-04	3.31855	24.7	31266	1.06130e-04	3.31816	26.1
63205.718	16.039	31586	1.05100e-04	3.31973	25.2	30974	1.07180e-04	3.31992	25.8	31580	1.05080e-04	3.31855	24.7	31182	1.06420e-04	3.31836	26.1
63206.906	16.039	31594	1.05080e-04	3.31992	25.2	30880	1.07500e-04	3.31973	25.8	31566	1.05130e-04	3.31855	24.7	31213	1.06310e-04	3.31816	26.1
63208.095	16.023	31523	1.05320e-04	3.31992	25.2	30886	1.07490e-04	3.31992	25.8	31603	1.05010e-04	3.31855	24.7	31186	1.06400e-04	3.31816	26.1
63209.283	16.023	31575	1.05140e-04	3.31973	25.2	30889	1.07470e-04	3.31973	25.8	31555	1.05170e-04	3.31855	24.7	31248	1.06190e-04	3.31836	26.1
63210.471	16.036	31590	1.05090e-04	3.31992	25.2	30893	1.07460e-04	3.31973	25.8	31604	1.05000e-04	3.31836	24.7	31290	1.06050e-04	3.31836	26.1
63211.660	16.036	31602	1.05060e-04	3.31992	25.2	30981	1.07160e-04	3.31992	25.8	31696	1.04710e-04	3.31875	24.7	31271	1.06120e-04	3.31836	26.1
63212.847	16.036	31667	1.04830e-04	3.31973	25.2	30957	1.07250e-04	3.32012	25.8	31590	1.05050e-04	3.31855	24.7	31243	1.06210e-04	3.31836	26.1
63214.036	16.049	31614	1.05010e-04	3.31973	25.2	31030	1.06990e-04	3.31992	25.8	31633	1.04910e-04	3.31855	24.7	31186	1.06400e-04	3.31816	26.1
63215.224	16.049	31599	1.05070e-04	3.31992	25.2	30920	1.07370e-04	3.31992	25.8	31551	1.05190e-04	3.31875	24.7	31200	1.06350e-04	3.31816	26.1
63216.412	16.035	31569	1.05160e-04	3.31973	25.2	30926	1.07350e-04	3.31992	25.8	31614	1.04970e-04	3.31855	24.7	31198	1.06360e-04	3.31816	26.1
63217.600	16.035	31537	1.05270e-04	3.31992	25.2	30898	1.07440e-04	3.31973	25.8	31574	1.05100e-04	3.31855	24.7	31138	1.06570e-04	3.31836	26.1
63218.789	16.033	31573	1.05150e-04	3.31992	25.2	30889	1.07480e-04	3.31992	25.8	31576	1.05100e-04	3.31875	24.7	31166	1.06470e-04	3.31836	26.1
63219.977	16.033	31576	1.05130e-04	3.31973	25.2	30928	1.07340e-04	3.31973	25.8	31601	1.05010e-04	3.31855	24.7	31158	1.06500e-04	3.31816	26.1
63221.166	16.033	31663	1.04850e-04	3.31992	25.2	30958	1.07240e-04	3.31992	25.8	31611	1.04990e-04	3.31875	24.7	31178	1.06430e-04	3.31836	26.1
63222.354	16.049	31590	1.05090e-04	3.31992	25.2	30936	1.07320e-04	3.31992	25.8	31633	1.04910e-04	3.31875	24.7	31183	1.06410e-04	3.31816	26.1
63223.542	16.049	31621	1.04990e-04	3.31973	25.2	30900	1.07440e-04	3.31992	25.8	31580	1.05080e-04	3.31855	24.7	31206	1.06340e-04	3.31836	26.1
63224.730	16.051	31607	1.05040e-04	3.31992	25.2	30912	1.07410e-04	3.32012	25.8	31677	1.04770e-04	3.31875	24.7	31198	1.06360e-04	3.31816	26.1
63225.918	16.051	31592	1.05080e-04	3.31973	25.2	30913	1.07390e-04	3.31992	25.8	31650	1.04850e-04	3.31855	24.7	31174	1.06450e-04	3.31836	26.1
63227.107	16.048	31562	1.05190e-04	3.31992	25.2	30945	1.07280e-04	3.31992	25.8	31612	1.04980e-04	3.31855	24.7	31217	1.06290e-04	3.31816	26.1
63228.295	16.048	31553	1.05220e-04	3.31992	25.2	30916	1.07380e-04	3.31973	25.8	31584	1.05070e-04	3.31855	24.7	31209	1.06320e-04	3.31816	26.1
63229.483	16.028	31510	1.05360e-04	3.31973	25.1	30919	1.07380e-04	3.31992	25.8	31570	1.05120e-04	3.31875	24.7	31250	1.06190e-04	3.31836	26.1
63230.671	16.028	31595	1.05070e-04	3.31973	25.1	30921	1.07360e-04	3.31973	25.8	31640	1.04890e-04	3.31855	24.7	31175	1.06440e-04	3.31836	26.0
63231.859	16.019	31648	1.04890e-04	3.31973	25.1	30996	1.07110e-04	3.31992	25.8	31676	1.04760e-04	3.31836	24.7	31254	1.06170e-04	3.31816	26.0
63233.048	16.019	31606	1.05030e-04	3.31973	25.1	30984	1.07150e-04	3.31992	25.8	31657	1.04830e-04	3.31855	24.7	31235	1.06240e-04	3.31836	26.0
63234.236	16.019	31604	1.05040e-04	3.31973	25.1	30963	1.07220e-04	3.31992	25.8	31655	1.04840e-04	3.31855	24.7	31264	1.06130e-04	3.31816	26.0
63235.424	16.035	31613	1.05010e-04	3.31973	25.1	30939	1.07300e-04	3.31973	25.8	31617	1.04960e-04	3.31855	24.7	31299	1.06020e-04	3.31836	26.0
63236.613	16.035	31580	1.05120e-04	3.31973	25.2	30978	1.07180e-04	3.32012	25.8	31681	1.04750e-04	3.31855	24.7	31226	1.06270e-04	3.31836	26.0
63237.801	16.041	31590	1.05090e-04	3.31973	25.2	30945	1.07290e-04	3.32012	25.8	31635	1.04900e-04	3.31855	24.7	31210	1.06320e-04	3.31816	26.0
63238.989	16.041	31590	1.05100e-04	3.32012	25.2	30900	1.07440e-04	3.31992	25.8	31612	1.04980e-04	3.31875	24.7	31223	1.06280e-04	3.31836	26.0
63240.177	16.032	31594	1.05070e-04	3.31973	25.1	30950	1.07270e-04	3.31992	25.8	31602	1.05010e-04	3.31855	24.7	31154	1.06510e-04	3.31836	26.0
63241.365	16.032	31594	1.05080e-04	3.31992	25.2	30926	1.07350e-04	3.31973	25.8	31602	1.05020e-04	3.31875	24.7	31182	1.06410e-04	3.31797	26.0
63242.554	16.032	31527	1.05300e-04	3.31992	25.2	30868	1.07560e-04	3.32012	25.8	31627	1.04940e-04	3.31875	24.7	31175	1.06450e-04	3.31855	26.0
63243.742	16.043	31544	1.05250e-04	3.31992	25.2	30859	1.07580e-04	3.31992	25.8	31560	1.05160e-04	3.31875	24.7	31156	1.06510e-04	3.31836	26.0
63244.930	16.043	31541	1.05260e-04	3.31992	25.2	30910	1.07400e-04	3.31992	25.8	31558	1.05160e-04	3.31855	24.7	31158	1.06500e-04	3.31836	26.0
63246.119	16.030	31662	1.04860e-04	3.31992	25.2	31003	1.07080e-04	3.31992	25.8	31641	1.04890e-04	3.31875	24.7	31289	1.06060e-04	3.31836	26.0
63247.307	16.030	31641	1.04920e-04	3.31973	25.1	30970	1.07200e-04	3.31992	25.8	31658	1.04830e-04	3.31855	24.7	31229	1.06260e-04	3.31836	26.0
63248.495	16.047	31532	1.05300e-04	3.32012	25.1	30966	1.07210e-04	3.31992	25.8	31647	1.04860e-04	3.31855	24.7	31234	1.06240e-04	3.31836	26.0
63249.683	16.047	31545	1.05240e-04	3.31992	25.1	30918	1.07380e-04	3.32012	25.8	31582	1.05080e-04	3.31875	24.7	31187	1.06400e-04	3.31836	26.0
63250.871	16.048	31601	1.05050e-04	3.31973	25.1	30927	1.07350e-04	3.31992	25.8	31632	1.04910e-04	3.31855	24.7	31204	1.06340e-04	3.31816	26.0
63252.059	16.048	31540	1.05270e-04	3.32012	25.2	30958	1.07250e-04	3.32012	25.8	31632	1.04920e-04	3.31875	24.7	31231	1.06250e-04	3.31836	26.0
63253.248	16.048	31544	1.05240e-04	3.31973	25.2	30932	1.07340e-04	3.32012	25.8	31613	1.04980e-04	3.31875	24.7	31213	1.06310e-04	3.31836	26.0
63254.436	16.036	31508	1.05360e-04	3.31973	25.2	30954	1.07250e-04	3.31973	25.8	31610	1.04990e-04	3.31855	24.7	31201	1.06350e-04	3.31836	26.0
63255.624	16.036	31539	1.05270e-04	3.32012	25.2	30945	1.07280e-04	3.31992	25.8	31604	1.05010e-04	3.31875	24.7	31184	1.06420e-04	3.31855	26.0
63256.813	16.041	31517	1.05330e-04	3.31973	25.2	30952	1.07270e-04	3.32012	25.8	31604	1.05010e-04	3.31875	24.7	31172	1.06450e-04	3.31836	26.0
63258.001	16.041	31509	1.05370e-04	3.32012	25.2	30932	1.07330e-04	3.31992	25.8	31576	1.05100e-04	3.31855	24.7	31171	1.06460e-04	3.31836	26.0
63259.189	16.047	31567	1.05170e-04	3.31992	25.2	30857	1.07590e-04	3.31992	25.8	31592	1.05050e-04	3.31875	24.7	31239	1.06230e-04	3.31836	26.0
63260.377	16.047	31539	1.05270e-04	3.31992	25.2	30880	1.07510e-04	3.31992	25.8	31597	1.05030e-04	3.31855	24.7	31245	1.06210e-04	3.31836	26.0
63261.566	16.056	31566	1.05170e-04	3.31992	25.2	30989	1.07140e-04	3.32012	25.8	31619	1.04960e-04	3.31875	24.7	31222	1.06280e-04	3.31836	26.0
63262.754	16.056	31572	1.05140e-04	3.31953	25.2	30991	1.07130e-04	3.31992	25.8	31616	1.04970e-04	3.31855	24.7	31238	1.06230e-04	3.31836	26.0
63263.942	16.056	31586	1.05110e-04	3.32012	25.2	30927	1.07350e-04	3.31992	25.8	31586	1.05070e-04	3.31855	24.7	31220	1.06290e-04	3.31836	26.0
63265.130	16.049	31545	1.05240e-04	3.31992	25.2	30967	1.07220e-04	3.32012	25.8	31601	1.05020e-04	3.31875	24.7	31157	1.06500e-04	3.31816	26.0
63266.318	16.049	31589	1.05090e-04	3.31973	25.2	30960	1.07230e-04	3.31992	25.8	31587	1.05070e-04	3.31875	24.7	31206	1.06340e-04	3.31836	26.0
63267.507	16.048	31586	1.05110e-04	3.31992	25.2	30946	1.07280e-04	3.31992	25.8	31624	1.04940e-04	3.31855	24.7	31261	1.06160e-04	3.31855	26.0
63268.695	16.048	31547	1.05240e-04	3.31992	25.2	30950	1.07270e-04	3.31992	25.8	31569	1.05130e-04	3.31875	24.7	31217	1.06300e-04	3.31836	26.0
63269.883	16.057	31575	1.05140e-04	3.31973	25.2	30964	1.07210e-04	3.31973	25.8	31625	1.04930e-04	3.31855	24.7	31228	1.06250e-04	3.31797	26.0
63271.071	16.057	31575	1.05150e-04	3.32012	25.2	30905	1.07430e-04	3.32012	25.8	31605	1.05000e-04	3.31855	24.7	31235	1.06240e-04	3.31836	26.0
63272.260	16.057	31575	1.05140e-04	3.31992	25.2	30916	1.07380e-04	3.31992	25.8	31622	1.04950e-04	3.31875	24.7	31200	1.06360e-04	3.31836	26.0
63273.448	16.044	31465	1.05510e-04	3.31992	25.2	30940	1.07300e-04	3.31992	25.8	31561	1.05150e-04	3.31855	24.7	31219	1.06290e-04	3.31836	26.0
63274.636	16.044	31505	1.05380e-04	3.32012	25.2	30901	1.07450e-04	3.32031	25.8	31554	1.05180e-04	3.31895	24.7	31145	1.06550e-04	3.31855	26.0
63275.824	16.059	31529	1.05290e-04	3.31973	25.2	30894	1.07470e-04	3.32012	25.8	31565	1.05140e-04	3.31875	24.7	31192	1.06390e-04	3.31836	26.0
63277.013	16.059	31498	1.05390e-04	3.31953	25.2	30876	1.07520e-04	3.31992	25.8	31548	1.05190e-04	3.31855	24.7	31171	1.06440e-04	3.31797	26.0
63278.201	16.062	31534	1.05290e-04	3.32031	25.2	30926	1.07350e-04	3.31992	25.8	31570	1.05120e-04	3.31855	24.7	31225	1.06280e-04	3.31855	26.0
63279.389	16.062	31573	1.05160e-04	3.32012	25.2	30910	1.07410e-04	3.32012	25.8	31566	1.05140e-04	3.31895	24.7	31205	1.06350e-04	3.31855	26.0
63280.577	16.045	31544	1.05250e-04	3.31992	25.2	30952	1.07260e-04	3.31992	25.8	31535	1.05240e-04	3.31875	24.7	31195	1.06370e-04	3.31836	26.0
63281.765	16.045	31570	1.05170e-04	3.32012	25.2	30896	1.07450e-04	3.31992	25.8	31533	1.05240e-04	3.31855	24.7	31178	1.06430e-04	3.31836	26.0
63282.953	16.045	31536	1.05280e-04	3.31992	25.2	30917	1.07390e-04	3.32012	25.8	31566	1.05140e-04	3.31895	24.7	31207	1.06330e-04	3.31836	26.0
63284.142	16.037	31551	1.05220e-04	3.31992	25.2	30954	1.07250e-04	3.31992	25.8	31630	1.04920e-04	3.31855	24.7	31202	1.06350e-04	3.31836	26.0
63285.330	16.037	31572	1.05150e-04	3.31992	25.2	30963	1.07230e-04	3.32012	25.8	31608	1.05000e-04	3.31875	24.7	31261	1.06160e-04	3.31855	26.0
63286.519	16.063	31573	1.05140e-04	3.31973	25.2	30946	1.07290e-04	3.32012	25.8	31628	1.04930e-04	3.31875	24.7	31209	1.06330e-04	3.31855	26.0
63287.707	16.063	31534	1.05290e-04	3.32012	25.2	30984	1.07150e-04	3.31992	25.8	31554	1.05170e-04	3.31855	24.7	31217	1.06300e-04	3.31836	26.0
63288.895	16.039	31548	1.05240e-04	3.32012	25.2	30932	1.07340e-04	3.32031	25.8	31584	1.05080e-04	3.31895	24.7	31292	1.06040e-04	3.31836	26.0
63290.083	16.039	31539	1.05260e-04	3.31992	25.2	30936	1.07320e-04	3.32012	25.8	31612	1.04990e-04	3.31875	24.7	31221	1.06290e-04	3.31836	26.0
63291.272	16.039	31481	1.05460e-04	3.31992	25.2	30917	1.07380e-04	3.31992	25.8	31561	1.05150e-04	3.31855	24.7	31245	1.06210e-04	3.31855	26.0
63292.460	16.034	31506	1.05370e-04	3.31992	25.2	30911	1.07400e-04	3.31992	25.8	31541	1.05220e-04	3.31875	24.7	31149	1.06540e-04	3.31855	26.0
63293.648	16.034	31558	1.05200e-04	3.31992	25.2	30907	1.07410e-04	3.31973	25.8	31553	1.05170e-04	3.31855	24.7	31222	1.06280e-04	3.31836	26.0
63294.836	16.038	31570	1.05170e-04	3.32012	25.2	30910	1.07410e-04	3.31992	25.8	31573	1.05110e-04	3.31875	24.7	31236	1.06230e-04	3.31836	26.0
63296.024	16.038	31485	1.05450e-04	3.31992	25.2	30911	1.07400e-04	3.31992	25.8	31602	1.05020e-04	3.31875	24.7	31223	1.06280e-04	3.31836	26.0
63297.213	16.032	31551	1.05220e-04	3.31973	25.2	30958	1.07250e-04	3.32012	25.8	31605	1.05000e-04	3.31855	24.7	31244	1.06200e-04	3.31816	26.0
63298.401	16.032	31599	1.05060e-04	3.31992	25.2	30974	1.07190e-04	3.32012	25.8	31595	1.05040e-04	3.31855	24.7	31217	1.06310e-04	3.31855	26.0
63299.589	16.052	31595	1.05070e-04	3.31973	25.2	30922	1.07370e-04	3.32012	25.8	31582	1.05080e-04	3.31875	24.7	31238	1.06230e-04	3.31836	26.0
63300.778	16.052	31617	1.05000e-04	3.31992	25.2	30907	1.07420e-04	3.31992	25.8	31608	1.04990e-04	3.31855	24.7	31285	1.06070e-04	3.31836	26.0
63301.966	16.015	31661	1.04860e-04	3.31992	25.2	31050	1.06940e-04	3.32031	25.8	31670	1.04790e-04	3.31875	24.7	31282	1.06090e-04	3.31855	26.0
63303.154	16.015	31552	1.05210e-04	3.31973	25.2	30974	1.07180e-04	3.31992	25.8	31624	1.04940e-04	3.31875	24.7	31252	1.06170e-04	3.31816	26.0
63304.342	16.015	31615	1.05020e-04	3.32012	25.2	30949	1.07270e-04	3.31992	25.8	31612	1.04980e-04	3.31855	24.7	31206	1.06350e-04	3.31855	26.0
63305.530	16.004	31574	1.05150e-04	3.31992	25.2	30939	1.07300e-04	3.31992	25.8	31574	1.05110e-04	3.31875	24.7	31272	1.06120e-04	3.31855	26.0
63306.718	16.004	31620	1.04990e-04	3.31973	25.2	30932	1.07330e-04	3.31992	25.8	31545	1.05210e-04	3.31875	24.7	31257	1.06160e-04	3.31836	26.0
63307.907	16.021	31676	1.04810e-04	3.32012	25.2	31004	1.07080e-04	3.31992	25.8	31684	1.04740e-04	3.31855	24.7	31216	1.06300e-04	3.31836	26.0
63309.095	16.021	31496	1.05400e-04	3.31973	25.2	30939	1.07300e-04	3.31992	25.8	31620	1.04960e-04	3.31875	24.7	31192	1.06380e-04	3.31816	26.0
63310.283	15.998	31521	1.05320e-04	3.31973	25.2	30940	1.07300e-04	3.31973	25.8	31541	1.05210e-04	3.31855	24.7	31179	1.06430e-04	3.31836	26.0
63311.472	15.998	31524	1.05320e-04	3.32012	25.2	30908	1.07420e-04	3.32012	25.8	31528	1.05260e-04	3.31855	24.7	31171	1.06460e-04	3.31855	26.0
63312.660	16.026	31504	1.05370e-04	3.31973	25.2	30886	1.07490e-04	3.31992	25.8	31576	1.05100e-04	3.31875	24.7	31202	1.06350e-04	3.31836	26.0
63313.848	16.026	31481	1.05460e-04	3.31992	25.2	30926	1.07350e-04	3.31992	25.8	31516	1.05300e-04	3.31855	24.7	31188	1.06390e-04	3.31816	26.0
63315.036	16.026	31531	1.05290e-04	3.31992	25.2	30882	1.07510e-04	3.32012	25.8	31535	1.05230e-04	3.31855	24.7	31229	1.06260e-04	3.31836	26.0
63316.225	16.035	31547	1.05240e-04	3.31992	25.2	30931	1.07330e-04	3.31992	25.8	31640	1.04890e-04	3.31875	24.7	31234	1.06240e-04	3.31836	26.0
63317.413	16.035	31591	1.05090e-04	3.31992	25.2	30957	1.07240e-04	3.31973	25.8	31604	1.05000e-04	3.31855	24.7	31222	1.06280e-04	3.31836	26.0
63318.601	16.033	31543	1.05240e-04	3.31973	25.2	30911	1.07400e-04	3.31973	25.8	31591	1.05050e-04	3.31855	24.7	31197	1.06370e-04	3.31836	26.0
63319.789	16.033	31599	1.05070e-04	3.31992	25.2	30944	1.07290e-04	3.31992	25.8	31623	1.04940e-04	3.31855	24.7	31234	1.06240e-04	3.31836	26.0
63320.977	16.033	31602	1.05050e-04	3.31973	25.2	30915	1.07390e-04	3.31992	25.8	31608	1.04990e-04	3.31855	24.7	31254	1.06170e-04	3.31816	26.0
63322.165	16.041	31577	1.05140e-04	3.31992	25.2	30925	1.07360e-04	3.31992	25.8	31622	1.04950e-04	3.31855	24.7	31271	1.06120e-04	3.31836	26.0
63323.354	16.041	31565	1.05170e-04	3.31973	25.2	30924	1.07360e-04	3.31992	25.8	31603	1.05010e-04	3.31855	24.7	31238	1.06230e-04	3.31836	26.0
63324.542	16.044	31528	1.05300e-04	3.31992	25.2	30900	1.07440e-04	3.31992	25.8	31598	1.05020e-04	3.31855	24.7	31212	1.06320e-04	3.31836	26.0
63325.730	16.044	31488	1.05430e-04	3.31992	25.2	30867	1.07560e-04	3.32012	25.8	31503	1.05340e-04	3.31855	24.7	31224	1.06280e-04	3.31836	26.0
63326.919	16.040	31517	1.05340e-04	3.31992	25.2	30869	1.07550e-04	3.32012	25.8	31483	1.05410e-04	3.31875	24.7	31156	1.06510e-04	3.31836	26.0
63328.107	16.040	31469	1.05500e-04	3.31992	25.2	30910	1.07410e-04	3.31992	25.8	31558	1.05160e-04	3.31855	24.7	31193	1.06370e-04	3.31816	26.0
63329.295	16.044	31539	1.05260e-04	3.31992	25.2	30987	1.07140e-04	3.31992	25.8	31658	1.04830e-04	3.31875	24.7	31228	1.06260e-04	3.31836	26.0
63330.483	16.044	31488	1.05430e-04	3.31992	25.2	30920	1.07370e-04	3.31992	25.8	31579	1.05090e-04	3.31875	24.7	31146	1.06550e-04	3.31855	26.0
63331.671	16.053	31452	1.05560e-04	3.31992	25.2	30858	1.07580e-04	3.31973	25.8	31506	1.05340e-04	3.31875	24.7	31157	1.06510e-04	3.31836	26.0
63332.860	16.053	31562	1.05180e-04	3.31973	25.2	30864	1.07560e-04	3.31992	25.8	31595	1.05040e-04	3.31875	24.7	31214	1.06300e-04	3.31816	26.0
63334.048	16.053	31508	1.05360e-04	3.31973	25.2	30908	1.07410e-04	3.31992	25.8	31556	1.05160e-04	3.31855	24.6	31183	1.06420e-04	3.31836	26.0
63335.236	16.070	31625	1.04980e-04	3.31992	25.2	30951	1.07260e-04	3.31992	25.8	31605	1.05000e-04	3.31855	24.6	31254	1.06170e-04	3.31836	26.0
63336.425	16.070	31476	1.05470e-04	3.31973	25.2	30955	1.07250e-04	3.31992	25.8	31594	1.05040e-04	3.31875	24.7	31256	1.06170e-04	3.31836	26.0
63337.613	16.071	31547	1.05240e-04	3.31992	25.2	30890	1.07480e-04	3.31992	25.8	31574	1.05100e-04	3.31855	24.6	31129	1.06600e-04	3.31836	26.0
63338.801	16.071	31555	1.05210e-04	3.31992	25.2	30932	1.07330e-04	3.31992	25.8	31475	1.05440e-04	3.31875	24.6	31270	1.06120e-04	3.31836	26.0
63339.989	16.026	31617	1.05000e-04	3.31973	25.2	30976	1.07180e-04	3.32012	25.8	31649	1.04860e-04	3.31875	24.6	31285	1.06060e-04	3.31816	26.0
63341.178	16.026	31590	1.05100e-04	3.32012	25.2	31005	1.07080e-04	3.31992	25.8	31617	1.04960e-04	3.31855	24.6	31153	1.06530e-04	3.31855	26.0
63342.366	16.026	31551	1.05220e-04	3.31992	25.2	30890	1.07480e-04	3.31992	25.8	31575	1.05110e-04	3.31875	24.6	31149	1.06540e-04	3.31855	26.0
63343.554	16.025	31612	1.05010e-04	3.31973	25.2	30921	1.07360e-04	3.31973	25.8	31551	1.05190e-04	3.31875	24.6	31262	1.06150e-04	3.31836	26.0
63344.742	16.060	31603	1.05060e-04	3.32012	25.2	31020	1.07030e-04	3.32012	25.8	31653	1.04840e-04	3.31855	24.6	31266	1.06130e-04	3.31836	26.0
63345.930	16.060	31582	1.05110e-04	3.31973	25.2	30951	1.07260e-04	3.31992	25.8	31628	1.04930e-04	3.31855	24.6	31277	1.06090e-04	3.31816	26.0
63347.119	16.060	31585	1.05110e-04	3.31992	25.2	30880	1.07510e-04	3.31992	25.8	31637	1.04890e-04	3.31855	24.6	31177	1.06430e-04	3.31836	26.0
63348.307	16.027	31526	1.05310e-04	3.32012	25.2	30933	1.07330e-04	3.32012	25.8	31591	1.05050e-04	3.31855	24.6	31182	1.06430e-04	3.31855	26.0
63349.495	16.027	31564	1.05170e-04	3.31973	25.1	30937	1.07320e-04	3.32012	25.8	31652	1.04850e-04	3.31875	24.6	31233	1.06250e-04	3.31855	26.0
63350.683	16.051	31667	1.04840e-04	3.31992	25.1	30965	1.07220e-04	3.31992	25.8	31683	1.04740e-04	3.31855	24.6	31222	1.06280e-04	3.31836	26.0
63351.872	16.051	31554	1.05210e-04	3.31973	25.1	30983	1.07150e-04	3.31973	25.8	31655	1.04830e-04	3.31836	24.6	31282	1.06070e-04	3.31816	26.0
63353.060	16.016	31621	1.04990e-04	3.31973	25.1	30980	1.07160e-04	3.31992	25.8	31694	1.04710e-04	3.31875	24.6	31155	1.06510e-04	3.31836	26.0
63354.248	16.016	31588	1.05100e-04	3.31992	25.1	30923	1.07360e-04	3.31992	25.8	31638	1.04890e-04	3.31855	24.6	31271	1.06120e-04	3.31836	26.0
63355.437	16.016	31605	1.05040e-04	3.31992	25.1	30994	1.07110e-04	3.31973	25.8	31666	1.04800e-04	3.31855	24.6	31247	1.06200e-04	3.31855	26.0
63356.625	16.037	31585	1.05110e-04	3.31992	25.2	30907	1.07420e-04	3.31992	25.8	31613	1.04980e-04	3.31875	24.6	31173	1.06450e-04	3.31836	26.0
63357.813	16.037	31623	1.04990e-04	3.31992	25.2	30925	1.07360e-04	3.31992	25.8	31571	1.05120e-04	3.31875	24.6	31174	1.06440e-04	3.31816	26.0
63359.001	16.046	31533	1.05280e-04	3.31992	25.1	30942	1.07300e-04	3.32012	25.8	31640	1.04890e-04	3.31855	24.6	31228	1.06260e-04	3.31836	26.0
63360.189	16.046	31609	1.05020e-04	3.31973	25.1	30928	1.07350e-04	3.32012	25.8	31615	1.04970e-04	3.31875	24.6	31232	1.06250e-04	3.31836	26.0
63361.378	16.039	31630	1.04970e-04	3.32012	25.2	31008	1.07070e-04	3.31992	25.8	31663	1.04810e-04	3.31855	24.6	31267	1.06130e-04	3.31836	26.0
63362.566	16.039	31661	1.04850e-04	3.31973	25.2	30964	1.07220e-04	3.31992	25.8	31650	1.04850e-04	3.31855	24.6	31252	1.06180e-04	3.31836	26.0
63363.754	16.039	31633	1.04950e-04	3.31992	25.2	30941	1.07300e-04	3.31992	25.8	31643	1.04880e-04	3.31875	24.6	31268	1.06120e-04	3.31836	26.0
63364.942	16.025	31583	1.05120e-04	3.31992	25.2	30925	1.07350e-04	3.31992	25.8	31588	1.05060e-04	3.31855	24.6	31246	1.06200e-04	3.31816	26.0
63366.131	16.025	31635	1.04940e-04	3.31992	25.1	30972	1.07180e-04	3.31973	25.8	31639	1.04890e-04	3.31855	24.6	31254	1.06170e-04	3.31836	26.0
63367.319	16.042	31598	1.05070e-04	3.31992	25.1	30946	1.07280e-04	3.31992	25.8	31597	1.05030e-04	3.31875	24.6	31231	1.06250e-04	3.31836	26.0
63368.507	16.042	31566	1.05170e-04	3.31992	25.2	30917	1.07380e-04	3.31973	25.8	31561	1.05150e-04	3.31855	24.6	31189	1.06400e-04	3.31836	26.0
63369.695	16.048	31647	1.04900e-04	3.31992	25.2	30970	1.07200e-04	3.31992	25.8	31616	1.04970e-04	3.31875	24.6	31291	1.06050e-04	3.31836	26.0
63370.884	16.048	31658	1.04870e-04	3.31992	25.2	31006	1.07070e-04	3.31992	25.8	31658	1.04830e-04	3.31875	24.6	31297	1.06030e-04	3.31836	26.0
63372.072	16.027	31609	1.05030e-04	3.31992	25.1	30945	1.07280e-04	3.31992	25.8	31653	1.04840e-04	3.31855	24.6	31218	1.06290e-04	3.31816	26.0
63373.260	16.027	31608	1.05030e-04	3.31992	25.1	30949	1.07270e-04	3.31992	25.8	31650	1.04850e-04	3.31855	24.6	31201	1.06350e-04	3.31836	26.0
63374.448	16.016	31569	1.05160e-04	3.31992	25.2	30895	1.07470e-04	3.32012	25.8	31583	1.05080e-04	3.31875	24.6	31233	1.06250e-04	3.31836	26.0
63375.637	16.016	31583	1.05120e-04	3.31992	25.2	30961	1.07230e-04	3.31992	25.8	31535	1.05230e-04	3.31855	24.6	31215	1.06300e-04	3.31816	26.0
63376.825	16.016	31565	1.05180e-04	3.31992	25.2	30970	1.07200e-04	3.31992	25.8	31570	1.05120e-04	3.31875	24.6	31212	1.06320e-04	3.31836	26.0
63378.013	16.047	31566	1.05170e-04	3.31992	25.2	30905	1.07420e-04	3.31992	25.8	31583	1.05070e-04	3.31855	24.6	31186	1.06400e-04	3.31816	26.0
63379.202	16.047	31593	1.05080e-04	3.31992	25.2	30889	1.07480e-04	3.31992	25.8	31590	1.05050e-04	3.31855	24.6	31202	1.06350e-04	3.31836	26.0
63380.390	16.033	31561	1.05190e-04	3.31992	25.2	30904	1.07420e-04	3.31973	25.8	31572	1.05120e-04	3.31875	24.6	31175	1.06450e-04	3.31855	26.0
63381.578	16.033	31566	1.05170e-04	3.31992	25.2	30907	1.07420e-04	3.31992	25.8	31534	1.05240e-04	3.31855	24.6	31225	1.06270e-04	3.31836	26.0
63382.766	16.017	31691	1.04760e-04	3.31992	25.2	30955	1.07250e-04	3.31992	25.8	31555	1.05170e-04	3.31875	24.6	31307	1.06000e-04	3.31836	26.0
63383.954	16.017	31596	1.05070e-04	3.31992	25.2	30968	1.07210e-04	3.31992	25.8	31687	1.04730e-04	3.31855	24.6	31266	1.06120e-04	3.31797	26.0
63385.143	16.017	31608	1.05040e-04	3.32012	25.2	31011	1.07060e-04	3.32012	25.8	31666	1.04800e-04	3.31855	24.6	31241	1.06230e-04	3.31855	26.0
63386.331	16.016	31549	1.05220e-04	3.31973	25.2	30907	1.07420e-04	3.32012	25.8	31578	1.05100e-04	3.31875	24.6	31231	1.06250e-04	3.31836	26.0
63387.519	16.016	31519	1.05320e-04	3.31973	25.2	30902	1.07430e-04	3.31992	25.8	31595	1.05040e-04	3.31855	24.6	31189	1.06390e-04	3.31816	26.0
63388.707	16.047	31545	1.05240e-04	3.31992	25.2	30894	1.07460e-04	3.31992	25.8	31581	1.05080e-04	3.31855	24.6	31210	1.06320e-04	3.31836	26.0
63389.895	16.047	31535	1.05280e-04	3.31992	25.2	30915	1.07390e-04	3.31992	25.8	31534	1.05240e-04	3.31855	24.6	31222	1.06280e-04	3.31816	26.0
63391.083	16.035	31569	1.05170e-04	3.31992	25.2	30927	1.07350e-04	3.31992	25.8	31598	1.05020e-04	3.31855	24.6	31227	1.06260e-04	3.31816	26.0
63392.272	16.035	31536	1.05280e-04	3.31992	25.2	30878	1.07510e-04	3.31973	25.8	31588	1.05060e-04	3.31855	24.6	31213	1.06310e-04	3.31836	26.0
63393.460	16.035	31607	1.05030e-04	3.31973	25.2	30922	1.07370e-04	3.31992	25.8	31597	1.05030e-04	3.31875	24.6	31196	1.06370e-04	3.31836	26.0
63394.649	16.035	31526	1.05310e-04	3.32012	25.2	30901	1.07440e-04	3.31992	25.8	31586	1.05060e-04	3.31855	24.6	31177	1.06440e-04	3.31836	26.0
63395.837	16.039	31572	1.05150e-04	3.31992	25.2	30892	1.07480e-04	3.32012	25.8	31529	1.05260e-04	3.31875	24.6	31198	1.06360e-04	3.31836	26.0
63397.025	16.039	31584	1.05110e-04	3.31992	25.2	30901	1.07440e-04	3.32012	25.8	31552	1.05180e-04	3.31875	24.7	31181	1.06420e-04	3.31836	26.0
63398.213	16.039	31546	1.05230e-04	3.31973	25.2	30936	1.07320e-04	3.31992	25.8	31609	1.04990e-04	3.31855	24.6	31189	1.06390e-04	3.31816	26.0
63399.402	16.043	31549	1.05230e-04	3.31992	25.2	30863	1.07580e-04	3.32012	25.8	31521	1.05280e-04	3.31855	24.7	31204	1.06360e-04	3.31875	26.0
63400.589	16.043	31546	1.05240e-04	3.31992	25.2	30870	1.07550e-04	3.32012	25.8	31543	1.05210e-04	3.31875	24.7	31174	1.06450e-04	3.31855	26.0
63401.778	16.043	31541	1.05260e-04	3.31992	25.2	30878	1.07510e-04	3.31973	25.8	31540	1.05220e-04	3.31855	24.7	31185	1.06400e-04	3.31816	26.0
63402.966	16.043	31570	1.05170e-04	3.32012	25.2	30965	1.07220e-04	3.32012	25.8	31504	1.05340e-04	3.31855	24.7	31204	1.06350e-04	3.31836	26.0
63404.154	16.035	31546	1.05240e-04	3.31992	25.2	30958	1.07240e-04	3.31992	25.8	31548	1.05200e-04	3.31875	24.7	31236	1.06230e-04	3.31836	26.0
63405.342	16.035	31552	1.05210e-04	3.31973	25.2	30901	1.07440e-04	3.31992	25.8	31538	1.05220e-04	3.31836	24.7	31289	1.06060e-04	3.31836	26.0
63406.531	16.035	31565	1.05180e-04	3.31992	25.2	30920	1.07370e-04	3.31992	25.8	31567	1.05130e-04	3.31875	24.7	31260	1.06160e-04	3.31855	26.0
63407.719	16.032	31532	1.05290e-04	3.31992	25.2	30878	1.07520e-04	3.31992	25.8	31535	1.05240e-04	3.31875	24.7	31192	1.06380e-04	3.31816	26.0
63408.907	16.032	31608	1.05030e-04	3.31992	25.2	30948	1.07280e-04	3.31992	25.8	31580	1.05090e-04	3.31875	24.7	31157	1.06500e-04	3.31816	26.0
63410.095	16.027	31587	1.05100e-04	3.31992	25.2	30978	1.07180e-04	3.32012	25.8	31555	1.05180e-04	3.31875	24.7	31205	1.06340e-04	3.31836	26.0
63411.284	16.027	31564	1.05190e-04	3.32012	25.2	30992	1.07130e-04	3.32012	25.8	31559	1.05160e-04	3.31875	24.7	31209	1.06330e-04	3.31855	26.0
63412.472	16.023	31553	1.05220e-04	3.31992	25.2	30911	1.07400e-04	3.31992	25.8	31542	1.05210e-04	3.31855	24.7	31215	1.06310e-04	3.31836	26.0
63413.660	16.023	31546	1.05240e-04	3.31992	25.2	30982	1.07160e-04	3.31992	25.8	31571	1.05120e-04	3.31875	24.7	31232	1.06250e-04	3.31836	26.0
63414.849	16.017	31598	1.05070e-04	3.32012	25.2	31037	1.06970e-04	3.31992	25.8	31564	1.05140e-04	3.31875	24.7	31341	1.05880e-04	3.31836	26.0
63416.037	16.017	31564	1.05180e-04	3.31992	25.2	30944	1.07290e-04	3.31992	25.8	31641	1.04890e-04	3.31875	24.7	31221	1.06280e-04	3.31816	26.0
63417.225	16.017	31477	1.05480e-04	3.32012	25.2	30937	1.07320e-04	3.32012	25.8	31615	1.04970e-04	3.31855	24.7	31158	1.06510e-04	3.31855	26.0
63418.413	16.015	31469	1.05500e-04	3.31992	25.2	30874	1.07540e-04	3.32012	25.8	31543	1.05210e-04	3.31875	24.7	31186	1.06410e-04	3.31855	26.0
63419.601	16.015	31541	1.05260e-04	3.31992	25.2	30908	1.07410e-04	3.31992	25.8	31560	1.05150e-04	3.31855	24.7	31231	1.06250e-04	3.31836	26.0
63420.790	16.033	31512	1.05360e-04	3.32012	25.2	30933	1.07330e-04	3.32012	25.8	31601	1.05020e-04	3.31875	24.7	31262	1.06150e-04	3.31855	26.0
63421.978	16.033	31527	1.05300e-04	3.31992	25.2	30968	1.07210e-04	3.32012	25.8	31546	1.05200e-04	3.31875	24.7	31224	1.06280e-04	3.31855	26.0
63423.166	16.022	31549	1.05230e-04	3.31992	25.2	30887	1.07500e-04	3.32031	25.8	31501	1.05350e-04	3.31855	24.7	31282	1.06080e-04	3.31855	26.0
63424.355	16.022	31530	1.05300e-04	3.31992	25.2	30916	1.07390e-04	3.32012	25.8	31550	1.05190e-04	3.31875	24.7	31209	1.06330e-04	3.31855	26.0
63425.542	16.025	31516	1.05340e-04	3.31992	25.3	30911	1.07410e-04	3.32012	25.8	31550	1.05190e-04	3.31855	24.7	31188	1.06400e-04	3.31836	26.0
63426.731	16.025	31488	1.05430e-04	3.31992	25.3	30938	1.07310e-04	3.31992	25.8	31529	1.05260e-04	3.31875	24.7	31155	1.06510e-04	3.31816	26.0
63427.919	16.025	31527	1.05310e-04	3.32012	25.2	30981	1.07170e-04	3.32012	25.8	31545	1.05210e-04	3.31875	24.7	31172	1.06450e-04	3.31836	26.0
63429.107	16.033	31560	1.05200e-04	3.31992	25.2	30947	1.07280e-04	3.31992	25.8	31531	1.05250e-04	3.31855	24.7	31175	1.06440e-04	3.31836	26.0
63430.295	16.033	31536	1.05280e-04	3.31992	25.2	30927	1.07350e-04	3.31992	25.8	31546	1.05200e-04	3.31875	24.7	31175	1.06440e-04	3.31836	26.0
63431.484	16.030	31538	1.05280e-04	3.32012	25.2	30885	1.07490e-04	3.31992	25.8	31504	1.05340e-04	3.31875	24.7	31204	1.06350e-04	3.31855	26.0
63432.672	16.030	31501	1.05390e-04	3.31992	25.2	30873	1.07530e-04	3.31992	25.8	31550	1.05180e-04	3.31855	24.7	31193	1.06380e-04	3.31836	26.0
63433.860	16.027	31501	1.05390e-04	3.31992	25.2	30889	1.07480e-04	3.31992	25.8	31511	1.05320e-04	3.31875	24.7	31194	1.06380e-04	3.31836	26.0
63435.048	16.027	31547	1.05240e-04	3.31992	25.2	30913	1.07390e-04	3.31992	25.8	31586	1.05070e-04	3.31855	24.7	31194	1.06370e-04	3.31816	26.0
63436.237	16.027	31532	1.05280e-04	3.31973	25.2	30938	1.07320e-04	3.32012	25.8	31603	1.05000e-04	3.31836	24.7	31195	1.06370e-04	3.31836	26.0
63437.425	16.046	31549	1.05230e-04	3.31992	25.2	30880	1.07510e-04	3.31992	25.8	31576	1.05110e-04	3.31895	24.7	31231	1.06260e-04	3.31855	26.0
63438.613	16.046	31569	1.05160e-04	3.31992	25.2	30968	1.07200e-04	3.31992	25.8	31585	1.05070e-04	3.31855	24.7	31244	1.06210e-04	3.31836	26.0
63439.801	16.037	31573	1.05150e-04	3.31992	25.2	30936	1.07310e-04	3.31973	25.8	31578	1.05090e-04	3.31836	24.7	31262	1.06140e-04	3.31816	26.0
63440.990	16.037	31577	1.05140e-04	3.32012	25.2	30987	1.07150e-04	3.32012	25.8	31578	1.05100e-04	3.31895	24.7	31333	1.05910e-04	3.31836	26.0
63442.178	16.026	31559	1.05190e-04	3.31973	25.2	30927	1.07350e-04	3.31992	25.8	31609	1.04990e-04	3.31855	24.7	31207	1.06330e-04	3.31836	26.0
63443.366	16.026	31554	1.05220e-04	3.32012	25.2	30894	1.07460e-04	3.31992	25.8	31597	1.05030e-04	3.31855	24.7	31210	1.06330e-04	3.31855	26.0
63444.554	16.040	31573	1.05160e-04	3.32012	25.2	30898	1.07450e-04	3.32012	25.8	31545	1.05210e-04	3.31895	24.7	31173	1.06450e-04	3.31855	26.0
63445.743	16.040	31547	1.05230e-04	3.31973	25.2	30912	1.07400e-04	3.31992	25.8	31511	1.05320e-04	3.31875	24.7	31165	1.06470e-04	3.31816	26.0
63446.931	16.035	31584	1.05120e-04	3.32012	25.3	30948	1.07280e-04	3.32012	25.8	31503	1.05340e-04	3.31855	24.7	31223	1.06290e-04	3.31855	26.0
63448.120	16.035	31610	1.05030e-04	3.31992	25.3	30922	1.07370e-04	3.32012	25.8	31544	1.05220e-04	3.31895	24.7	31235	1.06240e-04	3.31836	26.0
63449.307	16.035	31537	1.05270e-04	3.31973	25.3	30875	1.07530e-04	3.31992	25.8	31536	1.05230e-04	3.31855	24.7	31205	1.06350e-04	3.31855	26.0
63450.496	16.016	31578	1.05140e-04	3.32012	25.3	30947	1.07290e-04	3.32031	25.8	31570	1.05130e-04	3.31895	24.7	31215	1.06310e-04	3.31855	26.0
63451.684	16.016	31663	1.04860e-04	3.32012	25.3	31020	1.07030e-04	3.32012	25.8	31590	1.05060e-04	3.31875	24.7	31275	1.06100e-04	3.31836	26.0
63452.872	16.012	31663	1.04850e-04	3.31992	25.3	31045	1.06940e-04	3.31992	25.8	31672	1.04780e-04	3.31855	24.7	31310	1.05990e-04	3.31836	26.0
63454.061	16.012	31563	1.05190e-04	3.31992	25.2	30926	1.07350e-04	3.31992	25.8	31623	1.04950e-04	3.31875	24.7	31257	1.06160e-04	3.31836	26.0
63455.249	16.012	31618	1.04990e-04	3.31973	25.2	30959	1.07240e-04	3.31992	25.8	31628	1.04920e-04	3.31855	24.7	31248	1.06200e-04	3.31836	26.0
63456.437	16.009	31562	1.05190e-04	3.32012	25.2	30920	1.07370e-04	3.31992	25.8	31586	1.05060e-04	3.31855	24.7	31199	1.06370e-04	3.31855	26.0
63457.625	16.009	31641	1.04930e-04	3.31992	25.2	30920	1.07370e-04	3.31992	25.8	31616	1.04980e-04	3.31895	24.7	31229	1.06260e-04	3.31836	26.0
63458.814	16.034	31557	1.05200e-04	3.31973	25.2	30890	1.07480e-04	3.31992	25.8	31538	1.05220e-04	3.31855	24.7	31200	1.06350e-04	3.31816	26.0
63460.002	16.034	31589	1.05090e-04	3.31973	25.2	30878	1.07520e-04	3.32012	25.8	31524	1.05270e-04	3.31855	24.7	31202	1.06350e-04	3.31836	26.0
63461.190	16.041	31583	1.05120e-04	3.31992	25.2	31013	1.07050e-04	3.32012	25.8	31575	1.05110e-04	3.31875	24.7	31241	1.06220e-04	3.31836	26.0
63462.378	16.041	31635	1.04950e-04	3.31992	25.2	30942	1.07290e-04	3.31992	25.8	31553	1.05170e-04	3.31855	24.7	31228	1.06260e-04	3.31836	26.0
63463.566	16.046	31566	1.05170e-04	3.31973	25.2	30885	1.07490e-04	3.31992	25.8	31571	1.05110e-04	3.31855	24.7	31228	1.06250e-04	3.31816	26.0
63464.755	16.046	31615	1.05010e-04	3.31992	25.2	30986	1.07140e-04	3.31992	25.8	31585	1.05070e-04	3.31875	24.7	31263	1.06140e-04	3.31836	26.0
63465.943	16.041	31548	1.05230e-04	3.31973	25.2	30948	1.07280e-04	3.31992	25.8	31606	1.05000e-04	3.31855	24.7	31216	1.06300e-04	3.31816	26.0
63467.131	16.041	31563	1.05180e-04	3.31973	25.2	30952	1.07250e-04	3.31973	25.8	31604	1.05000e-04	3.31855	24.7	31256	1.06170e-04	3.31836	26.0
63468.319	16.041	31585	1.05120e-04	3.32012	25.2	30958	1.07240e-04	3.31992	25.8	31588	1.05060e-04	3.31855	24.7	31194	1.06380e-04	3.31855	26.0
63469.508	16.106	31582	1.05110e-04	3.31973	25.2	30964	1.07220e-04	3.31992	25.8	31585	1.05070e-04	3.31875	24.7	31282	1.06070e-04	3.31816	26.0
63470.696	16.106	31603	1.05050e-04	3.31992	25.2	30960	1.07230e-04	3.31992	25.8	31563	1.05140e-04	3.31855	24.7	31209	1.06330e-04	3.31836	26.0
63471.884	16.035	31647	1.04900e-04	3.31992	25.2	30987	1.07140e-04	3.31992	25.8	31618	1.04960e-04	3.31855	24.7	31230	1.06260e-04	3.31836	26.0
63473.073	16.035	31620	1.04990e-04	3.31973	25.2	30990	1.07140e-04	3.32012	25.8	31602	1.05010e-04	3.31855	24.7	31251	1.06180e-04	3.31816	26.0
63474.261	16.039	31606	1.05050e-04	3.32012	25.2	30955	1.07260e-04	3.32012	25.8	31591	1.05050e-04	3.31855	24.7	31204	1.06350e-04	3.31855	26.0
63475.449	16.039	31559	1.05190e-04	3.31973	25.2	30943	1.07300e-04	3.32012	25.8	31596	1.05040e-04	3.31875	24.7	31183	1.06420e-04	3.31855	26.0
63476.637	16.075	31586	1.05100e-04	3.31973	25.2	30923	1.07360e-04	3.31992	25.8	31549	1.05190e-04	3.31855	24.7	31234	1.06240e-04	3.31836	26.0
63477.825	16.075	31608	1.05040e-04	3.31992	25.2	30956	1.07250e-04	3.31992	25.8	31580	1.05090e-04	3.31875	24.7	31258	1.06160e-04	3.31836	26.0
63479.014	16.075	31599	1.05060e-04	3.31973	25.2	30953	1.07250e-04	3.31973	25.8	31619	1.04950e-04	3.31855	24.6	31181	1.06420e-04	3.31816	26.0
63480.202	16.043	31562	1.05180e-04	3.31973	25.2	30978	1.07160e-04	3.31973	25.8	31584	1.05070e-04	3.31855	24.6	31181	1.06420e-04	3.31816	26.0
63481.390	16.043	31651	1.04890e-04	3.31992	25.2	30949	1.07270e-04	3.31992	25.8	31625	1.04940e-04	3.31875	24.7	31221	1.06280e-04	3.31816	26.0
63482.578	16.034	31666	1.04840e-04	3.31992	25.2	30950	1.07270e-04	3.31992	25.8	31625	1.04940e-04	3.31855	24.7	31197	1.06370e-04	3.31855	26.0
63483.766	16.034	31631	1.04950e-04	3.31973	25.2	30954	1.07250e-04	3.31992	25.8	31655	1.04830e-04	3.31855	24.6	31263	1.06140e-04	3.31836	26.0
63484.955	16.102	31540	1.05260e-04	3.31973	25.2	30856	1.07590e-04	3.31992	25.8	31578	1.05090e-04	3.31855	24.6	31282	1.06070e-04	3.31816	26.0
63486.143	16.102	31568	1.05170e-04	3.31992	25.2	30838	1.07660e-04	3.31992	25.8	31534	1.05230e-04	3.31836	24.6	31227	1.06250e-04	3.31797	26.0
63487.331	16.102	31555	1.05210e-04	3.31992	25.2	30896	1.07450e-04	3.31992	25.8	31538	1.05230e-04	3.31875	24.6	31217	1.06300e-04	3.31836	26.0
63488.520	16.066	31504	1.05380e-04	3.31973	25.2	30902	1.07430e-04	3.31992	25.8	31534	1.05240e-04	3.31855	24.6	31166	1.06480e-04	3.31855	26.0
63489.707	16.066	31556	1.05200e-04	3.31973	25.2	30932	1.07330e-04	3.31992	25.8	31571	1.05110e-04	3.31836	24.6	31152	1.06520e-04	3.31836	26.0
63490.896	16.065	31586	1.05100e-04	3.31973	25.1	30961	1.07220e-04	3.31973	25.8	31604	1.05000e-04	3.31855	24.6	31175	1.06440e-04	3.31816	26.0
63492.084	16.065	31609	1.05020e-04	3.31973	25.2	30974	1.07180e-04	3.31973	25.8	31664	1.04800e-04	3.31855	24.6	31210	1.06320e-04	3.31816	26.0
63493.272	16.153	31567	1.05170e-04	3.31973	25.2	30960	1.07230e-04	3.31992	25.8	31586	1.05070e-04	3.31855	24.6	31216	1.06300e-04	3.31816	26.0
63494.461	16.153	31553	1.05220e-04	3.31992	25.2	30897	1.07450e-04	3.31992	25.8	31546	1.05200e-04	3.31875	24.6	31160	1.06500e-04	3.31836	26.0
63495.649	16.028	31581	1.05120e-04	3.31973	25.2	30972	1.07180e-04	3.31973	25.8	31614	1.04970e-04	3.31836	24.6	31250	1.06180e-04	3.31816	26.0
63496.837	16.028	31610	1.05030e-04	3.31992	25.2	30962	1.07230e-04	3.31992	25.8	31598	1.05020e-04	3.31855	24.7	31248	1.06190e-04	3.31816	26.0
63498.025	16.028	31568	1.05170e-04	3.31992	25.2	30925	1.07350e-04	3.31992	25.8	31571	1.05110e-04	3.31855	24.6	31205	1.06340e-04	3.31836	26.0
63499.214	16.041	31586	1.05100e-04	3.31973	25.2	30911	1.07410e-04	3.32012	25.8	31563	1.05140e-04	3.31855	24.6	31230	1.06250e-04	3.31816	26.0
63500.402	16.041	31561	1.05190e-04	3.31992	25.2	30870	1.07550e-04	3.31992	25.8	31548	1.05190e-04	3.31855	24.6	31185	1.06410e-04	3.31836	26.0
63501.590	16.066	31639	1.04930e-04	3.31992	25.2	30936	1.07310e-04	3.31992	25.8	31514	1.05310e-04	3.31875	24.6	31202	1.06350e-04	3.31836	26.0
63502.778	16.066	31601	1.05050e-04	3.31973	25.2	30995	1.07110e-04	3.31992	25.8	31642	1.04880e-04	3.31855	24.6	31233	1.06240e-04	3.31816	26.0
63503.966	16.034	31650	1.04890e-04	3.31992	25.2	31007	1.07070e-04	3.31973	25.8	31630	1.04920e-04	3.31855	24.6	31277	1.06090e-04	3.31816	26.0
63505.155	16.034	31617	1.05000e-04	3.31992	25.2	31023	1.07010e-04	3.31992	25.8	31617	1.04970e-04	3.31875	24.7	31244	1.06200e-04	3.31816	26.0
63506.343	16.034	31606	1.05040e-04	3.31992	25.2	30967	1.07210e-04	3.31992	25.8	31633	1.04910e-04	3.31855	24.7	31327	1.05930e-04	3.31855	26.0
63507.532	16.030	31563	1.05180e-04	3.31992	25.2	30955	1.07250e-04	3.31992	25.8	31643	1.04870e-04	3.31855	24.7	31209	1.06330e-04	3.31836	26.0
63508.719	16.000	31575	1.05140e-04	3.31992	25.2	30960	1.07240e-04	3.32012	25.8	31580	1.05090e-04	3.31875	24.7	31242	1.06220e-04	3.31836	26.0
63509.908	16.000	31562	1.05180e-04	3.31973	25.2	30902	1.07430e-04	3.31992	25.8	31571	1.05110e-04	3.31855	24.7	31207	1.06330e-04	3.31836	26.0
63511.096	16.000	31520	1.05330e-04	3.32012	25.2	30914	1.07400e-04	3.32012	25.8	31499	1.05360e-04	3.31875	24.7	31179	1.06420e-04	3.31816	26.0
63512.284	16.029	31571	1.05160e-04	3.31992	25.2	30849	1.07620e-04	3.32012	25.8	31511	1.05320e-04	3.31875	24.7	31208	1.06340e-04	3.31855	26.0
63513.472	16.029	31526	1.05300e-04	3.31973	25.2	30872	1.07550e-04	3.32012	25.8	31544	1.05200e-04	3.31855	24.7	31163	1.06490e-04	3.31855	26.0
63514.661	16.035	31514	1.05350e-04	3.32012	25.2	30873	1.07540e-04	3.31992	25.8	31510	1.05320e-04	3.31855	24.7	31177	1.06430e-04	3.31836	26.0
63515.849	16.035	31589	1.05100e-04	3.32012	25.2	30874	1.07530e-04	3.31992	25.8	31461	1.05490e-04	3.31875	24.7	31177	1.06440e-04	3.31836	26.0
63517.037	16.030	31564	1.05180e-04	3.31992	25.2	30946	1.07280e-04	3.31973	25.8	31498	1.05360e-04	3.31855	24.7	31207	1.06330e-04	3.31836	26.0
63518.226	16.030	31626	1.04970e-04	3.31992	25.2	31023	1.07020e-04	3.31992	25.8	31549	1.05190e-04	3.31875	24.7	31183	1.06420e-04	3.31836	26.0
63519.414	16.030	31592	1.05090e-04	3.31992	25.2	30950	1.07280e-04	3.32012	25.8	31579	1.05090e-04	3.31875	24.7	31253	1.06180e-04	3.31855	26.0
63520.602	16.008	31588	1.05100e-04	3.31992	25.2	31012	1.07050e-04	3.31992	25.8	31623	1.04940e-04	3.31855	24.7	31262	1.06150e-04	3.31855	26.0
63521.790	16.008	31564	1.05190e-04	3.32012	25.2	30968	1.07210e-04	3.32012	25.8	31617	1.04970e-04	3.31895	24.7	31255	1.06170e-04	3.31836	26.0
63522.978	16.023	31531	1.05290e-04	3.31992	25.2	30952	1.07270e-04	3.32012	25.8	31577	1.05100e-04	3.31875	24.7	31235	1.06240e-04	3.31836	26.0
63524.167	16.023	31515	1.05340e-04	3.31992	25.2	30858	1.07590e-04	3.32012	25.8	31516	1.05300e-04	3.31855	24.7	31252	1.06180e-04	3.31836	26.0
63525.355	16.081	31568	1.05180e-04	3.32012	25.2	30950	1.07270e-04	3.32012	25.8	31581	1.05090e-04	3.31875	24.7	31196	1.06380e-04	3.31855	26.0
63526.543	16.081	31566	1.05170e-04	3.31992	25.2	30942	1.07290e-04	3.31992	25.8	31547	1.05200e-04	3.31875	24.7	31200	1.06360e-04	3.31855	26.0
63527.732	16.033	31583	1.05120e-04	3.31992	25.2	31010	1.07060e-04	3.31992	25.8	31640	1.04890e-04	3.31875	24.7	31291	1.06050e-04	3.31836	26.0
63528.920	16.033	31577	1.05140e-04	3.31992	25.2	30996	1.07110e-04	3.31992	25.8	31680	1.04760e-04	3.31875	24.7	31241	1.06210e-04	3.31816	26.0
63530.108	16.033	31588	1.05100e-04	3.31992	25.2	30984	1.07150e-04	3.31992	25.8	31612	1.04980e-04	3.31855	24.7	31222	1.06280e-04	3.31836	26.0
63531.296	16.014	31615	1.05010e-04	3.31992	25.2	30970	1.07200e-04	3.31992	25.8	31630	1.04920e-04	3.31875	24.7	31329	1.05920e-04	3.31836	26.0
63532.484	16.014	31555	1.05220e-04	3.32012	25.2	30939	1.07310e-04	3.32012	25.8	31602	1.05010e-04	3.31855	24.7	31207	1.06330e-04	3.31836	26.0
63533.673	15.956	31561	1.05190e-04	3.31992	25.2	30951	1.07270e-04	3.32012	25.8	31584	1.05080e-04	3.31875	24.7	31246	1.06210e-04	3.31855	26.0
63534.861	15.956	31528	1.05300e-04	3.31992	25.2	30939	1.07300e-04	3.31992	25.8	31601	1.05020e-04	3.31875	24.7	31261	1.06150e-04	3.31836	26.0
63536.049	15.956	31531	1.05290e-04	3.31992	25.2	30963	1.07230e-04	3.32012	25.8	31590	1.05050e-04	3.31855	24.7	31217	1.06290e-04	3.31816	26.0
63537.238	16.025	31558	1.05200e-04	3.31992	25.2	30944	1.07290e-04	3.31992	25.8	31617	1.04960e-04	3.31855	24.7	31185	1.06410e-04	3.31836	26.0
63538.425	16.025	31557	1.05200e-04	3.31992	25.2	30942	1.07290e-04	3.31992	25.8	31585	1.05070e-04	3.31855	24.7	31242	1.06220e-04	3.31836	26.0
63539.614	16.050	31531	1.05290e-04	3.31992	25.2	30931	1.07330e-04	3.31992	25.8	31588	1.05060e-04	3.31875	24.7	31207	1.06330e-04	3.31836	26.0
63540.802	16.050	31561	1.05190e-04	3.31992	25.2	30935	1.07320e-04	3.31992	25.8	31569	1.05120e-04	3.31855	24.7	31179	1.06430e-04	3.31836	26.0
63541.990	16.000	31544	1.05250e-04	3.31992	25.2	30947	1.07280e-04	3.31992	25.8	31566	1.05140e-04	3.31875	24.7	31213	1.06310e-04	3.31816	26.0
63543.179	16.000	31589	1.05090e-04	3.31973	25.2	30982	1.07160e-04	3.31992	25.8	31563	1.05140e-04	3.31855	24.7	31227	1.06270e-04	3.31836	26.0
63544.367	16.031	31570	1.05170e-04	3.32012	25.2	30933	1.07330e-04	3.31992	25.8	31625	1.04940e-04	3.31855	24.7	31251	1.06180e-04	3.31836	26.0
63545.555	16.031	31523	1.05320e-04	3.31992	25.2	30925	1.07360e-04	3.31992	25.8	31594	1.05040e-04	3.31875	24.7	31224	1.06280e-04	3.31855	26.0
63546.743	16.022	31535	1.05270e-04	3.31973	25.2	30955	1.07250e-04	3.31992	25.8	31581	1.05080e-04	3.31855	24.7	31221	1.06290e-04	3.31836	26.0
63547.932	16.022	31544	1.05250e-04	3.31992	25.2	30950	1.07280e-04	3.32012	25.8	31608	1.04990e-04	3.31855	24.7	31152	1.06520e-04	3.31816	26.0
63549.120	16.022	31570	1.05150e-04	3.31973	25.2	30932	1.07330e-04	3.31992	25.8	31642	1.04890e-04	3.31875	24.7	31215	1.06310e-04	3.31836	26.0
63550.308	16.029	31565	1.05170e-04	3.31973	25.2	30964	1.07210e-04	3.31973	25.8	31552	1.05170e-04	3.31836	24.7	31186	1.06400e-04	3.31816	26.0
63551.496	16.029	31573	1.05150e-04	3.31992	25.2	30958	1.07240e-04	3.31992	25.8	31610	1.04990e-04	3.31875	24.7	31248	1.06200e-04	3.31836	26.0
63552.685	16.050	31595	1.05070e-04	3.31973	25.2	30938	1.07310e-04	3.31992	25.8	31610	1.04990e-04	3.31855	24.7	31235	1.06240e-04	3.31836	26.0
63553.873	16.050	31579	1.05120e-04	3.31973	25.2	30971	1.07190e-04	3.31973	25.8	31614	1.04970e-04	3.31855	24.7	31236	1.06230e-04	3.31816	26.0
63555.061	16.030	31523	1.05320e-04	3.31992	25.2	30889	1.07480e-04	3.31992	25.8	31610	1.04990e-04	3.31855	24.7	31183	1.06410e-04	3.31816	26.0
63556.249	16.030	31541	1.05250e-04	3.31953	25.2	30919	1.07380e-04	3.31992	25.8	31528	1.05260e-04	3.31855	24.7	31135	1.06580e-04	3.31836	26.0
63557.438	16.041	31467	1.05500e-04	3.31992	25.2	30932	1.07330e-04	3.31992	25.8	31547	1.05190e-04	3.31836	24.7	31173	1.06450e-04	3.31836	26.0
63558.626	16.041	31517	1.05340e-04	3.31992	25.2	30932	1.07330e-04	3.31992	25.8	31551	1.05190e-04	3.31875	24.7	31166	1.06470e-04	3.31836	26.0
63559.814	16.042	31526	1.05300e-04	3.31953	25.2	30948	1.07270e-04	3.31973	25.8	31541	1.05210e-04	3.31855	24.7	31183	1.06420e-04	3.31836	26.0
63561.002	16.042	31487	1.05440e-04	3.32012	25.2	30869	1.07550e-04	3.32012	25.8	31575	1.05090e-04	3.31836	24.7	31152	1.06510e-04	3.31797	26.0
63562.191	16.042	31569	1.05160e-04	3.31973	25.1	30911	1.07400e-04	3.31992	25.8	31552	1.05180e-04	3.31875	24.7	31215	1.06310e-04	3.31836	26.0
63563.379	16.038	31571	1.05150e-04	3.31973	25.1	30951	1.07270e-04	3.31992	25.8	31549	1.05190e-04	3.31855	24.7	31237	1.06230e-04	3.31836	26.0
63564.567	16.038	31683	1.04780e-04	3.31992	25.1	30904	1.07430e-04	3.31992	25.8	31588	1.05060e-04	3.31855	24.6	31159	1.06490e-04	3.31816	26.0
63565.755	16.036	31652	1.04880e-04	3.31973	25.1	30992	1.07120e-04	3.31973	25.8	31607	1.05000e-04	3.31875	24.6	31200	1.06360e-04	3.31836	26.0
63566.944	16.036	31586	1.05100e-04	3.31973	25.1	31022	1.07010e-04	3.31973	25.8	31606	1.04990e-04	3.31836	24.6	31254	1.06160e-04	3.31797	26.0
63568.131	16.046	31606	1.05030e-04	3.31973	25.1	30981	1.07160e-04	3.31992	25.8	31593	1.05040e-04	3.31855	24.6	31222	1.06280e-04	3.31836	26.0
63569.320	16.046	31618	1.04990e-04	3.31953	25.1	30914	1.07380e-04	3.31973	25.8	31627	1.04930e-04	3.31855	24.6	31221	1.06290e-04	3.31836	26.0
63570.508	16.046	31570	1.05160e-04	3.31992	25.1	30942	1.07290e-04	3.31992	25.8	31619	1.04950e-04	3.31836	24.6	31221	1.06280e-04	3.31816	26.0
63571.697	16.031	31530	1.05290e-04	3.31973	25.1	30954	1.07250e-04	3.31973	25.8	31568	1.05130e-04	3.31875	24.6	31210	1.06330e-04	3.31836	26.0
63572.885	16.031	31528	1.05290e-04	3.31953	25.1	30910	1.07410e-04	3.31992	25.8	31582	1.05070e-04	3.31836	24.6	31208	1.06320e-04	3.31797	26.0
63574.073	16.030	31598	1.05070e-04	3.31992	25.1	30935	1.07320e-04	3.31992	25.8	31585	1.05070e-04	3.31855	24.6	31158	1.06490e-04	3.31816	26.0
63575.261	16.030	31551	1.05220e-04	3.31973	25.1	30954	1.07250e-04	3.31973	25.8	31646	1.04870e-04	3.31855	24.6	31257	1.06160e-04	3.31836	26.0
63576.449	16.050	31547	1.05240e-04	3.31992	25.1	30908	1.07410e-04	3.31992	25.8	31609	1.04980e-04	3.31836	24.6	31195	1.06370e-04	3.31816	26.0
63577.638	16.050	31524	1.05310e-04	3.31992	25.1	30935	1.07320e-04	3.31992	25.8	31589	1.05050e-04	3.31855	24.6	31284	1.06070e-04	3.31836	26.0
63578.826	16.044	31599	1.05050e-04	3.31953	25.1	30988	1.07140e-04	3.31992	25.8	31612	1.04980e-04	3.31855	24.6	31172	1.06450e-04	3.31816	26.0
63580.014	16.044	31549	1.05230e-04	3.31992	25.1	30984	1.07140e-04	3.31953	25.8	31622	1.04940e-04	3.31836	24.6	31212	1.06310e-04	3.31816	26.0
63581.202	16.044	31585	1.05110e-04	3.31992	25.1	30985	1.07140e-04	3.31973	25.8	31570	1.05120e-04	3.31855	24.6	31155	1.06510e-04	3.31836	26.0
63582.391	16.051	31570	1.05150e-04	3.31973	25.1	30882	1.07500e-04	3.31992	25.8	31576	1.05100e-04	3.31855	24.6	31132	1.06590e-04	3.31836	26.0
63583.579	16.051	31584	1.05110e-04	3.31973	25.1	30950	1.07260e-04	3.31973	25.8	31600	1.05020e-04	3.31855	24.6	31167	1.06460e-04	3.31816	26.0
63584.767	16.054	31568	1.05160e-04	3.31973	25.1	30916	1.07380e-04	3.31992	25.8	31569	1.05120e-04	3.31855	24.6	31199	1.06360e-04	3.31836	26.0
63585.955	16.054	31579	1.05120e-04	3.31973	25.1	30910	1.07400e-04	3.31992	25.8	31618	1.04960e-04	3.31855	24.6	31204	1.06340e-04	3.31816	26.0
63587.143	16.037	31599	1.05070e-04	3.31992	25.1	30866	1.07560e-04	3.31992	25.8	31609	1.04990e-04	3.31855	24.6	31149	1.06530e-04	3.31816	26.0
63588.332	16.037	31628	1.04960e-04	3.31973	25.2	30957	1.07250e-04	3.32012	25.8	31586	1.05070e-04	3.31855	24.6	31238	1.06230e-04	3.31855	26.0
63589.520	16.029	31548	1.05230e-04	3.31973	25.2	30956	1.07250e-04	3.31992	25.8	31588	1.05060e-04	3.31855	24.6	31236	1.06230e-04	3.31836	26.0
63590.708	16.029	31549	1.05230e-04	3.31992	25.2	30906	1.07420e-04	3.31992	25.8	31534	1.05240e-04	3.31855	24.6	31192	1.06380e-04	3.31836	26.0
63591.896	16.029	31532	1.05290e-04	3.31992	25.2	30880	1.07520e-04	3.32012	25.8	31602	1.05020e-04	3.31875	24.6	31227	1.06260e-04	3.31836	26.0
63593.085	16.034	31539	1.05260e-04	3.31973	25.2	30909	1.07410e-04	3.31992	25.8	31513	1.05310e-04	3.31855	24.6	31097	1.06710e-04	3.31836	26.0
63594.273	16.034	31531	1.05300e-04	3.32012	25.2	30907	1.07410e-04	3.31973	25.8	31534	1.05240e-04	3.31855	24.6	31194	1.06380e-04	3.31836	26.0
63595.461	16.042	31574	1.05140e-04	3.31973	25.2	30954	1.07250e-04	3.31992	25.8	31597	1.05030e-04	3.31875	24.6	31199	1.06370e-04	3.31855	26.0
63596.649	16.042	31603	1.05040e-04	3.31973	25.2	30967	1.07210e-04	3.32012	25.8	31655	1.04840e-04	3.31875	24.6	31268	1.06130e-04	3.31836	26.0
63597.838	16.024	31593	1.05090e-04	3.32012	25.2	30966	1.07210e-04	3.31992	25.8	31523	1.05270e-04	3.31855	24.6	31221	1.06280e-04	3.31816	26.0
63599.026	16.024	31511	1.05360e-04	3.31992	25.2	30986	1.07150e-04	3.32031	25.8	31571	1.05120e-04	3.31875	24.7	31185	1.06410e-04	3.31836	26.0
63600.214	16.024	31521	1.05320e-04	3.31973	25.2	30926	1.07350e-04	3.31992	25.8	31580	1.05080e-04	3.31836	24.7	31186	1.06410e-04	3.31836	26.0
63601.403	16.022	31568	1.05170e-04	3.32012	25.2	30916	1.07380e-04	3.31992	25.8	31560	1.05160e-04	3.31875	24.7	31192	1.06390e-04	3.31836	26.0
63602.591	16.022	31617	1.05000e-04	3.31992	25.2	30901	1.07440e-04	3.32012	25.8	31606	1.05010e-04	3.31895	24.7	31250	1.06190e-04	3.31855	26.0
63603.779	16.018	31561	1.05200e-04	3.32012	25.2	30994	1.07110e-04	3.31992	25.8	31670	1.04780e-04	3.31855	24.7	31292	1.06040e-04	3.31816	26.0
63604.967	16.018	31543	1.05250e-04	3.31992	25.2	30883	1.07510e-04	3.32012	25.8	31559	1.05160e-04	3.31875	24.7	31224	1.06280e-04	3.31836	26.0
63606.155	16.022	31578	1.05140e-04	3.32012	25.2	30957	1.07250e-04	3.32012	25.8	31581	1.05090e-04	3.31875	24.7	31222	1.06280e-04	3.31836	26.0
63607.343	16.022	31555	1.05210e-04	3.31992	25.2	30973	1.07190e-04	3.32012	25.8	31547	1.05200e-04	3.31875	24.7	31204	1.06350e-04	3.31855	26.0
63608.532	16.045	31533	1.05280e-04	3.31992	25.2	30902	1.07430e-04	3.31992	25.8	31551	1.05190e-04	3.31875	24.7	31159	1.06500e-04	3.31855	26.0
63609.720	16.045	31516	1.05330e-04	3.31973	25.2	30942	1.07310e-04	3.32031	25.8	31568	1.05130e-04	3.31875	24.7	31211	1.06320e-04	3.31836	26.0
63610.908	16.040	31592	1.05090e-04	3.32012	25.2	30918	1.07380e-04	3.31992	25.8	31536	1.05230e-04	3.31855	24.7	31170	1.06460e-04	3.31836	26.0
63612.097	16.040	31561	1.05190e-04	3.31973	25.2	30951	1.07270e-04	3.32012	25.8	31542	1.05220e-04	3.31875	24.7	31263	1.06140e-04	3.31836	26.0
63613.285	16.040	31571	1.05160e-04	3.31992	25.2	30918	1.07380e-04	3.31992	25.8	31573	1.05110e-04	3.31875	24.7	31169	1.06460e-04	3.31836	26.0
63614.473	16.032	31526	1.05310e-04	3.31992	25.2	31034	1.06980e-04	3.32012	25.8	31570	1.05120e-04	3.31855	24.7	31136	1.06580e-04	3.31855	26.0
63615.661	16.032	31634	1.04940e-04	3.31973	25.2	30949	1.07270e-04	3.31992	25.8	31593	1.05050e-04	3.31875	24.7	31192	1.06380e-04	3.31836	26.0
63616.850	16.014	31586	1.05110e-04	3.32012	25.2	31000	1.07090e-04	3.31973	25.8	31573	1.05110e-04	3.31875	24.7	31263	1.06140e-04	3.31816	26.0
63618.038	16.014	31647	1.04910e-04	3.32012	25.2	30950	1.07270e-04	3.32012	25.8	31557	1.05170e-04	3.31875	24.7	31211	1.06330e-04	3.31855	26.0
63619.226	16.023	31529	1.05290e-04	3.31973	25.2	30993	1.07120e-04	3.31992	25.8	31601	1.05020e-04	3.31875	24.7	31230	1.06260e-04	3.31836	26.0
63620.414	16.023	31554	1.05220e-04	3.32012	25.3	30979	1.07170e-04	3.31992	25.8	31561	1.05150e-04	3.31855	24.7	31248	1.06200e-04	3.31855	26.0
63621.602	16.023	31557	1.05210e-04	3.32012	25.3	30936	1.07330e-04	3.32031	25.8	31557	1.05170e-04	3.31875	24.7	31199	1.06360e-04	3.31836	26.0
63622.791	16.041	31539	1.05260e-04	3.31973	25.3	30971	1.07200e-04	3.32012	25.8	31571	1.05120e-04	3.31875	24.7	31193	1.06380e-04	3.31836	26.0
63623.979	16.041	31508	1.05370e-04	3.31992	25.3	30918	1.07380e-04	3.32012	25.8	31582	1.05080e-04	3.31855	24.7	31182	1.06420e-04	3.31836	26.0
63625.167	16.041	31550	1.05230e-04	3.31992	25.3	30908	1.07410e-04	3.31992	25.8	31565	1.05140e-04	3.31875	24.7	31204	1.06340e-04	3.31836	26.0
63626.355	16.041	31551	1.05220e-04	3.31992	25.3	30903	1.07430e-04	3.31992	25.8	31522	1.05280e-04	3.31875	24.7	31117	1.06650e-04	3.31855	26.0
63627.544	16.032	31536	1.05280e-04	3.31992	25.3	30953	1.07260e-04	3.31992	25.9	31524	1.05270e-04	3.31855	24.7	31218	1.06300e-04	3.31836	26.0
63628.732	16.032	31535	1.05280e-04	3.31992	25.3	30873	1.07540e-04	3.31992	25.9	31523	1.05280e-04	3.31855	24.7	31216	1.06300e-04	3.31816	26.0
63629.920	16.047	31522	1.05320e-04	3.31992	25.3	30939	1.07310e-04	3.31992	25.9	31544	1.05220e-04	3.31895	24.7	31262	1.06150e-04	3.31836	26.0
63631.108	16.047	31503	1.05380e-04	3.31992	25.3	30875	1.07530e-04	3.31992	25.9	31506	1.05330e-04	3.31855	24.7	31207	1.06330e-04	3.31836	26.0
63632.297	16.047	31512	1.05350e-04	3.31992	25.3	30873	1.07540e-04	3.31992	25.9	31494	1.05370e-04	3.31855	24.7	31204	1.06350e-04	3.31855	26.0
63633.485	16.055	31565	1.05180e-04	3.31992	25.3	30927	1.07350e-04	3.32012	25.9	31537	1.05240e-04	3.31895	24.7	31248	1.06200e-04	3.31855	26.0
63634.673	16.055	31491	1.05420e-04	3.31973	25.3	30914	1.07400e-04	3.32012	25.9	31555	1.05180e-04	3.31875	24.7	31232	1.06260e-04	3.31855	26.0
63635.862	16.056	31512	1.05360e-04	3.32012	25.3	30982	1.07150e-04	3.31992	25.9	31435	1.05570e-04	3.31855	24.7	31158	1.06500e-04	3.31816	26.0
63637.050	16.056	31489	1.05440e-04	3.32012	25.3	30968	1.07210e-04	3.32012	25.9	31519	1.05300e-04	3.31895	24.7	31218	1.06300e-04	3.31855	26.0
63638.238	16.047	31500	1.05390e-04	3.31973	25.3	30889	1.07480e-04	3.31992	25.9	31512	1.05320e-04	3.31875	24.7	31170	1.06470e-04	3.31855	26.0
63639.426	16.047	31474	1.05480e-04	3.31992	25.3	30910	1.07410e-04	3.31992	25.9	31488	1.05400e-04	3.31875	24.7	31160	1.06490e-04	3.31836	26.0
63640.614	16.046	31517	1.05340e-04	3.31992	25.3	30966	1.07210e-04	3.31992	25.9	31586	1.05070e-04	3.31875	24.7	31187	1.06400e-04	3.31836	26.0
63641.803	16.046	31579	1.05130e-04	3.31992	25.3	30942	1.07290e-04	3.31992	25.9	31580	1.05090e-04	3.31855	24.7	31286	1.06070e-04	3.31836	26.0
63642.991	16.046	31519	1.05320e-04	3.31973	25.3	30944	1.07290e-04	3.31992	25.9	31535	1.05240e-04	3.31875	24.7	31241	1.06210e-04	3.31816	26.0
63644.179	16.030	31613	1.05020e-04	3.31992	25.3	30912	1.07390e-04	3.31973	25.9	31590	1.05050e-04	3.31855	24.7	31187	1.06400e-04	3.31836	26.0
63645.367	16.030	31529	1.05300e-04	3.31992	25.3	31011	1.07060e-04	3.31992	25.9	31523	1.05280e-04	3.31875	24.7	31280	1.06090e-04	3.31855	26.0
63646.556	16.021	31580	1.05130e-04	3.31992	25.3	30914	1.07400e-04	3.32012	25.9	31521	1.05290e-04	3.31875	24.7	31220	1.06290e-04	3.31836	26.0
63647.744	16.021	31525	1.05310e-04	3.31992	25.3	30963	1.07230e-04	3.32012	25.9	31550	1.05190e-04	3.31875	24.7	31206	1.06340e-04	3.31836	26.0
63648.932	16.049	31579	1.05130e-04	3.31992	25.3	30914	1.07400e-04	3.32012	25.9	31510	1.05320e-04	3.31855	24.7	31170	1.06460e-04	3.31836	26.0
63650.120	16.049	31548	1.05240e-04	3.32012	25.3	31068	1.06860e-04	3.32012	25.9	31582	1.05090e-04	3.31895	24.7	31221	1.06290e-04	3.31855	26.0
63651.309	16.049	31542	1.05250e-04	3.31992	25.3	30989	1.07130e-04	3.31992	25.9	31594	1.05040e-04	3.31855	24.7	31235	1.06250e-04	3.31855	26.0
63652.497	16.040	31547	1.05240e-04	3.31992	25.3	30875	1.07530e-04	3.31992	25.9	31573	1.05110e-04	3.31875	24.7	31209	1.06330e-04	3.31836	26.0
63653.685	16.040	31502	1.05390e-04	3.31992	25.3	30934	1.07320e-04	3.31992	25.9	31506	1.05340e-04	3.31875	24.7	31153	1.06520e-04	3.31836	26.0
63654.873	16.043	31477	1.05480e-04	3.32012	25.3	30861	1.07580e-04	3.31992	25.9	31503	1.05350e-04	3.31875	24.7	31131	1.06590e-04	3.31836	26.0
63656.062	16.043	31508	1.05360e-04	3.31973	25.3	30865	1.07570e-04	3.32012	25.9	31518	1.05300e-04	3.31875	24.7	31174	1.06450e-04	3.31855	26.0
63657.250	16.048	31519	1.05330e-04	3.31992	25.3	30917	1.07380e-04	3.31992	25.9	31545	1.05200e-04	3.31855	24.7	31189	1.06390e-04	3.31836	26.0
63658.438	16.048	31516	1.05330e-04	3.31973	25.3	30886	1.07500e-04	3.32012	25.9	31512	1.05320e-04	3.31875	24.7	31166	1.06480e-04	3.31855	26.0
63659.626	16.055	31557	1.05200e-04	3.31992	25.3	30922	1.07370e-04	3.31992	25.9	31530	1.05260e-04	3.31875	24.7	31230	1.06260e-04	3.31836	26.0
63660.814	16.055	31586	1.05110e-04	3.32012	25.3	30951	1.07270e-04	3.32012	25.9	31611	1.04990e-04	3.31875	24.7	31247	1.06200e-04	3.31836	26.0
63662.003	16.045	31517	1.05340e-04	3.31992	25.3	30966	1.07210e-04	3.31992	25.9	31612	1.04990e-04	3.31875	24.7	31249	1.06190e-04	3.31836	26.0
63663.191	16.045	31546	1.05250e-04	3.32012	25.3	30947	1.07280e-04	3.32012	25.9	31546	1.05200e-04	3.31875	24.7	31234	1.06250e-04	3.31855	26.0
63664.379	16.045	31556	1.05210e-04	3.32012	25.3	30930	1.07340e-04	3.32012	25.9	31505	1.05340e-04	3.31875	24.7	31242	1.06220e-04	3.31836	26.0
63665.567	16.059	31547	1.05240e-04	3.31992	25.4	30943	1.07290e-04	3.31992	25.9	31511	1.05310e-04	3.31855	24.7	31222	1.06280e-04	3.31836	26.0
63666.756	16.059	31580	1.05130e-04	3.32012	25.4	30918	1.07380e-04	3.31992	25.9	31507	1.05330e-04	3.31855	24.7	31192	1.06380e-04	3.31836	26.0
63667.944	16.034	31495	1.05410e-04	3.31992	25.4	30921	1.07370e-04	3.31992	25.9	31536	1.05230e-04	3.31855	24.7	31225	1.06270e-04	3.31836	26.0
63669.132	16.034	31587	1.05100e-04	3.31973	25.4	30932	1.07330e-04	3.31992	25.9	31541	1.05210e-04	3.31855	24.7	31221	1.06290e-04	3.31836	26.0
63670.320	16.034	31561	1.05190e-04	3.31992	25.4	30911	1.07400e-04	3.31992	25.9	31566	1.05140e-04	3.31875	24.8	31277	1.06100e-04	3.31855	26.0
63671.509	16.043	31613	1.05020e-04	3.31992	25.4	30945	1.07290e-04	3.32012	25.9	31553	1.05180e-04	3.31875	24.8	31232	1.06260e-04	3.31855	26.0
63672.697	16.046	31571	1.05160e-04	3.31992	25.4	30938	1.07310e-04	3.32012	25.9	31546	1.05200e-04	3.31875	24.8	31217	1.06300e-04	3.31836	26.0
63673.885	16.046	31598	1.05070e-04	3.31992	25.4	30982	1.07160e-04	3.32012	25.9	31598	1.05030e-04	3.31875	24.8	31213	1.06310e-04	3.31836	26.0
63675.074	16.046	31629	1.04970e-04	3.31992	25.4	30996	1.07120e-04	3.32012	25.9	31625	1.04940e-04	3.31855	24.8	31253	1.06180e-04	3.31836	26.0
63676.262	16.034	31586	1.05100e-04	3.31973	25.4	30989	1.07130e-04	3.31992	25.9	31576	1.05100e-04	3.31875	24.8	31253	1.06180e-04	3.31836	26.0
63677.450	16.034	31578	1.05130e-04	3.31992	25.4	30983	1.07150e-04	3.31973	25.9	31556	1.05170e-04	3.31855	24.8	31248	1.06190e-04	3.31836	26.0
63678.638	16.005	31543	1.05250e-04	3.31992	25.4	30957	1.07250e-04	3.32012	25.9	31539	1.05230e-04	3.31875	24.8	31260	1.06160e-04	3.31855	26.0
63679.826	16.005	31509	1.05360e-04	3.31992	25.4	30969	1.07210e-04	3.32012	25.9	31550	1.05200e-04	3.31895	24.8	31278	1.06090e-04	3.31816	26.0
63681.014	15.996	31509	1.05370e-04	3.32012	25.4	30939	1.07300e-04	3.31973	25.9	31498	1.05360e-04	3.31855	24.8	31244	1.06200e-04	3.31816	26.0
63682.203	15.996	31551	1.05220e-04	3.31992	25.4	30974	1.07190e-04	3.32012	25.9	31516	1.05300e-04	3.31875	24.8	31202	1.06360e-04	3.31855	26.0
63683.391	15.996	31525	1.05310e-04	3.31992	25.4	30947	1.07280e-04	3.32012	25.9	31515	1.05310e-04	3.31875	24.8	31159	1.06500e-04	3.31836	26.0
63684.579	16.031	31534	1.05290e-04	3.32012	25.4	30918	1.07380e-04	3.31992	25.9	31526	1.05260e-04	3.31855	24.8	31207	1.06330e-04	3.31836	26.0
63685.768	16.031	31567	1.05170e-04	3.31973	25.4	30887	1.07500e-04	3.32031	25.9	31548	1.05200e-04	3.31875	24.8	31218	1.06300e-04	3.31836	26.0
63686.956	16.044	31532	1.05280e-04	3.31973	25.3	30948	1.07280e-04	3.31992	25.9	31547	1.05200e-04	3.31875	24.8	31185	1.06410e-04	3.31836	26.0
63688.144	16.044	31573	1.05160e-04	3.32012	25.3	30922	1.07370e-04	3.31992	25.9	31533	1.05250e-04	3.31875	24.8	31232	1.06250e-04	3.31836	26.0
63689.332	16.043	31566	1.05170e-04	3.31992	25.3	30939	1.07310e-04	3.31992	25.9	31604	1.05010e-04	3.31875	24.8	31244	1.06210e-04	3.31836	26.0
63690.520	16.043	31553	1.05220e-04	3.31992	25.3	30947	1.07270e-04	3.31973	25.9	31588	1.05060e-04	3.31855	24.8	31210	1.06320e-04	3.31836	26.0
63691.709	16.060	31503	1.05380e-04	3.31992	25.3	30970	1.07200e-04	3.31992	25.9	31519	1.05290e-04	3.31875	24.7	31207	1.06330e-04	3.31836	26.0
63692.897	16.060	31555	1.05200e-04	3.31973	25.3	30891	1.07480e-04	3.32012	25.9	31495	1.05380e-04	3.31875	24.7	31210	1.06320e-04	3.31816	26.0
63694.085	16.060	31578	1.05130e-04	3.31992	25.3	30933	1.07330e-04	3.31992	25.9	31519	1.05290e-04	3.31855	24.7	31166	1.06470e-04	3.31836	26.0
63695.274	16.055	31504	1.05380e-04	3.31992	25.3	30998	1.07110e-04	3.32012	25.9	31584	1.05080e-04	3.31875	24.7	31197	1.06370e-04	3.31836	26.0
63696.462	16.055	31574	1.05150e-04	3.31992	25.3	30944	1.07290e-04	3.31992	25.9	31563	1.05140e-04	3.31855	24.7	31180	1.06430e-04	3.31836	26.0
63697.650	16.018	31538	1.05280e-04	3.32012	25.3	30997	1.07100e-04	3.31992	25.9	31598	1.05030e-04	3.31875	24.7	31247	1.06190e-04	3.31816	26.0
63698.838	16.018	31642	1.04920e-04	3.31992	25.3	30993	1.07120e-04	3.32012	25.9	31635	1.04910e-04	3.31875	24.7	31235	1.06240e-04	3.31836	26.0
63700.027	16.024	31596	1.05070e-04	3.31992	25.3	30986	1.07140e-04	3.31992	25.9	31611	1.04990e-04	3.31875	24.7	31264	1.06140e-04	3.31855	26.0
63701.215	16.024	31541	1.05260e-04	3.31992	25.3	30965	1.07220e-04	3.31992	25.9	31571	1.05110e-04	3.31855	24.7	31199	1.06360e-04	3.31836	26.0
63702.403	16.024	31527	1.05310e-04	3.32012	25.3	30967	1.07210e-04	3.31992	25.9	31558	1.05160e-04	3.31875	24.7	31245	1.06200e-04	3.31836	26.0
63703.591	16.042	31541	1.05260e-04	3.31992	25.3	30958	1.07240e-04	3.31992	25.9	31561	1.05150e-04	3.31875	24.7	31233	1.06250e-04	3.31836	26.0
63704.779	16.042	31544	1.05250e-04	3.31992	25.3	30925	1.07360e-04	3.31992	25.9	31504	1.05340e-04	3.31855	24.7	31221	1.06280e-04	3.31816	26.0
63705.967	16.046	31554	1.05210e-04	3.31992	25.3	30939	1.07310e-04	3.32012	25.9	31565	1.05150e-04	3.31895	24.7	31197	1.06370e-04	3.31836	26.0
63707.156	16.046	31560	1.05200e-04	3.31992	25.3	31002	1.07090e-04	3.31992	25.9	31541	1.05220e-04	3.31875	24.7	31196	1.06380e-04	3.31855	26.0
63708.344	16.032	31568	1.05180e-04	3.32012	25.3	30952	1.07260e-04	3.31992	25.9	31511	1.05320e-04	3.31875	24.7	31177	1.06440e-04	3.31836	26.0
63709.532	16.032	31532	1.05290e-04	3.31992	25.3	30906	1.07430e-04	3.32031	25.9	31539	1.05230e-04	3.31875	24.7	31193	1.06390e-04	3.31855	26.0
63710.721	16.038	31573	1.05160e-04	3.32012	25.3	30996	1.07110e-04	3.32012	25.9	31653	1.04850e-04	3.31875	24.7	31219	1.06290e-04	3.31836	26.0
63711.909	16.038	31544	1.05250e-04	3.31992	25.3	30900	1.07450e-04	3.32012	25.9	31563	1.05140e-04	3.31855	24.7	31265	1.06140e-04	3.31836	26.0
63713.097	16.038	31539	1.05260e-04	3.31992	25.3	30949	1.07270e-04	3.31992	25.9	31573	1.05110e-04	3.31875	24.7	31264	1.06150e-04	3.31855	26.0
63714.285	16.028	31526	1.05310e-04	3.31992	25.3	30957	1.07240e-04	3.31992	25.9	31572	1.05120e-04	3.31875	24.7	31251	1.06180e-04	3.31836	26.0
63715.474	16.028	31602	1.05050e-04	3.31992	25.3	30926	1.07350e-04	3.31992	25.9	31533	1.05250e-04	3.31875	24.7	31154	1.06510e-04	3.31836	26.0
63716.662	16.044	31588	1.05100e-04	3.31992	25.3	30921	1.07380e-04	3.32012	25.9	31528	1.05260e-04	3.31875	24.7	31232	1.06250e-04	3.31855	26.0
63717.850	16.044	31562	1.05200e-04	3.32012	25.3	30958	1.07250e-04	3.32012	25.9	31622	1.04940e-04	3.31855	24.7	31244	1.06210e-04	3.31836	26.0
63719.039	16.060	31569	1.05170e-04	3.31992	25.3	30933	1.07330e-04	3.32012	25.9	31523	1.05280e-04	3.31875	24.7	31179	1.06430e-04	3.31855	26.0
63720.227	16.060	31632	1.04950e-04	3.31973	25.3	30936	1.07320e-04	3.32012	25.9	31563	1.05150e-04	3.31875	24.7	31161	1.06500e-04	3.31855	26.0
63721.415	16.060	31540	1.05270e-04	3.32012	25.3	30990	1.07130e-04	3.31992	25.9	31635	1.04900e-04	3.31855	24.7	31255	1.06170e-04	3.31836	26.0
63722.603	16.026	31540	1.05260e-04	3.31992	25.3	30921	1.07380e-04	3.32031	25.9	31543	1.05210e-04	3.31875	24.7	31192	1.06390e-04	3.31836	26.0
63723.791	16.023	31561	1.05190e-04	3.31992	25.3	30915	1.07390e-04	3.31992	25.9	31517	1.05300e-04	3.31875	24.7	31235	1.06240e-04	3.31836	26.0
63724.980	16.023	31584	1.05110e-04	3.31992	25.3	30949	1.07270e-04	3.31992	25.9	31552	1.05180e-04	3.31855	24.7	31210	1.06320e-04	3.31816	26.0
63726.168	16.023	31529	1.05300e-04	3.31992	25.3	30927	1.07350e-04	3.31992	25.9	31542	1.05210e-04	3.31855	24.7	31189	1.06400e-04	3.31855	26.0
63727.356	16.039	31553	1.05220e-04	3.31992	25.3	30950	1.07270e-04	3.31992	25.9	31588	1.05060e-04	3.31875	24.7	31248	1.06190e-04	3.31836	26.0
63728.544	16.039	31597	1.05070e-04	3.31992	25.3	30982	1.07160e-04	3.31992	25.9	31652	1.04850e-04	3.31875	24.7	31225	1.06270e-04	3.31836	26.0
63729.732	16.022	31537	1.05270e-04	3.31973	25.3	30962	1.07230e-04	3.32012	25.9	31540	1.05220e-04	3.31875	24.7	31288	1.06060e-04	3.31836	26.0
63730.921	16.022	31578	1.05130e-04	3.31992	25.3	30927	1.07350e-04	3.31992	25.9	31529	1.05260e-04	3.31875	24.7	31227	1.06260e-04	3.31836	26.0
63732.109	16.021	31511	1.05360e-04	3.31992	25.3	30916	1.07390e-04	3.32012	25.9	31517	1.05300e-04	3.31855	24.7	31199	1.06360e-04	3.31836	26.0
63733.297	16.021	31533	1.05280e-04	3.31992	25.3	30919	1.07380e-04	3.32012	25.9	31573	1.05110e-04	3.31875	24.7	31175	1.06440e-04	3.31836	26.0
63734.485	16.021	31508	1.05380e-04	3.32012	25.3	30903	1.07440e-04	3.32012	25.9	31496	1.05370e-04	3.31875	24.7	31188	1.06400e-04	3.31855	26.0
63735.674	16.044	31514	1.05340e-04	3.31973	25.3	30946	1.07290e-04	3.32012	25.9	31566	1.05140e-04	3.31875	24.7	31192	1.06380e-04	3.31836	26.0
63736.862	16.044	31631	1.04970e-04	3.32012	25.3	30930	1.07340e-04	3.32012	25.9	31560	1.05150e-04	3.31855	24.7	31189	1.06390e-04	3.31836	26.0
63738.050	16.061	31509	1.05360e-04	3.31992	25.3	30906	1.07420e-04	3.31992	25.9	31539	1.05230e-04	3.31875	24.7	31205	1.06340e-04	3.31836	26.0
63739.238	16.061	31634	1.04950e-04	3.31992	25.3	30944	1.07280e-04	3.31973	25.9	31536	1.05230e-04	3.31855	24.7	31189	1.06390e-04	3.31836	26.0
63740.427	16.027	31700	1.04730e-04	3.31992	25.3	30980	1.07160e-04	3.31992	25.9	31616	1.04970e-04	3.31875	24.7	31213	1.06310e-04	3.31836	26.0
63741.615	16.027	31664	1.04850e-04	3.31992	25.3	31065	1.06870e-04	3.31992	25.9	31691	1.04710e-04	3.31855	24.7	31300	1.06020e-04	3.31836	26.0
63742.803	15.991	31616	1.05010e-04	3.31992	25.3	30996	1.07110e-04	3.31992	25.9	31567	1.05130e-04	3.31855	24.7	31301	1.06020e-04	3.31836	26.0
63743.992	15.991	31564	1.05180e-04	3.31992	25.3	30922	1.07370e-04	3.32012	25.9	31547	1.05200e-04	3.31875	24.7	31207	1.06330e-04	3.31836	26.0
63745.180	15.991	31494	1.05420e-04	3.32012	25.3	30880	1.07510e-04	3.31992	25.9	31557	1.05170e-04	3.31875	24.7	31200	1.06350e-04	3.31816	26.0
63746.368	16.016	31538	1.05270e-04	3.31992	25.3	30910	1.07410e-04	3.32012	25.9	31504	1.05340e-04	3.31875	24.7	31208	1.06340e-04	3.31875	26.0
63747.556	16.016	31500	1.05400e-04	3.31992	25.3	30932	1.07340e-04	3.32031	25.9	31545	1.05210e-04	3.31875	24.7	31186	1.06410e-04	3.31855	26.0
63748.744	16.045	31587	1.05100e-04	3.31992	25.3	30915	1.07390e-04	3.32012	25.9	31550	1.05190e-04	3.31855	24.7	31221	1.06280e-04	3.31816	26.0
63749.933	16.045	31533	1.05280e-04	3.31992	25.3	30925	1.07360e-04	3.32012	25.9	31533	1.05250e-04	3.31875	24.7	31216	1.06300e-04	3.31836	26.0
63751.121	16.028	31523	1.05320e-04	3.31992	25.3	30974	1.07180e-04	3.31992	25.9	31552	1.05180e-04	3.31875	24.7	31207	1.06330e-04	3.31836	26.0
63752.309	16.028	31545	1.05240e-04	3.31992	25.3	30919	1.07380e-04	3.31992	25.9	31563	1.05150e-04	3.31875	24.7	31179	1.06430e-04	3.31855	26.0
63753.497	16.023	31659	1.04860e-04	3.31973	25.3	30961	1.07230e-04	3.31992	25.9	31564	1.05140e-04	3.31875	24.7	31196	1.06370e-04	3.31836	26.0
63754.685	16.023	31540	1.05270e-04	3.32012	25.3	30971	1.07190e-04	3.31992	25.9	31591	1.05050e-04	3.31855	24.7	31238	1.06220e-04	3.31816	26.0
63755.873	16.023	31606	1.05040e-04	3.31992	25.3	30915	1.07390e-04	3.32012	25.9	31579	1.05090e-04	3.31855	24.7	31242	1.06220e-04	3.31855	26.0
63757.062	16.021	31521	1.05320e-04	3.31992	25.3	30961	1.07240e-04	3.32012	25.9	31533	1.05250e-04	3.31875	24.7	31233	1.06250e-04	3.31836	26.0
63758.250	16.021	31618	1.05000e-04	3.31992	25.3	30903	1.07430e-04	3.31992	25.9	31572	1.05110e-04	3.31855	24.7	31247	1.06200e-04	3.31836	26.0
63759.438	16.047	31663	1.04850e-04	3.31973	25.3	30998	1.07110e-04	3.32012	25.9	31592	1.05050e-04	3.31875	24.7	31283	1.06080e-04	3.31855	26.0
63760.627	16.047	31627	1.04960e-04	3.31973	25.3	31031	1.06990e-04	3.31992	25.9	31630	1.04920e-04	3.31855	24.7	31333	1.05900e-04	3.31816	26.0
63761.815	16.011	31618	1.05010e-04	3.32012	25.3	30992	1.07120e-04	3.31992	25.9	31691	1.04710e-04	3.31855	24.7	31266	1.06130e-04	3.31836	26.0
63763.003	16.011	31612	1.05020e-04	3.31992	25.3	30991	1.07130e-04	3.32012	25.9	31551	1.05190e-04	3.31875	24.7	31203	1.06350e-04	3.31855	26.0
63764.191	16.011	31549	1.05230e-04	3.31992	25.3	30897	1.07450e-04	3.31992	25.9	31619	1.04970e-04	3.31895	24.7	31216	1.06300e-04	3.31836	26.0
63765.379	16.022	31549	1.05230e-04	3.31992	25.3	30954	1.07250e-04	3.31992	25.9	31603	1.05010e-04	3.31855	24.8	31223	1.06280e-04	3.31836	26.0
63766.568	16.022	31501	1.05390e-04	3.31992	25.3	30869	1.07550e-04	3.31992	25.9	31576	1.05100e-04	3.31855	24.8	31214	1.06310e-04	3.31836	26.0
63767.756	16.045	31531	1.05290e-04	3.31992	25.3	30915	1.07390e-04	3.31992	25.9	31500	1.05360e-04	3.31875	24.8	31200	1.06360e-04	3.31836	26.0
63768.944	16.045	31558	1.05200e-04	3.31992	25.4	30917	1.07390e-04	3.32012	25.9	31513	1.05310e-04	3.31875	24.8	31194	1.06380e-04	3.31836	26.0
63770.133	16.049	31591	1.05090e-04	3.31973	25.4	30937	1.07310e-04	3.31992	26.0	31525	1.05280e-04	3.31875	24.8	31231	1.06250e-04	3.31836	26.0
63771.321	16.049	31584	1.05120e-04	3.32012	25.4	30932	1.07330e-04	3.31992	26.0	31513	1.05310e-04	3.31875	24.8	31259	1.06160e-04	3.31836	26.0
63772.509	16.026	31570	1.05160e-04	3.31992	25.4	30891	1.07480e-04	3.32031	26.0	31551	1.05190e-04	3.31875	24.8	31208	1.06340e-04	3.31855	26.0
63773.697	16.026	31561	1.05190e-04	3.31992	25.4	30920	1.07370e-04	3.31992	26.0	31576	1.05100e-04	3.31875	24.8	31205	1.06340e-04	3.31836	26.0
63774.885	16.043	31607	1.05040e-04	3.32012	25.4	30957	1.07240e-04	3.31992	26.0	31596	1.05040e-04	3.31875	24.8	31227	1.06270e-04	3.31836	26.0
63776.074	16.043	31515	1.05350e-04	3.31992	25.4	30969	1.07210e-04	3.32012	26.0	31575	1.05110e-04	3.31875	24.8	31249	1.06200e-04	3.31855	26.0
63777.262	16.043	31501	1.05390e-04	3.31992	25.4	30974	1.07180e-04	3.31992	26.0	31530	1.05260e-04	3.31875	24.8	31235	1.06250e-04	3.31855	26.0
63778.450	16.042	31536	1.05280e-04	3.31992	25.4	30904	1.07430e-04	3.31992	26.0	31522	1.05280e-04	3.31875	24.8	31268	1.06130e-04	3.31855	26.0
63779.638	16.042	31552	1.05220e-04	3.31992	25.4	30904	1.07430e-04	3.31992	26.0	31520	1.05290e-04	3.31875	24.8	31209	1.06330e-04	3.31855	26.0
63780.827	16.043	31541	1.05260e-04	3.31992	25.4	30918	1.07380e-04	3.31992	26.0	31468	1.05460e-04	3.31875	24.8	31201	1.06350e-04	3.31836	26.0
63782.015	16.043	31490	1.05430e-04	3.31992	25.4	30909	1.07410e-04	3.32012	26.0	31493	1.05380e-04	3.31875	24.8	31160	1.06500e-04	3.31836	26.0
63783.203	16.033	31490	1.05430e-04	3.31992	25.3	30909	1.07420e-04	3.32012	26.0	31511	1.05320e-04	3.31875	24.8	31183	1.06420e-04	3.31855	26.0
63784.391	16.033	31497	1.05410e-04	3.32012	25.3	30910	1.07400e-04	3.31992	26.0	31479	1.05420e-04	3.31855	24.8	31199	1.06360e-04	3.31836	26.0
63785.580	16.033	31529	1.05300e-04	3.31992	25.3	30919	1.07380e-04	3.32012	25.9	31524	1.05280e-04	3.31875	24.8	31175	1.06450e-04	3.31855	26.0
63786.768	16.047	31498	1.05400e-04	3.31973	25.3	30870	1.07550e-04	3.31992	25.9	31507	1.05330e-04	3.31875	24.8	31182	1.06420e-04	3.31836	26.0
63787.956	16.047	31477	1.05480e-04	3.32012	25.3	30882	1.07500e-04	3.31992	25.9	31482	1.05410e-04	3.31855	24.8	31188	1.06400e-04	3.31836	26.0
63789.145	16.045	31536	1.05280e-04	3.31992	25.3	30918	1.07380e-04	3.31992	26.0	31545	1.05210e-04	3.31875	24.8	31210	1.06330e-04	3.31855	26.0
63790.333	16.045	31543	1.05250e-04	3.31992	25.3	30964	1.07220e-04	3.31992	26.0	31490	1.05380e-04	3.31855	24.8	31217	1.06300e-04	3.31836	26.0
63791.521	16.028	31585	1.05110e-04	3.31992	25.3	30989	1.07130e-04	3.31992	26.0	31504	1.05340e-04	3.31875	24.8	31261	1.06150e-04	3.31836	26.0
63792.709	16.028	31569	1.05170e-04	3.31992	25.3	30933	1.07330e-04	3.32012	25.9	31557	1.05170e-04	3.31875	24.8	31259	1.06160e-04	3.31836	26.0
63793.897	16.030	31566	1.05180e-04	3.31992	25.3	31016	1.07040e-04	3.31992	25.9	31579	1.05090e-04	3.31875	24.8	31250	1.06190e-04	3.31836	26.0
63795.086	16.030	31626	1.04970e-04	3.31992	25.3	31020	1.07040e-04	3.32031	25.9	31656	1.04840e-04	3.31875	24.8	31301	1.06020e-04	3.31836	26.0
63796.274	16.030	31567	1.05170e-04	3.31973	25.3	31005	1.07080e-04	3.32012	25.9	31567	1.05130e-04	3.31855	24.8	31219	1.06300e-04	3.31855	26.0
63797.462	16.000	31551	1.05220e-04	3.31992	25.3	30974	1.07180e-04	3.31992	25.9	31524	1.05270e-04	3.31855	24.8	31238	1.06220e-04	3.31816	26.1
63798.651	16.000	31568	1.05170e-04	3.32012	25.3	30982	1.07160e-04	3.32012	25.9	31618	1.04960e-04	3.31875	24.8	31268	1.06130e-04	3.31855	26.1
63799.839	16.032	31522	1.05310e-04	3.31973	25.3	30999	1.07100e-04	3.31992	25.9	31555	1.05180e-04	3.31875	24.8	31233	1.06250e-04	3.31836	26.1
63801.027	16.032	31546	1.05250e-04	3.32012	25.3	30946	1.07280e-04	3.31992	25.9	31562	1.05140e-04	3.31855	24.8	31230	1.06260e-04	3.31836	26.0
63802.215	16.037	31516	1.05340e-04	3.31992	25.3	30889	1.07480e-04	3.31992	25.9	31525	1.05270e-04	3.31875	24.8	31181	1.06430e-04	3.31855	26.0
63803.403	16.037	31635	1.04950e-04	3.31992	25.3	30920	1.07370e-04	3.31992	25.9	31553	1.05180e-04	3.31855	24.8	31190	1.06390e-04	3.31836	26.0
63804.591	16.021	31507	1.05370e-04	3.31992	25.3	30976	1.07170e-04	3.31973	25.9	31570	1.05120e-04	3.31855	24.8	31192	1.06370e-04	3.31797	26.0
63805.780	16.021	31582	1.05120e-04	3.31992	25.3	30952	1.07270e-04	3.32012	25.9	31494	1.05380e-04	3.31895	24.8	31296	1.06040e-04	3.31855	26.0
63806.968	16.021	31603	1.05040e-04	3.31973	25.3	30994	1.07120e-04	3.32012	25.9	31556	1.05170e-04	3.31855	24.8	31167	1.06470e-04	3.31836	26.0
63808.156	16.035	31560	1.05200e-04	3.31992	25.3	30941	1.07300e-04	3.31992	25.9	31515	1.05300e-04	3.31855	24.8	31202	1.06350e-04	3.31816	26.0
63809.345	16.035	31515	1.05340e-04	3.31992	25.3	30909	1.07420e-04	3.32031	25.9	31516	1.05300e-04	3.31875	24.8	31199	1.06370e-04	3.31855	26.1
63810.533	16.037	31513	1.05350e-04	3.31992	25.3	30877	1.07520e-04	3.31992	25.9	31549	1.05200e-04	3.31875	24.8	31216	1.06300e-04	3.31836	26.0
63811.721	16.037	31555	1.05210e-04	3.31992	25.2	30922	1.07360e-04	3.31992	25.9	31562	1.05150e-04	3.31875	24.8	31195	1.06370e-04	3.31816	26.0
63812.909	16.053	31533	1.05280e-04	3.31973	25.2	30961	1.07230e-04	3.31992	25.9	31537	1.05230e-04	3.31875	24.8	31201	1.06350e-04	3.31836	26.0
63814.098	16.053	31524	1.05310e-04	3.31992	25.2	30976	1.07180e-04	3.31992	25.9	31517	1.05300e-04	3.31875	24.8	31202	1.06340e-04	3.31816	26.0
63815.285	16.053	31551	1.05220e-04	3.31992	25.3	30909	1.07410e-04	3.31992	25.9	31533	1.05250e-04	3.31875	24.8	31242	1.06220e-04	3.31836	26.0
63816.474	16.041	31524	1.05310e-04	3.31992	25.3	30894	1.07460e-04	3.31992	25.9	31529	1.05250e-04	3.31855	24.8	31250	1.06190e-04	3.31836	26.0
63817.662	16.041	31643	1.04920e-04	3.31992	25.2	30943	1.07280e-04	3.31973	25.9	31569	1.05120e-04	3.31855	24.8	31178	1.06430e-04	3.31816	26.0
63818.850	16.056	31557	1.05200e-04	3.31992	25.2	30945	1.07290e-04	3.32012	25.9	31534	1.05240e-04	3.31875	24.8	31159	1.06500e-04	3.31836	26.0
63820.039	16.056	31544	1.05250e-04	3.31992	25.2	30869	1.07550e-04	3.32012	25.9	31545	1.05200e-04	3.31855	24.7	31219	1.06290e-04	3.31836	26.0
63821.227	16.049	31583	1.05120e-04	3.31992	25.2	30964	1.07230e-04	3.32012	25.9	31558	1.05160e-04	3.31855	24.8	31213	1.06310e-04	3.31836	26.0
63822.415	16.049	31563	1.05180e-04	3.31992	25.2	30990	1.07120e-04	3.31973	25.9	31594	1.05040e-04	3.31855	24.7	31228	1.06250e-04	3.31816	26.0
63823.603	16.050	31587	1.05100e-04	3.31992	25.2	31004	1.07090e-04	3.32012	25.9	31629	1.04930e-04	3.31875	24.7	31296	1.06040e-04	3.31855	26.0
63824.792	16.050	31590	1.05090e-04	3.31992	25.2	30931	1.07330e-04	3.31992	25.9	31572	1.05120e-04	3.31875	24.7	31209	1.06320e-04	3.31816	26.0
63825.980	16.039	31644	1.04910e-04	3.31973	25.2	31005	1.07080e-04	3.31992	25.9	31637	1.04890e-04	3.31855	24.7	31265	1.06140e-04	3.31836	26.0
63827.168	16.039	31610	1.05030e-04	3.31992	25.2	31012	1.07050e-04	3.31992	25.9	31682	1.04750e-04	3.31855	24.7	31274	1.06110e-04	3.31836	26.0
63828.356	16.039	31558	1.05200e-04	3.31992	25.2	30951	1.07270e-04	3.32012	25.9	31607	1.05000e-04	3.31875	24.7	31225	1.06270e-04	3.31836	26.0
63829.545	16.034	31564	1.05180e-04	3.31973	25.2	30946	1.07280e-04	3.31992	25.9	31603	1.05010e-04	3.31855	24.7	31227	1.06260e-04	3.31816	26.0
63830.733	16.034	31516	1.05350e-04	3.32012	25.2	30981	1.07160e-04	3.31992	25.9	31537	1.05230e-04	3.31855	24.7	31177	1.06430e-04	3.31836	26.0
63831.921	16.022	31556	1.05200e-04	3.31973	25.2	30922	1.07370e-04	3.32012	25.9	31553	1.05180e-04	3.31875	24.7	31198	1.06360e-04	3.31836	26.0
63833.109	16.022	31603	1.05040e-04	3.31973	25.2	30902	1.07430e-04	3.31973	25.9	31511	1.05300e-04	3.31816	24.7	31207	1.06320e-04	3.31797	26.0
63834.297	16.022	31573	1.05160e-04	3.32012	25.2	30946	1.07290e-04	3.32031	25.9	31569	1.05130e-04	3.31895	24.7	31212	1.06330e-04	3.31875	26.0
63835.486	16.042	31569	1.05160e-04	3.31973	25.2	30884	1.07500e-04	3.32012	25.9	31578	1.05100e-04	3.31895	24.7	31216	1.06300e-04	3.31836	26.0
63836.674	16.042	31561	1.05190e-04	3.31992	25.2	30878	1.07510e-04	3.31973	25.9	31591	1.05050e-04	3.31855	24.7	31186	1.06400e-04	3.31816	26.0
63837.862	16.013	31634	1.04950e-04	3.32012	25.2	30947	1.07280e-04	3.32012	25.9	31641	1.04890e-04	3.31875	24.7	31303	1.06010e-04	3.31836	26.0
63839.051	16.013	31615	1.05000e-04	3.31973	25.2	31011	1.07060e-04	3.31992	25.9	31623	1.04950e-04	3.31875	24.7	31261	1.06150e-04	3.31836	26.0
63840.238	16.029	31573	1.05160e-04	3.32012	25.2	30965	1.07210e-04	3.31992	25.9	31612	1.04980e-04	3.31855	24.7	31211	1.06320e-04	3.31836	26.0
63841.427	16.029	31584	1.05120e-04	3.32012	25.2	30920	1.07370e-04	3.31992	25.9	31523	1.05270e-04	3.31855	24.7	31225	1.06270e-04	3.31836	26.0
63842.615	16.037	31481	1.05460e-04	3.31992	25.2	30886	1.07490e-04	3.31992	25.9	31536	1.05240e-04	3.31875	24.7	31174	1.06440e-04	3.31816	26.0
63843.804	16.037	31563	1.05190e-04	3.32012	25.2	30964	1.07230e-04	3.32031	25.9	31580	1.05080e-04	3.31855	24.7	31251	1.06190e-04	3.31855	26.0
63844.992	16.036	31529	1.05300e-04	3.31992	25.2	30908	1.07420e-04	3.32012	25.9	31552	1.05180e-04	3.31875	24.7	31199	1.06360e-04	3.31836	26.0
63846.180	16.036	31548	1.05230e-04	3.31992	25.2	30888	1.07490e-04	3.32012	25.9	31538	1.05220e-04	3.31855	24.7	31209	1.06330e-04	3.31836	26.0
63847.368	16.036	31531	1.05300e-04	3.32012	25.2	30885	1.07490e-04	3.31992	25.9	31533	1.05240e-04	3.31855	24.7	31190	1.06390e-04	3.31836	26.0
63848.556	16.038	31525	1.05300e-04	3.31973	25.2	30906	1.07430e-04	3.32012	25.9	31563	1.05150e-04	3.31875	24.7	31196	1.06370e-04	3.31836	26.0
63849.744	16.038	31489	1.05420e-04	3.31973	25.2	30881	1.07500e-04	3.31973	25.9	31521	1.05280e-04	3.31855	24.7	31171	1.06450e-04	3.31816	26.0
63850.933	16.057	31546	1.05240e-04	3.31992	25.2	30903	1.07430e-04	3.31992	25.9	31612	1.04980e-04	3.31855	24.7	31222	1.06280e-04	3.31836	26.0
63852.121	16.057	31560	1.05200e-04	3.31992	25.2	30884	1.07500e-04	3.32012	25.9	31576	1.05100e-04	3.31875	24.7	31226	1.06270e-04	3.31836	26.0
63853.309	16.023	31619	1.05000e-04	3.31992	25.2	30996	1.07100e-04	3.31953	25.9	31591	1.05050e-04	3.31855	24.8	31234	1.06230e-04	3.31816	26.0
63854.497	16.023	31635	1.04940e-04	3.31992	25.3	31077	1.06840e-04	3.32012	25.9	31644	1.04880e-04	3.31875	24.8	31295	1.06040e-04	3.31855	26.0
63855.686	15.993	31696	1.04740e-04	3.31992	25.3	31026	1.07010e-04	3.32012	25.9	31658	1.04840e-04	3.31895	24.8	31319	1.05950e-04	3.31836	26.0
63856.874	15.993	31656	1.04880e-04	3.32012	25.3	31012	1.07050e-04	3.31992	25.9	31634	1.04900e-04	3.31836	24.8	31304	1.06000e-04	3.31836	26.0
63858.062	15.993	31631	1.04960e-04	3.32012	25.3	30953	1.07270e-04	3.32031	25.9	31625	1.04950e-04	3.31895	24.8	31266	1.06140e-04	3.31855	26.0
63859.251	16.013	31615	1.05000e-04	3.31973	25.3	30961	1.07240e-04	3.32012	25.9	31625	1.04950e-04	3.31895	24.8	31331	1.05910e-04	3.31836	26.0
63860.439	16.013	31598	1.05070e-04	3.32012	25.3	30992	1.07120e-04	3.31992	25.9	31624	1.04940e-04	3.31855	24.8	31285	1.06070e-04	3.31836	26.0
63861.627	15.991	31621	1.04990e-04	3.31992	25.3	30974	1.07190e-04	3.32012	25.9	31578	1.05100e-04	3.31895	24.8	31268	1.06130e-04	3.31855	26.0
63862.815	15.991	31601	1.05050e-04	3.31973	25.3	30941	1.07300e-04	3.31992	25.9	31594	1.05040e-04	3.31875	24.8	31292	1.06040e-04	3.31836	26.0
63864.003	16.022	31532	1.05290e-04	3.32012	25.3	30904	1.07430e-04	3.31992	25.9	31548	1.05190e-04	3.31855	24.8	31192	1.06380e-04	3.31836	26.0
63865.192	16.022	31498	1.05400e-04	3.31992	25.3	30919	1.07380e-04	3.32012	25.9	31495	1.05370e-04	3.31875	24.8	31166	1.06480e-04	3.31855	26.0
63866.380	16.022	31554	1.05210e-04	3.31992	25.3	30952	1.07260e-04	3.31992	25.9	31546	1.05200e-04	3.31875	24.8	31257	1.06160e-04	3.31836	26.0
63867.568	16.023	31558	1.05210e-04	3.32012	25.3	30932	1.07340e-04	3.32012	25.9	31565	1.05130e-04	3.31855	24.8	31229	1.06260e-04	3.31855	26.0
63868.756	16.023	31512	1.05350e-04	3.31973	25.3	30928	1.07350e-04	3.32012	25.9	31565	1.05140e-04	3.31875	24.8	31168	1.06470e-04	3.31836	26.0
63869.945	16.032	31522	1.05330e-04	3.32012	25.3	30909	1.07410e-04	3.32012	25.9	31526	1.05270e-04	3.31855	24.8	31132	1.06590e-04	3.31836	26.0
63871.132	16.032	31555	1.05220e-04	3.32012	25.3	30940	1.07310e-04	3.32031	25.9	31473	1.05450e-04	3.31875	24.8	31231	1.06260e-04	3.31855	26.0
63872.321	16.032	31559	1.05190e-04	3.31973	25.3	30952	1.07270e-04	3.32012	25.9	31575	1.05110e-04	3.31875	24.8	31189	1.06400e-04	3.31855	26.0
63873.509	16.020	31591	1.05100e-04	3.32012	25.3	30975	1.07180e-04	3.31992	25.9	31580	1.05080e-04	3.31855	24.8	31211	1.06320e-04	3.31836	26.1
63874.697	16.028	31559	1.05200e-04	3.32012	25.3	30988	1.07140e-04	3.32012	25.9	31564	1.05150e-04	3.31895	24.8	31223	1.06280e-04	3.31855	26.1
63875.886	16.028	31533	1.05280e-04	3.31992	25.3	30916	1.07380e-04	3.31992	25.9	31521	1.05290e-04	3.31875	24.8	31194	1.06380e-04	3.31836	26.1
63877.074	16.028	31505	1.05390e-04	3.32031	25.3	30885	1.07500e-04	3.32012	25.9	31523	1.05270e-04	3.31855	24.8	31202	1.06360e-04	3.31855	26.1
63878.262	16.040	31497	1.05410e-04	3.32012	25.3	30923	1.07370e-04	3.32012	25.9	31564	1.05150e-04	3.31895	24.8	31198	1.06380e-04	3.31875	26.1
63879.450	16.040	31522	1.05320e-04	3.31992	25.3	30886	1.07490e-04	3.31992	25.9	31528	1.05260e-04	3.31875	24.8	31230	1.06250e-04	3.31836	26.1
63880.639	16.046	31590	1.05100e-04	3.32012	25.3	30965	1.07230e-04	3.32031	25.9	31508	1.05330e-04	3.31875	24.8	31214	1.06320e-04	3.31855	26.0
63881.827	16.046	31546	1.05240e-04	3.31992	25.3	30997	1.07110e-04	3.32012	25.9	31550	1.05200e-04	3.31895	24.8	31202	1.06360e-04	3.31855	26.1
63883.015	16.012	31561	1.05190e-04	3.31992	25.3	30955	1.07260e-04	3.32012	25.9	31535	1.05240e-04	3.31875	24.8	31269	1.06120e-04	3.31836	26.1
63884.203	16.012	31551	1.05230e-04	3.32012	25.4	30990	1.07140e-04	3.32031	26.0	31552	1.05190e-04	3.31895	24.8	31294	1.06050e-04	3.31875	26.1
63885.391	16.012	31603	1.05040e-04	3.31973	25.4	30962	1.07230e-04	3.31992	26.0	31578	1.05100e-04	3.31895	24.8	31257	1.06160e-04	3.31836	26.1
63886.580	16.023	31638	1.04950e-04	3.32031	25.4	30992	1.07130e-04	3.32012	26.0	31567	1.05130e-04	3.31875	24.8	31272	1.06120e-04	3.31855	26.1
63887.768	16.006	31541	1.05260e-04	3.32012	25.4	30988	1.07140e-04	3.32012	26.0	31624	1.04940e-04	3.31875	24.8	31238	1.06230e-04	3.31855	26.1
63888.956	16.006	31589	1.05100e-04	3.31992	25.4	30959	1.07240e-04	3.31992	26.0	31557	1.05170e-04	3.31875	24.8	31230	1.06260e-04	3.31836	26.1
63890.144	16.006	31598	1.05080e-04	3.32031	25.4	30994	1.07130e-04	3.32031	26.0	31615	1.04980e-04	3.31895	24.8	31237	1.06250e-04	3.31875	26.1
63891.333	15.995	31543	1.05260e-04	3.32012	25.4	30958	1.07250e-04	3.32031	26.0	31576	1.05110e-04	3.31895	24.8	31185	1.06420e-04	3.31875	26.1
63892.521	15.995	31539	1.05270e-04	3.31992	25.4	30912	1.07410e-04	3.32012	26.0	31546	1.05200e-04	3.31875	24.8	31167	1.06470e-04	3.31836	26.1
63893.709	16.017	31553	1.05230e-04	3.32031	25.4	30990	1.07140e-04	3.32031	26.0	31496	1.05380e-04	3.31895	24.8	31188	1.06400e-04	3.31855	26.1
63894.897	16.017	31547	1.05240e-04	3.31992	25.4	30884	1.07500e-04	3.32012	26.0	31490	1.05390e-04	3.31875	24.8	31168	1.06470e-04	3.31836	26.1
63896.086	16.017	31537	1.05280e-04	3.32012	25.4	30928	1.07350e-04	3.32012	25.9	31496	1.05370e-04	3.31875	24.8	31189	1.06400e-04	3.31855	26.1
63897.274	16.051	31564	1.05190e-04	3.32012	25.3	30974	1.07190e-04	3.32012	25.9	31490	1.05390e-04	3.31875	24.8	31210	1.06330e-04	3.31875	26.1
63898.462	16.051	31610	1.05030e-04	3.31992	25.3	30949	1.07280e-04	3.32012	25.9	31568	1.05130e-04	3.31875	24.8	31242	1.06220e-04	3.31836	26.1
63899.651	16.049	31573	1.05160e-04	3.32012	25.3	30987	1.07150e-04	3.32012	25.9	31578	1.05100e-04	3.31875	24.8	31302	1.06020e-04	3.31855	26.1
63900.838	16.049	31603	1.05060e-04	3.32012	25.3	30918	1.07380e-04	3.31992	25.9	31526	1.05270e-04	3.31875	24.8	31243	1.06220e-04	3.31855	26.1
63902.027	16.007	31590	1.05090e-04	3.31992	25.4	31000	1.07090e-04	3.31992	26.0	31615	1.04980e-04	3.31895	24.8	31274	1.06110e-04	3.31855	26.1
63903.215	16.007	31534	1.05290e-04	3.32012	25.3	30930	1.07350e-04	3.32031	26.0	31572	1.05120e-04	3.31895	24.8	31254	1.06190e-04	3.31875	26.1
63904.403	16.043	31541	1.05260e-04	3.31992	25.3	30987	1.07150e-04	3.32012	25.9	31517	1.05300e-04	3.31875	24.8	31249	1.06200e-04	3.31855	26.1
63905.591	16.043	31541	1.05260e-04	3.32012	25.3	31005	1.07080e-04	3.32012	25.9	31535	1.05240e-04	3.31875	24.8	31216	1.06300e-04	3.31836	26.1
63906.780	16.028	31589	1.05100e-04	3.31992	25.3	30994	1.07130e-04	3.32031	25.9	31580	1.05090e-04	3.31895	24.8	31203	1.06350e-04	3.31836	26.1
63907.968	16.028	31559	1.05190e-04	3.31973	25.3	30986	1.07150e-04	3.32012	25.9	31630	1.04920e-04	3.31875	24.8	31261	1.06150e-04	3.31836	26.1
63909.157	16.028	31484	1.05450e-04	3.31992	25.3	30880	1.07510e-04	3.31992	25.9	31588	1.05060e-04	3.31875	24.8	31222	1.06280e-04	3.31836	26.1
63910.344	16.045	31505	1.05380e-04	3.31992	25.3	30912	1.07400e-04	3.31992	25.9	31542	1.05220e-04	3.31875	24.8	31236	1.06240e-04	3.31855	26.1
63911.533	16.045	31542	1.05250e-04	3.31973	25.3	30924	1.07360e-04	3.31992	25.9	31561	1.05150e-04	3.31855	24.8	31223	1.06270e-04	3.31816	26.1
63912.721	16.041	31605	1.05040e-04	3.31992	25.3	30979	1.07170e-04	3.31992	25.9	31594	1.05040e-04	3.31875	24.8	31204	1.06350e-04	3.31855	26.1
63913.910	16.041	31638	1.04940e-04	3.31992	25.3	31002	1.07090e-04	3.31992	25.9	31670	1.04790e-04	3.31875	24.8	31292	1.06040e-04	3.31836	26.1
63915.098	16.041	31565	1.05180e-04	3.31992	25.3	30980	1.07160e-04	3.31992	25.9	31558	1.05160e-04	3.31855	24.8	31277	1.06100e-04	3.31836	26.1
63916.286	16.038	31608	1.05040e-04	3.31992	25.3	30996	1.07120e-04	3.32012	25.9	31631	1.04930e-04	3.31895	24.8	31235	1.06250e-04	3.31855	26.1
63917.474	16.032	31561	1.05190e-04	3.31992	25.3	31017	1.07040e-04	3.31992	25.9	31671	1.04790e-04	3.31875	24.8	31313	1.05970e-04	3.31836	26.1
63918.662	16.032	31508	1.05370e-04	3.31992	25.3	30959	1.07240e-04	3.32012	25.9	31570	1.05120e-04	3.31855	24.8	31253	1.06180e-04	3.31836	26.1
63919.850	16.032	31559	1.05200e-04	3.31992	25.3	30980	1.07170e-04	3.32012	25.9	31532	1.05260e-04	3.31895	24.8	31187	1.06400e-04	3.31836	26.1
63921.039	16.057	31505	1.05380e-04	3.31992	25.3	30900	1.07450e-04	3.32012	25.9	31585	1.05070e-04	3.31855	24.8	31194	1.06380e-04	3.31836	26.1
63922.227	16.057	31548	1.05230e-04	3.31992	25.3	30922	1.07370e-04	3.31992	25.9	31533	1.05240e-04	3.31855	24.8	31175	1.06440e-04	3.31836	26.0
63923.415	16.033	31548	1.05240e-04	3.32012	25.3	30898	1.07460e-04	3.32012	25.9	31568	1.05130e-04	3.31875	24.8	31209	1.06330e-04	3.31836	26.0
63924.603	16.033	31533	1.05280e-04	3.31992	25.3	30899	1.07440e-04	3.31992	25.9	31561	1.05150e-04	3.31855	24.8	31192	1.06390e-04	3.31836	26.0
63925.792	15.976	31532	1.05290e-04	3.31992	25.3	30928	1.07340e-04	3.31992	25.9	31557	1.05170e-04	3.31875	24.8	31212	1.06320e-04	3.31836	26.0
63926.980	15.976	31601	1.05060e-04	3.32012	25.3	30916	1.07380e-04	3.31992	25.9	31575	1.05110e-04	3.31875	24.8	31176	1.06440e-04	3.31855	26.0
63928.168	16.044	31573	1.05140e-04	3.31973	25.3	30908	1.07420e-04	3.32012	25.9	31587	1.05070e-04	3.31875	24.8	31214	1.06320e-04	3.31855	26.0
63929.357	16.044	31609	1.05040e-04	3.32012	25.3	30931	1.07330e-04	3.31992	25.9	31605	1.05000e-04	3.31855	24.8	31282	1.06090e-04	3.31855	26.0
63930.545	16.044	31622	1.04990e-04	3.32012	25.3	30903	1.07440e-04	3.32012	25.9	31543	1.05210e-04	3.31875	24.8	31191	1.06390e-04	3.31855	26.1
63931.733	16.038	31533	1.05290e-04	3.31992	25.3	30932	1.07330e-04	3.31992	25.9	31573	1.05110e-04	3.31875	24.8	31243	1.06210e-04	3.31836	26.0
63932.921	16.038	31621	1.05000e-04	3.32012	25.3	30896	1.07470e-04	3.32031	25.9	31525	1.05280e-04	3.31875	24.8	31194	1.06380e-04	3.31855	26.1
63934.110	16.041	31492	1.05430e-04	3.32012	25.3	30908	1.07420e-04	3.32012	25.9	31543	1.05210e-04	3.31875	24.8	31201	1.06360e-04	3.31855	26.1
63935.297	16.041	31549	1.05230e-04	3.31992	25.3	30893	1.07470e-04	3.31992	25.9	31519	1.05290e-04	3.31855	24.8	31153	1.06520e-04	3.31836	26.0
63936.486	16.041	31548	1.05240e-04	3.32012	25.3	30869	1.07560e-04	3.32012	25.9	31562	1.05160e-04	3.31895	24.8	31240	1.06230e-04	3.31855	26.0
63937.674	16.041	31615	1.05010e-04	3.31992	25.2	30976	1.07180e-04	3.32012	25.9	31571	1.05120e-04	3.31875	24.8	31235	1.06240e-04	3.31836	26.0
63938.862	16.041	31574	1.05150e-04	3.31992	25.2	30972	1.07190e-04	3.31992	25.9	31595	1.05030e-04	3.31855	24.8	31325	1.05930e-04	3.31836	26.0
63940.051	16.058	31603	1.05060e-04	3.32012	25.2	30973	1.07190e-04	3.31992	25.9	31645	1.04880e-04	3.31895	24.8	31304	1.06000e-04	3.31836	26.0
63941.239	16.058	31619	1.04990e-04	3.31973	25.2	30927	1.07350e-04	3.31992	25.9	31666	1.04800e-04	3.31855	24.8	31297	1.06030e-04	3.31836	26.0
63942.427	16.046	31606	1.05050e-04	3.32012	25.2	30908	1.07420e-04	3.32012	25.9	31580	1.05080e-04	3.31855	24.8	31214	1.06300e-04	3.31816	26.0
63943.615	16.046	31604	1.05050e-04	3.31992	25.2	30928	1.07350e-04	3.32012	25.9	31623	1.04950e-04	3.31875	24.8	31189	1.06400e-04	3.31836	26.0
63944.803	16.067	31534	1.05270e-04	3.31973	25.2	30956	1.07250e-04	3.31992	25.9	31519	1.05290e-04	3.31855	24.8	31145	1.06540e-04	3.31816	26.0
63945.992	16.067	31510	1.05360e-04	3.31973	25.2	30887	1.07480e-04	3.31992	25.9	31528	1.05260e-04	3.31855	24.8	31166	1.06470e-04	3.31816	26.0
63947.180	16.047	31505	1.05380e-04	3.32012	25.2	30913	1.07390e-04	3.31992	25.9	31490	1.05380e-04	3.31855	24.8	31212	1.06320e-04	3.31836	26.0
63948.368	16.047	31545	1.05240e-04	3.31973	25.2	30911	1.07400e-04	3.31992	25.9	31574	1.05100e-04	3.31855	24.8	31212	1.06320e-04	3.31836	26.0
63949.556	16.047	31565	1.05170e-04	3.31973	25.2	30853	1.07600e-04	3.31973	25.9	31579	1.05090e-04	3.31875	24.8	31200	1.06360e-04	3.31836	26.0
63950.744	16.097	31579	1.05130e-04	3.31992	25.2	30946	1.07280e-04	3.31992	25.9	31598	1.05020e-04	3.31855	24.8	31204	1.06340e-04	3.31816	26.0
63951.933	16.097	31553	1.05210e-04	3.31973	25.2	30841	1.07640e-04	3.31973	25.9	31595	1.05030e-04	3.31855	24.8	31198	1.06360e-04	3.31816	26.0
63953.121	16.049	31542	1.05250e-04	3.31992	25.2	30941	1.07290e-04	3.31973	25.9	31507	1.05320e-04	3.31836	24.8	31210	1.06320e-04	3.31816	26.0
63954.309	16.049	31594	1.05080e-04	3.31992	25.2	30900	1.07450e-04	3.32012	25.9	31502	1.05350e-04	3.31855	24.8	31184	1.06410e-04	3.31836	26.0
63955.498	16.052	31587	1.05100e-04	3.31973	25.2	30891	1.07470e-04	3.31992	25.9	31584	1.05080e-04	3.31875	24.8	31197	1.06360e-04	3.31816	26.0
63956.686	16.052	31581	1.05120e-04	3.31992	25.2	30931	1.07330e-04	3.31992	25.9	31606	1.04990e-04	3.31836	24.8	31214	1.06300e-04	3.31816	26.0
63957.874	16.052	31649	1.04900e-04	3.31992	25.2	31015	1.07050e-04	3.32012	25.9	31678	1.04760e-04	3.31855	24.8	31214	1.06310e-04	3.31836	26.0
63959.062	16.012	31619	1.04990e-04	3.31973	25.2	30945	1.07280e-04	3.31992	25.9	31664	1.04810e-04	3.31855	24.8	31248	1.06200e-04	3.31836	26.0
63960.250	16.012	31548	1.05230e-04	3.31973	25.2	30955	1.07250e-04	3.31992	25.9	31577	1.05090e-04	3.31836	24.8	31245	1.06210e-04	3.31836	26.0
63961.439	16.055	31520	1.05330e-04	3.31992	25.2	30873	1.07530e-04	3.31992	25.9	31540	1.05220e-04	3.31855	24.8	31174	1.06450e-04	3.31836	26.0
63962.627	16.055	31548	1.05230e-04	3.31973	25.2	30898	1.07440e-04	3.31973	25.9	31555	1.05170e-04	3.31855	24.8	31211	1.06320e-04	3.31816	26.0
63963.815	16.063	31520	1.05330e-04	3.31992	25.2	30899	1.07450e-04	3.31992	25.9	31548	1.05190e-04	3.31855	24.8	31160	1.06500e-04	3.31836	26.0
63965.004	16.063	31519	1.05320e-04	3.31973	25.2	30840	1.07650e-04	3.31992	25.9	31557	1.05160e-04	3.31855	24.8	31178	1.06430e-04	3.31836	26.0
63966.192	16.066	31485	1.05450e-04	3.31992	25.2	30850	1.07610e-04	3.31973	25.9	31577	1.05090e-04	3.31855	24.8	31187	1.06400e-04	3.31816	26.0
63967.380	16.066	31593	1.05080e-04	3.31992	25.2	30895	1.07460e-04	3.32012	25.9	31598	1.05030e-04	3.31875	24.8	31209	1.06330e-04	3.31855	26.0
63968.568	16.055	31546	1.05240e-04	3.31973	25.2	30875	1.07530e-04	3.31992	25.9	31515	1.05300e-04	3.31855	24.8	31225	1.06270e-04	3.31836	26.0
63969.756	16.055	31543	1.05260e-04	3.32012	25.2	30887	1.07490e-04	3.32012	25.9	31576	1.05100e-04	3.31855	24.8	31231	1.06250e-04	3.31816	26.0
63970.945	16.055	31565	1.05180e-04	3.31992	25.2	30955	1.07250e-04	3.32012	25.9	31555	1.05170e-04	3.31875	24.7	31185	1.06410e-04	3.31836	26.0
63972.133	16.052	31540	1.05260e-04	3.31973	25.2	30913	1.07400e-04	3.31992	25.9	31552	1.05180e-04	3.31855	24.7	31197	1.06370e-04	3.31836	26.0
63973.321	16.052	31545	1.05250e-04	3.32012	25.2	30885	1.07490e-04	3.31992	25.9	31548	1.05190e-04	3.31855	24.7	31175	1.06440e-04	3.31836	26.0
63974.509	16.079	31629	1.04960e-04	3.31992	25.2	30944	1.07290e-04	3.31992	25.9	31615	1.04970e-04	3.31875	24.7	31187	1.06400e-04	3.31836	26.0
63975.698	16.079	31587	1.05100e-04	3.31992	25.2	30935	1.07320e-04	3.31992	25.9	31610	1.04990e-04	3.31855	24.7	31182	1.06410e-04	3.31816	26.0
63976.886	16.036	31597	1.05060e-04	3.31973	25.2	30956	1.07240e-04	3.31973	25.9	31621	1.04950e-04	3.31875	24.7	31271	1.06110e-04	3.31816	26.0
63978.074	16.036	31608	1.05030e-04	3.31992	25.2	30919	1.07380e-04	3.32012	25.9	31605	1.05000e-04	3.31855	24.7	31226	1.06270e-04	3.31836	26.0
63979.262	16.015	31616	1.05010e-04	3.31992	25.2	30962	1.07230e-04	3.32012	25.9	31606	1.05000e-04	3.31875	24.7	31231	1.06260e-04	3.31855	26.0
63980.451	16.015	31584	1.05110e-04	3.31973	25.2	30918	1.07380e-04	3.31992	25.8	31568	1.05130e-04	3.31875	24.7	31228	1.06260e-04	3.31816	26.0
63981.638	16.015	31580	1.05130e-04	3.31992	25.2	31014	1.07050e-04	3.32012	25.8	31585	1.05070e-04	3.31875	24.7	31177	1.06440e-04	3.31836	26.0
63982.827	16.025	31605	1.05040e-04	3.31992	25.2	30970	1.07200e-04	3.31992	25.8	31582	1.05080e-04	3.31875	24.7	31182	1.06420e-04	3.31836	26.0
63984.015	16.025	31629	1.04970e-04	3.32012	25.2	30981	1.07160e-04	3.31992	25.9	31547	1.05200e-04	3.31855	24.7	31206	1.06330e-04	3.31816	26.0
63985.204	16.009	31671	1.04820e-04	3.31992	25.2	31029	1.07000e-04	3.32012	25.9	31586	1.05070e-04	3.31875	24.7	31276	1.06110e-04	3.31855	26.0
63986.392	16.009	31677	1.04800e-04	3.31973	25.2	31020	1.07030e-04	3.31992	25.9	31617	1.04970e-04	3.31875	24.7	31274	1.06110e-04	3.31836	26.0
63987.580	16.029	31649	1.04910e-04	3.32031	25.2	31016	1.07040e-04	3.31992	25.8	31593	1.05040e-04	3.31855	24.7	31264	1.06140e-04	3.31836	26.0
63988.768	16.029	31591	1.05090e-04	3.31992	25.2	30979	1.07170e-04	3.31992	25.8	31648	1.04860e-04	3.31875	24.7	31238	1.06230e-04	3.31836	26.0
63989.956	16.029	31640	1.04930e-04	3.31992	25.2	30941	1.07300e-04	3.31992	25.9	31594	1.05040e-04	3.31855	24.7	31272	1.06110e-04	3.31816	26.0
63991.145	16.037	31600	1.05060e-04	3.31992	25.2	30929	1.07350e-04	3.32012	25.9	31635	1.04910e-04	3.31875	24.7	31188	1.06410e-04	3.31855	26.0
63992.333	16.037	31574	1.05150e-04	3.31992	25.2	30912	1.07400e-04	3.32012	25.9	31596	1.05040e-04	3.31875	24.7	31193	1.06380e-04	3.31836	26.0
63993.521	16.034	31563	1.05190e-04	3.31992	25.3	30924	1.07360e-04	3.32012	25.9	31639	1.04890e-04	3.31855	24.7	31215	1.06310e-04	3.31836	26.0
63994.709	16.034	31550	1.05230e-04	3.31992	25.3	30916	1.07390e-04	3.32012	25.9	31541	1.05220e-04	3.31875	24.7	31180	1.06430e-04	3.31836	26.0
63995.898	16.046	31515	1.05340e-04	3.31992	25.3	30896	1.07450e-04	3.31992	25.9	31542	1.05210e-04	3.31855	24.7	31202	1.06350e-04	3.31836	26.0
63997.086	16.046	31541	1.05260e-04	3.32012	25.3	30906	1.07420e-04	3.31992	25.9	31579	1.05090e-04	3.31875	24.7	31175	1.06440e-04	3.31836	26.0
63998.274	16.049	31482	1.05450e-04	3.31992	25.3	30895	1.07460e-04	3.32012	25.9	31555	1.05180e-04	3.31875	24.7	31154	1.06520e-04	3.31855	26.0
63999.463	16.049	31533	1.05280e-04	3.31973	25.3	30885	1.07490e-04	3.31992	25.9	31567	1.05130e-04	3.31855	24.7	31204	1.06350e-04	3.31836	26.0
64000.650	16.049	31568	1.05170e-04	3.32012	25.3	30882	1.07500e-04	3.31992	25.9	31558	1.05170e-04	3.31895	24.7	31168	1.06470e-04	3.31836	26.0
64001.838	16.058	31568	1.05170e-04	3.31992	25.3	30973	1.07190e-04	3.31992	25.9	31519	1.05300e-04	3.31875	24.7	31187	1.06400e-04	3.31836	26.0
64003.027	16.058	31602	1.05060e-04	3.31992	25.3	30955	1.07250e-04	3.31992	25.9	31568	1.05130e-04	3.31875	24.7	31189	1.06400e-04	3.31836	26.0
64004.215	16.076	31489	1.05430e-04	3.31992	25.3	30887	1.07490e-04	3.32012	25.9	31580	1.05090e-04	3.31875	24.7	31210	1.06330e-04	3.31836	26.0
64005.404	16.076	31588	1.05090e-04	3.31973	25.3	30971	1.07210e-04	3.32031	25.9	31576	1.05100e-04	3.31875	24.7	31292	1.06040e-04	3.31836	26.0
64006.592	16.058	31606	1.05050e-04	3.32012	25.3	30949	1.07270e-04	3.31992	25.9	31603	1.05010e-04	3.31855	24.7	31211	1.06320e-04	3.31836	26.0
64007.780	16.058	31621	1.05000e-04	3.32012	25.3	30923	1.07370e-04	3.32031	25.9	31595	1.05050e-04	3.31895	24.7	31201	1.06360e-04	3.31855	26.0
64008.968	16.058	31554	1.05210e-04	3.31992	25.3	30952	1.07270e-04	3.32012	25.9	31615	1.04970e-04	3.31875	24.7	31233	1.06250e-04	3.31855	26.0
64010.157	16.038	31586	1.05110e-04	3.32012	25.3	30917	1.07380e-04	3.31992	25.9	31573	1.05120e-04	3.31895	24.7	31257	1.06170e-04	3.31855	26.0
64011.344	16.038	31618	1.05000e-04	3.31992	25.3	30941	1.07300e-04	3.32012	25.9	31544	1.05200e-04	3.31855	24.7	31195	1.06370e-04	3.31816	26.0
64012.533	16.053	31523	1.05320e-04	3.32012	25.3	30889	1.07480e-04	3.32012	25.9	31525	1.05270e-04	3.31875	24.7	31186	1.06410e-04	3.31855	26.0
64013.721	16.053	31536	1.05280e-04	3.31992	25.3	30920	1.07370e-04	3.31992	25.9	31517	1.05300e-04	3.31875	24.7	31135	1.06570e-04	3.31816	26.0
64014.910	16.052	31582	1.05120e-04	3.31992	25.3	30951	1.07270e-04	3.31992	25.9	31545	1.05200e-04	3.31855	24.7	31165	1.06480e-04	3.31836	26.0
64016.097	16.052	31491	1.05420e-04	3.31992	25.3	30916	1.07390e-04	3.32012	25.9	31569	1.05130e-04	3.31875	24.7	31200	1.06360e-04	3.31855	26.0
64017.286	16.051	31556	1.05210e-04	3.31992	25.3	30951	1.07270e-04	3.32012	25.9	31598	1.05030e-04	3.31875	24.7	31220	1.06290e-04	3.31836	26.0
64018.474	16.051	31554	1.05210e-04	3.31992	25.3	30895	1.07470e-04	3.32031	25.9	31571	1.05110e-04	3.31855	24.7	31193	1.06380e-04	3.31836	26.0
64019.662	16.040	31603	1.05060e-04	3.32012	25.3	30987	1.07150e-04	3.32012	25.9	31541	1.05210e-04	3.31855	24.7	31217	1.06310e-04	3.31855	26.0
64020.850	16.040	31631	1.04960e-04	3.31992	25.3	30972	1.07190e-04	3.31992	25.9	31620	1.04960e-04	3.31875	24.7	31266	1.06130e-04	3.31816	26.0
64022.039	16.040	31568	1.05170e-04	3.31992	25.3	30947	1.07280e-04	3.32012	25.9	31569	1.05130e-04	3.31875	24.7	31212	1.06320e-04	3.31855	26.0
64023.227	16.036	31531	1.05290e-04	3.31992	25.3	30943	1.07290e-04	3.31992	25.9	31562	1.05150e-04	3.31875	24.8	31280	1.06090e-04	3.31855	26.0
64024.416	16.036	31557	1.05200e-04	3.31992	25.3	30927	1.07350e-04	3.31992	25.9	31565	1.05140e-04	3.31875	24.8	31230	1.06250e-04	3.31836	26.0
64025.603	16.014	31494	1.05420e-04	3.32012	25.3	30894	1.07470e-04	3.32012	25.9	31544	1.05210e-04	3.31875	24.8	31210	1.06330e-04	3.31855	26.0
64026.792	16.014	31544	1.05250e-04	3.31992	25.3	30877	1.07520e-04	3.31992	25.9	31512	1.05320e-04	3.31875	24.8	31210	1.06330e-04	3.31836	26.0
64027.980	16.024	31496	1.05410e-04	3.31992	25.3	30950	1.07270e-04	3.32012	25.9	31548	1.05200e-04	3.31875	24.8	31155	1.06510e-04	3.31836	26.0
64029.168	16.024	31544	1.05250e-04	3.31992	25.3	30904	1.07430e-04	3.32012	25.9	31526	1.05270e-04	3.31875	24.8	31234	1.06250e-04	3.31855	26.0
64030.356	16.058	31581	1.05120e-04	3.31973	25.3	30957	1.07250e-04	3.32012	25.9	31556	1.05160e-04	3.31855	24.8	31219	1.06290e-04	3.31836	26.0
64031.545	16.058	31523	1.05320e-04	3.32012	25.3	30928	1.07350e-04	3.32012	25.9	31557	1.05170e-04	3.31875	24.8	31268	1.06130e-04	3.31855	26.0
64032.733	16.058	31610	1.05030e-04	3.32012	25.3	31035	1.06980e-04	3.32012	25.9	31594	1.05040e-04	3.31875	24.8	31245	1.06210e-04	3.31836	26.0
64033.921	16.041	31554	1.05210e-04	3.31992	25.3	30988	1.07140e-04	3.31992	25.9	31613	1.04990e-04	3.31895	24.8	31186	1.06410e-04	3.31836	26.0
64035.109	16.041	31576	1.05150e-04	3.32012	25.3	30969	1.07210e-04	3.32012	25.9	31586	1.05070e-04	3.31875	24.8	31178	1.06440e-04	3.31855	26.0
64036.298	16.054	31580	1.05130e-04	3.32012	25.3	30930	1.07340e-04	3.32012	25.9	31486	1.05400e-04	3.31875	24.8	31183	1.06420e-04	3.31855	26.0
64037.486	16.054	31539	1.05270e-04	3.31992	25.3	30933	1.07330e-04	3.31992	25.9	31541	1.05220e-04	3.31875	24.8	31188	1.06400e-04	3.31836	26.0
64038.674	16.036	31540	1.05270e-04	3.32012	25.3	30919	1.07380e-04	3.32012	25.9	31601	1.05020e-04	3.31875	24.8	31189	1.06390e-04	3.31836	26.0
64039.862	16.036	31525	1.05320e-04	3.32012	25.3	30987	1.07150e-04	3.32012	25.9	31541	1.05220e-04	3.31875	24.8	31208	1.06330e-04	3.31836	26.0
64041.051	16.036	31613	1.05020e-04	3.31992	25.3	30981	1.07160e-04	3.31992	25.9	31580	1.05090e-04	3.31875	24.8	31200	1.06360e-04	3.31836	26.0
64042.239	16.054	31570	1.05160e-04	3.31992	25.3	30988	1.07140e-04	3.32012	25.9	31590	1.05060e-04	3.31875	24.8	31216	1.06310e-04	3.31855	26.0
64043.427	16.054	31546	1.05240e-04	3.31992	25.3	30906	1.07430e-04	3.32012	25.9	31551	1.05190e-04	3.31875	24.8	31189	1.06400e-04	3.31855	26.0
64044.616	16.048	31562	1.05190e-04	3.32012	25.3	30948	1.07280e-04	3.31992	25.9	31482	1.05410e-04	3.31855	24.8	31189	1.06390e-04	3.31836	26.0
64045.804	16.048	31563	1.05190e-04	3.32012	25.3	30895	1.07460e-04	3.32012	25.9	31521	1.05290e-04	3.31895	24.8	31161	1.06500e-04	3.31855	26.0
64046.992	16.065	31524	1.05310e-04	3.31992	25.4	30945	1.07290e-04	3.32012	25.9	31527	1.05270e-04	3.31895	24.8	31212	1.06320e-04	3.31855	26.0
64048.180	16.065	31540	1.05270e-04	3.32012	25.4	30904	1.07430e-04	3.32012	25.9	31521	1.05290e-04	3.31875	24.8	31227	1.06270e-04	3.31855	26.0
64049.368	16.037	31477	1.05480e-04	3.32012	25.4	30896	1.07460e-04	3.32012	26.0	31454	1.05510e-04	3.31875	24.8	31259	1.06160e-04	3.31836	26.0
64050.556	16.037	31554	1.05220e-04	3.32012	25.4	30923	1.07360e-04	3.31992	26.0	31515	1.05310e-04	3.31875	24.8	31178	1.06430e-04	3.31836	26.0
64051.745	16.037	31519	1.05330e-04	3.31992	25.4	30923	1.07370e-04	3.32012	26.0	31485	1.05410e-04	3.31895	24.8	31209	1.06330e-04	3.31855	26.0
64052.933	16.038	31556	1.05210e-04	3.31992	25.4	30903	1.07440e-04	3.32012	26.0	31555	1.05180e-04	3.31875	24.8	31196	1.06380e-04	3.31855	26.0
64054.121	16.038	31491	1.05430e-04	3.32012	25.4	30908	1.07420e-04	3.32012	26.0	31545	1.05210e-04	3.31875	24.8	31170	1.06470e-04	3.31855	26.0
64055.309	16.047	31576	1.05150e-04	3.32012	25.4	30948	1.07290e-04	3.32031	26.0	31513	1.05320e-04	3.31895	24.8	31211	1.06330e-04	3.31855	26.0
64056.498	16.047	31681	1.04800e-04	3.32012	25.4	31005	1.07080e-04	3.32012	26.0	31596	1.05040e-04	3.31875	24.8	31333	1.05910e-04	3.31836	26.0
64057.686	16.048	31551	1.05220e-04	3.31992	25.4	30959	1.07240e-04	3.32012	26.0	31610	1.04990e-04	3.31875	24.8	31245	1.06210e-04	3.31836	26.0
64058.874	16.048	31646	1.04910e-04	3.32012	25.4	30955	1.07250e-04	3.32012	26.0	31580	1.05100e-04	3.31895	24.8	31263	1.06140e-04	3.31836	26.0
64060.063	16.048	31614	1.05010e-04	3.31992	25.4	30983	1.07150e-04	3.31973	26.0	31587	1.05070e-04	3.31875	24.8	31311	1.05980e-04	3.31836	26.0
64061.251	16.037	31601	1.05060e-04	3.32012	25.4	31055	1.06910e-04	3.32012	26.0	31620	1.04960e-04	3.31875	24.8	31292	1.06060e-04	3.31875	26.0
64062.439	16.037	31497	1.05400e-04	3.31992	25.4	30936	1.07320e-04	3.32012	26.0	31512	1.05320e-04	3.31895	24.8	31182	1.06430e-04	3.31855	26.0
64063.627	16.039	31533	1.05280e-04	3.31992	25.4	30884	1.07500e-04	3.31992	26.0	31503	1.05350e-04	3.31875	24.8	31151	1.06530e-04	3.31836	26.0
64064.816	16.039	31518	1.05330e-04	3.31992	25.4	30864	1.07570e-04	3.32012	26.0	31488	1.05400e-04	3.31895	24.8	31208	1.06340e-04	3.31855	26.0
64066.004	16.055	31464	1.05510e-04	3.31992	25.4	30838	1.07660e-04	3.32012	26.0	31527	1.05270e-04	3.31875	24.8	31183	1.06420e-04	3.31855	26.0
64067.192	16.055	31459	1.05540e-04	3.32012	25.4	30839	1.07660e-04	3.32012	26.0	31518	1.05290e-04	3.31855	24.8	31150	1.06530e-04	3.31855	26.0
64068.380	16.043	31486	1.05450e-04	3.32012	25.4	30919	1.07390e-04	3.32031	26.0	31480	1.05430e-04	3.31895	24.8	31128	1.06610e-04	3.31855	26.0
64069.568	16.043	31506	1.05370e-04	3.31992	25.4	30881	1.07510e-04	3.32012	26.0	31502	1.05340e-04	3.31855	24.8	31129	1.06600e-04	3.31836	26.0
64070.756	16.045	31567	1.05170e-04	3.31992	25.4	30908	1.07420e-04	3.32012	26.0	31515	1.05310e-04	3.31875	24.8	31232	1.06250e-04	3.31836	26.0
64071.945	16.045	31487	1.05440e-04	3.31992	25.4	30863	1.07580e-04	3.32012	26.0	31476	1.05440e-04	3.31895	24.8	31168	1.06470e-04	3.31855	26.0
64073.133	16.045	31536	1.05270e-04	3.31992	25.4	30877	1.07520e-04	3.31992	26.0	31506	1.05330e-04	3.31855	24.8	31201	1.06350e-04	3.31836	26.1
64074.322	16.061	31534	1.05290e-04	3.32012	25.3	30904	1.07430e-04	3.32012	26.0	31517	1.05310e-04	3.31895	24.8	31163	1.06490e-04	3.31855	26.0
64075.510	16.061	31493	1.05420e-04	3.31992	25.3	30972	1.07190e-04	3.31992	25.9	31543	1.05210e-04	3.31875	24.8	31157	1.06500e-04	3.31836	26.0
64076.698	16.079	31494	1.05410e-04	3.31992	25.3	30911	1.07400e-04	3.31992	25.9	31542	1.05210e-04	3.31855	24.8	31163	1.06480e-04	3.31816	26.0
64077.886	16.079	31518	1.05330e-04	3.31992	25.3	30873	1.07530e-04	3.31992	25.9	31493	1.05390e-04	3.31895	24.8	31157	1.06500e-04	3.31836	26.0
64079.074	16.061	31536	1.05280e-04	3.31992	25.3	30925	1.07360e-04	3.31992	25.9	31498	1.05360e-04	3.31855	24.8	31228	1.06260e-04	3.31816	26.0
64080.263	16.061	31569	1.05160e-04	3.31992	25.3	31006	1.07080e-04	3.32012	25.9	31557	1.05160e-04	3.31855	24.8	31236	1.06240e-04	3.31855	26.1
64081.451	16.051	31681	1.04790e-04	3.31992	25.3	30970	1.07210e-04	3.32031	25.9	31625	1.04940e-04	3.31875	24.8	31296	1.06030e-04	3.31836	26.0
64082.639	16.051	31615	1.05010e-04	3.31992	25.3	31052	1.06910e-04	3.31992	25.9	31590	1.05060e-04	3.31875	24.8	31327	1.05920e-04	3.31816	26.0
64083.827	16.051	31609	1.05040e-04	3.32012	25.3	31016	1.07040e-04	3.31992	25.9	31640	1.04890e-04	3.31855	24.8	31307	1.06000e-04	3.31836	26.0
64085.016	16.038	31601	1.05060e-04	3.31992	25.3	30933	1.07330e-04	3.31992	25.9	31644	1.04880e-04	3.31875	24.8	31209	1.06330e-04	3.31855	26.1
64086.204	16.038	31550	1.05230e-04	3.32012	25.3	30871	1.07540e-04	3.31992	25.9	31536	1.05230e-04	3.31855	24.8	31199	1.06360e-04	3.31836	26.1
64087.392	16.046	31569	1.05170e-04	3.31992	25.3	30930	1.07340e-04	3.31992	25.9	31535	1.05240e-04	3.31875	24.8	31190	1.06400e-04	3.31855	26.1
64088.580	16.046	31608	1.05030e-04	3.31992	25.3	30931	1.07340e-04	3.32012	25.9	31611	1.04980e-04	3.31855	24.8	31236	1.06230e-04	3.31836	26.0
64089.768	16.008	31587	1.05100e-04	3.31992	25.3	30996	1.07110e-04	3.31992	25.9	31636	1.04900e-04	3.31875	24.8	31265	1.06140e-04	3.31836	26.0
64090.957	16.008	31599	1.05060e-04	3.31973	25.3	30927	1.07350e-04	3.31992	25.9	31556	1.05170e-04	3.31875	24.8	31225	1.06270e-04	3.31836	26.0
64092.145	16.001	31635	1.04950e-04	3.32012	25.3	31021	1.07040e-04	3.32031	25.9	31606	1.05000e-04	3.31875	24.8	31294	1.06040e-04	3.31855	26.0
64093.333	16.001	31693	1.04760e-04	3.32012	25.3	31030	1.07000e-04	3.32012	25.9	31619	1.04960e-04	3.31875	24.8	31289	1.06060e-04	3.31855	26.0
64094.522	16.001	31630	1.04960e-04	3.31992	25.3	31000	1.07100e-04	3.32012	25.9	31650	1.04860e-04	3.31875	24.8	31255	1.06160e-04	3.31816	26.0
64095.710	16.001	31598	1.05070e-04	3.32012	25.3	30960	1.07240e-04	3.32012	25.9	31597	1.05030e-04	3.31875	24.8	31199	1.06370e-04	3.31855	26.1
64096.898	16.001	31568	1.05170e-04	3.31992	25.4	30847	1.07630e-04	3.31992	26.0	31557	1.05170e-04	3.31875	24.8	31252	1.06180e-04	3.31836	26.1
64098.086	16.006	31512	1.05360e-04	3.32012	25.4	30927	1.07350e-04	3.31992	26.0	31509	1.05320e-04	3.31855	24.8	31201	1.06360e-04	3.31855	26.1
64099.274	16.006	31566	1.05180e-04	3.31992	25.4	30891	1.07480e-04	3.32012	26.0	31511	1.05330e-04	3.31895	24.8	31193	1.06400e-04	3.31875	26.1
64100.463	16.027	31546	1.05240e-04	3.31992	25.4	30935	1.07330e-04	3.32012	26.0	31515	1.05310e-04	3.31895	24.8	31251	1.06180e-04	3.31836	26.1
64101.651	16.027	31599	1.05060e-04	3.31992	25.4	30898	1.07450e-04	3.32012	26.0	31586	1.05070e-04	3.31875	24.8	31205	1.06340e-04	3.31836	26.1
64102.839	16.027	31640	1.04930e-04	3.32012	25.4	30996	1.07110e-04	3.32012	26.0	31559	1.05160e-04	3.31875	24.8	31254	1.06180e-04	3.31855	26.1
64104.027	16.043	31583	1.05120e-04	3.31992	25.4	30980	1.07170e-04	3.32012	25.9	31592	1.05040e-04	3.31855	24.8	31271	1.06120e-04	3.31836	26.1
64105.216	16.043	31556	1.05210e-04	3.31992	25.4	30985	1.07160e-04	3.32031	26.0	31588	1.05060e-04	3.31875	24.8	31264	1.06150e-04	3.31875	26.1
64106.404	16.043	31553	1.05220e-04	3.31992	25.4	30917	1.07390e-04	3.32012	25.9	31597	1.05030e-04	3.31875	24.8	31244	1.06210e-04	3.31855	26.1
64107.592	16.043	31521	1.05320e-04	3.31992	25.4	30877	1.07530e-04	3.32012	26.0	31535	1.05240e-04	3.31875	24.8	31179	1.06430e-04	3.31836	26.0
64108.781	16.022	31470	1.05500e-04	3.31992	25.3	30928	1.07340e-04	3.31992	26.0	31509	1.05320e-04	3.31855	24.8	31182	1.06420e-04	3.31836	26.1
64109.968	16.022	31561	1.05190e-04	3.31992	25.3	30874	1.07530e-04	3.31992	26.0	31554	1.05180e-04	3.31875	24.8	31261	1.06150e-04	3.31836	26.1
64111.157	16.022	31535	1.05280e-04	3.31992	25.3	30930	1.07340e-04	3.31992	25.9	31557	1.05170e-04	3.31875	24.8	31215	1.06310e-04	3.31836	26.1
64112.345	16.022	31524	1.05310e-04	3.31992	25.3	30913	1.07390e-04	3.31992	25.9	31571	1.05120e-04	3.31875	24.8	31234	1.06250e-04	3.31855	26.1
64113.533	16.022	31547	1.05240e-04	3.32012	25.3	30916	1.07380e-04	3.31992	26.0	31585	1.05070e-04	3.31875	24.8	31201	1.06350e-04	3.31836	26.1
64114.721	16.037	31529	1.05300e-04	3.31992	25.3	30970	1.07200e-04	3.31992	26.0	31588	1.05060e-04	3.31855	24.8	31224	1.06280e-04	3.31836	26.1
64115.910	16.037	31560	1.05200e-04	3.32012	25.3	30912	1.07410e-04	3.32012	25.9	31553	1.05190e-04	3.31895	24.8	31230	1.06250e-04	3.31836	26.1
64117.098	16.019	31603	1.05050e-04	3.31992	25.3	30969	1.07210e-04	3.32012	25.9	31523	1.05280e-04	3.31855	24.8	31232	1.06250e-04	3.31836	26.1
64118.286	16.019	31669	1.04830e-04	3.31992	25.3	30986	1.07150e-04	3.32012	25.9	31671	1.04790e-04	3.31875	24.8	31321	1.05950e-04	3.31836	26.1
64119.475	16.012	31568	1.05170e-04	3.31992	25.3	30999	1.07100e-04	3.32012	25.9	31643	1.04880e-04	3.31875	24.8	31295	1.06030e-04	3.31836	26.1
64120.663	16.012	31599	1.05060e-04	3.31992	25.3	30896	1.07460e-04	3.31992	25.9	31575	1.05110e-04	3.31875	24.8	31269	1.06120e-04	3.31836	26.1
64121.851	16.024	31584	1.05120e-04	3.32012	25.3	30995	1.07120e-04	3.32012	25.9	31582	1.05080e-04	3.31875	24.8	31273	1.06110e-04	3.31836	26.1
64123.039	16.024	31518	1.05330e-04	3.31992	25.3	30925	1.07360e-04	3.31992	25.9	31573	1.05110e-04	3.31875	24.8	31245	1.06200e-04	3.31836	26.1
64124.228	16.024	31531	1.05290e-04	3.31992	25.3	30895	1.07460e-04	3.31992	25.9	31538	1.05230e-04	3.31875	24.8	31180	1.06430e-04	3.31855	26.1
64125.416	16.027	31519	1.05330e-04	3.31992	25.3	30877	1.07530e-04	3.32012	25.9	31581	1.05090e-04	3.31895	24.8	31207	1.06330e-04	3.31836	26.1
64126.604	16.027	31562	1.05190e-04	3.31992	25.3	30979	1.07170e-04	3.32012	25.9	31544	1.05200e-04	3.31855	24.8	31207	1.06330e-04	3.31836	26.1
64127.792	16.023	31606	1.05050e-04	3.32012	25.3	30891	1.07480e-04	3.32012	25.9	31557	1.05170e-04	3.31875	24.8	31252	1.06180e-04	3.31836	26.1
64128.980	16.023	31549	1.05230e-04	3.31992	25.3	30896	1.07460e-04	3.32012	25.9	31551	1.05190e-04	3.31895	24.8	31227	1.06270e-04	3.31855	26.1
64130.169	16.049	31559	1.05200e-04	3.31992	25.3	30935	1.07320e-04	3.31992	25.9	31557	1.05160e-04	3.31855	24.8	31235	1.06240e-04	3.31836	26.1
64131.357	16.049	31555	1.05210e-04	3.31992	25.3	30982	1.07160e-04	3.32012	25.9	31623	1.04940e-04	3.31855	24.8	31258	1.06160e-04	3.31836	26.1
64132.545	16.045	31564	1.05180e-04	3.31973	25.3	30942	1.07300e-04	3.32012	25.9	31505	1.05340e-04	3.31875	24.8	31232	1.06250e-04	3.31836	26.1
64133.733	16.045	31578	1.05130e-04	3.31992	25.3	30967	1.07210e-04	3.31992	25.9	31591	1.05040e-04	3.31836	24.8	31260	1.06150e-04	3.31816	26.1
64134.922	16.045	31534	1.05280e-04	3.31992	25.3	30897	1.07450e-04	3.31992	25.9	31571	1.05130e-04	3.31895	24.8	31189	1.06390e-04	3.31836	26.1
64136.110	16.054	31531	1.05290e-04	3.31992	25.3	30922	1.07360e-04	3.31992	26.0	31527	1.05270e-04	3.31875	24.8	31199	1.06360e-04	3.31836	26.1
64137.298	16.054	31577	1.05140e-04	3.31992	25.3	30962	1.07230e-04	3.31992	25.9	31541	1.05220e-04	3.31875	24.8	31167	1.06470e-04	3.31836	26.1
64138.486	16.029	31606	1.05030e-04	3.31973	25.3	30923	1.07370e-04	3.32012	25.9	31602	1.05020e-04	3.31875	24.8	31227	1.06270e-04	3.31836	26.1
64139.674	16.029	31604	1.05050e-04	3.31992	25.3	30931	1.07330e-04	3.31992	25.9	31618	1.04960e-04	3.31855	24.8	31249	1.06190e-04	3.31816	26.1
64140.863	16.046	31585	1.05110e-04	3.31992	25.3	30959	1.07240e-04	3.31992	25.9	31556	1.05160e-04	3.31855	24.8	31245	1.06210e-04	3.31836	26.1
64142.051	16.046	31571	1.05160e-04	3.31992	25.3	30942	1.07290e-04	3.31992	25.9	31547	1.05200e-04	3.31875	24.8	31248	1.06190e-04	3.31836	26.1
64143.239	16.058	31578	1.05130e-04	3.31973	25.3	30949	1.07270e-04	3.31992	25.9	31586	1.05050e-04	3.31816	24.8	31186	1.06410e-04	3.31836	26.1
64144.428	16.058	31602	1.05060e-04	3.31992	25.3	30956	1.07250e-04	3.31992	25.9	31563	1.05150e-04	3.31895	24.8	31261	1.06150e-04	3.31836	26.1
64145.616	16.058	31606	1.05040e-04	3.31992	25.3	30982	1.07160e-04	3.31992	25.9	31648	1.04870e-04	3.31875	24.8	31225	1.06270e-04	3.31836	26.1
64146.804	16.049	31596	1.05070e-04	3.31992	25.3	30943	1.07280e-04	3.31973	25.9	31617	1.04960e-04	3.31836	24.8	31243	1.06210e-04	3.31836	26.1
64147.992	16.049	31574	1.05150e-04	3.31992	25.3	30956	1.07250e-04	3.31992	25.9	31602	1.05020e-04	3.31875	24.8	31253	1.06180e-04	3.31836	26.1
64149.181	16.044	31467	1.05500e-04	3.31992	25.3	30920	1.07370e-04	3.31992	25.9	31543	1.05210e-04	3.31855	24.8	31217	1.06300e-04	3.31836	26.1
64150.369	16.044	31571	1.05160e-04	3.31992	25.3	30880	1.07510e-04	3.31992	25.9	31550	1.05190e-04	3.31855	24.8	31193	1.06380e-04	3.31836	26.1
64151.557	16.039	31569	1.05160e-04	3.31973	25.3	30911	1.07400e-04	3.31992	25.9	31504	1.05340e-04	3.31875	24.8	31164	1.06480e-04	3.31836	26.1
64152.745	16.039	31599	1.05070e-04	3.32012	25.3	30922	1.07370e-04	3.32012	25.9	31508	1.05320e-04	3.31855	24.8	31193	1.06380e-04	3.31836	26.1
64153.933	16.039	31578	1.05130e-04	3.31992	25.3	30910	1.07410e-04	3.32012	25.9	31571	1.05120e-04	3.31875	24.8	31215	1.06310e-04	3.31855	26.1
64155.122	16.052	31548	1.05230e-04	3.31973	25.3	30979	1.07170e-04	3.31992	25.9	31557	1.05170e-04	3.31875	24.8	31278	1.06090e-04	3.31836	26.1
64156.310	16.052	31553	1.05220e-04	3.32012	25.3	30904	1.07440e-04	3.32031	25.9	31540	1.05220e-04	3.31855	24.8	31185	1.06420e-04	3.31855	26.1
64157.498	16.040	31534	1.05280e-04	3.31992	25.3	30873	1.07540e-04	3.31992	25.9	31571	1.05120e-04	3.31875	24.8	31217	1.06300e-04	3.31836	26.1
64158.687	16.040	31541	1.05260e-04	3.31992	25.3	30858	1.07580e-04	3.31973	25.9	31476	1.05430e-04	3.31855	24.8	31180	1.06420e-04	3.31816	26.1
64159.874	16.054	31503	1.05390e-04	3.32012	25.3	30853	1.07600e-04	3.31973	25.9	31510	1.05320e-04	3.31875	24.8	31180	1.06430e-04	3.31855	26.1
64161.063	16.054	31515	1.05340e-04	3.31992	25.3	30888	1.07490e-04	3.32012	25.9	31503	1.05350e-04	3.31875	24.8	31185	1.06420e-04	3.31855	26.1
64162.251	16.047	31562	1.05180e-04	3.31973	25.3	30887	1.07490e-04	3.31992	25.9	31554	1.05180e-04	3.31875	24.8	31166	1.06470e-04	3.31836	26.1
64163.440	16.047	31551	1.05240e-04	3.32031	25.3	30919	1.07380e-04	3.31992	25.9	31504	1.05340e-04	3.31875	24.8	31197	1.06370e-04	3.31836	26.1
64164.628	16.047	31557	1.05200e-04	3.31992	25.3	30910	1.07410e-04	3.32012	25.9	31545	1.05210e-04	3.31875	24.8	31177	1.06430e-04	3.31836	26.1
64165.816	16.029	31610	1.05030e-04	3.31992	25.3	30955	1.07250e-04	3.32012	25.9	31596	1.05040e-04	3.31875	24.8	31272	1.06110e-04	3.31816	26.1
64167.004	16.029	31513	1.05360e-04	3.32012	25.3	30959	1.07240e-04	3.31992	25.9	31510	1.05320e-04	3.31855	24.8	31173	1.06460e-04	3.31855	26.1
64168.193	16.028	31463	1.05520e-04	3.31992	25.3	30890	1.07480e-04	3.32012	25.9	31441	1.05560e-04	3.31875	24.8	31217	1.06310e-04	3.31855	26.1
64169.380	16.028	31506	1.05370e-04	3.31992	25.3	30929	1.07350e-04	3.32012	25.9	31524	1.05280e-04	3.31875	24.8	31220	1.06290e-04	3.31836	26.1
64170.569	16.058	31565	1.05180e-04	3.31992	25.3	30868	1.07550e-04	3.31992	25.9	31544	1.05200e-04	3.31836	24.8	31204	1.06340e-04	3.31816	26.1
64171.757	16.058	31508	1.05370e-04	3.32012	25.3	30913	1.07390e-04	3.31992	25.9	31575	1.05110e-04	3.31895	24.8	31183	1.06420e-04	3.31855	26.1
64172.945	16.058	31598	1.05070e-04	3.31992	25.3	30919	1.07380e-04	3.32012	25.9	31538	1.05230e-04	3.31875	24.8	31182	1.06420e-04	3.31836	26.1
64174.133	16.038	31617	1.05000e-04	3.31992	25.3	30920	1.07370e-04	3.31992	25.9	31555	1.05170e-04	3.31855	24.8	31192	1.06390e-04	3.31855	26.1
64175.322	16.038	31577	1.05140e-04	3.31992	25.3	31008	1.07070e-04	3.31992	25.9	31585	1.05070e-04	3.31875	24.8	31204	1.06350e-04	3.31855	26.1
64176.510	16.068	31533	1.05290e-04	3.31992	25.3	30976	1.07180e-04	3.32012	25.9	31646	1.04870e-04	3.31875	24.8	31210	1.06330e-04	3.31836	26.1
64177.698	16.068	31526	1.05310e-04	3.32012	25.3	30956	1.07250e-04	3.31992	25.9	31522	1.05280e-04	3.31875	24.8	31180	1.06430e-04	3.31836	26.1
64178.886	16.062	31519	1.05330e-04	3.31992	25.3	30926	1.07360e-04	3.32031	25.9	31575	1.05110e-04	3.31895	24.8	31234	1.06250e-04	3.31855	26.1
64180.074	16.062	31508	1.05360e-04	3.31973	25.3	30952	1.07270e-04	3.32012	25.9	31571	1.05120e-04	3.31875	24.8	31215	1.06310e-04	3.31855	26.1
64181.263	16.056	31560	1.05200e-04	3.32012	25.3	30874	1.07530e-04	3.31992	25.9	31563	1.05140e-04	3.31855	24.8	31171	1.06460e-04	3.31855	26.1
64182.451	16.056	31533	1.05280e-04	3.31992	25.3	30921	1.07380e-04	3.32031	25.9	31525	1.05280e-04	3.31895	24.8	31198	1.06360e-04	3.31836	26.1
64183.639	16.047	31609	1.05030e-04	3.31992	25.3	30903	1.07440e-04	3.32012	25.9	31590	1.05060e-04	3.31875	24.8	31199	1.06350e-04	3.31816	26.1
64184.827	16.047	31608	1.05040e-04	3.31992	25.3	30979	1.07170e-04	3.31992	25.9	31592	1.05050e-04	3.31875	24.8	31207	1.06340e-04	3.31855	26.1
64186.016	16.047	31611	1.05030e-04	3.32012	25.3	31014	1.07050e-04	3.31992	25.9	31619	1.04960e-04	3.31875	24.8	31282	1.06080e-04	3.31836	26.1
64187.204	16.023	31563	1.05180e-04	3.31992	25.3	30956	1.07250e-04	3.31992	25.9	31572	1.05110e-04	3.31855	24.8	31273	1.06110e-04	3.31836	26.1
64188.392	16.023	31584	1.05120e-04	3.32012	25.3	30950	1.07270e-04	3.31992	25.9	31622	1.04950e-04	3.31875	24.8	31225	1.06270e-04	3.31836	26.1
64189.581	16.041	31577	1.05140e-04	3.31992	25.3	30989	1.07130e-04	3.31992	25.9	31630	1.04920e-04	3.31875	24.8	31289	1.06060e-04	3.31836	26.1
64190.769	16.041	31606	1.05050e-04	3.32012	25.3	30976	1.07180e-04	3.31992	25.9	31622	1.04950e-04	3.31855	24.8	31174	1.06450e-04	3.31855	26.1
64191.957	16.047	31569	1.05160e-04	3.31992	25.3	30946	1.07290e-04	3.32031	25.9	31557	1.05170e-04	3.31875	24.8	31227	1.06270e-04	3.31855	26.1
64193.145	16.047	31557	1.05200e-04	3.31992	25.3	30924	1.07360e-04	3.32012	25.9	31593	1.05050e-04	3.31875	24.8	31199	1.06370e-04	3.31855	26.1
64194.334	15.995	31528	1.05310e-04	3.32012	25.3	30901	1.07440e-04	3.31992	25.9	31605	1.05000e-04	3.31855	24.8	31161	1.06500e-04	3.31855	26.1
64195.522	15.995	31580	1.05130e-04	3.31992	25.3	30896	1.07470e-04	3.32031	25.9	31560	1.05160e-04	3.31875	24.8	31216	1.06300e-04	3.31836	26.1
64196.710	15.995	31511	1.05350e-04	3.31973	25.3	30993	1.07120e-04	3.31992	25.9	31601	1.05020e-04	3.31875	24.8	31242	1.06210e-04	3.31816	26.1
64197.898	16.011	31546	1.05240e-04	3.31992	25.3	30986	1.07140e-04	3.31992	25.9	31609	1.04990e-04	3.31855	24.8	31220	1.06300e-04	3.31855	26.1
64199.086	16.011	31594	1.05080e-04	3.31992	25.3	30917	1.07390e-04	3.32012	25.9	31618	1.04960e-04	3.31875	24.8	31286	1.06070e-04	3.31855	26.1
64200.274	16.087	31586	1.05110e-04	3.31992	25.3	30936	1.07310e-04	3.31992	25.9	31567	1.05130e-04	3.31855	24.8	31228	1.06260e-04	3.31836	26.1
64201.463	16.087	31566	1.05170e-04	3.31992	25.3	31029	1.06990e-04	3.31992	25.9	31556	1.05170e-04	3.31855	24.8	31210	1.06330e-04	3.31836	26.1
64202.651	16.019	31532	1.05290e-04	3.31992	25.3	30927	1.07350e-04	3.32012	25.9	31614	1.04980e-04	3.31895	24.8	31214	1.06310e-04	3.31836	26.1
64203.839	16.019	31534	1.05270e-04	3.31973	25.3	30931	1.07340e-04	3.32012	25.9	31566	1.05130e-04	3.31855	24.8	31172	1.06450e-04	3.31836	26.1
64205.028	16.019	31523	1.05310e-04	3.31973	25.3	30928	1.07350e-04	3.32012	25.9	31537	1.05230e-04	3.31855	24.8	31205	1.06340e-04	3.31836	26.1
64206.216	16.039	31544	1.05250e-04	3.31992	25.3	30881	1.07510e-04	3.31992	25.9	31508	1.05330e-04	3.31875	24.8	31212	1.06320e-04	3.31836	26.1
64207.404	16.039	31522	1.05320e-04	3.31992	25.3	30896	1.07460e-04	3.31992	25.9	31480	1.05420e-04	3.31855	24.8	31194	1.06380e-04	3.31836	26.1
64208.593	16.048	31561	1.05190e-04	3.31992	25.3	30893	1.07460e-04	3.31992	25.9	31493	1.05370e-04	3.31855	24.8	31184	1.06410e-04	3.31836	26.1
64209.781	16.048	31530	1.05290e-04	3.31973	25.3	30893	1.07470e-04	3.32012	25.9	31568	1.05130e-04	3.31875	24.8	31173	1.06440e-04	3.31816	26.1
64210.969	16.035	31591	1.05100e-04	3.32012	25.3	30940	1.07300e-04	3.31992	25.9	31565	1.05140e-04	3.31875	24.8	31205	1.06350e-04	3.31855	26.1
64212.157	16.035	31604	1.05050e-04	3.31992	25.3	30954	1.07250e-04	3.31992	25.9	31596	1.05040e-04	3.31875	24.8	31268	1.06130e-04	3.31855	26.1
64213.345	16.039	31622	1.04980e-04	3.31973	25.3	30989	1.07130e-04	3.31992	25.9	31649	1.04860e-04	3.31875	24.8	31298	1.06020e-04	3.31836	26.1
64214.533	16.039	31556	1.05210e-04	3.31992	25.3	31000	1.07090e-04	3.31992	25.9	31665	1.04800e-04	3.31855	24.8	31313	1.05970e-04	3.31816	26.1
64215.722	16.039	31593	1.05080e-04	3.31992	25.3	30966	1.07220e-04	3.32012	25.9	31620	1.04960e-04	3.31875	24.8	31217	1.06300e-04	3.31836	26.1
64216.910	15.986	31538	1.05280e-04	3.32012	25.3	30996	1.07110e-04	3.32012	25.9	31610	1.04990e-04	3.31875	24.8	31291	1.06050e-04	3.31836	26.1
64218.098	15.986	31551	1.05230e-04	3.32012	25.3	30937	1.07320e-04	3.32012	25.9	31593	1.05050e-04	3.31875	24.8	31210	1.06330e-04	3.31875	26.1
64219.286	16.048	31541	1.05260e-04	3.31992	25.3	30937	1.07320e-04	3.32012	25.9	31567	1.05130e-04	3.31875	24.8	31222	1.06280e-04	3.31836	26.1
64220.474	16.048	31517	1.05340e-04	3.31992	25.3	30963	1.07220e-04	3.31992	25.9	31633	1.04910e-04	3.31855	24.8	31233	1.06250e-04	3.31836	26.1
64221.663	16.019	31548	1.05230e-04	3.31992	25.3	30946	1.07280e-04	3.31992	25.9	31524	1.05280e-04	3.31875	24.8	31166	1.06470e-04	3.31836	26.1
64222.851	16.019	31526	1.05310e-04	3.31992	25.3	30897	1.07460e-04	3.32012	25.9	31538	1.05220e-04	3.31855	24.8	31182	1.06420e-04	3.31836	26.1
64224.039	16.019	31525	1.05310e-04	3.31992	25.3	30920	1.07370e-04	3.31992	25.9	31539	1.05230e-04	3.31875	24.8	31171	1.06460e-04	3.31855	26.1
64225.228	16.067	31553	1.05210e-04	3.31973	25.3	30923	1.07360e-04	3.31992	25.9	31511	1.05320e-04	3.31875	24.8	31132	1.06590e-04	3.31836	26.1
64226.416	16.067	31507	1.05370e-04	3.31992	25.3	30895	1.07450e-04	3.31973	25.9	31482	1.05420e-04	3.31875	24.8	31152	1.06520e-04	3.31836	26.1
64227.604	16.040	31501	1.05390e-04	3.31992	25.3	30842	1.07650e-04	3.32012	25.9	31505	1.05340e-04	3.31875	24.8	31168	1.06470e-04	3.31836	26.1
64228.792	16.040	31557	1.05200e-04	3.31992	25.3	30915	1.07390e-04	3.31992	25.9	31532	1.05240e-04	3.31855	24.8	31206	1.06340e-04	3.31836	26.1
64229.981	16.058	31530	1.05300e-04	3.32012	25.3	30876	1.07530e-04	3.32012	25.9	31551	1.05180e-04	3.31855	24.8	31171	1.06460e-04	3.31855	26.1
64231.169	16.058	31578	1.05130e-04	3.31973	25.2	30861	1.07580e-04	3.31992	25.9	31544	1.05200e-04	3.31855	24.8	31254	1.06170e-04	3.31836	26.1
64232.357	16.044	31601	1.05050e-04	3.31973	25.2	30950	1.07270e-04	3.32012	25.9	31596	1.05040e-04	3.31875	24.8	31285	1.06060e-04	3.31816	26.0
64233.545	16.044	31569	1.05170e-04	3.31992	25.2	30966	1.07210e-04	3.31992	25.9	31637	1.04890e-04	3.31855	24.8	31244	1.06200e-04	3.31816	26.1
64234.733	16.039	31558	1.05200e-04	3.31992	25.2	30898	1.07450e-04	3.31992	25.9	31562	1.05140e-04	3.31855	24.8	31233	1.06240e-04	3.31836	26.0
64235.922	16.039	31548	1.05230e-04	3.31992	25.2	30882	1.07510e-04	3.32012	25.9	31584	1.05080e-04	3.31875	24.8	31202	1.06350e-04	3.31836	26.0
64237.110	16.039	31511	1.05360e-04	3.31992	25.2	30913	1.07390e-04	3.31973	25.9	31603	1.05010e-04	3.31855	24.8	31226	1.06270e-04	3.31836	26.0
64238.298	16.033	31547	1.05240e-04	3.31992	25.3	30933	1.07330e-04	3.31992	25.9	31570	1.05120e-04	3.31875	24.8	31175	1.06440e-04	3.31836	26.0
64239.486	16.033	31555	1.05210e-04	3.31992	25.3	30911	1.07400e-04	3.31992	25.9	31583	1.05080e-04	3.31875	24.8	31208	1.06330e-04	3.31816	26.0
64240.675	16.046	31561	1.05190e-04	3.31992	25.2	30937	1.07310e-04	3.31992	25.9	31603	1.05010e-04	3.31855	24.8	31161	1.06490e-04	3.31836	26.0
64241.863	16.046	31512	1.05350e-04	3.31973	25.2	30912	1.07410e-04	3.32012	25.9	31553	1.05180e-04	3.31855	24.8	31172	1.06450e-04	3.31836	26.0
64243.051	16.047	31551	1.05220e-04	3.31973	25.2	30911	1.07410e-04	3.32012	25.9	31554	1.05170e-04	3.31855	24.8	31224	1.06280e-04	3.31855	26.0
64244.239	16.047	31614	1.05010e-04	3.31992	25.2	30902	1.07430e-04	3.31992	25.9	31594	1.05040e-04	3.31875	24.8	31230	1.06260e-04	3.31836	26.0
64245.428	16.024	31567	1.05170e-04	3.31992	25.2	30917	1.07390e-04	3.32012	25.9	31562	1.05140e-04	3.31855	24.8	31221	1.06280e-04	3.31816	26.0
64246.616	16.024	31542	1.05250e-04	3.31973	25.2	30952	1.07250e-04	3.31973	25.9	31614	1.04960e-04	3.31836	24.8	31176	1.06430e-04	3.31816	26.0
64247.804	16.024	31666	1.04840e-04	3.31992	25.2	30922	1.07360e-04	3.31992	25.9	31639	1.04890e-04	3.31875	24.7	31267	1.06130e-04	3.31836	26.0
64248.992	16.028	31608	1.05030e-04	3.31973	25.2	30946	1.07280e-04	3.31992	25.9	31669	1.04790e-04	3.31855	24.8	31225	1.06270e-04	3.31836	26.0
64250.181	16.028	31587	1.05100e-04	3.31992	25.2	30963	1.07220e-04	3.31973	25.9	31596	1.05030e-04	3.31855	24.8	31315	1.05970e-04	3.31836	26.0
64251.369	16.024	31627	1.04970e-04	3.31992	25.2	30947	1.07280e-04	3.32012	25.9	31671	1.04790e-04	3.31875	24.8	31260	1.06150e-04	3.31836	26.0
64252.557	16.024	31565	1.05170e-04	3.31973	25.2	30970	1.07200e-04	3.31992	25.9	31636	1.04900e-04	3.31855	24.7	31208	1.06330e-04	3.31816	26.0
64253.746	16.024	31539	1.05260e-04	3.31992	25.2	30918	1.07380e-04	3.31992	25.9	31597	1.05030e-04	3.31855	24.7	31209	1.06330e-04	3.31836	26.0
64254.934	16.023	31519	1.05330e-04	3.31992	25.2	30912	1.07400e-04	3.32012	25.9	31520	1.05280e-04	3.31855	24.7	31216	1.06300e-04	3.31836	26.0
64256.122	16.023	31531	1.05290e-04	3.31992	25.2	30881	1.07510e-04	3.31992	25.9	31563	1.05140e-04	3.31855	24.7	31164	1.06480e-04	3.31836	26.0
64257.310	16.050	31509	1.05360e-04	3.31992	25.2	30962	1.07230e-04	3.31992	25.9	31564	1.05140e-04	3.31855	24.7	31173	1.06450e-04	3.31836	26.0
64258.499	16.050	31567	1.05170e-04	3.31973	25.2	30955	1.07250e-04	3.31992	25.9	31572	1.05110e-04	3.31855	24.7	31188	1.06400e-04	3.31836	26.0
64259.687	16.035	31638	1.04930e-04	3.31992	25.2	30914	1.07390e-04	3.31973	25.9	31584	1.05060e-04	3.31836	24.7	31319	1.05950e-04	3.31816	26.0
64260.875	16.035	31687	1.04770e-04	3.31992	25.2	30923	1.07360e-04	3.31992	25.9	31647	1.04870e-04	3.31875	24.8	31261	1.06150e-04	3.31836	26.0
64262.063	16.039	31564	1.05180e-04	3.31973	25.2	30914	1.07390e-04	3.31992	25.9	31655	1.04840e-04	3.31875	24.8	31194	1.06380e-04	3.31855	26.0
64263.251	16.039	31536	1.05280e-04	3.32012	25.2	30873	1.07530e-04	3.31973	25.9	31512	1.05310e-04	3.31855	24.8	31139	1.06570e-04	3.31836	26.0
64264.440	16.009	31535	1.05280e-04	3.31992	25.2	30928	1.07350e-04	3.32012	25.9	31534	1.05240e-04	3.31855	24.8	31197	1.06370e-04	3.31836	26.0
64265.628	16.009	31519	1.05330e-04	3.31992	25.2	30888	1.07480e-04	3.31992	25.9	31566	1.05130e-04	3.31855	24.8	31194	1.06380e-04	3.31836	26.0
64266.816	16.009	31550	1.05220e-04	3.31973	25.2	30904	1.07430e-04	3.31992	25.9	31564	1.05140e-04	3.31875	24.7	31165	1.06470e-04	3.31816	26.0
64268.004	16.004	31575	1.05140e-04	3.31973	25.2	30901	1.07440e-04	3.31992	25.9	31517	1.05300e-04	3.31855	24.7	31192	1.06380e-04	3.31836	26.0
64269.193	16.004	31538	1.05270e-04	3.31992	25.2	30924	1.07360e-04	3.31992	25.9	31507	1.05330e-04	3.31855	24.7	31259	1.06160e-04	3.31836	26.0
64270.381	16.032	31599	1.05060e-04	3.31973	25.2	30939	1.07300e-04	3.31992	25.9	31590	1.05050e-04	3.31855	24.8	31159	1.06490e-04	3.31816	26.0
64271.569	16.032	31573	1.05150e-04	3.31992	25.2	30866	1.07560e-04	3.31992	25.9	31563	1.05140e-04	3.31855	24.7	31269	1.06120e-04	3.31836	26.0
64272.757	16.059	31534	1.05280e-04	3.31992	25.2	30903	1.07430e-04	3.31992	25.9	31560	1.05160e-04	3.31875	24.7	31189	1.06400e-04	3.31836	26.0
64273.946	16.059	31581	1.05120e-04	3.31973	25.2	30908	1.07410e-04	3.31992	25.9	31531	1.05250e-04	3.31855	24.8	31192	1.06380e-04	3.31836	26.0
64275.133	16.059	31534	1.05280e-04	3.31992	25.2	30918	1.07380e-04	3.31992	25.9	31583	1.05070e-04	3.31855	24.8	31197	1.06370e-04	3.31836	26.0
64276.322	16.051	31592	1.05090e-04	3.31992	25.2	30929	1.07350e-04	3.32012	25.9	31510	1.05320e-04	3.31855	24.7	31261	1.06150e-04	3.31836	26.0
64277.510	16.051	31597	1.05070e-04	3.31973	25.2	30985	1.07150e-04	3.31992	25.9	31592	1.05050e-04	3.31875	24.7	31274	1.06100e-04	3.31816	26.0
64278.698	16.034	31593	1.05080e-04	3.31992	25.2	31008	1.07070e-04	3.31992	25.9	31645	1.04870e-04	3.31855	24.7	31249	1.06190e-04	3.31816	26.0
64279.887	16.034	31605	1.05040e-04	3.31992	25.2	30951	1.07270e-04	3.32012	25.8	31519	1.05290e-04	3.31855	24.7	31250	1.06190e-04	3.31836	26.0
64281.075	16.023	31606	1.05040e-04	3.31973	25.2	30946	1.07280e-04	3.31992	25.8	31586	1.05070e-04	3.31855	24.7	31204	1.06350e-04	3.31836	26.0
64282.263	16.023	31582	1.05120e-04	3.31992	25.2	30958	1.07240e-04	3.31992	25.9	31527	1.05260e-04	3.31855	24.7	31186	1.06410e-04	3.31836	26.0
64283.452	16.036	31641	1.04930e-04	3.31992	25.2	30958	1.07240e-04	3.31992	25.9	31647	1.04870e-04	3.31875	24.7	31246	1.06200e-04	3.31836	26.0
64284.640	16.036	31618	1.04990e-04	3.31973	25.2	30955	1.07250e-04	3.31992	25.9	31642	1.04880e-04	3.31855	24.7	31225	1.06270e-04	3.31816	26.0
64285.828	16.027	31584	1.05110e-04	3.31992	25.2	30977	1.07170e-04	3.31992	25.9	31530	1.05250e-04	3.31855	24.7	31187	1.06410e-04	3.31855	26.0
64287.016	16.027	31530	1.05290e-04	3.31973	25.2	30944	1.07290e-04	3.31992	25.9	31623	1.04950e-04	3.31875	24.7	31199	1.06360e-04	3.31836	26.0
64288.204	16.027	31551	1.05220e-04	3.31992	25.2	30870	1.07540e-04	3.31973	25.9	31565	1.05130e-04	3.31855	24.7	31240	1.06220e-04	3.31836	26.0
64289.392	16.032	31570	1.05170e-04	3.32012	25.2	30899	1.07450e-04	3.32012	25.9	31571	1.05120e-04	3.31875	24.7	31172	1.06450e-04	3.31836	26.0
64290.581	16.032	31574	1.05150e-04	3.31992	25.2	30926	1.07360e-04	3.32012	25.9	31615	1.04970e-04	3.31875	24.7	31205	1.06340e-04	3.31836	26.0
64291.769	16.050	31600	1.05070e-04	3.32012	25.2	30924	1.07360e-04	3.31992	25.9	31496	1.05370e-04	3.31875	24.7	31173	1.06460e-04	3.31855	26.0
64292.957	16.050	31592	1.05090e-04	3.32012	25.3	30968	1.07220e-04	3.32031	25.9	31578	1.05100e-04	3.31875	24.7	31199	1.06370e-04	3.31855	26.0
64294.146	16.056	31559	1.05190e-04	3.31973	25.3	30996	1.07110e-04	3.32012	25.9	31626	1.04940e-04	3.31875	24.7	31197	1.06370e-04	3.31836	26.0
64295.334	16.056	31594	1.05090e-04	3.32012	25.3	30927	1.07350e-04	3.31992	25.9	31598	1.05030e-04	3.31875	24.7	31232	1.06250e-04	3.31836	26.0
64296.522	16.042	31664	1.04860e-04	3.32012	25.3	30960	1.07240e-04	3.32012	25.9	31576	1.05100e-04	3.31875	24.7	31203	1.06350e-04	3.31836	26.0
64297.710	16.042	31666	1.04840e-04	3.31992	25.3	30989	1.07130e-04	3.31992	25.9	31615	1.04970e-04	3.31875	24.7	31244	1.06210e-04	3.31855	26.0
64298.898	16.042	31570	1.05150e-04	3.31973	25.3	31012	1.07060e-04	3.32012	25.9	31613	1.04980e-04	3.31875	24.7	31204	1.06350e-04	3.31855	26.0
64300.087	16.027	31568	1.05180e-04	3.32012	25.3	30946	1.07280e-04	3.31992	25.9	31578	1.05090e-04	3.31855	24.7	31209	1.06330e-04	3.31855	26.0
64301.275	16.027	31574	1.05150e-04	3.31992	25.3	30988	1.07140e-04	3.32012	25.9	31581	1.05090e-04	3.31875	24.7	31220	1.06290e-04	3.31836	26.0
64302.463	16.021	31616	1.05010e-04	3.32012	25.3	31029	1.07000e-04	3.32012	25.9	31628	1.04930e-04	3.31875	24.7	31233	1.06240e-04	3.31816	26.0
64303.652	16.021	31611	1.05030e-04	3.32012	25.3	31042	1.06950e-04	3.32012	25.9	31631	1.04920e-04	3.31875	24.7	31287	1.06070e-04	3.31855	26.0
64304.839	16.009	31567	1.05170e-04	3.31992	25.3	30949	1.07280e-04	3.32012	25.9	31555	1.05170e-04	3.31875	24.7	31152	1.06520e-04	3.31836	26.0
64306.028	16.009	31584	1.05120e-04	3.32012	25.3	31007	1.07070e-04	3.32012	25.9	31543	1.05210e-04	3.31875	24.7	31192	1.06390e-04	3.31855	26.0
64307.216	16.023	31543	1.05250e-04	3.31992	25.3	30943	1.07300e-04	3.32012	25.9	31588	1.05060e-04	3.31875	24.7	31217	1.06300e-04	3.31836	26.0
64308.404	16.023	31516	1.05340e-04	3.31992	25.3	30906	1.07410e-04	3.31973	25.9	31541	1.05210e-04	3.31855	24.7	31182	1.06420e-04	3.31836	26.0
64309.592	16.023	31575	1.05150e-04	3.32012	25.3	30934	1.07330e-04	3.32012	25.9	31521	1.05290e-04	3.31895	24.7	31229	1.06260e-04	3.31836	26.0
64310.781	16.038	31663	1.04850e-04	3.31973	25.3	30949	1.07270e-04	3.31992	25.9	31613	1.04990e-04	3.31895	24.7	31217	1.06300e-04	3.31836	26.0
64311.969	16.038	31564	1.05190e-04	3.32012	25.3	30913	1.07400e-04	3.31992	25.9	31605	1.05000e-04	3.31855	24.7	31276	1.06110e-04	3.31875	26.0
64313.157	16.037	31562	1.05190e-04	3.32012	25.3	30985	1.07160e-04	3.32031	25.9	31603	1.05020e-04	3.31895	24.7	31271	1.06120e-04	3.31836	26.0
64314.346	16.037	31603	1.05050e-04	3.31992	25.3	30943	1.07300e-04	3.32012	25.9	31592	1.05050e-04	3.31875	24.7	31271	1.06120e-04	3.31836	26.0
64315.534	16.035	31548	1.05240e-04	3.32012	25.3	30951	1.07270e-04	3.32012	25.9	31649	1.04860e-04	3.31875	24.7	31226	1.06280e-04	3.31855	26.0
64316.722	16.035	31578	1.05140e-04	3.32012	25.3	30926	1.07360e-04	3.32031	25.9	31568	1.05130e-04	3.31875	24.7	31178	1.06440e-04	3.31855	26.0
64317.910	16.035	31532	1.05290e-04	3.31992	25.3	30902	1.07440e-04	3.32012	25.9	31555	1.05170e-04	3.31875	24.7	31182	1.06420e-04	3.31836	26.0
64319.098	16.021	31582	1.05130e-04	3.32012	25.3	30914	1.07400e-04	3.32031	25.9	31553	1.05180e-04	3.31875	24.7	31183	1.06420e-04	3.31855	26.0
64320.287	16.021	31553	1.05220e-04	3.32012	25.3	30975	1.07190e-04	3.32012	25.9	31614	1.04980e-04	3.31895	24.7	31239	1.06230e-04	3.31836	26.0
64321.475	16.053	31553	1.05220e-04	3.32012	25.3	30954	1.07250e-04	3.31992	25.9	31590	1.05060e-04	3.31875	24.7	31277	1.06100e-04	3.31855	26.0
64322.663	16.053	31560	1.05210e-04	3.32031	25.3	30977	1.07190e-04	3.32031	25.9	31558	1.05170e-04	3.31895	24.7	31244	1.06220e-04	3.31855	26.0
64323.851	16.026	31663	1.04860e-04	3.32012	25.3	30925	1.07360e-04	3.32012	25.9	31644	1.04890e-04	3.31895	24.7	31314	1.05980e-04	3.31855	26.0
64325.039	16.026	31632	1.04960e-04	3.32012	25.3	31014	1.07050e-04	3.32012	25.9	31594	1.05040e-04	3.31875	24.7	31273	1.06120e-04	3.31855	26.0
64326.228	16.011	31591	1.05100e-04	3.32031	25.4	30927	1.07350e-04	3.32012	25.9	31593	1.05050e-04	3.31895	24.8	31276	1.06110e-04	3.31855	26.0
64327.416	16.011	31592	1.05090e-04	3.31992	25.4	30960	1.07230e-04	3.31992	25.9	31589	1.05060e-04	3.31875	24.8	31241	1.06210e-04	3.31816	26.0
64328.604	16.011	31520	1.05330e-04	3.32012	25.3	30986	1.07150e-04	3.32031	25.9	31600	1.05030e-04	3.31895	24.8	31244	1.06220e-04	3.31875	26.0
64329.793	16.010	31615	1.05020e-04	3.32012	25.3	30965	1.07230e-04	3.32031	25.9	31631	1.04920e-04	3.31875	24.7	31268	1.06130e-04	3.31855	26.0
64330.981	16.010	31600	1.05060e-04	3.31992	25.3	30970	1.07200e-04	3.32012	25.9	31643	1.04880e-04	3.31875	24.7	31295	1.06040e-04	3.31855	26.0
64332.169	16.017	31582	1.05130e-04	3.32012	25.3	30948	1.07280e-04	3.32012	25.9	31602	1.05020e-04	3.31875	24.7	31235	1.06250e-04	3.31855	26.0
64333.357	16.017	31544	1.05250e-04	3.32012	25.4	30972	1.07200e-04	3.32012	25.9	31636	1.04900e-04	3.31855	24.7	31191	1.06400e-04	3.31855	26.0
64334.545	15.980	31512	1.05350e-04	3.31992	25.4	30988	1.07140e-04	3.32012	25.9	31547	1.05200e-04	3.31875	24.8	31187	1.06410e-04	3.31855	26.1
64335.734	15.980	31535	1.05280e-04	3.32012	25.4	30936	1.07310e-04	3.31992	25.9	31561	1.05150e-04	3.31855	24.8	31215	1.06310e-04	3.31836	26.1
64336.922	16.030	31516	1.05350e-04	3.32012	25.4	30931	1.07340e-04	3.32012	25.9	31559	1.05170e-04	3.31895	24.8	31207	1.06350e-04	3.31875	26.0
64338.110	16.030	31508	1.05370e-04	3.32012	25.4	30897	1.07460e-04	3.32012	25.9	31492	1.05380e-04	3.31875	24.8	31244	1.06220e-04	3.31855	26.1
64339.299	16.030	31555	1.05220e-04	3.32012	25.4	30948	1.07280e-04	3.32012	26.0	31511	1.05320e-04	3.31875	24.8	31169	1.06470e-04	3.31855	26.1
64340.487	16.038	31516	1.05340e-04	3.31992	25.4	30899	1.07460e-04	3.32031	26.0	31533	1.05250e-04	3.31895	24.8	31252	1.06190e-04	3.31855	26.1
64341.675	16.038	31531	1.05290e-04	3.31992	25.4	30913	1.07400e-04	3.32012	26.0	31506	1.05340e-04	3.31875	24.8	31216	1.06300e-04	3.31836	26.0
64342.863	16.016	31529	1.05300e-04	3.32012	25.4	30882	1.07510e-04	3.32012	26.0	31546	1.05200e-04	3.31855	24.8	31234	1.06250e-04	3.31875	26.1
64344.052	16.016	31564	1.05190e-04	3.32012	25.4	30930	1.07350e-04	3.32031	25.9	31524	1.05280e-04	3.31895	24.8	31193	1.06390e-04	3.31855	26.1
64345.240	16.013	31537	1.05270e-04	3.31973	25.4	30919	1.07380e-04	3.31992	26.0	31573	1.05110e-04	3.31875	24.8	31196	1.06370e-04	3.31836	26.1
64346.428	16.013	31532	1.05300e-04	3.32012	25.4	30926	1.07350e-04	3.31992	26.0	31528	1.05260e-04	3.31875	24.8	31238	1.06230e-04	3.31836	26.1
64347.616	16.019	31591	1.05090e-04	3.31992	25.4	30918	1.07380e-04	3.32012	26.0	31583	1.05080e-04	3.31875	24.8	31189	1.06390e-04	3.31836	26.1
64348.804	16.019	31555	1.05210e-04	3.31992	25.4	30915	1.07390e-04	3.31992	26.0	31543	1.05210e-04	3.31875	24.8	31225	1.06270e-04	3.31836	26.1
64349.992	16.019	31515	1.05360e-04	3.32031	25.4	30927	1.07350e-04	3.31992	26.0	31556	1.05170e-04	3.31875	24.8	31198	1.06380e-04	3.31875	26.1
64351.181	16.035	31566	1.05180e-04	3.31992	25.4	30969	1.07210e-04	3.32012	26.0	31508	1.05330e-04	3.31875	24.8	31214	1.06320e-04	3.31855	26.1
64352.369	16.035	31619	1.05000e-04	3.31992	25.4	31037	1.06970e-04	3.32012	26.0	31576	1.05100e-04	3.31875	24.8	31291	1.06050e-04	3.31836	26.1
64353.558	16.028	31582	1.05120e-04	3.31992	25.4	31023	1.07020e-04	3.31992	26.0	31605	1.05000e-04	3.31855	24.8	31238	1.06230e-04	3.31836	26.1
64354.746	16.028	31534	1.05280e-04	3.31992	25.4	30878	1.07530e-04	3.32031	26.0	31503	1.05350e-04	3.31895	24.8	31215	1.06310e-04	3.31836	26.1
64355.934	16.014	31544	1.05250e-04	3.31992	25.4	30870	1.07550e-04	3.31992	26.0	31508	1.05320e-04	3.31855	24.8	31202	1.06350e-04	3.31836	26.1
64357.122	16.014	31572	1.05160e-04	3.32012	25.4	30869	1.07560e-04	3.32012	26.0	31535	1.05240e-04	3.31875	24.8	31216	1.06310e-04	3.31855	26.1
64358.310	16.037	31544	1.05250e-04	3.31992	25.4	30958	1.07250e-04	3.32012	26.0	31521	1.05290e-04	3.31895	24.8	31197	1.06370e-04	3.31836	26.1
64359.498	16.037	31564	1.05190e-04	3.32012	25.4	30922	1.07360e-04	3.31992	26.0	31479	1.05420e-04	3.31855	24.8	31199	1.06360e-04	3.31836	26.1
64360.687	16.037	31541	1.05250e-04	3.31973	25.4	30997	1.07100e-04	3.31992	26.0	31583	1.05070e-04	3.31855	24.8	31234	1.06240e-04	3.31836	26.1
64361.875	16.022	31578	1.05130e-04	3.31992	25.4	30974	1.07180e-04	3.31992	26.0	31571	1.05120e-04	3.31875	24.8	31241	1.06220e-04	3.31855	26.1
64363.063	16.022	31548	1.05230e-04	3.31992	25.4	30994	1.07120e-04	3.31992	26.0	31580	1.05090e-04	3.31855	24.8	31266	1.06140e-04	3.31855	26.1
64364.251	16.018	31655	1.04880e-04	3.31992	25.3	30992	1.07130e-04	3.32012	26.0	31594	1.05040e-04	3.31875	24.8	31273	1.06110e-04	3.31836	26.1
64365.440	16.018	31560	1.05200e-04	3.32012	25.3	31032	1.06980e-04	3.31992	25.9	31583	1.05070e-04	3.31855	24.8	31281	1.06080e-04	3.31836	26.1
64366.628	16.001	31657	1.04870e-04	3.31992	25.4	30959	1.07240e-04	3.32012	25.9	31612	1.04980e-04	3.31875	24.8	31309	1.05990e-04	3.31836	26.1
64367.816	16.001	31559	1.05200e-04	3.31992	25.4	30968	1.07200e-04	3.31992	26.0	31571	1.05120e-04	3.31875	24.8	31245	1.06210e-04	3.31855	26.1
64369.004	16.001	31551	1.05220e-04	3.31992	25.4	30964	1.07220e-04	3.31992	26.0	31586	1.05060e-04	3.31855	24.8	31243	1.06220e-04	3.31855	26.1
64370.193	16.016	31587	1.05100e-04	3.31992	25.4	30950	1.07270e-04	3.32012	26.0	31539	1.05230e-04	3.31875	24.8	31202	1.06350e-04	3.31836	26.1
64371.381	16.016	31539	1.05270e-04	3.32012	25.4	30939	1.07310e-04	3.31992	26.0	31546	1.05200e-04	3.31875	24.8	31214	1.06310e-04	3.31836	26.1
64372.569	16.046	31593	1.05080e-04	3.31992	25.4	30960	1.07230e-04	3.31992	26.0	31538	1.05230e-04	3.31875	24.8	31279	1.06090e-04	3.31836	26.1
64373.757	16.046	31589	1.05100e-04	3.32012	25.4	30974	1.07180e-04	3.31973	26.0	31556	1.05170e-04	3.31875	24.8	31188	1.06410e-04	3.31855	26.1
64374.946	16.021	31541	1.05260e-04	3.31992	25.4	30927	1.07350e-04	3.31992	26.0	31547	1.05210e-04	3.31895	24.8	31214	1.06320e-04	3.31855	26.1
64376.134	16.021	31559	1.05200e-04	3.32012	25.4	30942	1.07300e-04	3.32012	26.0	31538	1.05230e-04	3.31875	24.8	31218	1.06300e-04	3.31836	26.1
64377.322	16.018	31562	1.05190e-04	3.31992	25.4	30976	1.07180e-04	3.32012	26.0	31572	1.05110e-04	3.31855	24.8	31279	1.06090e-04	3.31836	26.1
64378.510	16.018	31557	1.05210e-04	3.32012	25.4	30929	1.07350e-04	3.32031	26.0	31542	1.05220e-04	3.31895	24.8	31202	1.06350e-04	3.31836	26.1
64379.699	16.034	31531	1.05290e-04	3.31992	25.4	30945	1.07290e-04	3.32012	26.0	31508	1.05330e-04	3.31875	24.8	31222	1.06280e-04	3.31836	26.1
64380.887	16.034	31537	1.05270e-04	3.31992	25.4	30954	1.07260e-04	3.32012	26.0	31535	1.05240e-04	3.31875	24.8	31184	1.06410e-04	3.31836	26.1
64382.075	16.034	31560	1.05200e-04	3.32012	25.4	30868	1.07560e-04	3.32012	26.0	31525	1.05280e-04	3.31895	24.8	31269	1.06130e-04	3.31855	26.1
64383.263	16.049	31550	1.05230e-04	3.31992	25.4	30954	1.07250e-04	3.31992	26.0	31574	1.05110e-04	3.31875	24.8	31268	1.06130e-04	3.31836	26.1
64384.451	16.049	31541	1.05260e-04	3.31992	25.4	30931	1.07330e-04	3.31973	26.0	31588	1.05060e-04	3.31855	24.8	31226	1.06270e-04	3.31836	26.1
64385.640	16.032	31650	1.04900e-04	3.32012	25.4	30977	1.07180e-04	3.32012	26.0	31617	1.04970e-04	3.31895	24.8	31250	1.06190e-04	3.31836	26.1
64386.828	16.032	31607	1.05040e-04	3.31992	25.4	31009	1.07070e-04	3.32012	26.0	31602	1.05020e-04	3.31875	24.8	31265	1.06140e-04	3.31855	26.1
64388.016	16.032	31556	1.05210e-04	3.32012	25.4	30931	1.07330e-04	3.31992	26.0	31579	1.05090e-04	3.31875	24.8	31217	1.06310e-04	3.31855	26.1
64389.205	16.056	31573	1.05160e-04	3.32012	25.4	30955	1.07260e-04	3.32031	26.0	31536	1.05240e-04	3.31875	24.8	31203	1.06350e-04	3.31855	26.1
64390.393	16.056	31597	1.05070e-04	3.31992	25.4	30954	1.07260e-04	3.32012	25.9	31556	1.05170e-04	3.31855	24.8	31211	1.06320e-04	3.31836	26.1
64391.581	16.008	31588	1.05110e-04	3.32012	25.4	30986	1.07140e-04	3.31992	25.9	31571	1.05110e-04	3.31855	24.8	31244	1.06210e-04	3.31836	26.1
64392.769	16.008	31521	1.05330e-04	3.32012	25.4	30964	1.07220e-04	3.32012	25.9	31592	1.05050e-04	3.31875	24.8	31164	1.06480e-04	3.31836	26.1
64393.958	16.034	31568	1.05160e-04	3.31973	25.3	30943	1.07300e-04	3.32012	25.9	31571	1.05120e-04	3.31875	24.8	31201	1.06360e-04	3.31855	26.1
64395.146	16.034	31576	1.05150e-04	3.32012	25.3	30877	1.07520e-04	3.31992	25.9	31578	1.05100e-04	3.31875	24.8	31218	1.06300e-04	3.31836	26.1
64396.334	16.013	31504	1.05390e-04	3.32012	25.3	30943	1.07300e-04	3.32012	25.9	31593	1.05050e-04	3.31875	24.8	31273	1.06120e-04	3.31855	26.1
64397.522	16.013	31561	1.05190e-04	3.31992	25.3	30917	1.07380e-04	3.31992	25.9	31536	1.05230e-04	3.31855	24.8	31271	1.06120e-04	3.31836	26.1
64398.710	16.030	31567	1.05180e-04	3.32012	25.3	30931	1.07340e-04	3.32012	25.9	31551	1.05190e-04	3.31875	24.8	31250	1.06190e-04	3.31836	26.1
64399.899	16.030	31542	1.05260e-04	3.32012	25.4	30982	1.07160e-04	3.31992	25.9	31579	1.05090e-04	3.31875	24.8	31257	1.06170e-04	3.31855	26.1
64401.087	16.030	31533	1.05290e-04	3.31992	25.4	30916	1.07380e-04	3.31992	25.9	31530	1.05250e-04	3.31855	24.8	31228	1.06270e-04	3.31855	26.1
64402.275	16.028	31508	1.05380e-04	3.32012	25.4	30934	1.07340e-04	3.32031	25.9	31610	1.05000e-04	3.31895	24.8	31250	1.06190e-04	3.31836	26.1
64403.463	16.028	31537	1.05270e-04	3.31992	25.4	30939	1.07310e-04	3.32012	25.9	31549	1.05200e-04	3.31875	24.8	31211	1.06320e-04	3.31836	26.1
64404.652	16.026	31475	1.05480e-04	3.32012	25.4	30895	1.07470e-04	3.32012	25.9	31546	1.05200e-04	3.31875	24.8	31192	1.06380e-04	3.31836	26.1
64405.840	16.026	31540	1.05270e-04	3.32012	25.4	30879	1.07520e-04	3.32012	25.9	31511	1.05320e-04	3.31875	24.8	31172	1.06460e-04	3.31855	26.1
64407.029	16.026	31528	1.05300e-04	3.31992	25.4	30914	1.07400e-04	3.32012	25.9	31593	1.05050e-04	3.31875	24.8	31215	1.06320e-04	3.31875	26.1
64408.217	16.026	31499	1.05400e-04	3.31992	25.3	30872	1.07550e-04	3.32012	25.9	31590	1.05060e-04	3.31875	24.8	31231	1.06260e-04	3.31855	26.1
64409.405	16.028	31556	1.05210e-04	3.31992	25.3	30922	1.07360e-04	3.31992	25.9	31482	1.05410e-04	3.31855	24.8	31152	1.06520e-04	3.31836	26.1
64410.593	16.028	31567	1.05170e-04	3.31992	25.3	30970	1.07190e-04	3.31973	25.9	31536	1.05230e-04	3.31855	24.8	31188	1.06400e-04	3.31836	26.1
64411.781	16.028	31515	1.05340e-04	3.31992	25.3	30942	1.07310e-04	3.32031	25.9	31535	1.05240e-04	3.31875	24.8	31206	1.06340e-04	3.31836	26.1
64412.970	16.033	31497	1.05400e-04	3.31992	25.3	30920	1.07380e-04	3.32012	25.9	31507	1.05330e-04	3.31875	24.8	31153	1.06530e-04	3.31855	26.1
64414.158	16.033	31524	1.05310e-04	3.31992	25.3	30877	1.07530e-04	3.32012	25.9	31527	1.05270e-04	3.31875	24.8	31199	1.06360e-04	3.31836	26.1
64415.346	16.046	31536	1.05280e-04	3.32012	25.4	30946	1.07290e-04	3.32012	25.9	31546	1.05210e-04	3.31895	24.8	31206	1.06350e-04	3.31855	26.1
64416.534	16.046	31555	1.05220e-04	3.32012	25.4	30949	1.07280e-04	3.32012	25.9	31544	1.05210e-04	3.31875	24.8	31203	1.06350e-04	3.31836	26.1
64417.722	16.041	31641	1.04930e-04	3.31992	25.4	30970	1.07200e-04	3.31992	25.9	31565	1.05140e-04	3.31875	24.8	31192	1.06390e-04	3.31855	26.1
64418.911	16.041	31555	1.05220e-04	3.32012	25.4	30962	1.07230e-04	3.32012	25.9	31600	1.05030e-04	3.31895	24.8	31238	1.06230e-04	3.31855	26.1
64420.099	16.041	31535	1.05280e-04	3.32012	25.4	30907	1.07420e-04	3.32012	25.9	31538	1.05230e-04	3.31875	24.8	31240	1.06230e-04	3.31875	26.1
64421.287	16.031	31577	1.05140e-04	3.31992	25.4	30914	1.07400e-04	3.32012	25.9	31568	1.05130e-04	3.31875	24.8	31185	1.06420e-04	3.31855	26.1
64422.476	16.031	31569	1.05170e-04	3.32012	25.4	30938	1.07310e-04	3.31992	25.9	31547	1.05200e-04	3.31875	24.8	31144	1.06550e-04	3.31836	26.0
64423.664	16.067	31573	1.05150e-04	3.31992	25.4	30915	1.07390e-04	3.32012	25.9	31544	1.05210e-04	3.31875	24.8	31184	1.06410e-04	3.31836	26.1
64424.852	16.067	31578	1.05130e-04	3.31992	25.4	30935	1.07330e-04	3.32012	25.9	31608	1.05000e-04	3.31875	24.8	31234	1.06250e-04	3.31855	26.1
64426.040	16.032	31644	1.04920e-04	3.32012	25.4	30897	1.07460e-04	3.32012	26.0	31597	1.05030e-04	3.31875	24.8	31279	1.06090e-04	3.31836	26.1
64427.228	16.032	31577	1.05140e-04	3.31992	25.4	30932	1.07340e-04	3.32031	26.0	31551	1.05190e-04	3.31875	24.8	31231	1.06260e-04	3.31855	26.1
64428.416	16.030	31534	1.05290e-04	3.32012	25.4	30913	1.07400e-04	3.32012	26.0	31560	1.05160e-04	3.31875	24.8	31234	1.06250e-04	3.31855	26.1
64429.605	16.030	31659	1.04870e-04	3.31992	25.4	30993	1.07130e-04	3.32012	26.0	31616	1.04970e-04	3.31875	24.8	31241	1.06220e-04	3.31836	26.1
64430.793	16.030	31634	1.04950e-04	3.32012	25.4	30982	1.07160e-04	3.31992	26.0	31730	1.04590e-04	3.31875	24.8	31278	1.06090e-04	3.31836	26.1
64431.981	16.041	31542	1.05260e-04	3.32012	25.4	30976	1.07180e-04	3.32012	26.0	31541	1.05220e-04	3.31875	24.8	31174	1.06450e-04	3.31855	26.1
64433.170	16.041	31602	1.05060e-04	3.31992	25.4	30971	1.07190e-04	3.31992	26.0	31570	1.05120e-04	3.31855	24.8	31239	1.06230e-04	3.31836	26.1
64434.358	16.017	31614	1.05010e-04	3.31992	25.4	31022	1.07020e-04	3.31992	25.9	31603	1.05010e-04	3.31855	24.8	31192	1.06380e-04	3.31816	26.1
64435.546	16.017	31590	1.05090e-04	3.31992	25.4	30965	1.07210e-04	3.31992	26.0	31554	1.05180e-04	3.31875	24.8	31277	1.06100e-04	3.31836	26.1
64436.735	16.012	31577	1.05130e-04	3.31973	25.4	30917	1.07390e-04	3.32012	26.0	31543	1.05210e-04	3.31875	24.8	31233	1.06250e-04	3.31836	26.1
64437.922	16.012	31611	1.05030e-04	3.32012	25.4	31005	1.07080e-04	3.32012	26.0	31596	1.05040e-04	3.31875	24.8	31269	1.06120e-04	3.31836	26.1
64439.111	16.012	31587	1.05100e-04	3.31992	25.4	30977	1.07180e-04	3.32012	26.0	31649	1.04870e-04	3.31895	24.8	31262	1.06150e-04	3.31855	26.1
64440.299	16.026	31498	1.05400e-04	3.31973	25.4	30951	1.07260e-04	3.31992	26.0	31587	1.05060e-04	3.31855	24.8	31256	1.06170e-04	3.31836	26.1
64441.487	16.026	31548	1.05240e-04	3.32012	25.4	30912	1.07400e-04	3.32012	26.0	31497	1.05370e-04	3.31875	24.8	31151	1.06530e-04	3.31836	26.1
64442.675	16.035	31601	1.05060e-04	3.32012	25.4	30942	1.07300e-04	3.32012	26.0	31530	1.05260e-04	3.31895	24.8	31211	1.06330e-04	3.31855	26.1
64443.864	16.035	31553	1.05220e-04	3.31992	25.4	30861	1.07580e-04	3.31992	26.0	31505	1.05330e-04	3.31855	24.8	31237	1.06240e-04	3.31855	26.1
64445.052	16.030	31596	1.05070e-04	3.31992	25.4	30953	1.07260e-04	3.32012	26.0	31489	1.05400e-04	3.31875	24.8	31162	1.06490e-04	3.31855	26.1
64446.240	16.030	31503	1.05380e-04	3.31992	25.4	30997	1.07100e-04	3.31992	26.0	31595	1.05040e-04	3.31875	24.8	31209	1.06330e-04	3.31836	26.1
64447.429	16.026	31540	1.05260e-04	3.31992	25.4	30915	1.07390e-04	3.31992	26.0	31545	1.05200e-04	3.31855	24.8	31221	1.06280e-04	3.31816	26.1
64448.617	16.026	31532	1.05290e-04	3.31992	25.4	30975	1.07190e-04	3.32012	26.0	31532	1.05260e-04	3.31895	24.8	31256	1.06170e-04	3.31855	26.1
64449.805	16.035	31500	1.05390e-04	3.31973	25.4	30935	1.07320e-04	3.31992	26.0	31501	1.05350e-04	3.31855	24.8	31280	1.06090e-04	3.31855	26.1
64450.993	16.035	31542	1.05260e-04	3.32012	25.4	30918	1.07380e-04	3.32012	26.0	31493	1.05380e-04	3.31875	24.8	31242	1.06220e-04	3.31855	26.1
64452.181	16.035	31521	1.05330e-04	3.32012	25.4	30898	1.07460e-04	3.32031	26.0	31475	1.05450e-04	3.31895	24.8	31237	1.06240e-04	3.31855	26.1
64453.369	16.027	31577	1.05140e-04	3.31992	25.4	30949	1.07280e-04	3.32012	26.0	31534	1.05240e-04	3.31855	24.8	31210	1.06330e-04	3.31836	26.1
64454.558	16.027	31608	1.05040e-04	3.32012	25.4	30955	1.07260e-04	3.32012	26.0	31628	1.04940e-04	3.31895	24.8	31227	1.06260e-04	3.31836	26.1
64455.746	16.028	31552	1.05230e-04	3.32012	25.4	30959	1.07240e-04	3.32012	26.0	31541	1.05230e-04	3.31895	24.8	31176	1.06450e-04	3.31855	26.1
64456.934	16.028	31531	1.05300e-04	3.32012	25.4	30913	1.07400e-04	3.31992	26.0	31529	1.05260e-04	3.31875	24.8	31219	1.06300e-04	3.31855	26.1
64458.123	16.035	31505	1.05380e-04	3.32012	25.4	30914	1.07390e-04	3.31992	26.0	31548	1.05200e-04	3.31875	24.8	31223	1.06280e-04	3.31855	26.1
64459.311	16.035	31536	1.05280e-04	3.31992	25.4	30885	1.07500e-04	3.32012	26.0	31501	1.05350e-04	3.31875	24.8	31200	1.06360e-04	3.31855	26.1
64460.499	16.024	31496	1.05410e-04	3.32012	25.4	30857	1.07600e-04	3.32012	26.0	31551	1.05190e-04	3.31875	24.8	31172	1.06450e-04	3.31836	26.1
64461.687	16.024	31570	1.05170e-04	3.32012	25.4	30931	1.07340e-04	3.32012	26.0	31545	1.05210e-04	3.31895	24.8	31216	1.06310e-04	3.31855	26.1
64462.876	16.024	31558	1.05200e-04	3.31992	25.4	30981	1.07170e-04	3.32012	26.0	31579	1.05090e-04	3.31875	24.8	31250	1.06190e-04	3.31855	26.1
64464.064	16.032	31569	1.05170e-04	3.32012	25.4	30938	1.07320e-04	3.32031	26.0	31548	1.05200e-04	3.31895	24.8	31239	1.06230e-04	3.31855	26.1
64465.252	16.032	31564	1.05190e-04	3.32012	25.4	30936	1.07330e-04	3.32031	26.0	31582	1.05090e-04	3.31895	24.8	31211	1.06330e-04	3.31855	26.1
64466.440	16.022	31506	1.05380e-04	3.32012	25.4	30901	1.07450e-04	3.32031	26.0	31550	1.05200e-04	3.31895	24.8	31199	1.06360e-04	3.31836	26.1
64467.629	16.022	31500	1.05400e-04	3.31992	25.4	30886	1.07490e-04	3.31992	26.0	31521	1.05290e-04	3.31875	24.8	31184	1.06410e-04	3.31836	26.1
64468.817	16.022	31495	1.05420e-04	3.32012	25.4	30882	1.07510e-04	3.32012	26.0	31506	1.05340e-04	3.31875	24.8	31178	1.06440e-04	3.31855	26.1
64470.005	16.034	31546	1.05250e-04	3.32012	25.4	30893	1.07470e-04	3.32012	26.0	31482	1.05420e-04	3.31895	24.8	31164	1.06490e-04	3.31855	26.1
64471.193	16.034	31572	1.05150e-04	3.31992	25.4	30920	1.07370e-04	3.31992	26.0	31548	1.05200e-04	3.31875	24.8	31173	1.06450e-04	3.31855	26.1
64472.382	16.043	31539	1.05270e-04	3.32012	25.4	30932	1.07340e-04	3.32012	26.0	31523	1.05290e-04	3.31895	24.8	31219	1.06290e-04	3.31836	26.1
64473.570	16.043	31559	1.05200e-04	3.31992	25.4	30933	1.07330e-04	3.32012	26.0	31508	1.05330e-04	3.31875	24.8	31252	1.06180e-04	3.31836	26.1
64474.758	16.050	31565	1.05180e-04	3.31992	25.4	30941	1.07300e-04	3.31992	26.0	31517	1.05300e-04	3.31875	24.8	31279	1.06100e-04	3.31855	26.1
64475.946	16.050	31502	1.05390e-04	3.32012	25.4	30960	1.07230e-04	3.31992	26.0	31564	1.05140e-04	3.31855	24.8	31202	1.06360e-04	3.31855	26.1
64477.135	16.029	31557	1.05200e-04	3.31992	25.4	31046	1.06940e-04	3.32012	26.0	31590	1.05060e-04	3.31875	24.8	31160	1.06500e-04	3.31836	26.1
64478.323	16.029	31569	1.05160e-04	3.31973	25.4	30977	1.07180e-04	3.32012	26.0	31565	1.05140e-04	3.31875	24.8	31268	1.06120e-04	3.31836	26.1
64479.511	16.029	31529	1.05300e-04	3.32012	25.4	30991	1.07130e-04	3.31992	26.0	31630	1.04920e-04	3.31875	24.8	31259	1.06150e-04	3.31816	26.1
64480.699	16.029	31590	1.05090e-04	3.31992	25.4	31004	1.07080e-04	3.31992	26.0	31659	1.04820e-04	3.31855	24.8	31316	1.05960e-04	3.31836	26.1
64481.888	16.029	31515	1.05350e-04	3.32012	25.4	30871	1.07540e-04	3.31992	26.0	31560	1.05160e-04	3.31875	24.8	31278	1.06100e-04	3.31855	26.1
64483.075	16.049	31487	1.05440e-04	3.31992	25.4	30936	1.07310e-04	3.31992	25.9	31538	1.05230e-04	3.31875	24.8	31152	1.06520e-04	3.31836	26.1
64484.264	16.049	31529	1.05290e-04	3.31973	25.4	30956	1.07240e-04	3.31973	25.9	31549	1.05190e-04	3.31875	24.8	31173	1.06450e-04	3.31836	26.1
64485.452	16.054	31533	1.05290e-04	3.32012	25.4	30947	1.07280e-04	3.32012	26.0	31538	1.05230e-04	3.31875	24.8	31211	1.06320e-04	3.31836	26.1
64486.641	16.054	31562	1.05190e-04	3.31992	25.4	30893	1.07470e-04	3.31992	26.0	31606	1.05000e-04	3.31875	24.8	31147	1.06540e-04	3.31836	26.1
64487.829	16.047	31602	1.05060e-04	3.31992	25.4	30979	1.07170e-04	3.32012	25.9	31616	1.04970e-04	3.31855	24.8	31287	1.06070e-04	3.31855	26.1
64489.017	16.047	31565	1.05180e-04	3.31992	25.4	30960	1.07230e-04	3.31992	25.9	31595	1.05030e-04	3.31855	24.8	31259	1.06160e-04	3.31836	26.1
64490.205	16.047	31609	1.05030e-04	3.31992	25.4	30967	1.07220e-04	3.32012	25.9	31560	1.05160e-04	3.31875	24.8	31212	1.06320e-04	3.31855	26.1
64491.393	16.032	31598	1.05060e-04	3.31973	25.4	30969	1.07200e-04	3.31992	25.9	31603	1.05010e-04	3.31855	24.8	31245	1.06210e-04	3.31836	26.1
64492.582	16.032	31566	1.05180e-04	3.32012	25.4	30924	1.07360e-04	3.32012	25.9	31604	1.05010e-04	3.31875	24.8	31238	1.06230e-04	3.31836	26.1
64493.770	16.055	31514	1.05350e-04	3.31992	25.4	30919	1.07380e-04	3.32012	25.9	31550	1.05180e-04	3.31855	24.8	31200	1.06360e-04	3.31855	26.1
64494.958	16.055	31560	1.05200e-04	3.31992	25.3	30909	1.07400e-04	3.31973	25.9	31531	1.05240e-04	3.31836	24.8	31166	1.06470e-04	3.31836	26.1
64496.146	16.047	31549	1.05230e-04	3.31992	25.4	30923	1.07370e-04	3.32012	25.9	31565	1.05150e-04	3.31895	24.8	31207	1.06340e-04	3.31855	26.0
64497.335	16.047	31538	1.05260e-04	3.31973	25.4	30921	1.07370e-04	3.31992	25.9	31572	1.05110e-04	3.31855	24.8	31202	1.06350e-04	3.31836	26.1
64498.523	16.043	31554	1.05220e-04	3.32012	25.3	30931	1.07330e-04	3.31992	25.9	31500	1.05350e-04	3.31855	24.8	31160	1.06490e-04	3.31816	26.1
64499.711	16.043	31633	1.04960e-04	3.32012	25.3	30933	1.07330e-04	3.32012	25.9	31547	1.05200e-04	3.31875	24.8	31142	1.06560e-04	3.31855	26.1
64500.899	16.042	31570	1.05160e-04	3.31992	25.4	30944	1.07290e-04	3.31992	25.9	31542	1.05210e-04	3.31855	24.8	31175	1.06440e-04	3.31836	26.0
64502.088	16.042	31634	1.04950e-04	3.31992	25.4	31012	1.07060e-04	3.32012	25.9	31627	1.04940e-04	3.31875	24.8	31179	1.06430e-04	3.31836	26.0
64503.276	16.042	31629	1.04970e-04	3.32012	25.4	31048	1.06940e-04	3.32012	25.9	31620	1.04950e-04	3.31855	24.8	31240	1.06220e-04	3.31836	26.0
64504.464	16.032	31592	1.05090e-04	3.31992	25.3	30991	1.07130e-04	3.32012	25.9	31595	1.05040e-04	3.31875	24.8	31238	1.06230e-04	3.31836	26.0
64505.652	16.032	31603	1.05050e-04	3.31992	25.3	30921	1.07370e-04	3.31992	25.9	31564	1.05140e-04	3.31855	24.8	31189	1.06390e-04	3.31836	26.0
64506.840	16.015	31633	1.04950e-04	3.31992	25.3	31006	1.07080e-04	3.32012	25.9	31603	1.05020e-04	3.31895	24.8	31269	1.06130e-04	3.31855	26.0
64508.029	16.015	31552	1.05220e-04	3.31992	25.3	30930	1.07340e-04	3.31992	25.9	31635	1.04910e-04	3.31875	24.8	31253	1.06180e-04	3.31836	26.0
64509.217	16.020	31591	1.05090e-04	3.31992	25.3	30971	1.07190e-04	3.31992	25.9	31610	1.04990e-04	3.31875	24.8	31248	1.06190e-04	3.31836	26.1
64510.405	16.020	31595	1.05080e-04	3.31992	25.3	31013	1.07050e-04	3.32012	25.9	31692	1.04710e-04	3.31855	24.8	31272	1.06110e-04	3.31816	26.1
64511.593	16.029	31591	1.05090e-04	3.31992	25.3	30926	1.07360e-04	3.32012	25.9	31559	1.05160e-04	3.31875	24.8	31236	1.06240e-04	3.31855	26.0
64512.782	16.029	31516	1.05340e-04	3.31973	25.3	30943	1.07300e-04	3.32012	25.9	31544	1.05210e-04	3.31875	24.8	31170	1.06470e-04	3.31855	26.0
64513.970	16.029	31587	1.05100e-04	3.31992	25.3	30976	1.07180e-04	3.31992	25.9	31607	1.04990e-04	3.31855	24.8	31224	1.06280e-04	3.31836	26.0
64515.158	16.038	31523	1.05320e-04	3.31992	25.3	30968	1.07210e-04	3.32012	25.9	31567	1.05130e-04	3.31875	24.8	31223	1.06280e-04	3.31855	26.0
64516.347	16.038	31563	1.05190e-04	3.31992	25.3	30959	1.07240e-04	3.32012	25.9	31546	1.05200e-04	3.31875	24.8	31165	1.06480e-04	3.31836	26.0
64517.535	16.050	31587	1.05100e-04	3.31992	25.3	30909	1.07410e-04	3.31992	25.9	31566	1.05130e-04	3.31855	24.8	31210	1.06330e-04	3.31836	26.0
64518.723	16.050	31634	1.04960e-04	3.32012	25.3	30922	1.07370e-04	3.32012	25.9	31567	1.05140e-04	3.31895	24.8	31133	1.06590e-04	3.31855	26.0
64519.911	16.034	31611	1.05030e-04	3.32012	25.3	31007	1.07070e-04	3.31992	25.9	31599	1.05030e-04	3.31895	24.8	31228	1.06270e-04	3.31875	26.0
64521.099	16.034	31620	1.04990e-04	3.31992	25.3	30918	1.07380e-04	3.31992	25.9	31521	1.05290e-04	3.31875	24.8	31285	1.06080e-04	3.31855	26.0
64522.288	16.065	31548	1.05240e-04	3.32012	25.3	30928	1.07340e-04	3.31992	25.9	31572	1.05110e-04	3.31855	24.8	31215	1.06310e-04	3.31855	26.0
64523.476	16.065	31490	1.05420e-04	3.31973	25.3	30902	1.07440e-04	3.32012	25.9	31541	1.05220e-04	3.31875	24.8	31201	1.06350e-04	3.31836	26.0
64524.664	16.065	31594	1.05080e-04	3.31992	25.3	30922	1.07360e-04	3.31992	25.9	31579	1.05090e-04	3.31855	24.8	31157	1.06510e-04	3.31836	26.0
64525.852	16.052	31537	1.05270e-04	3.31992	25.3	30911	1.07410e-04	3.32012	25.9	31622	1.04960e-04	3.31895	24.8	31257	1.06170e-04	3.31855	26.0
64527.041	16.052	31586	1.05110e-04	3.31992	25.3	30925	1.07360e-04	3.32012	25.9	31545	1.05210e-04	3.31875	24.8	31131	1.06600e-04	3.31855	26.0
64528.229	16.038	31566	1.05180e-04	3.31992	25.3	31012	1.07060e-04	3.32012	25.9	31592	1.05040e-04	3.31855	24.8	31202	1.06350e-04	3.31836	26.0
64529.417	16.038	31551	1.05230e-04	3.32012	25.3	30947	1.07280e-04	3.32012	25.9	31542	1.05220e-04	3.31875	24.8	31205	1.06340e-04	3.31836	26.0
64530.605	16.041	31480	1.05450e-04	3.31973	25.3	30868	1.07550e-04	3.31992	25.9	31502	1.05350e-04	3.31855	24.8	31153	1.06510e-04	3.31816	26.0
64531.793	16.041	31566	1.05180e-04	3.31992	25.3	30920	1.07370e-04	3.31992	25.9	31518	1.05290e-04	3.31855	24.8	31158	1.06510e-04	3.31855	26.0
64532.982	16.041	31596	1.05070e-04	3.31992	25.3	30978	1.07170e-04	3.31992	25.9	31565	1.05140e-04	3.31875	24.8	31202	1.06360e-04	3.31855	26.0
64534.170	16.033	31590	1.05090e-04	3.31992	25.3	30991	1.07130e-04	3.31992	25.9	31660	1.04820e-04	3.31855	24.8	31294	1.06040e-04	3.31836	26.0
64535.358	16.033	31578	1.05130e-04	3.31992	25.3	30890	1.07480e-04	3.31992	25.9	31568	1.05130e-04	3.31875	24.8	31291	1.06050e-04	3.31836	26.0
64536.546	16.044	31565	1.05180e-04	3.31992	25.3	30900	1.07440e-04	3.31992	25.9	31631	1.04920e-04	3.31875	24.8	31233	1.06240e-04	3.31816	26.0
64537.735	16.044	31611	1.05020e-04	3.31973	25.3	30974	1.07190e-04	3.32012	25.9	31591	1.05050e-04	3.31855	24.8	31215	1.06310e-04	3.31836	26.0
64538.923	16.052	31549	1.05230e-04	3.31992	25.3	30941	1.07310e-04	3.32012	25.9	31611	1.04990e-04	3.31875	24.8	31165	1.06480e-04	3.31836	26.0
64540.111	16.052	31590	1.05090e-04	3.31973	25.3	30934	1.07320e-04	3.31992	25.9	31564	1.05140e-04	3.31855	24.8	31249	1.06190e-04	3.31836	26.0
64541.299	16.039	31591	1.05090e-04	3.31992	25.3	31015	1.07050e-04	3.32012	25.9	31624	1.04940e-04	3.31875	24.8	31214	1.06310e-04	3.31836	26.0
64542.488	16.039	31583	1.05120e-04	3.32012	25.3	30969	1.07210e-04	3.32012	25.9	31591	1.05050e-04	3.31875	24.8	31194	1.06380e-04	3.31836	26.0
64543.676	16.023	31587	1.05100e-04	3.31992	25.3	30934	1.07320e-04	3.31973	25.9	31543	1.05210e-04	3.31855	24.8	31166	1.06470e-04	3.31836	26.0
64544.864	16.023	31553	1.05220e-04	3.31992	25.3	30958	1.07250e-04	3.32012	25.9	31577	1.05100e-04	3.31875	24.8	31191	1.06390e-04	3.31855	26.0
64546.053	16.023	31661	1.04860e-04	3.31992	25.3	30911	1.07400e-04	3.31992	25.9	31628	1.04930e-04	3.31875	24.8	31163	1.06490e-04	3.31855	26.0
64547.241	16.037	31616	1.05010e-04	3.31992	25.3	31001	1.07090e-04	3.31992	25.9	31594	1.05040e-04	3.31855	24.8	31209	1.06320e-04	3.31816	26.0
64548.429	16.037	31578	1.05140e-04	3.32012	25.3	31012	1.07060e-04	3.32012	25.9	31633	1.04910e-04	3.31855	24.8	31233	1.06250e-04	3.31836	26.0
64549.617	16.013	31559	1.05190e-04	3.31973	25.3	30990	1.07130e-04	3.31992	25.9	31637	1.04900e-04	3.31875	24.7	31281	1.06080e-04	3.31836	26.0
64550.805	16.013	31611	1.05020e-04	3.31992	25.3	30923	1.07360e-04	3.31992	25.9	31593	1.05050e-04	3.31875	24.7	31268	1.06120e-04	3.31836	26.0
64551.994	16.064	31616	1.05010e-04	3.31992	25.3	30959	1.07240e-04	3.32012	25.9	31635	1.04900e-04	3.31855	24.7	31290	1.06050e-04	3.31836	26.0
64553.182	16.064	31551	1.05220e-04	3.31973	25.3	30915	1.07390e-04	3.31992	25.9	31596	1.05040e-04	3.31875	24.8	31176	1.06440e-04	3.31836	26.0
64554.370	16.064	31599	1.05070e-04	3.32012	25.3	30908	1.07420e-04	3.32012	25.9	31545	1.05200e-04	3.31836	24.8	31245	1.06190e-04	3.31797	26.0
64555.559	16.043	31571	1.05160e-04	3.32012	25.3	30951	1.07270e-04	3.32012	25.9	31530	1.05260e-04	3.31875	24.8	31199	1.06370e-04	3.31855	26.0
64556.747	16.043	31523	1.05320e-04	3.31992	25.3	30918	1.07380e-04	3.31992	25.9	31607	1.05000e-04	3.31875	24.8	31197	1.06370e-04	3.31855	26.0
64557.935	16.041	31584	1.05110e-04	3.31992	25.3	30893	1.07460e-04	3.31992	25.9	31528	1.05260e-04	3.31855	24.8	31177	1.06430e-04	3.31836	26.0
64559.123	16.041	31570	1.05160e-04	3.31992	25.3	30923	1.07350e-04	3.31973	25.9	31584	1.05080e-04	3.31875	24.7	31150	1.06530e-04	3.31836	26.0
64560.311	16.024	31540	1.05260e-04	3.31973	25.3	30964	1.07220e-04	3.31992	25.9	31564	1.05140e-04	3.31855	24.7	31173	1.06440e-04	3.31816	26.0
64561.500	16.024	31598	1.05070e-04	3.31992	25.3	30934	1.07320e-04	3.31992	25.9	31530	1.05250e-04	3.31855	24.7	31200	1.06350e-04	3.31816	26.0
64562.688	16.039	31612	1.05030e-04	3.32012	25.3	30968	1.07210e-04	3.32012	25.9	31613	1.04990e-04	3.31895	24.7	31187	1.06410e-04	3.31855	26.0
64563.876	16.039	31628	1.04960e-04	3.31973	25.3	30965	1.07220e-04	3.32012	25.9	31624	1.04940e-04	3.31875	24.7	31310	1.05990e-04	3.31855	26.0
64565.064	16.039	31558	1.05200e-04	3.31992	25.3	30964	1.07230e-04	3.32012	25.9	31608	1.04990e-04	3.31855	24.7	31244	1.06200e-04	3.31816	26.0
64566.253	16.018	31586	1.05110e-04	3.32012	25.3	30945	1.07290e-04	3.32012	25.9	31612	1.04980e-04	3.31875	24.7	31243	1.06210e-04	3.31836	26.0
64567.441	16.018	31591	1.05090e-04	3.31992	25.3	30983	1.07150e-04	3.31992	25.9	31590	1.05060e-04	3.31875	24.7	31228	1.06250e-04	3.31816	26.0
64568.629	16.018	31569	1.05170e-04	3.31992	25.3	31038	1.06960e-04	3.31992	25.9	31606	1.05000e-04	3.31875	24.7	31233	1.06250e-04	3.31836	26.0
64569.818	16.018	31599	1.05070e-04	3.31992	25.2	30954	1.07250e-04	3.31992	25.9	31595	1.05040e-04	3.31875	24.7	31230	1.06260e-04	3.31836	26.0
64571.006	16.018	31518	1.05330e-04	3.31973	25.2	30916	1.07380e-04	3.31992	25.9	31607	1.04990e-04	3.31855	24.7	31221	1.06290e-04	3.31836	26.0
64572.194	16.018	31597	1.05070e-04	3.31992	25.2	30912	1.07390e-04	3.31973	25.9	31611	1.04980e-04	3.31855	24.7	31231	1.06250e-04	3.31816	26.0
64573.382	16.023	31540	1.05260e-04	3.31973	25.2	30887	1.07490e-04	3.31992	25.9	31563	1.05150e-04	3.31875	24.7	31168	1.06460e-04	3.31816	26.0
64574.570	16.023	31535	1.05270e-04	3.31973	25.2	30945	1.07290e-04	3.32012	25.9	31561	1.05150e-04	3.31875	24.7	31220	1.06290e-04	3.31836	26.0
64575.758	16.023	31564	1.05180e-04	3.31992	25.3	30919	1.07380e-04	3.31992	25.9	31533	1.05240e-04	3.31836	24.7	31144	1.06550e-04	3.31836	26.0
64576.947	16.045	31494	1.05410e-04	3.31992	25.3	30917	1.07390e-04	3.32031	25.9	31532	1.05250e-04	3.31875	24.7	31179	1.06430e-04	3.31855	26.0
64578.135	16.045	31529	1.05300e-04	3.31992	25.3	30904	1.07430e-04	3.31992	25.9	31531	1.05250e-04	3.31875	24.7	31158	1.06510e-04	3.31855	26.0
64579.323	16.032	31553	1.05220e-04	3.31992	25.3	30954	1.07250e-04	3.31992	25.9	31574	1.05100e-04	3.31855	24.7	31184	1.06410e-04	3.31816	26.0
64580.512	16.032	31641	1.04920e-04	3.31992	25.3	31004	1.07080e-04	3.31992	25.9	31608	1.05000e-04	3.31875	24.7	31236	1.06230e-04	3.31836	26.0
64581.700	16.012	31641	1.04920e-04	3.31992	25.3	30989	1.07130e-04	3.31973	25.9	31681	1.04740e-04	3.31836	24.7	31292	1.06040e-04	3.31836	26.0
64582.888	16.012	31548	1.05230e-04	3.31992	25.3	30975	1.07180e-04	3.31992	25.9	31648	1.04860e-04	3.31855	24.7	31272	1.06110e-04	3.31836	26.0
64584.077	16.012	31541	1.05260e-04	3.31992	25.3	30872	1.07540e-04	3.31992	25.9	31534	1.05240e-04	3.31875	24.7	31231	1.06250e-04	3.31836	26.0
64585.265	16.045	31570	1.05160e-04	3.31973	25.3	30860	1.07570e-04	3.31973	25.9	31541	1.05210e-04	3.31855	24.7	31130	1.06590e-04	3.31816	26.0
64586.453	16.045	31593	1.05090e-04	3.31992	25.3	30927	1.07350e-04	3.32012	25.9	31572	1.05120e-04	3.31875	24.7	31215	1.06310e-04	3.31836	26.0
64587.641	16.035	31595	1.05080e-04	3.31992	25.2	30912	1.07400e-04	3.32012	25.9	31600	1.05020e-04	3.31855	24.7	31197	1.06370e-04	3.31836	26.0
64588.829	16.035	31596	1.05070e-04	3.31992	25.2	30981	1.07170e-04	3.32012	25.9	31602	1.05010e-04	3.31855	24.7	31205	1.06340e-04	3.31836	26.0
64590.017	16.032	31577	1.05130e-04	3.31973	25.2	30874	1.07530e-04	3.31992	25.9	31632	1.04910e-04	3.31855	24.7	31257	1.06160e-04	3.31836	26.0
64591.205	16.032	31553	1.05220e-04	3.31992	25.2	30904	1.07430e-04	3.32012	25.9	31540	1.05220e-04	3.31855	24.7	31204	1.06340e-04	3.31816	26.0
64592.394	16.044	31578	1.05140e-04	3.32012	25.3	30936	1.07310e-04	3.31992	25.9	31561	1.05150e-04	3.31875	24.7	31184	1.06410e-04	3.31836	26.0
64593.582	16.044	31592	1.05090e-04	3.31992	25.3	30927	1.07350e-04	3.31992	25.9	31612	1.04980e-04	3.31875	24.7	31157	1.06510e-04	3.31836	26.0
64594.770	16.026	31576	1.05140e-04	3.31973	25.3	30963	1.07220e-04	3.31992	25.9	31617	1.04970e-04	3.31875	24.7	31238	1.06230e-04	3.31836	26.0
64595.958	16.026	31524	1.05330e-04	3.32031	25.3	30853	1.07600e-04	3.31973	25.9	31556	1.05170e-04	3.31855	24.7	31240	1.06220e-04	3.31816	26.0
64597.147	16.026	31492	1.05420e-04	3.31992	25.3	30859	1.07580e-04	3.31992	25.9	31549	1.05200e-04	3.31875	24.7	31153	1.06520e-04	3.31836	26.0
64598.335	16.028	31559	1.05200e-04	3.31992	25.3	30879	1.07520e-04	3.32012	25.9	31562	1.05150e-04	3.31875	24.7	31169	1.06460e-04	3.31836	26.0
64599.523	16.028	31608	1.05030e-04	3.31992	25.3	30968	1.07210e-04	3.32012	25.9	31614	1.04980e-04	3.31875	24.7	31193	1.06380e-04	3.31836	26.0
64600.712	16.022	31680	1.04790e-04	3.31992	25.3	30995	1.07120e-04	3.32012	25.9	31623	1.04950e-04	3.31875	24.7	31217	1.06300e-04	3.31836	26.0
64601.900	16.022	31624	1.04990e-04	3.32012	25.3	30957	1.07250e-04	3.32031	25.9	31601	1.05020e-04	3.31875	24.7	31242	1.06220e-04	3.31855	26.0
64603.088	16.022	31608	1.05030e-04	3.31992	25.3	30957	1.07250e-04	3.32012	25.9	31617	1.04970e-04	3.31875	24.7	31161	1.06490e-04	3.31836	26.0
64604.276	16.042	31606	1.05040e-04	3.31992	25.3	30994	1.07120e-04	3.31992	25.9	31610	1.04990e-04	3.31875	24.7	31250	1.06190e-04	3.31836	26.0
64605.464	16.042	31566	1.05180e-04	3.31992	25.3	30959	1.07240e-04	3.32012	25.8	31574	1.05100e-04	3.31855	24.7	31176	1.06440e-04	3.31836	26.0
64606.653	16.033	31507	1.05370e-04	3.31992	25.2	30964	1.07230e-04	3.32012	25.8	31604	1.05010e-04	3.31875	24.7	31215	1.06310e-04	3.31836	26.0
64607.841	16.033	31548	1.05230e-04	3.31992	25.3	30925	1.07350e-04	3.31992	25.8	31513	1.05310e-04	3.31875	24.7	31206	1.06340e-04	3.31855	26.0
64609.029	16.037	31598	1.05070e-04	3.31992	25.3	30945	1.07280e-04	3.31992	25.9	31591	1.05050e-04	3.31855	24.7	31190	1.06390e-04	3.31836	26.0
64610.218	16.037	31516	1.05340e-04	3.31992	25.3	30929	1.07350e-04	3.32012	25.9	31614	1.04980e-04	3.31895	24.7	31251	1.06180e-04	3.31836	26.0
64611.406	16.063	31517	1.05330e-04	3.31973	25.3	30975	1.07180e-04	3.31992	25.9	31591	1.05050e-04	3.31855	24.7	31266	1.06130e-04	3.31836	26.0
64612.594	16.063	31539	1.05270e-04	3.32012	25.3	30918	1.07390e-04	3.32031	25.9	31536	1.05230e-04	3.31855	24.7	31176	1.06440e-04	3.31836	26.0
64613.782	16.019	31557	1.05200e-04	3.31992	25.3	30933	1.07330e-04	3.32012	25.9	31526	1.05270e-04	3.31875	24.7	31150	1.06530e-04	3.31855	26.0
64614.971	16.019	31582	1.05120e-04	3.31992	25.3	30948	1.07280e-04	3.31992	25.9	31562	1.05140e-04	3.31855	24.7	31160	1.06500e-04	3.31836	26.0
64616.159	16.019	31504	1.05390e-04	3.32012	25.3	30912	1.07410e-04	3.32012	25.9	31584	1.05080e-04	3.31875	24.7	31132	1.06590e-04	3.31836	26.0
64617.347	16.043	31544	1.05250e-04	3.31992	25.3	30893	1.07470e-04	3.32012	25.9	31521	1.05290e-04	3.31875	24.7	31172	1.06450e-04	3.31836	26.0
64618.535	16.043	31611	1.05020e-04	3.31992	25.3	30919	1.07380e-04	3.32012	25.9	31602	1.05020e-04	3.31875	24.7	31176	1.06440e-04	3.31836	26.0
64619.724	16.044	31661	1.04850e-04	3.31973	25.3	31037	1.06970e-04	3.31992	25.9	31631	1.04920e-04	3.31875	24.7	31247	1.06200e-04	3.31855	26.0
64620.912	16.044	31578	1.05140e-04	3.32012	25.3	30977	1.07180e-04	3.32012	25.9	31641	1.04880e-04	3.31855	24.7	31273	1.06110e-04	3.31836	26.0
64622.100	16.024	31574	1.05150e-04	3.32012	25.3	30913	1.07400e-04	3.31992	25.9	31634	1.04920e-04	3.31895	24.7	31270	1.06120e-04	3.31855	26.0
64623.289	16.024	31544	1.05250e-04	3.31992	25.3	30900	1.07440e-04	3.31992	25.9	31600	1.05020e-04	3.31855	24.7	31226	1.06270e-04	3.31836	26.0
64624.477	16.047	31552	1.05230e-04	3.32012	25.3	30918	1.07390e-04	3.32031	25.9	31535	1.05240e-04	3.31875	24.7	31198	1.06360e-04	3.31836	26.0
64625.664	16.047	31544	1.05250e-04	3.32012	25.3	30919	1.07380e-04	3.32012	25.9	31530	1.05250e-04	3.31855	24.7	31202	1.06360e-04	3.31855	26.0
64626.853	16.047	31546	1.05240e-04	3.31992	25.3	30941	1.07310e-04	3.32012	25.9	31607	1.04990e-04	3.31855	24.7	31213	1.06310e-04	3.31836	26.0
64628.041	16.059	31592	1.05090e-04	3.32012	25.3	30997	1.07120e-04	3.32031	25.9	31581	1.05090e-04	3.31895	24.7	31262	1.06150e-04	3.31855	26.0
64629.230	16.059	31568	1.05170e-04	3.31992	25.3	30995	1.07110e-04	3.31992	25.9	31616	1.04980e-04	3.31895	24.7	31241	1.06220e-04	3.31836	26.0
64630.418	16.026	31633	1.04950e-04	3.31992	25.3	30957	1.07250e-04	3.32012	25.9	31633	1.04910e-04	3.31855	24.7	31227	1.06270e-04	3.31836	26.0
64631.606	16.026	31579	1.05140e-04	3.32012	25.3	30987	1.07150e-04	3.32031	25.9	31572	1.05120e-04	3.31875	24.7	31239	1.06230e-04	3.31855	26.0
64632.794	16.018	31597	1.05080e-04	3.32012	25.3	30911	1.07400e-04	3.31992	25.9	31589	1.05060e-04	3.31875	24.7	31221	1.06290e-04	3.31855	26.0
64633.983	16.018	31513	1.05360e-04	3.32012	25.3	30858	1.07590e-04	3.32012	25.9	31495	1.05380e-04	3.31875	24.7	31139	1.06570e-04	3.31836	26.0
64635.171	16.018	31527	1.05310e-04	3.32012	25.3	30900	1.07450e-04	3.32012	25.9	31526	1.05280e-04	3.31895	24.7	31155	1.06520e-04	3.31855	26.0
64636.359	16.022	31522	1.05320e-04	3.31992	25.3	30878	1.07520e-04	3.31992	25.9	31527	1.05270e-04	3.31875	24.7	31175	1.06440e-04	3.31836	26.0
64637.547	16.022	31490	1.05430e-04	3.32012	25.3	30903	1.07440e-04	3.32031	25.9	31536	1.05240e-04	3.31875	24.7	31191	1.06390e-04	3.31855	26.0
64638.736	16.050	31488	1.05440e-04	3.32012	25.3	30917	1.07390e-04	3.32012	25.9	31502	1.05350e-04	3.31875	24.7	31213	1.06320e-04	3.31855	26.0
64639.923	16.050	31582	1.05120e-04	3.31992	25.3	30964	1.07230e-04	3.32012	25.9	31538	1.05230e-04	3.31875	24.7	31168	1.06470e-04	3.31855	26.0
64641.112	16.050	31584	1.05120e-04	3.32012	25.3	31007	1.07070e-04	3.32012	25.9	31562	1.05160e-04	3.31895	24.7	31191	1.06400e-04	3.31855	26.0
64642.300	16.049	31546	1.05250e-04	3.32012	25.3	30976	1.07180e-04	3.32012	25.9	31593	1.05050e-04	3.31875	24.7	31152	1.06530e-04	3.31855	26.0
64643.488	16.035	31570	1.05160e-04	3.31992	25.3	30941	1.07300e-04	3.31992	25.9	31496	1.05360e-04	3.31855	24.7	31209	1.06330e-04	3.31855	26.0
64644.677	16.035	31537	1.05280e-04	3.32012	25.3	30870	1.07560e-04	3.32031	25.9	31484	1.05420e-04	3.31895	24.7	31227	1.06270e-04	3.31855	26.0
64645.865	16.035	31541	1.05260e-04	3.32012	25.3	30890	1.07480e-04	3.31992	25.9	31505	1.05340e-04	3.31875	24.7	31211	1.06330e-04	3.31855	26.0
64647.053	16.032	31541	1.05260e-04	3.31992	25.3	30856	1.07590e-04	3.31992	25.9	31539	1.05230e-04	3.31875	24.7	31162	1.06490e-04	3.31836	26.0
64648.241	16.032	31510	1.05360e-04	3.31992	25.3	30940	1.07310e-04	3.32012	25.9	31538	1.05230e-04	3.31875	24.7	31167	1.06470e-04	3.31836	26.0
64649.429	16.040	31537	1.05270e-04	3.31992	25.3	30958	1.07250e-04	3.32012	25.9	31548	1.05200e-04	3.31875	24.7	31187	1.06400e-04	3.31836	26.0
64650.618	16.040	31523	1.05320e-04	3.31992	25.3	30914	1.07400e-04	3.32012	25.9	31501	1.05350e-04	3.31875	24.7	31250	1.06190e-04	3.31836	26.0
64651.806	16.067	31569	1.05160e-04	3.31992	25.3	30946	1.07290e-04	3.32012	25.9	31541	1.05220e-04	3.31875	24.7	31167	1.06470e-04	3.31836	26.0
64652.994	16.067	31613	1.05020e-04	3.31992	25.3	30908	1.07420e-04	3.32012	25.9	31517	1.05300e-04	3.31875	24.7	31179	1.06430e-04	3.31836	26.0
64654.183	16.067	31591	1.05090e-04	3.31973	25.3	31016	1.07050e-04	3.32012	25.9	31574	1.05110e-04	3.31875	24.7	31207	1.06330e-04	3.31836	26.0
64655.371	16.044	31569	1.05160e-04	3.31992	25.3	30997	1.07100e-04	3.31992	25.9	31564	1.05140e-04	3.31855	24.7	31225	1.06270e-04	3.31836	26.0
64656.559	16.044	31616	1.05010e-04	3.31992	25.3	30905	1.07420e-04	3.31992	25.9	31572	1.05110e-04	3.31855	24.7	31234	1.06240e-04	3.31836	26.0
64657.747	16.019	31599	1.05060e-04	3.31992	25.3	30984	1.07150e-04	3.31992	25.9	31579	1.05090e-04	3.31875	24.7	31244	1.06210e-04	3.31836	26.0
64658.935	16.019	31595	1.05080e-04	3.31992	25.3	31002	1.07090e-04	3.31992	25.9	31640	1.04890e-04	3.31875	24.7	31269	1.06120e-04	3.31836	26.0
64660.123	16.030	31548	1.05230e-04	3.31973	25.3	30943	1.07290e-04	3.31992	25.9	31574	1.05100e-04	3.31855	24.7	31215	1.06310e-04	3.31836	26.0
64661.312	16.030	31562	1.05190e-04	3.31992	25.3	30882	1.07510e-04	3.32012	25.9	31542	1.05210e-04	3.31855	24.7	31189	1.06390e-04	3.31816	26.0
64662.500	16.061	31559	1.05200e-04	3.32012	25.3	30979	1.07170e-04	3.32012	25.9	31540	1.05220e-04	3.31875	24.7	31190	1.06400e-04	3.31855	26.0
64663.688	16.061	31554	1.05210e-04	3.31973	25.3	30952	1.07270e-04	3.32012	25.9	31554	1.05180e-04	3.31875	24.7	31221	1.06290e-04	3.31855	26.0
64664.877	16.026	31504	1.05380e-04	3.31992	25.3	30967	1.07220e-04	3.32012	25.9	31554	1.05180e-04	3.31875	24.7	31235	1.06240e-04	3.31836	26.0
64666.065	16.026	31498	1.05400e-04	3.31992	25.3	30919	1.07380e-04	3.31992	25.9	31539	1.05230e-04	3.31875	24.7	31231	1.06260e-04	3.31855	26.0
64667.253	16.026	31532	1.05280e-04	3.31973	25.3	30920	1.07370e-04	3.31992	25.9	31482	1.05410e-04	3.31855	24.7	31193	1.06370e-04	3.31816	26.0
64668.441	16.041	31517	1.05340e-04	3.32012	25.3	30918	1.07380e-04	3.31992	25.9	31530	1.05260e-04	3.31875	24.7	31123	1.06620e-04	3.31836	26.0
64669.629	16.041	31583	1.05120e-04	3.31992	25.3	30917	1.07380e-04	3.31992	25.9	31512	1.05320e-04	3.31875	24.7	31186	1.06410e-04	3.31855	26.0
64670.818	16.036	31561	1.05190e-04	3.31992	25.3	30944	1.07290e-04	3.31992	25.9	31538	1.05230e-04	3.31875	24.7	31215	1.06310e-04	3.31836	26.0
64672.006	16.036	31629	1.04970e-04	3.32012	25.3	30993	1.07120e-04	3.31992	25.9	31546	1.05200e-04	3.31875	24.7	31194	1.06380e-04	3.31836	26.0
64673.194	16.041	31574	1.05140e-04	3.31973	25.3	30965	1.07220e-04	3.31992	25.9	31603	1.05010e-04	3.31855	24.7	31220	1.06290e-04	3.31836	26.0
64674.383	16.041	31547	1.05240e-04	3.31992	25.3	30901	1.07440e-04	3.31992	25.9	31571	1.05120e-04	3.31875	24.7	31208	1.06330e-04	3.31816	26.0
64675.571	16.035	31577	1.05140e-04	3.31992	25.3	30925	1.07350e-04	3.31992	25.9	31622	1.04950e-04	3.31855	24.7	31209	1.06330e-04	3.31836	26.0
64676.759	16.035	31593	1.05090e-04	3.31992	25.3	30912	1.07400e-04	3.32012	25.9	31619	1.04960e-04	3.31875	24.7	31239	1.06230e-04	3.31855	26.0
64677.947	16.035	31582	1.05110e-04	3.31973	25.3	31032	1.06980e-04	3.31992	25.9	31671	1.04790e-04	3.31875	24.7	31218	1.06300e-04	3.31836	26.0
64679.135	16.044	31589	1.05100e-04	3.31992	25.3	30901	1.07440e-04	3.31992	25.9	31614	1.04970e-04	3.31855	24.7	31262	1.06140e-04	3.31816	26.0
64680.324	16.044	31534	1.05280e-04	3.31992	25.3	30862	1.07570e-04	3.31973	25.9	31528	1.05260e-04	3.31855	24.7	31187	1.06400e-04	3.31836	26.0
64681.512	16.058	31562	1.05190e-04	3.31992	25.3	30917	1.07380e-04	3.31973	25.9	31502	1.05340e-04	3.31855	24.7	31135	1.06570e-04	3.31816	26.0
64682.700	16.058	31519	1.05330e-04	3.31992	25.3	30950	1.07280e-04	3.32012	25.9	31614	1.04980e-04	3.31875	24.7	31184	1.06410e-04	3.31836	26.0
64683.889	16.058	31540	1.05260e-04	3.31973	25.2	30898	1.07440e-04	3.31973	25.9	31601	1.05020e-04	3.31875	24.7	31201	1.06350e-04	3.31836	26.0
64685.077	16.029	31528	1.05300e-04	3.31992	25.2	30908	1.07410e-04	3.31992	25.9	31558	1.05160e-04	3.31855	24.7	31160	1.06490e-04	3.31816	26.0
64686.265	16.029	31594	1.05080e-04	3.31992	25.2	30939	1.07310e-04	3.32012	25.9	31595	1.05040e-04	3.31875	24.7	31147	1.06540e-04	3.31836	26.0
64687.453	16.061	31587	1.05100e-04	3.31973	25.2	30903	1.07430e-04	3.31992	25.9	31551	1.05190e-04	3.31875	24.7	31170	1.06460e-04	3.31836	26.0
64688.641	16.061	31566	1.05180e-04	3.31992	25.2	30936	1.07320e-04	3.32012	25.8	31572	1.05110e-04	3.31855	24.7	31173	1.06440e-04	3.31816	26.0
64689.830	16.051	31576	1.05130e-04	3.31973	25.2	30936	1.07320e-04	3.32012	25.8	31503	1.05340e-04	3.31855	24.7	31184	1.06410e-04	3.31836	26.0
64691.018	16.051	31673	1.04810e-04	3.31973	25.2	30993	1.07120e-04	3.31992	25.8	31584	1.05080e-04	3.31875	24.7	31226	1.06270e-04	3.31836	26.0
64692.206	16.057	31610	1.05030e-04	3.31992	25.2	30993	1.07110e-04	3.31973	25.8	31747	1.04540e-04	3.31875	24.7	31323	1.05940e-04	3.31836	26.0
64693.394	16.057	31597	1.05070e-04	3.31973	25.2	30963	1.07220e-04	3.31973	25.8	31643	1.04870e-04	3.31836	24.7	31244	1.06200e-04	3.31816	26.0
64694.583	16.027	31563	1.05180e-04	3.31973	25.2	30923	1.07360e-04	3.31973	25.9	31581	1.05090e-04	3.31875	24.7	31190	1.06390e-04	3.31836	26.0
64695.771	16.027	31616	1.05010e-04	3.32012	25.2	30970	1.07200e-04	3.31992	25.8	31556	1.05170e-04	3.31855	24.7	31205	1.06330e-04	3.31816	26.0
64696.959	16.027	31611	1.05020e-04	3.31973	25.2	30898	1.07450e-04	3.31992	25.9	31632	1.04910e-04	3.31855	24.7	31222	1.06280e-04	3.31836	26.0
64698.147	16.028	31519	1.05330e-04	3.31992	25.2	30963	1.07220e-04	3.31992	25.8	31588	1.05060e-04	3.31875	24.7	31182	1.06420e-04	3.31836	26.0
64699.336	16.028	31621	1.04990e-04	3.31992	25.2	30943	1.07290e-04	3.31992	25.8	31612	1.04980e-04	3.31855	24.7	31195	1.06370e-04	3.31816	26.0
64700.524	16.049	31561	1.05190e-04	3.31973	25.2	30901	1.07440e-04	3.31992	25.8	31577	1.05090e-04	3.31855	24.7	31245	1.06200e-04	3.31836	26.0
64701.712	16.049	31549	1.05220e-04	3.31973	25.2	30860	1.07580e-04	3.31992	25.8	31581	1.05070e-04	3.31836	24.7	31181	1.06420e-04	3.31816	26.0
64702.900	16.047	31565	1.05170e-04	3.31973	25.2	30851	1.07610e-04	3.31992	25.8	31531	1.05250e-04	3.31855	24.7	31199	1.06360e-04	3.31836	26.0
64704.089	16.047	31510	1.05360e-04	3.31992	25.2	30880	1.07500e-04	3.31973	25.8	31552	1.05180e-04	3.31855	24.7	31156	1.06500e-04	3.31816	26.0
64705.277	16.047	31573	1.05140e-04	3.31973	25.2	30940	1.07290e-04	3.31973	25.8	31533	1.05240e-04	3.31855	24.7	31243	1.06200e-04	3.31797	26.0
64706.465	16.047	31586	1.05100e-04	3.31973	25.2	30900	1.07440e-04	3.31973	25.8	31544	1.05200e-04	3.31855	24.7	31187	1.06400e-04	3.31836	26.0
64707.653	16.048	31563	1.05170e-04	3.31953	25.2	30860	1.07580e-04	3.31973	25.8	31510	1.05320e-04	3.31855	24.7	31187	1.06400e-04	3.31836	26.0
64708.841	16.048	31526	1.05310e-04	3.32012	25.2	30913	1.07390e-04	3.31992	25.8	31566	1.05130e-04	3.31855	24.7	31187	1.06400e-04	3.31816	26.0
64710.030	16.048	31569	1.05160e-04	3.31973	25.2	30898	1.07450e-04	3.31992	25.9	31548	1.05190e-04	3.31855	24.7	31168	1.06470e-04	3.31836	26.0
64711.218	16.056	31494	1.05410e-04	3.31973	25.2	30890	1.07470e-04	3.31973	25.8	31489	1.05390e-04	3.31855	24.7	31117	1.06640e-04	3.31816	26.0
64712.406	16.056	31555	1.05210e-04	3.31992	25.2	30914	1.07390e-04	3.31992	25.8	31540	1.05220e-04	3.31855	24.7	31161	1.06490e-04	3.31836	26.0
64713.594	16.021	31562	1.05180e-04	3.31973	25.2	30939	1.07310e-04	3.31992	25.8	31595	1.05030e-04	3.31855	24.7	31171	1.06450e-04	3.31816	26.0
64714.782	16.021	31631	1.04950e-04	3.31973	25.2	30965	1.07220e-04	3.31992	25.8	31611	1.04980e-04	3.31855	24.7	31114	1.06650e-04	3.31836	26.0
64715.971	16.036	31615	1.05010e-04	3.31992	25.2	30986	1.07140e-04	3.31992	25.8	31588	1.05060e-04	3.31855	24.7	31224	1.06270e-04	3.31816	26.0
64717.159	16.036	31548	1.05230e-04	3.31992	25.2	30917	1.07380e-04	3.31992	25.8	31600	1.05020e-04	3.31855	24.7	31200	1.06350e-04	3.31816	26.0
64718.347	16.036	31526	1.05310e-04	3.31992	25.2	30954	1.07250e-04	3.31973	25.8	31633	1.04910e-04	3.31875	24.7	31187	1.06400e-04	3.31836	26.0
64719.535	16.015	31579	1.05130e-04	3.31992	25.2	30918	1.07380e-04	3.31992	25.8	31633	1.04910e-04	3.31875	24.7	31214	1.06310e-04	3.31836	26.0
64720.724	16.015	31562	1.05180e-04	3.31973	25.2	30946	1.07280e-04	3.31992	25.8	31622	1.04940e-04	3.31855	24.7	31235	1.06240e-04	3.31836	26.0
64721.912	16.013	31555	1.05220e-04	3.32012	25.2	30952	1.07260e-04	3.31992	25.8	31545	1.05200e-04	3.31855	24.7	31167	1.06460e-04	3.31816	26.0
64723.100	16.013	31671	1.04820e-04	3.31992	25.2	31081	1.06820e-04	3.32012	25.8	31635	1.04900e-04	3.31855	24.7	31233	1.06250e-04	3.31836	26.0
64724.289	16.027	31602	1.05040e-04	3.31953	25.2	30933	1.07320e-04	3.31973	25.8	31541	1.05220e-04	3.31875	24.7	31160	1.06490e-04	3.31816	26.0
64725.476	16.027	31566	1.05190e-04	3.32031	25.2	30939	1.07320e-04	3.32031	25.8	31576	1.05100e-04	3.31855	24.7	31243	1.06210e-04	3.31836	26.0
64726.665	16.027	31586	1.05110e-04	3.31992	25.2	31039	1.06970e-04	3.32012	25.8	31648	1.04870e-04	3.31875	24.7	31226	1.06280e-04	3.31855	26.0
64727.853	16.016	31701	1.04730e-04	3.31992	25.2	31025	1.07010e-04	3.32012	25.8	31700	1.04690e-04	3.31875	24.7	31301	1.06020e-04	3.31836	26.0
64729.042	16.016	31581	1.05120e-04	3.31992	25.2	30961	1.07240e-04	3.32012	25.8	31613	1.04980e-04	3.31875	24.7	31226	1.06270e-04	3.31836	26.0
64730.230	16.003	31557	1.05200e-04	3.31973	25.2	30985	1.07140e-04	3.31973	25.8	31556	1.05170e-04	3.31855	24.7	31165	1.06480e-04	3.31836	26.0
64731.418	16.003	31594	1.05090e-04	3.32012	25.2	30961	1.07240e-04	3.32012	25.8	31599	1.05020e-04	3.31855	24.7	31212	1.06320e-04	3.31836	26.0
64732.606	16.016	31597	1.05070e-04	3.31992	25.2	30973	1.07190e-04	3.31992	25.8	31573	1.05110e-04	3.31875	24.7	31250	1.06190e-04	3.31855	26.0
64733.794	16.016	31580	1.05130e-04	3.31992	25.2	30954	1.07250e-04	3.31992	25.8	31616	1.04960e-04	3.31855	24.7	31225	1.06270e-04	3.31836	26.0
64734.982	16.000	31648	1.04910e-04	3.32012	25.3	30983	1.07160e-04	3.32012	25.8	31579	1.05090e-04	3.31875	24.7	31244	1.06200e-04	3.31816	26.0
64736.171	16.000	31538	1.05270e-04	3.31992	25.3	30947	1.07280e-04	3.32012	25.9	31623	1.04950e-04	3.31875	24.7	31248	1.06200e-04	3.31836	26.0
64737.359	16.017	31553	1.05220e-04	3.31992	25.3	30944	1.07290e-04	3.32012	25.9	31587	1.05070e-04	3.31875	24.7	31211	1.06330e-04	3.31855	26.0
64738.547	16.017	31553	1.05220e-04	3.31992	25.3	30949	1.07280e-04	3.32012	25.9	31540	1.05220e-04	3.31875	24.7	31184	1.06420e-04	3.31855	26.0
64739.736	16.017	31563	1.05190e-04	3.31992	25.3	30890	1.07480e-04	3.32012	25.9	31535	1.05230e-04	3.31855	24.7	31209	1.06330e-04	3.31836	26.0
64740.924	16.023	31551	1.05220e-04	3.31992	25.3	30922	1.07370e-04	3.32012	25.9	31565	1.05130e-04	3.31855	24.7	31156	1.06510e-04	3.31836	26.0
64742.112	16.023	31583	1.05120e-04	3.31992	25.3	30958	1.07240e-04	3.31992	25.9	31555	1.05180e-04	3.31895	24.7	31173	1.06450e-04	3.31855	26.0
64743.301	16.036	31676	1.04810e-04	3.31992	25.3	30983	1.07150e-04	3.31992	25.9	31609	1.04990e-04	3.31855	24.7	31275	1.06100e-04	3.31836	26.0
64744.489	16.036	31577	1.05140e-04	3.31992	25.3	30983	1.07150e-04	3.31992	25.9	31592	1.05040e-04	3.31855	24.7	31236	1.06230e-04	3.31836	26.0
64745.677	16.008	31546	1.05250e-04	3.32012	25.3	30988	1.07140e-04	3.32012	25.9	31551	1.05190e-04	3.31875	24.7	31232	1.06250e-04	3.31855	26.0
64746.865	16.008	31563	1.05190e-04	3.31992	25.3	30914	1.07390e-04	3.31992	25.9	31545	1.05200e-04	3.31855	24.7	31197	1.06370e-04	3.31836	26.0
64748.053	16.008	31534	1.05290e-04	3.32012	25.3	30965	1.07220e-04	3.32012	25.9	31569	1.05130e-04	3.31895	24.7	31184	1.06420e-04	3.31855	26.0
64749.241	16.020	31577	1.05140e-04	3.32012	25.3	30964	1.07220e-04	3.32012	25.9	31595	1.05040e-04	3.31875	24.7	31173	1.06450e-04	3.31836	26.0
64750.430	16.020	31562	1.05180e-04	3.31973	25.3	30912	1.07410e-04	3.32012	25.9	31577	1.05100e-04	3.31875	24.7	31209	1.06330e-04	3.31855	26.0
64751.618	16.050	31618	1.05010e-04	3.32012	25.3	30949	1.07280e-04	3.32012	25.9	31605	1.05000e-04	3.31855	24.7	31236	1.06230e-04	3.31836	26.0
64752.806	16.050	31638	1.04940e-04	3.31992	25.3	30996	1.07110e-04	3.32012	25.9	31626	1.04940e-04	3.31875	24.7	31282	1.06080e-04	3.31855	26.0
64753.995	16.021	31572	1.05150e-04	3.31992	25.3	30992	1.07130e-04	3.32012	25.9	31595	1.05040e-04	3.31875	24.7	31320	1.05950e-04	3.31836	26.0
64755.183	16.021	31545	1.05240e-04	3.31992	25.3	30946	1.07280e-04	3.31992	25.9	31571	1.05120e-04	3.31875	24.7	31233	1.06250e-04	3.31836	26.0
64756.371	16.021	31573	1.05160e-04	3.32012	25.3	30897	1.07450e-04	3.31992	25.9	31520	1.05290e-04	3.31855	24.7	31199	1.06360e-04	3.31836	26.0
64757.559	16.021	31554	1.05220e-04	3.32012	25.3	30901	1.07440e-04	3.31992	25.9	31532	1.05250e-04	3.31875	24.7	31145	1.06550e-04	3.31855	26.0
64758.748	16.015	31513	1.05360e-04	3.32012	25.3	30939	1.07300e-04	3.31992	25.9	31547	1.05200e-04	3.31875	24.7	31194	1.06380e-04	3.31855	26.0
64759.936	16.015	31579	1.05130e-04	3.31992	25.3	30928	1.07340e-04	3.31992	25.9	31547	1.05200e-04	3.31875	24.7	31215	1.06310e-04	3.31836	26.0
64761.124	16.015	31553	1.05220e-04	3.31992	25.3	30993	1.07120e-04	3.32012	25.9	31612	1.04990e-04	3.31875	24.7	31247	1.06190e-04	3.31816	26.0
64762.312	16.032	31678	1.04810e-04	3.32012	25.3	30983	1.07160e-04	3.32012	25.9	31573	1.05120e-04	3.31895	24.7	31255	1.06180e-04	3.31855	26.0
64763.500	16.032	31611	1.05020e-04	3.31992	25.4	30968	1.07210e-04	3.32012	25.9	31645	1.04870e-04	3.31855	24.7	31274	1.06110e-04	3.31855	26.0
64764.689	16.014	31659	1.04870e-04	3.32012	25.4	30999	1.07100e-04	3.31992	25.9	31586	1.05060e-04	3.31855	24.8	31287	1.06060e-04	3.31836	26.0
64765.877	16.014	31620	1.04990e-04	3.31992	25.4	31000	1.07100e-04	3.32012	25.9	31594	1.05050e-04	3.31895	24.8	31314	1.05980e-04	3.31855	26.0
64767.065	15.997	31591	1.05090e-04	3.31992	25.4	30968	1.07220e-04	3.32031	26.0	31664	1.04810e-04	3.31875	24.8	31319	1.05950e-04	3.31836	26.0
64768.254	15.997	31587	1.05110e-04	3.32012	25.4	30935	1.07320e-04	3.31992	26.0	31586	1.05070e-04	3.31855	24.8	31222	1.06280e-04	3.31836	26.0
64769.442	15.997	31623	1.04990e-04	3.32012	25.4	30953	1.07260e-04	3.32012	26.0	31565	1.05150e-04	3.31895	24.8	31305	1.06010e-04	3.31855	26.0
64770.630	16.035	31498	1.05400e-04	3.31992	25.4	30979	1.07170e-04	3.31992	26.0	31553	1.05170e-04	3.31855	24.8	31250	1.06190e-04	3.31855	26.0
64771.818	16.035	31468	1.05500e-04	3.31992	25.4	30882	1.07500e-04	3.31992	26.0	31488	1.05400e-04	3.31875	24.8	31188	1.06410e-04	3.31855	26.0
64773.006	16.023	31586	1.05110e-04	3.32012	25.4	30906	1.07420e-04	3.31992	26.0	31497	1.05370e-04	3.31875	24.8	31199	1.06360e-04	3.31836	26.0
64774.195	16.023	31542	1.05250e-04	3.31992	25.4	30914	1.07400e-04	3.32012	26.0	31511	1.05330e-04	3.31895	24.8	31232	1.06260e-04	3.31855	26.0
64775.383	16.044	31470	1.05500e-04	3.31992	25.4	30946	1.07290e-04	3.32031	26.0	31482	1.05420e-04	3.31895	24.8	31188	1.06400e-04	3.31855	26.0
64776.571	16.044	31492	1.05430e-04	3.32012	25.4	30919	1.07380e-04	3.32012	26.0	31520	1.05300e-04	3.31895	24.8	31125	1.06620e-04	3.31855	26.0
64777.759	16.018	31523	1.05320e-04	3.31992	25.4	30897	1.07460e-04	3.32012	26.0	31487	1.05400e-04	3.31875	24.8	31223	1.06280e-04	3.31855	26.0
64778.947	16.018	31587	1.05100e-04	3.31992	25.4	30888	1.07490e-04	3.32012	26.0	31489	1.05390e-04	3.31855	24.8	31165	1.06480e-04	3.31836	26.0
64780.136	16.018	31493	1.05420e-04	3.31992	25.4	30959	1.07240e-04	3.32012	26.0	31497	1.05370e-04	3.31875	24.8	31191	1.06390e-04	3.31855	26.0
64781.324	16.023	31576	1.05140e-04	3.31992	25.4	30942	1.07300e-04	3.32012	26.0	31535	1.05240e-04	3.31875	24.8	31258	1.06170e-04	3.31855	26.0
64782.512	16.023	31588	1.05110e-04	3.32012	25.4	30975	1.07180e-04	3.31992	26.0	31571	1.05110e-04	3.31855	24.8	31293	1.06040e-04	3.31836	26.0
64783.701	16.030	31591	1.05090e-04	3.31992	25.4	31006	1.07080e-04	3.32012	26.0	31517	1.05310e-04	3.31895	24.8	31286	1.06070e-04	3.31855	26.0
64784.889	16.030	31568	1.05170e-04	3.32012	25.4	30982	1.07160e-04	3.31992	26.0	31582	1.05080e-04	3.31875	24.8	31228	1.06260e-04	3.31836	26.0
64786.077	16.032	31597	1.05070e-04	3.31992	25.4	30965	1.07220e-04	3.32012	26.0	31625	1.04940e-04	3.31875	24.8	31257	1.06160e-04	3.31836	26.0
64787.265	16.032	31536	1.05280e-04	3.31992	25.4	30958	1.07250e-04	3.32012	26.0	31490	1.05380e-04	3.31855	24.8	31184	1.06410e-04	3.31836	26.0
64788.454	16.036	31587	1.05110e-04	3.32012	25.4	30916	1.07380e-04	3.31992	26.0	31521	1.05290e-04	3.31875	24.8	31255	1.06180e-04	3.31855	26.0
64789.642	16.036	31574	1.05150e-04	3.31992	25.4	30980	1.07170e-04	3.32012	26.0	31648	1.04870e-04	3.31875	24.8	31268	1.06130e-04	3.31836	26.0
64790.830	16.036	31559	1.05190e-04	3.31973	25.4	30971	1.07200e-04	3.32012	26.0	31578	1.05100e-04	3.31875	24.8	31268	1.06130e-04	3.31836	26.0
64792.018	16.035	31615	1.05020e-04	3.32012	25.4	30965	1.07210e-04	3.31992	26.0	31602	1.05010e-04	3.31855	24.8	31266	1.06130e-04	3.31836	26.0
64793.207	16.035	31624	1.04980e-04	3.31992	25.4	30966	1.07220e-04	3.32012	26.0	31577	1.05100e-04	3.31875	24.8	31225	1.06270e-04	3.31836	26.0
64794.395	16.013	31584	1.05110e-04	3.31992	25.4	30933	1.07330e-04	3.31992	26.0	31599	1.05020e-04	3.31855	24.8	31230	1.06250e-04	3.31836	26.0
64795.583	16.013	31598	1.05070e-04	3.31992	25.4	30928	1.07340e-04	3.31973	26.0	31582	1.05080e-04	3.31855	24.8	31238	1.06230e-04	3.31836	26.0
64796.771	16.034	31640	1.04920e-04	3.31973	25.4	31001	1.07090e-04	3.31992	26.0	31562	1.05150e-04	3.31875	24.8	31289	1.06060e-04	3.31836	26.0
64797.960	16.034	31592	1.05080e-04	3.31973	25.4	30972	1.07190e-04	3.31992	26.0	31580	1.05080e-04	3.31855	24.8	31242	1.06220e-04	3.31836	26.0
64799.148	16.034	31555	1.05220e-04	3.32012	25.4	30978	1.07170e-04	3.31992	26.0	31576	1.05100e-04	3.31875	24.8	31220	1.06290e-04	3.31836	26.0
64800.336	16.034	31531	1.05290e-04	3.31992	25.4	30882	1.07510e-04	3.32012	26.0	31549	1.05200e-04	3.31875	24.8	31203	1.06350e-04	3.31836	26.0
64801.524	16.034	31573	1.05150e-04	3.31992	25.4	30959	1.07240e-04	3.32012	26.0	31549	1.05190e-04	3.31855	24.8	31237	1.06230e-04	3.31836	26.0
64802.712	16.050	31570	1.05170e-04	3.32012	25.4	30943	1.07300e-04	3.32012	26.0	31585	1.05070e-04	3.31875	24.8	31238	1.06230e-04	3.31855	26.0
64803.901	16.050	31590	1.05090e-04	3.31992	25.4	30971	1.07200e-04	3.32012	26.0	31545	1.05210e-04	3.31875	24.8	31307	1.05990e-04	3.31836	26.0
64805.089	16.019	31525	1.05310e-04	3.31992	25.4	30912	1.07400e-04	3.32012	26.0	31519	1.05290e-04	3.31855	24.8	31257	1.06160e-04	3.31816	26.0
64806.277	16.019	31551	1.05230e-04	3.32012	25.4	30912	1.07400e-04	3.31992	26.0	31439	1.05570e-04	3.31895	24.8	31198	1.06360e-04	3.31836	26.0
64807.466	16.038	31499	1.05390e-04	3.31973	25.4	30946	1.07280e-04	3.31992	26.0	31519	1.05290e-04	3.31875	24.8	31203	1.06350e-04	3.31836	26.0
64808.654	16.038	31547	1.05240e-04	3.32012	25.4	30904	1.07430e-04	3.31992	26.0	31512	1.05310e-04	3.31855	24.8	31211	1.06320e-04	3.31836	26.1
64809.842	16.051	31555	1.05210e-04	3.31992	25.4	30891	1.07470e-04	3.31992	26.0	31504	1.05350e-04	3.31895	24.8	31184	1.06410e-04	3.31836	26.0
64811.030	16.051	31599	1.05070e-04	3.31992	25.4	30922	1.07370e-04	3.32012	26.0	31545	1.05200e-04	3.31855	24.8	31219	1.06290e-04	3.31836	26.1
64812.218	16.051	31551	1.05230e-04	3.32012	25.4	30965	1.07220e-04	3.32012	26.0	31520	1.05290e-04	3.31875	24.8	31237	1.06240e-04	3.31855	26.1
64813.407	16.028	31561	1.05190e-04	3.31992	25.4	30893	1.07470e-04	3.32012	26.0	31523	1.05280e-04	3.31875	24.8	31173	1.06450e-04	3.31836	26.1
64814.595	16.028	31540	1.05260e-04	3.31992	25.4	30900	1.07450e-04	3.32012	26.0	31473	1.05450e-04	3.31875	24.8	31181	1.06430e-04	3.31855	26.1
64815.783	16.036	31505	1.05380e-04	3.32012	25.4	30909	1.07410e-04	3.32012	26.0	31523	1.05280e-04	3.31875	24.8	31147	1.06540e-04	3.31855	26.1
64816.972	16.036	31542	1.05250e-04	3.31973	25.4	30948	1.07280e-04	3.31992	26.0	31551	1.05180e-04	3.31855	24.8	31157	1.06500e-04	3.31816	26.1
64818.160	16.036	31618	1.05010e-04	3.32031	25.4	30935	1.07330e-04	3.32012	26.0	31593	1.05050e-04	3.31875	24.8	31247	1.06200e-04	3.31855	26.1
64819.348	16.031	31553	1.05220e-04	3.32012	25.4	30959	1.07240e-04	3.32012	26.0	31605	1.05010e-04	3.31895	24.8	31282	1.06080e-04	3.31855	26.1
64820.536	16.031	31540	1.05260e-04	3.31992	25.4	30946	1.07280e-04	3.31992	26.0	31521	1.05290e-04	3.31875	24.8	31265	1.06140e-04	3.31836	26.1
64821.725	16.052	31555	1.05220e-04	3.32012	25.4	30954	1.07250e-04	3.31992	26.0	31517	1.05310e-04	3.31895	24.8	31208	1.06340e-04	3.31855	26.1
64822.913	16.052	31499	1.05390e-04	3.31973	25.4	30936	1.07320e-04	3.32012	26.0	31521	1.05290e-04	3.31875	24.8	31251	1.06190e-04	3.31855	26.1
64824.101	15.996	31615	1.05020e-04	3.32012	25.4	30970	1.07200e-04	3.31992	26.0	31543	1.05210e-04	3.31875	24.8	31275	1.06100e-04	3.31836	26.1
64825.289	15.996	31572	1.05160e-04	3.32012	25.4	30986	1.07150e-04	3.32031	26.0	31563	1.05150e-04	3.31895	24.8	31274	1.06110e-04	3.31855	26.1
64826.478	16.050	31558	1.05200e-04	3.31992	25.4	30979	1.07180e-04	3.32031	26.0	31573	1.05120e-04	3.31895	24.8	31263	1.06140e-04	3.31836	26.1
64827.665	16.050	31555	1.05210e-04	3.31992	25.4	30923	1.07370e-04	3.32012	26.0	31551	1.05190e-04	3.31875	24.8	31258	1.06170e-04	3.31875	26.1
64828.854	16.040	31536	1.05270e-04	3.31992	25.4	30983	1.07160e-04	3.32012	26.0	31556	1.05170e-04	3.31875	24.8	31159	1.06510e-04	3.31855	26.1
64830.042	16.040	31606	1.05050e-04	3.32012	25.4	30926	1.07350e-04	3.31992	26.0	31483	1.05410e-04	3.31875	24.8	31273	1.06110e-04	3.31836	26.1
64831.231	16.040	31568	1.05170e-04	3.31992	25.4	30988	1.07140e-04	3.32012	26.0	31620	1.04960e-04	3.31875	24.8	31275	1.06110e-04	3.31855	26.1
64832.419	16.008	31576	1.05150e-04	3.32012	25.4	30970	1.07200e-04	3.31992	26.0	31548	1.05200e-04	3.31875	24.8	31207	1.06330e-04	3.31836	26.1
64833.607	16.008	31489	1.05430e-04	3.31992	25.4	30900	1.07440e-04	3.31992	26.0	31558	1.05170e-04	3.31895	24.8	31174	1.06450e-04	3.31855	26.1
64834.795	16.009	31457	1.05530e-04	3.31973	25.4	30899	1.07450e-04	3.32012	26.0	31496	1.05360e-04	3.31855	24.8	31177	1.06440e-04	3.31836	26.1
64835.984	16.009	31535	1.05280e-04	3.32012	25.4	30949	1.07270e-04	3.31992	26.0	31490	1.05380e-04	3.31855	24.8	31171	1.06460e-04	3.31836	26.1
64837.171	16.008	31532	1.05290e-04	3.31992	25.4	30869	1.07560e-04	3.32031	26.0	31549	1.05190e-04	3.31875	24.8	31176	1.06450e-04	3.31855	26.1
64838.360	16.008	31519	1.05330e-04	3.31992	25.4	30888	1.07490e-04	3.32031	26.0	31545	1.05210e-04	3.31875	24.8	31225	1.06270e-04	3.31836	26.1
64839.548	16.036	31524	1.05320e-04	3.32012	25.4	30928	1.07350e-04	3.32012	26.0	31519	1.05300e-04	3.31895	24.8	31201	1.06360e-04	3.31855	26.1
64840.737	16.036	31550	1.05230e-04	3.31992	25.4	30911	1.07410e-04	3.32031	26.0	31566	1.05140e-04	3.31895	24.8	31222	1.06290e-04	3.31855	26.1
64841.925	16.036	31581	1.05140e-04	3.32031	25.4	30914	1.07390e-04	3.31992	26.0	31567	1.05130e-04	3.31875	24.8	31182	1.06420e-04	3.31836	26.1
64843.113	16.038	31544	1.05250e-04	3.31992	25.4	30923	1.07370e-04	3.32012	26.0	31563	1.05150e-04	3.31875	24.8	31280	1.06090e-04	3.31855	26.1
64844.301	16.038	31572	1.05150e-04	3.31992	25.4	31008	1.07070e-04	3.32012	26.0	31568	1.05130e-04	3.31875	24.8	31268	1.06130e-04	3.31855	26.1
64845.490	16.032	31473	1.05490e-04	3.32012	25.4	30935	1.07320e-04	3.31992	26.0	31537	1.05230e-04	3.31855	24.8	31193	1.06390e-04	3.31855	26.1
64846.677	16.032	31511	1.05360e-04	3.31992	25.4	30912	1.07400e-04	3.31992	26.0	31597	1.05040e-04	3.31895	24.8	31181	1.06430e-04	3.31855	26.1
64847.866	16.052	31546	1.05250e-04	3.32012	25.4	30955	1.07250e-04	3.32012	25.9	31560	1.05160e-04	3.31875	24.8	31133	1.06590e-04	3.31836	26.1
64849.054	16.052	31532	1.05290e-04	3.31992	25.4	30922	1.07360e-04	3.31992	26.0	31527	1.05270e-04	3.31875	24.8	31166	1.06470e-04	3.31836	26.1
64850.243	16.052	31500	1.05400e-04	3.31992	25.4	30909	1.07420e-04	3.32012	26.0	31556	1.05170e-04	3.31875	24.8	31197	1.06370e-04	3.31836	26.1
64851.431	16.053	31561	1.05190e-04	3.31992	25.4	30899	1.07450e-04	3.32012	25.9	31523	1.05290e-04	3.31895	24.8	31143	1.06560e-04	3.31855	26.1
64852.619	16.053	31525	1.05310e-04	3.31992	25.4	30872	1.07550e-04	3.32031	26.0	31502	1.05350e-04	3.31875	24.8	31175	1.06450e-04	3.31855	26.1
64853.807	16.051	31462	1.05530e-04	3.32012	25.4	30941	1.07300e-04	3.31992	25.9	31518	1.05300e-04	3.31875	24.8	31189	1.06400e-04	3.31836	26.1
64854.995	16.051	31474	1.05490e-04	3.32012	25.4	30900	1.07450e-04	3.32012	26.0	31518	1.05300e-04	3.31875	24.8	31185	1.06410e-04	3.31836	26.1
64856.184	16.051	31575	1.05140e-04	3.31992	25.4	30879	1.07510e-04	3.31992	25.9	31508	1.05330e-04	3.31875	24.8	31187	1.06400e-04	3.31836	26.1
64857.372	16.055	31527	1.05300e-04	3.31992	25.4	30960	1.07230e-04	3.31992	25.9	31608	1.05000e-04	3.31875	24.8	31257	1.06160e-04	3.31836	26.1
64858.560	16.019	31495	1.05420e-04	3.32012	25.4	30918	1.07380e-04	3.31992	25.9	31545	1.05210e-04	3.31875	24.8	31124	1.06620e-04	3.31855	26.1
64859.748	16.019	31481	1.05460e-04	3.31992	25.4	30909	1.07410e-04	3.32012	25.9	31527	1.05270e-04	3.31875	24.8	31123	1.06620e-04	3.31836	26.1
64860.936	16.019	31555	1.05210e-04	3.31992	25.4	30906	1.07430e-04	3.32012	25.9	31609	1.04990e-04	3.31855	24.8	31168	1.06470e-04	3.31836	26.1
64862.125	16.051	31581	1.05130e-04	3.32012	25.4	30985	1.07150e-04	3.32012	25.9	31633	1.04920e-04	3.31895	24.8	31238	1.06230e-04	3.31855	26.1
64863.313	16.051	31526	1.05310e-04	3.31992	25.4	30949	1.07280e-04	3.32031	25.9	31571	1.05120e-04	3.31875	24.8	31176	1.06450e-04	3.31855	26.1
64864.501	16.044	31587	1.05110e-04	3.32012	25.4	30984	1.07150e-04	3.32012	25.9	31579	1.05090e-04	3.31875	24.8	31284	1.06080e-04	3.31855	26.1
64865.690	16.044	31591	1.05100e-04	3.32012	25.4	30994	1.07130e-04	3.32031	25.9	31576	1.05100e-04	3.31875	24.8	31239	1.06230e-04	3.31855	26.1
64866.877	16.059	31566	1.05180e-04	3.31992	25.4	30882	1.07500e-04	3.31992	25.9	31575	1.05110e-04	3.31895	24.8	31227	1.06270e-04	3.31836	26.1
64868.066	16.059	31561	1.05200e-04	3.32012	25.4	30991	1.07130e-04	3.31992	25.9	31657	1.04830e-04	3.31875	24.8	31223	1.06290e-04	3.31855	26.1
64869.254	16.059	31524	1.05310e-04	3.31992	25.4	30943	1.07300e-04	3.32012	25.9	31520	1.05290e-04	3.31875	24.8	31201	1.06360e-04	3.31855	26.1
64870.443	16.051	31519	1.05330e-04	3.31992	25.4	30872	1.07550e-04	3.32012	25.9	31541	1.05220e-04	3.31875	24.8	31184	1.06420e-04	3.31855	26.1
64871.631	16.062	31512	1.05360e-04	3.32012	25.4	30910	1.07410e-04	3.32012	25.9	31612	1.04990e-04	3.31875	24.8	31242	1.06220e-04	3.31855	26.1
64872.819	16.062	31510	1.05370e-04	3.32012	25.4	30909	1.07410e-04	3.31992	25.9	31560	1.05160e-04	3.31875	24.8	31185	1.06410e-04	3.31836	26.1
64874.007	16.062	31471	1.05490e-04	3.31992	25.4	30931	1.07340e-04	3.32012	25.9	31640	1.04900e-04	3.31895	24.8	31221	1.06290e-04	3.31836	26.1
64875.196	16.043	31597	1.05080e-04	3.32012	25.3	30943	1.07300e-04	3.32012	25.9	31568	1.05130e-04	3.31875	24.8	31189	1.06400e-04	3.31836	26.1
64876.384	16.043	31498	1.05400e-04	3.31992	25.3	30916	1.07390e-04	3.32012	25.9	31566	1.05140e-04	3.31895	24.8	31184	1.06410e-04	3.31836	26.1
64877.572	16.037	31533	1.05280e-04	3.31992	25.3	30903	1.07440e-04	3.32012	25.9	31589	1.05060e-04	3.31875	24.8	31199	1.06370e-04	3.31855	26.1
64878.760	16.037	31521	1.05330e-04	3.32012	25.3	30962	1.07230e-04	3.32012	25.9	31545	1.05200e-04	3.31855	24.8	31185	1.06410e-04	3.31836	26.1
64879.948	16.019	31546	1.05240e-04	3.31973	25.3	30913	1.07400e-04	3.31992	25.9	31589	1.05060e-04	3.31875	24.8	31167	1.06470e-04	3.31836	26.1
64881.136	16.019	31551	1.05230e-04	3.32012	25.3	30934	1.07320e-04	3.31992	25.9	31598	1.05030e-04	3.31875	24.8	31227	1.06260e-04	3.31836	26.1
64882.325	16.019	31610	1.05030e-04	3.32012	25.3	30998	1.07110e-04	3.32012	25.9	31666	1.04800e-04	3.31875	24.8	31246	1.06200e-04	3.31836	26.1
64883.513	16.012	31546	1.05230e-04	3.31973	25.3	30985	1.07150e-04	3.31992	25.9	31602	1.05020e-04	3.31875	24.8	31279	1.06100e-04	3.31855	26.1
64884.701	16.012	31554	1.05220e-04	3.32012	25.3	30984	1.07150e-04	3.31992	25.9	31596	1.05040e-04	3.31875	24.8	31189	1.06390e-04	3.31836	26.1
64885.889	16.050	31474	1.05480e-04	3.31992	25.3	30895	1.07460e-04	3.32012	25.9	31606	1.05000e-04	3.31875	24.8	31166	1.06470e-04	3.31836	26.1
64887.078	16.050	31526	1.05310e-04	3.31992	25.3	30877	1.07520e-04	3.31992	25.9	31520	1.05290e-04	3.31875	24.8	31187	1.06400e-04	3.31836	26.1
64888.266	16.020	31566	1.05180e-04	3.32012	25.3	30950	1.07280e-04	3.32012	25.9	31541	1.05220e-04	3.31875	24.8	31234	1.06250e-04	3.31855	26.1
64889.454	16.020	31586	1.05110e-04	3.31992	25.3	30931	1.07340e-04	3.32012	25.9	31592	1.05050e-04	3.31875	24.8	31268	1.06130e-04	3.31855	26.1
64890.642	16.040	31515	1.05340e-04	3.31992	25.3	30910	1.07400e-04	3.31992	25.9	31578	1.05100e-04	3.31875	24.8	31221	1.06280e-04	3.31816	26.1
64891.831	16.040	31563	1.05190e-04	3.32012	25.3	30846	1.07630e-04	3.32012	25.9	31544	1.05200e-04	3.31855	24.8	31189	1.06400e-04	3.31855	26.1
64893.019	16.040	31526	1.05300e-04	3.31973	25.3	30935	1.07320e-04	3.31992	25.9	31546	1.05200e-04	3.31875	24.8	31197	1.06370e-04	3.31836	26.1
64894.207	16.053	31535	1.05280e-04	3.31992	25.3	30929	1.07340e-04	3.31992	25.9	31537	1.05230e-04	3.31875	24.8	31169	1.06460e-04	3.31836	26.1
64895.395	16.053	31539	1.05270e-04	3.31992	25.3	30922	1.07360e-04	3.31992	25.9	31566	1.05140e-04	3.31875	24.8	31147	1.06540e-04	3.31836	26.1
64896.584	16.044	31521	1.05320e-04	3.31992	25.3	30846	1.07630e-04	3.31992	25.9	31543	1.05210e-04	3.31875	24.8	31162	1.06490e-04	3.31836	26.1
64897.772	16.044	31472	1.05490e-04	3.31992	25.3	30895	1.07460e-04	3.31992	25.9	31485	1.05400e-04	3.31855	24.8	31213	1.06310e-04	3.31836	26.1
64898.961	16.044	31531	1.05290e-04	3.31992	25.3	30917	1.07380e-04	3.31992	25.9	31571	1.05120e-04	3.31875	24.8	31173	1.06450e-04	3.31836	26.1
64900.149	16.055	31551	1.05220e-04	3.31973	25.3	30972	1.07200e-04	3.32012	25.9	31588	1.05060e-04	3.31875	24.8	31233	1.06250e-04	3.31836	26.1
64901.337	16.035	31559	1.05200e-04	3.31992	25.3	30909	1.07410e-04	3.32012	25.9	31510	1.05320e-04	3.31855	24.8	31240	1.06220e-04	3.31836	26.1
64902.525	16.035	31573	1.05160e-04	3.32012	25.3	30984	1.07150e-04	3.31992	25.9	31593	1.05040e-04	3.31855	24.8	31273	1.06110e-04	3.31836	26.1
64903.713	16.035	31599	1.05060e-04	3.31992	25.3	31010	1.07060e-04	3.31992	25.9	31585	1.05070e-04	3.31875	24.8	31236	1.06230e-04	3.31836	26.1
64904.901	16.009	31515	1.05340e-04	3.31973	25.3	30960	1.07230e-04	3.31992	25.9	31616	1.04960e-04	3.31855	24.8	31220	1.06290e-04	3.31836	26.1
64906.090	16.009	31513	1.05340e-04	3.31973	25.3	30951	1.07270e-04	3.31992	25.9	31618	1.04960e-04	3.31855	24.8	31178	1.06430e-04	3.31836	26.1
64907.278	16.028	31571	1.05160e-04	3.31992	25.3	30951	1.07270e-04	3.31992	25.9	31577	1.05090e-04	3.31855	24.8	31217	1.06300e-04	3.31836	26.1
64908.466	16.028	31602	1.05060e-04	3.31992	25.3	31032	1.06980e-04	3.31992	25.9	31604	1.05000e-04	3.31855	24.8	31243	1.06210e-04	3.31836	26.1
64909.655	16.025	31508	1.05370e-04	3.31992	25.3	30940	1.07300e-04	3.31973	25.9	31580	1.05080e-04	3.31855	24.8	31259	1.06160e-04	3.31836	26.1
64910.843	16.025	31503	1.05380e-04	3.31973	25.3	30892	1.07470e-04	3.31992	25.9	31621	1.04960e-04	3.31895	24.8	31253	1.06180e-04	3.31836	26.1
64912.031	16.025	31591	1.05090e-04	3.31973	25.3	30966	1.07210e-04	3.31992	25.9	31592	1.05040e-04	3.31855	24.8	31187	1.06400e-04	3.31816	26.1
64913.219	16.025	31540	1.05250e-04	3.31973	25.3	30922	1.07370e-04	3.31992	25.9	31572	1.05110e-04	3.31855	24.8	31160	1.06490e-04	3.31836	26.1
64914.408	16.025	31540	1.05260e-04	3.31992	25.3	30882	1.07500e-04	3.31992	25.9	31575	1.05110e-04	3.31875	24.8	31166	1.06470e-04	3.31836	26.1
64915.596	16.057	31571	1.05160e-04	3.31992	25.3	30867	1.07550e-04	3.31973	25.9	31565	1.05130e-04	3.31836	24.8	31207	1.06330e-04	3.31836	26.1
64916.784	16.057	31499	1.05390e-04	3.31973	25.2	30882	1.07500e-04	3.31973	25.9	31575	1.05100e-04	3.31855	24.8	31191	1.06380e-04	3.31816	26.1
64917.972	16.045	31542	1.05250e-04	3.31973	25.2	30903	1.07430e-04	3.31992	25.9	31524	1.05270e-04	3.31855	24.8	31152	1.06520e-04	3.31816	26.1
64919.161	16.045	31496	1.05400e-04	3.31973	25.2	30850	1.07610e-04	3.31973	25.9	31525	1.05260e-04	3.31836	24.8	31189	1.06390e-04	3.31816	26.1
64920.348	16.037	31524	1.05310e-04	3.31973	25.2	30902	1.07430e-04	3.31973	25.8	31563	1.05140e-04	3.31855	24.8	31216	1.06300e-04	3.31816	26.1
64921.537	16.037	31619	1.04990e-04	3.31973	25.2	30886	1.07480e-04	3.31973	25.8	31615	1.04960e-04	3.31836	24.8	31256	1.06160e-04	3.31816	26.1
64922.725	16.049	31543	1.05240e-04	3.31973	25.2	30952	1.07260e-04	3.31992	25.9	31645	1.04870e-04	3.31855	24.8	31273	1.06110e-04	3.31836	26.1
64923.913	16.049	31571	1.05150e-04	3.31973	25.2	30918	1.07380e-04	3.31992	25.9	31608	1.04990e-04	3.31855	24.8	31216	1.06300e-04	3.31816	26.0
64925.101	16.049	31542	1.05250e-04	3.31973	25.2	30906	1.07420e-04	3.31992	25.9	31593	1.05030e-04	3.31816	24.8	31241	1.06210e-04	3.31797	26.1
64926.290	16.034	31614	1.05010e-04	3.31992	25.2	30940	1.07310e-04	3.32012	25.9	31565	1.05140e-04	3.31875	24.8	31182	1.06420e-04	3.31836	26.0
64927.478	16.034	31613	1.05010e-04	3.31973	25.3	30978	1.07170e-04	3.31992	25.9	31646	1.04870e-04	3.31875	24.8	31282	1.06080e-04	3.31836	26.0
64928.666	16.041	31536	1.05270e-04	3.31973	25.3	30930	1.07330e-04	3.31973	25.9	31671	1.04780e-04	3.31855	24.8	31263	1.06140e-04	3.31816	26.0
64929.855	16.041	31531	1.05290e-04	3.31973	25.2	30967	1.07210e-04	3.31992	25.9	31566	1.05130e-04	3.31855	24.8	31176	1.06430e-04	3.31816	26.0
64931.043	16.044	31563	1.05190e-04	3.31992	25.2	30959	1.07230e-04	3.31973	25.9	31570	1.05120e-04	3.31875	24.8	31211	1.06320e-04	3.31836	26.0
64932.231	16.044	31544	1.05250e-04	3.31992	25.2	30895	1.07450e-04	3.31973	25.9	31608	1.04990e-04	3.31855	24.8	31218	1.06290e-04	3.31816	26.0
64933.419	16.044	31506	1.05370e-04	3.31973	25.2	30872	1.07540e-04	3.31992	25.9	31563	1.05150e-04	3.31875	24.8	31196	1.06370e-04	3.31836	26.0
64934.608	16.033	31604	1.05040e-04	3.31973	25.2	30863	1.07560e-04	3.31973	25.9	31567	1.05130e-04	3.31855	24.8	31138	1.06560e-04	3.31816	26.0
64935.796	16.033	31544	1.05250e-04	3.31992	25.2	30871	1.07540e-04	3.31992	25.9	31619	1.04950e-04	3.31855	24.8	31240	1.06220e-04	3.31836	26.0
64936.984	16.008	31519	1.05320e-04	3.31973	25.2	30900	1.07440e-04	3.31992	25.9	31558	1.05160e-04	3.31855	24.8	31192	1.06380e-04	3.31816	26.0
64938.172	16.008	31547	1.05240e-04	3.31992	25.3	30943	1.07280e-04	3.31973	25.9	31530	1.05250e-04	3.31855	24.8	31188	1.06390e-04	3.31816	26.0
64939.360	16.022	31594	1.05080e-04	3.31992	25.3	30992	1.07130e-04	3.32012	25.9	31578	1.05090e-04	3.31855	24.8	31239	1.06230e-04	3.31836	26.0
64940.549	16.022	31579	1.05120e-04	3.31953	25.3	30932	1.07330e-04	3.31992	25.9	31581	1.05090e-04	3.31875	24.8	31235	1.06240e-04	3.31836	26.0
64941.737	16.022	31633	1.04960e-04	3.32012	25.3	30976	1.07170e-04	3.31973	25.9	31605	1.05000e-04	3.31855	24.8	31251	1.06180e-04	3.31816	26.1
64942.925	15.993	31570	1.05150e-04	3.31973	25.3	31027	1.07000e-04	3.31992	25.9	31636	1.04900e-04	3.31855	24.8	31286	1.06070e-04	3.31836	26.0
64944.114	15.993	31597	1.05060e-04	3.31973	25.2	31004	1.07070e-04	3.31973	25.9	31667	1.04800e-04	3.31875	24.8	31263	1.06140e-04	3.31816	26.0
64945.302	15.993	31594	1.05080e-04	3.31992	25.3	30949	1.07270e-04	3.31973	25.9	31632	1.04910e-04	3.31855	24.8	31222	1.06280e-04	3.31836	26.0
64946.490	15.993	31580	1.05130e-04	3.31992	25.3	30946	1.07280e-04	3.31992	25.9	31571	1.05120e-04	3.31875	24.8	31223	1.06290e-04	3.31855	26.0
64947.678	16.024	31623	1.04990e-04	3.31992	25.3	30990	1.07130e-04	3.31992	25.9	31598	1.05030e-04	3.31875	24.8	31232	1.06250e-04	3.31836	26.0
64948.867	16.024	31589	1.05100e-04	3.31992	25.3	30931	1.07340e-04	3.32012	25.9	31586	1.05060e-04	3.31855	24.8	31222	1.06280e-04	3.31836	26.0
64950.054	16.011	31624	1.04970e-04	3.31953	25.3	30943	1.07290e-04	3.31992	25.9	31660	1.04820e-04	3.31855	24.8	31256	1.06160e-04	3.31816	26.0
64951.243	16.011	31570	1.05170e-04	3.32012	25.3	30976	1.07180e-04	3.31992	25.9	31629	1.04920e-04	3.31855	24.8	31235	1.06240e-04	3.31836	26.0
64952.431	16.003	31555	1.05210e-04	3.31992	25.3	30930	1.07340e-04	3.32012	25.9	31588	1.05060e-04	3.31855	24.8	31206	1.06340e-04	3.31836	26.0
64953.619	16.003	31577	1.05130e-04	3.31973	25.3	30973	1.07180e-04	3.31973	25.9	31537	1.05220e-04	3.31836	24.8	31237	1.06230e-04	3.31816	26.1
64954.807	16.003	31594	1.05080e-04	3.31992	25.3	30964	1.07220e-04	3.31992	25.9	31563	1.05150e-04	3.31875	24.8	31200	1.06360e-04	3.31836	26.1
64955.996	16.028	31563	1.05190e-04	3.31992	25.3	30915	1.07390e-04	3.31992	25.9	31622	1.04940e-04	3.31855	24.8	31222	1.06280e-04	3.31836	26.1
64957.184	16.028	31580	1.05120e-04	3.31973	25.3	31005	1.07070e-04	3.31973	25.9	31603	1.05010e-04	3.31855	24.8	31234	1.06230e-04	3.31816	26.1
64958.372	16.026	31559	1.05200e-04	3.31992	25.3	30911	1.07400e-04	3.31992	25.9	31641	1.04890e-04	3.31875	24.8	31210	1.06330e-04	3.31836	26.1
64959.560	16.026	31620	1.04990e-04	3.31973	25.3	30943	1.07290e-04	3.31992	25.9	31543	1.05210e-04	3.31855	24.8	31291	1.06050e-04	3.31836	26.1
64960.749	15.996	31545	1.05240e-04	3.31992	25.3	30972	1.07190e-04	3.31992	25.9	31608	1.04990e-04	3.31855	24.8	31283	1.06070e-04	3.31816	26.1
64961.937	15.996	31560	1.05200e-04	3.32012	25.3	30964	1.07230e-04	3.32012	25.9	31564	1.05140e-04	3.31875	24.8	31246	1.06200e-04	3.31836	26.1
64963.125	15.996	31597	1.05070e-04	3.31973	25.3	30874	1.07540e-04	3.32012	25.9	31582	1.05080e-04	3.31855	24.8	31217	1.06290e-04	3.31797	26.1
64964.313	15.992	31602	1.05060e-04	3.31992	25.3	30995	1.07110e-04	3.31992	25.9	31618	1.04970e-04	3.31875	24.8	31228	1.06260e-04	3.31836	26.1
64965.501	15.992	31545	1.05240e-04	3.31992	25.3	31012	1.07050e-04	3.31992	25.9	31567	1.05130e-04	3.31875	24.8	31238	1.06230e-04	3.31836	26.1
64966.690	16.006	31548	1.05230e-04	3.31973	25.3	30937	1.07310e-04	3.31992	25.9	31516	1.05300e-04	3.31855	24.8	31222	1.06280e-04	3.31816	26.1
64967.878	16.006	31517	1.05340e-04	3.32012	25.3	30933	1.07330e-04	3.31992	25.9	31511	1.05320e-04	3.31875	24.8	31219	1.06300e-04	3.31855	26.1
64969.066	16.004	31576	1.05140e-04	3.31992	25.3	30955	1.07250e-04	3.31992	25.9	31536	1.05230e-04	3.31855	24.8	31290	1.06050e-04	3.31836	26.1
64970.255	16.004	31661	1.04850e-04	3.31973	25.3	31005	1.07070e-04	3.31973	25.9	31598	1.05030e-04	3.31875	24.8	31288	1.06050e-04	3.31816	26.1
64971.443	16.000	31579	1.05140e-04	3.32012	25.3	30996	1.07120e-04	3.32012	25.9	31590	1.05060e-04	3.31875	24.8	31268	1.06130e-04	3.31855	26.1
64972.631	16.000	31525	1.05310e-04	3.31992	25.3	31025	1.07010e-04	3.31992	25.9	31615	1.04970e-04	3.31875	24.8	31231	1.06250e-04	3.31836	26.1
64973.819	16.007	31606	1.05050e-04	3.32012	25.3	30979	1.07170e-04	3.31992	25.9	31581	1.05080e-04	3.31855	24.8	31328	1.05920e-04	3.31836	26.1
64975.008	16.007	31537	1.05280e-04	3.32012	25.3	31047	1.06940e-04	3.32012	25.9	31632	1.04920e-04	3.31875	24.8	31260	1.06160e-04	3.31855	26.1
64976.196	16.007	31587	1.05100e-04	3.31992	25.3	30992	1.07130e-04	3.32012	25.9	31599	1.05030e-04	3.31875	24.8	31219	1.06290e-04	3.31836	26.1
64977.384	16.016	31528	1.05310e-04	3.32012	25.3	30923	1.07370e-04	3.32012	25.9	31554	1.05180e-04	3.31875	24.8	31207	1.06330e-04	3.31836	26.1
64978.572	16.016	31498	1.05410e-04	3.32012	25.3	30951	1.07270e-04	3.32012	25.9	31538	1.05240e-04	3.31895	24.8	31176	1.06440e-04	3.31855	26.1
64979.761	16.043	31551	1.05220e-04	3.31992	25.3	30947	1.07280e-04	3.31992	25.9	31536	1.05230e-04	3.31855	24.8	31192	1.06380e-04	3.31836	26.1
64980.949	16.043	31491	1.05430e-04	3.32012	25.3	30974	1.07180e-04	3.31992	25.9	31553	1.05180e-04	3.31875	24.8	31179	1.06430e-04	3.31836	26.1
64982.137	16.014	31556	1.05210e-04	3.32012	25.3	30907	1.07420e-04	3.32012	25.9	31519	1.05300e-04	3.31895	24.8	31202	1.06360e-04	3.31855	26.1
64983.325	16.014	31552	1.05210e-04	3.31973	25.3	30982	1.07160e-04	3.31992	25.9	31548	1.05200e-04	3.31875	24.8	31237	1.06230e-04	3.31836	26.1
64984.513	16.014	31588	1.05100e-04	3.31992	25.4	31074	1.06840e-04	3.32012	25.9	31584	1.05080e-04	3.31875	24.8	31265	1.06140e-04	3.31855	26.1
64985.702	16.022	31628	1.04970e-04	3.31992	25.4	30988	1.07140e-04	3.32012	25.9	31603	1.05010e-04	3.31875	24.8	31257	1.06170e-04	3.31855	26.1
64986.890	16.022	31517	1.05340e-04	3.31992	25.4	30972	1.07200e-04	3.32012	25.9	31558	1.05160e-04	3.31855	24.8	31177	1.06440e-04	3.31836	26.1
64988.078	16.029	31606	1.05050e-04	3.32012	25.4	30960	1.07230e-04	3.31992	26.0	31580	1.05100e-04	3.31895	24.8	31203	1.06350e-04	3.31855	26.1
64989.267	16.029	31536	1.05280e-04	3.31992	25.4	30927	1.07350e-04	3.32012	26.0	31587	1.05070e-04	3.31895	24.8	31220	1.06290e-04	3.31836	26.1
64990.455	16.022	31564	1.05180e-04	3.31992	25.4	30938	1.07320e-04	3.32012	26.0	31554	1.05170e-04	3.31855	24.8	31211	1.06320e-04	3.31836	26.1
64991.643	16.022	31574	1.05150e-04	3.32012	25.4	30925	1.07360e-04	3.32012	26.0	31634	1.04920e-04	3.31895	24.8	31223	1.06290e-04	3.31855	26.1
64992.831	16.020	31530	1.05300e-04	3.31992	25.4	30952	1.07270e-04	3.32012	26.0	31597	1.05030e-04	3.31875	24.8	31223	1.06280e-04	3.31836	26.1
64994.019	16.020	31583	1.05120e-04	3.32012	25.4	30959	1.07230e-04	3.31973	26.0	31536	1.05240e-04	3.31875	24.8	31202	1.06350e-04	3.31836	26.1
64995.208	16.020	31546	1.05250e-04	3.32012	25.4	30972	1.07200e-04	3.32012	26.0	31601	1.05030e-04	3.31895	24.8	31228	1.06270e-04	3.31855	26.1
64996.396	16.013	31488	1.05430e-04	3.31992	25.4	30917	1.07390e-04	3.32012	26.0	31576	1.05100e-04	3.31875	24.8	31170	1.06460e-04	3.31836	26.1
64997.584	16.013	31489	1.05430e-04	3.31992	25.4	30972	1.07190e-04	3.31992	26.0	31579	1.05090e-04	3.31855	24.8	31230	1.06260e-04	3.31836	26.1
64998.773	16.029	31549	1.05230e-04	3.31992	25.4	30912	1.07400e-04	3.32012	26.0	31582	1.05080e-04	3.31875	24.8	31252	1.06190e-04	3.31855	26.1
64999.960	16.029	31563	1.05190e-04	3.31992	25.4	30961	1.07240e-04	3.32012	26.0	31565	1.05140e-04	3.31875	24.8	31205	1.06340e-04	3.31836	26.1
65001.149	16.017	31583	1.05120e-04	3.31992	25.4	30970	1.07200e-04	3.31992	26.0	31569	1.05130e-04	3.31875	24.8	31263	1.06140e-04	3.31836	26.1
65002.337	16.017	31568	1.05170e-04	3.32012	25.4	30965	1.07220e-04	3.32012	26.0	31593	1.05050e-04	3.31875	24.8	31273	1.06120e-04	3.31855	26.1
65003.525	16.050	31502	1.05390e-04	3.31992	25.4	30983	1.07160e-04	3.32012	26.0	31567	1.05130e-04	3.31875	24.8	31225	1.06280e-04	3.31855	26.1
65004.713	16.050	31564	1.05190e-04	3.32012	25.4	30941	1.07300e-04	3.31992	26.0	31534	1.05240e-04	3.31855	24.8	31194	1.06380e-04	3.31836	26.1
65005.902	16.050	31519	1.05330e-04	3.31992	25.4	30902	1.07440e-04	3.32012	26.0	31600	1.05020e-04	3.31875	24.8	31230	1.06260e-04	3.31855	26.1
65007.090	16.043	31551	1.05220e-04	3.31973	25.4	30954	1.07250e-04	3.31992	26.0	31570	1.05120e-04	3.31875	24.8	31225	1.06270e-04	3.31836	26.1
65008.278	16.043	31547	1.05240e-04	3.31992	25.4	30963	1.07220e-04	3.31992	26.0	31519	1.05290e-04	3.31875	24.8	31220	1.06290e-04	3.31836	26.1
65009.467	16.055	31569	1.05160e-04	3.31992	25.4	31022	1.07020e-04	3.32012	26.0	31534	1.05240e-04	3.31875	24.8	31246	1.06210e-04	3.31855	26.1
65010.654	16.055	31509	1.05370e-04	3.31992	25.4	30980	1.07170e-04	3.32012	26.0	31560	1.05160e-04	3.31875	24.8	31234	1.06240e-04	3.31836	26.1
65011.843	16.043	31536	1.05280e-04	3.31992	25.4	30920	1.07380e-04	3.32012	26.0	31558	1.05160e-04	3.31875	24.8	31176	1.06440e-04	3.31836	26.1
65013.031	16.043	31533	1.05290e-04	3.31992	25.4	30928	1.07350e-04	3.32012	26.0	31557	1.05160e-04	3.31855	24.8	31190	1.06390e-04	3.31836	26.1
65014.220	16.043	31652	1.04890e-04	3.31992	25.4	30982	1.07160e-04	3.32012	26.0	31580	1.05090e-04	3.31875	24.8	31279	1.06090e-04	3.31836	26.1
65015.407	16.020	31592	1.05090e-04	3.32012	25.4	30996	1.07110e-04	3.32012	26.0	31596	1.05040e-04	3.31875	24.8	31300	1.06020e-04	3.31855	26.1
65016.596	16.020	31508	1.05370e-04	3.31992	25.4	30986	1.07150e-04	3.32012	26.0	31558	1.05160e-04	3.31875	24.8	31293	1.06040e-04	3.31836	26.1
65017.784	16.014	31561	1.05190e-04	3.31992	25.4	30958	1.07240e-04	3.31992	26.0	31613	1.04980e-04	3.31875	24.8	31248	1.06190e-04	3.31836	26.1
65018.972	16.014	31514	1.05350e-04	3.31992	25.4	30954	1.07250e-04	3.31992	26.0	31604	1.05010e-04	3.31875	24.8	31296	1.06030e-04	3.31836	26.1
65020.161	16.024	31499	1.05400e-04	3.31992	25.4	30868	1.07550e-04	3.31992	26.0	31622	1.04940e-04	3.31855	24.8	31215	1.06310e-04	3.31836	26.1
65021.349	16.024	31568	1.05180e-04	3.32012	25.4	30941	1.07300e-04	3.31992	26.0	31506	1.05340e-04	3.31875	24.8	31202	1.06360e-04	3.31855	26.1
65022.537	16.014	31547	1.05240e-04	3.31992	25.4	30970	1.07200e-04	3.32012	26.0	31544	1.05210e-04	3.31875	24.8	31197	1.06370e-04	3.31836	26.1
65023.725	16.014	31497	1.05400e-04	3.31973	25.4	30898	1.07450e-04	3.31992	26.0	31554	1.05170e-04	3.31855	24.8	31179	1.06430e-04	3.31836	26.1
65024.913	16.014	31508	1.05370e-04	3.32012	25.4	30901	1.07440e-04	3.32012	26.0	31498	1.05370e-04	3.31895	24.8	31168	1.06470e-04	3.31855	26.1
65026.102	16.027	31491	1.05430e-04	3.32012	25.4	30909	1.07420e-04	3.32012	26.0	31515	1.05310e-04	3.31875	24.8	31261	1.06150e-04	3.31836	26.1
65027.290	16.027	31566	1.05170e-04	3.31992	25.4	30972	1.07200e-04	3.32012	26.0	31554	1.05180e-04	3.31875	24.8	31235	1.06250e-04	3.31855	26.1
65028.478	16.056	31533	1.05300e-04	3.32031	25.4	31009	1.07070e-04	3.32012	26.0	31596	1.05040e-04	3.31895	24.8	31219	1.06300e-04	3.31855	26.1
65029.666	16.056	31488	1.05430e-04	3.31973	25.4	30947	1.07280e-04	3.32012	26.0	31537	1.05230e-04	3.31875	24.8	31188	1.06410e-04	3.31855	26.1
65030.855	16.042	31520	1.05330e-04	3.32012	25.4	30891	1.07470e-04	3.31992	26.0	31527	1.05270e-04	3.31875	24.8	31165	1.06480e-04	3.31836	26.1
65032.043	16.042	31589	1.05100e-04	3.32012	25.4	30878	1.07520e-04	3.32012	26.0	31528	1.05270e-04	3.31895	24.8	31151	1.06530e-04	3.31855	26.1
65033.231	16.042	31516	1.05330e-04	3.31973	25.4	30954	1.07250e-04	3.31992	26.0	31545	1.05210e-04	3.31875	24.8	31253	1.06180e-04	3.31855	26.1
65034.420	16.047	31500	1.05400e-04	3.32012	25.4	30866	1.07560e-04	3.31992	26.0	31528	1.05260e-04	3.31855	24.8	31178	1.06430e-04	3.31836	26.1
65035.608	16.047	31534	1.05290e-04	3.32012	25.4	30886	1.07500e-04	3.32031	26.0	31530	1.05260e-04	3.31895	24.8	31214	1.06320e-04	3.31855	26.1
65036.796	16.047	31519	1.05320e-04	3.31973	25.4	30905	1.07430e-04	3.32012	26.0	31540	1.05220e-04	3.31875	24.8	31165	1.06480e-04	3.31836	26.1
65037.984	16.047	31523	1.05320e-04	3.32012	25.4	30933	1.07330e-04	3.32012	26.0	31551	1.05190e-04	3.31875	24.8	31144	1.06550e-04	3.31836	26.1
65039.172	16.022	31453	1.05560e-04	3.32012	25.4	30913	1.07410e-04	3.32031	26.0	31469	1.05460e-04	3.31875	24.8	31197	1.06370e-04	3.31836	26.1
65040.360	16.022	31462	1.05510e-04	3.31973	25.4	30911	1.07410e-04	3.32012	26.0	31529	1.05250e-04	3.31855	24.8	31185	1.06410e-04	3.31836	26.1
65041.549	16.028	31457	1.05540e-04	3.32012	25.4	30919	1.07380e-04	3.31992	26.0	31459	1.05500e-04	3.31875	24.8	31217	1.06310e-04	3.31855	26.1
65042.737	16.028	31521	1.05320e-04	3.31992	25.4	30872	1.07550e-04	3.32012	26.0	31507	1.05330e-04	3.31875	24.8	31174	1.06450e-04	3.31855	26.1
65043.925	16.064	31544	1.05250e-04	3.31992	25.4	30973	1.07190e-04	3.31992	26.0	31545	1.05210e-04	3.31875	24.8	31205	1.06340e-04	3.31836	26.1
65045.114	16.064	31507	1.05370e-04	3.31992	25.4	30988	1.07130e-04	3.31973	26.0	31551	1.05190e-04	3.31875	24.8	31209	1.06320e-04	3.31816	26.1
65046.302	16.064	31544	1.05250e-04	3.31992	25.4	30933	1.07330e-04	3.32012	26.0	31555	1.05180e-04	3.31875	24.8	31173	1.06450e-04	3.31855	26.1
65047.490	16.035	31565	1.05180e-04	3.31992	25.4	30973	1.07190e-04	3.32012	26.0	31573	1.05110e-04	3.31855	24.8	31311	1.05980e-04	3.31836	26.1
65048.678	16.035	31611	1.05030e-04	3.32012	25.4	30950	1.07270e-04	3.31992	26.0	31641	1.04890e-04	3.31875	24.8	31308	1.05990e-04	3.31836	26.1
65049.867	16.030	31613	1.05020e-04	3.31992	25.4	30954	1.07270e-04	3.32031	26.0	31610	1.04990e-04	3.31875	24.8	31244	1.06220e-04	3.31855	26.1
65051.055	16.030	31654	1.04880e-04	3.31992	25.4	31047	1.06930e-04	3.31992	26.0	31681	1.04750e-04	3.31855	24.8	31301	1.06020e-04	3.31836	26.1
65052.243	16.035	31494	1.05420e-04	3.32012	25.4	30969	1.07210e-04	3.32012	26.0	31636	1.04910e-04	3.31895	24.8	31267	1.06140e-04	3.31855	26.1
65053.431	16.035	31503	1.05380e-04	3.31973	25.4	30956	1.07250e-04	3.32012	26.0	31505	1.05340e-04	3.31875	24.8	31215	1.06310e-04	3.31836	26.1
65054.619	16.023	31539	1.05260e-04	3.31992	25.4	30903	1.07430e-04	3.31992	26.0	31512	1.05320e-04	3.31875	24.8	31221	1.06280e-04	3.31816	26.1
65055.808	16.023	31620	1.04990e-04	3.31992	25.4	30954	1.07250e-04	3.31973	26.0	31540	1.05220e-04	3.31855	24.8	31212	1.06320e-04	3.31836	26.1
65056.996	16.023	31537	1.05270e-04	3.31992	25.4	30979	1.07170e-04	3.32012	26.0	31590	1.05060e-04	3.31875	24.8	31198	1.06370e-04	3.31855	26.1
65058.184	16.035	31538	1.05280e-04	3.32012	25.4	30987	1.07150e-04	3.32012	26.0	31592	1.05050e-04	3.31875	24.8	31253	1.06180e-04	3.31855	26.1
65059.372	16.035	31641	1.04930e-04	3.32012	25.4	30987	1.07140e-04	3.31992	26.0	31591	1.05050e-04	3.31875	24.8	31281	1.06080e-04	3.31836	26.1
65060.560	16.017	31599	1.05060e-04	3.31992	25.4	30962	1.07240e-04	3.32031	26.0	31567	1.05130e-04	3.31875	24.8	31273	1.06120e-04	3.31855	26.1
65061.749	16.017	31591	1.05100e-04	3.32012	25.4	31033	1.06990e-04	3.32012	26.0	31610	1.05000e-04	3.31895	24.8	31292	1.06050e-04	3.31855	26.1
65062.937	16.023	31575	1.05140e-04	3.31992	25.4	30981	1.07170e-04	3.32031	26.0	31560	1.05160e-04	3.31875	24.8	31223	1.06280e-04	3.31836	26.1
65064.125	16.023	31540	1.05270e-04	3.32012	25.4	30968	1.07210e-04	3.32012	26.0	31622	1.04950e-04	3.31875	24.8	31270	1.06120e-04	3.31836	26.1
65065.313	16.023	31502	1.05400e-04	3.32012	25.4	30886	1.07500e-04	3.32012	26.0	31487	1.05410e-04	3.31895	24.8	31143	1.06560e-04	3.31855	26.1
65066.502	16.015	31558	1.05200e-04	3.31992	25.4	30919	1.07380e-04	3.32012	26.0	31482	1.05420e-04	3.31875	24.8	31159	1.06500e-04	3.31855	26.1
65067.690	16.015	31475	1.05480e-04	3.32012	25.4	30936	1.07320e-04	3.32012	26.0	31551	1.05190e-04	3.31875	24.8	31207	1.06330e-04	3.31836	26.1
65068.878	16.032	31473	1.05480e-04	3.31992	25.4	30913	1.07390e-04	3.31992	26.0	31577	1.05110e-04	3.31895	24.8	31148	1.06530e-04	3.31836	26.1
65070.066	16.032	31498	1.05400e-04	3.31992	25.4	30949	1.07270e-04	3.31992	26.0	31527	1.05260e-04	3.31855	24.8	31212	1.06320e-04	3.31836	26.1
65071.255	16.044	31566	1.05170e-04	3.31992	25.4	30941	1.07300e-04	3.31992	26.0	31535	1.05240e-04	3.31875	24.8	31240	1.06220e-04	3.31836	26.1
65072.443	16.044	31588	1.05100e-04	3.31992	25.4	30978	1.07170e-04	3.31992	26.0	31604	1.05010e-04	3.31875	24.8	31261	1.06150e-04	3.31836	26.1
65073.631	16.030	31513	1.05350e-04	3.31992	25.4	30945	1.07300e-04	3.32031	26.0	31562	1.05160e-04	3.31895	24.8	31170	1.06460e-04	3.31836	26.1
65074.819	16.030	31518	1.05330e-04	3.31992	25.4	30935	1.07330e-04	3.32012	26.0	31515	1.05300e-04	3.31855	24.8	31202	1.06350e-04	3.31836	26.1
65076.008	16.030	31508	1.05370e-04	3.31992	25.4	30890	1.07470e-04	3.31973	26.0	31571	1.05120e-04	3.31875	24.8	31216	1.06300e-04	3.31816	26.1
65077.196	16.038	31543	1.05260e-04	3.32012	25.4	30967	1.07210e-04	3.32012	26.0	31527	1.05260e-04	3.31855	24.8	31239	1.06230e-04	3.31855	26.1
65078.384	16.038	31551	1.05220e-04	3.31992	25.4	30965	1.07220e-04	3.31992	26.0	31573	1.05110e-04	3.31875	24.8	31241	1.06220e-04	3.31836	26.1
65079.572	16.037	31518	1.05330e-04	3.31973	25.4	30890	1.07480e-04	3.31992	26.0	31603	1.05010e-04	3.31875	24.8	31223	1.06280e-04	3.31855	26.1
65080.760	16.037	31482	1.05450e-04	3.31992	25.4	30907	1.07420e-04	3.31992	26.0	31556	1.05160e-04	3.31855	24.8	31175	1.06440e-04	3.31836	26.1
65081.949	16.067	31587	1.05100e-04	3.31992	25.4	30893	1.07470e-04	3.31992	26.0	31503	1.05350e-04	3.31875	24.8	31229	1.06260e-04	3.31836	26.1
65083.137	16.067	31539	1.05260e-04	3.31973	25.4	30860	1.07580e-04	3.31992	26.0	31572	1.05110e-04	3.31855	24.8	31213	1.06310e-04	3.31836	26.1
65084.326	16.067	31604	1.05040e-04	3.31973	25.4	30966	1.07210e-04	3.31973	26.0	31596	1.05030e-04	3.31855	24.8	31225	1.06270e-04	3.31816	26.1
65085.514	16.045	31644	1.04920e-04	3.32012	25.4	31003	1.07090e-04	3.32012	26.0	31573	1.05110e-04	3.31875	24.8	31193	1.06390e-04	3.31855	26.1
65086.702	16.015	31639	1.04930e-04	3.31973	25.4	31063	1.06880e-04	3.32012	26.0	31638	1.04900e-04	3.31875	24.8	31299	1.06020e-04	3.31836	26.1
65087.890	16.015	31646	1.04910e-04	3.32012	25.4	30927	1.07350e-04	3.32012	26.0	31613	1.04970e-04	3.31855	24.8	31235	1.06240e-04	3.31836	26.1
65089.078	16.015	31595	1.05080e-04	3.31992	25.4	30973	1.07190e-04	3.31992	26.0	31650	1.04860e-04	3.31875	24.8	31274	1.06110e-04	3.31836	26.1
65090.267	16.012	31587	1.05100e-04	3.31992	25.4	30929	1.07350e-04	3.32012	26.0	31576	1.05100e-04	3.31875	24.8	31330	1.05920e-04	3.31836	26.1
65091.455	16.012	31629	1.04970e-04	3.31992	25.4	31040	1.06960e-04	3.31992	26.0	31642	1.04880e-04	3.31855	24.8	31317	1.05960e-04	3.31836	26.1
65092.643	16.012	31509	1.05360e-04	3.31992	25.4	30927	1.07350e-04	3.31992	26.0	31570	1.05120e-04	3.31855	24.8	31188	1.06400e-04	3.31836	26.1
65093.831	16.012	31491	1.05430e-04	3.32012	25.4	30867	1.07560e-04	3.32012	26.0	31565	1.05140e-04	3.31875	24.8	31161	1.06500e-04	3.31855	26.1
65095.020	16.043	31625	1.04980e-04	3.31992	25.4	30891	1.07470e-04	3.31992	26.0	31553	1.05190e-04	3.31895	24.8	31212	1.06320e-04	3.31836	26.1
65096.208	16.043	31623	1.04990e-04	3.31992	25.4	30976	1.07180e-04	3.32012	26.0	31660	1.04830e-04	3.31875	24.8	31274	1.06110e-04	3.31855	26.1
65097.396	16.043	31590	1.05100e-04	3.32012	25.4	30992	1.07120e-04	3.31992	26.0	31602	1.05020e-04	3.31875	24.8	31237	1.06240e-04	3.31855	26.1
65098.585	16.042	31590	1.05090e-04	3.31992	25.4	30931	1.07340e-04	3.32012	26.0	31573	1.05110e-04	3.31875	24.8	31165	1.06480e-04	3.31836	26.1
65099.773	16.042	31585	1.05110e-04	3.31992	25.4	30921	1.07380e-04	3.32012	26.0	31563	1.05150e-04	3.31875	24.8	31208	1.06340e-04	3.31855	26.1
65100.961	16.022	31555	1.05210e-04	3.31992	25.4	30924	1.07360e-04	3.32012	26.0	31581	1.05070e-04	3.31836	24.8	31222	1.06280e-04	3.31836	26.1
65102.149	16.022	31525	1.05310e-04	3.31992	25.4	30920	1.07370e-04	3.31992	26.0	31549	1.05190e-04	3.31875	24.8	31150	1.06530e-04	3.31836	26.1
65103.337	16.035	31464	1.05510e-04	3.31992	25.4	30902	1.07440e-04	3.32012	26.0	31509	1.05330e-04	3.31875	24.8	31206	1.06340e-04	3.31855	26.1
65104.525	16.035	31536	1.05280e-04	3.31992	25.3	30879	1.07510e-04	3.31992	26.0	31521	1.05290e-04	3.31875	24.8	31149	1.06530e-04	3.31836	26.1
65105.714	16.046	31504	1.05380e-04	3.31992	25.3	30915	1.07390e-04	3.31992	26.0	31481	1.05420e-04	3.31875	24.8	31209	1.06330e-04	3.31836	26.1
65106.902	16.046	31583	1.05120e-04	3.31992	25.3	30933	1.07330e-04	3.31992	26.0	31540	1.05220e-04	3.31855	24.8	31200	1.06350e-04	3.31816	26.1
65108.090	16.046	31531	1.05290e-04	3.31992	25.3	30904	1.07430e-04	3.31992	26.0	31550	1.05190e-04	3.31875	24.8	31248	1.06190e-04	3.31836	26.1
65109.278	16.032	31587	1.05100e-04	3.31973	25.3	30974	1.07180e-04	3.31992	26.0	31587	1.05070e-04	3.31875	24.8	31266	1.06130e-04	3.31816	26.1
65110.467	16.032	31579	1.05130e-04	3.31992	25.3	30915	1.07390e-04	3.31992	26.0	31681	1.04750e-04	3.31855	24.8	31213	1.06310e-04	3.31836	26.1
65111.655	16.011	31535	1.05280e-04	3.31992	25.3	30911	1.07410e-04	3.32012	26.0	31553	1.05180e-04	3.31855	24.8	31260	1.06150e-04	3.31836	26.1
65112.843	16.011	31500	1.05400e-04	3.31992	25.3	30908	1.07420e-04	3.32012	26.0	31578	1.05100e-04	3.31895	24.8	31179	1.06430e-04	3.31836	26.1
65114.032	16.026	31623	1.04990e-04	3.31992	25.3	30938	1.07310e-04	3.31992	26.0	31564	1.05140e-04	3.31855	24.8	31238	1.06230e-04	3.31836	26.1
65115.220	16.026	31599	1.05060e-04	3.31992	25.3	31014	1.07050e-04	3.31992	26.0	31547	1.05200e-04	3.31875	24.8	31194	1.06380e-04	3.31836	26.1
65116.408	16.022	31621	1.04990e-04	3.31973	25.3	31002	1.07090e-04	3.31992	26.0	31545	1.05200e-04	3.31855	24.8	31244	1.06200e-04	3.31816	26.1
65117.596	16.022	31569	1.05160e-04	3.31992	25.3	30946	1.07280e-04	3.31992	26.0	31588	1.05060e-04	3.31855	24.8	31221	1.06290e-04	3.31836	26.1
65118.784	16.022	31642	1.04910e-04	3.31973	25.3	30980	1.07160e-04	3.31973	26.0	31605	1.05000e-04	3.31855	24.8	31239	1.06220e-04	3.31816	26.1
65119.973	16.028	31574	1.05150e-04	3.31992	25.3	30927	1.07350e-04	3.31992	26.0	31594	1.05040e-04	3.31875	24.8	31215	1.06310e-04	3.31836	26.1
65121.161	16.028	31599	1.05070e-04	3.31992	25.3	30995	1.07110e-04	3.31992	26.0	31575	1.05100e-04	3.31855	24.8	31261	1.06150e-04	3.31836	26.1
65122.349	16.027	31564	1.05180e-04	3.31992	25.3	30998	1.07100e-04	3.31992	25.9	31585	1.05070e-04	3.31855	24.8	31197	1.06370e-04	3.31836	26.1
65123.537	16.027	31592	1.05080e-04	3.31973	25.3	30941	1.07300e-04	3.31992	26.0	31531	1.05250e-04	3.31855	24.8	31267	1.06130e-04	3.31836	26.1
65124.726	16.014	31569	1.05160e-04	3.31992	25.3	30992	1.07120e-04	3.31992	26.0	31608	1.04990e-04	3.31836	24.8	31253	1.06180e-04	3.31836	26.1
65125.914	16.014	31536	1.05270e-04	3.31973	25.3	30927	1.07350e-04	3.31992	26.0	31543	1.05210e-04	3.31875	24.8	31222	1.06280e-04	3.31816	26.1
65127.102	16.014	31541	1.05260e-04	3.31992	25.3	30866	1.07560e-04	3.31992	26.0	31558	1.05160e-04	3.31855	24.8	31187	1.06400e-04	3.31836	26.1
65128.290	16.033	31518	1.05340e-04	3.32012	25.3	30906	1.07420e-04	3.31992	26.0	31545	1.05210e-04	3.31875	24.8	31160	1.06500e-04	3.31855	26.1
65129.478	16.033	31497	1.05400e-04	3.31992	25.3	30951	1.07270e-04	3.31992	26.0	31557	1.05170e-04	3.31875	24.8	31184	1.06410e-04	3.31836	26.1
65130.667	16.055	31509	1.05370e-04	3.31992	25.4	30913	1.07390e-04	3.31992	26.0	31492	1.05380e-04	3.31855	24.8	31198	1.06360e-04	3.31836	26.1
65131.855	16.055	31491	1.05430e-04	3.32012	25.4	30875	1.07530e-04	3.31992	26.0	31543	1.05210e-04	3.31855	24.8	31169	1.06460e-04	3.31836	26.1
65133.043	16.035	31528	1.05300e-04	3.31992	25.4	30919	1.07380e-04	3.31992	26.0	31491	1.05390e-04	3.31875	24.8	31208	1.06330e-04	3.31836	26.1
65134.231	16.035	31559	1.05200e-04	3.31992	25.4	30946	1.07280e-04	3.31992	26.0	31503	1.05340e-04	3.31855	24.8	31226	1.06270e-04	3.31836	26.1
65135.419	16.049	31511	1.05360e-04	3.31992	25.4	30951	1.07270e-04	3.32012	26.0	31571	1.05120e-04	3.31875	24.8	31241	1.06230e-04	3.31855	26.1
65136.608	16.049	31587	1.05100e-04	3.31992	25.4	30960	1.07240e-04	3.32012	26.0	31567	1.05130e-04	3.31875	24.8	31207	1.06330e-04	3.31836	26.1
65137.796	16.039	31566	1.05180e-04	3.31992	25.4	30917	1.07380e-04	3.31992	26.0	31570	1.05120e-04	3.31855	24.8	31164	1.06480e-04	3.31836	26.1
65138.984	16.039	31605	1.05040e-04	3.31973	25.3	30981	1.07170e-04	3.32012	26.0	31546	1.05200e-04	3.31875	24.8	31207	1.06330e-04	3.31836	26.1
65140.173	16.039	31566	1.05170e-04	3.31973	25.3	30941	1.07300e-04	3.31992	26.0	31601	1.05010e-04	3.31855	24.8	31291	1.06040e-04	3.31816	26.1
65141.361	16.023	31619	1.05000e-04	3.32012	25.4	30982	1.07150e-04	3.31973	26.0	31689	1.04720e-04	3.31855	24.8	31284	1.06080e-04	3.31855	26.1
65142.549	16.023	31602	1.05060e-04	3.31992	25.4	30987	1.07140e-04	3.31992	26.0	31580	1.05090e-04	3.31875	24.8	31293	1.06040e-04	3.31836	26.1
65143.737	16.020	31600	1.05060e-04	3.31973	25.4	30951	1.07260e-04	3.31992	26.0	31609	1.04990e-04	3.31875	24.8	31249	1.06190e-04	3.31816	26.1
65144.926	16.020	31532	1.05290e-04	3.32012	25.4	30962	1.07230e-04	3.31992	26.0	31583	1.05070e-04	3.31855	24.8	31251	1.06180e-04	3.31836	26.1
65146.114	16.036	31640	1.04930e-04	3.31992	25.4	30969	1.07200e-04	3.31992	26.0	31585	1.05070e-04	3.31875	24.8	31290	1.06050e-04	3.31836	26.1
65147.302	16.036	31639	1.04930e-04	3.31992	25.4	31011	1.07050e-04	3.31992	26.0	31714	1.04650e-04	3.31875	24.8	31279	1.06090e-04	3.31836	26.1
65148.490	16.036	31625	1.04990e-04	3.32012	25.4	31069	1.06870e-04	3.32031	26.0	31666	1.04800e-04	3.31875	24.8	31303	1.06020e-04	3.31855	26.1
65149.678	16.035	31613	1.05010e-04	3.31973	25.4	30989	1.07140e-04	3.32012	26.0	31618	1.04960e-04	3.31875	24.8	31298	1.06020e-04	3.31836	26.1
65150.867	16.035	31558	1.05210e-04	3.32012	25.4	30988	1.07140e-04	3.31992	26.0	31624	1.04940e-04	3.31875	24.8	31233	1.06240e-04	3.31816	26.1
65152.055	16.029	31529	1.05300e-04	3.32012	25.4	30912	1.07410e-04	3.32031	26.0	31617	1.04970e-04	3.31875	24.8	31205	1.06350e-04	3.31855	26.1
65153.243	16.029	31604	1.05050e-04	3.31992	25.4	30945	1.07290e-04	3.32012	26.0	31546	1.05210e-04	3.31895	24.8	31222	1.06290e-04	3.31855	26.1
65154.432	15.993	31561	1.05200e-04	3.32012	25.4	30993	1.07120e-04	3.32012	26.0	31571	1.05120e-04	3.31875	24.8	31243	1.06210e-04	3.31836	26.1
65155.620	15.993	31506	1.05370e-04	3.31992	25.4	30931	1.07340e-04	3.32012	26.0	31574	1.05120e-04	3.31895	24.9	31227	1.06270e-04	3.31855	26.1
65156.808	16.040	31503	1.05390e-04	3.31992	25.4	30895	1.07460e-04	3.32012	26.0	31528	1.05270e-04	3.31895	24.9	31222	1.06280e-04	3.31836	26.1
65157.996	16.040	31548	1.05230e-04	3.31992	25.4	30900	1.07440e-04	3.31992	26.0	31500	1.05350e-04	3.31855	24.9	31201	1.06350e-04	3.31836	26.1
65159.184	16.040	31527	1.05300e-04	3.31992	25.4	30968	1.07210e-04	3.32012	26.0	31482	1.05420e-04	3.31875	24.9	31217	1.06310e-04	3.31875	26.1
65160.373	16.029	31516	1.05350e-04	3.32012	25.4	30888	1.07490e-04	3.32012	26.0	31535	1.05250e-04	3.31895	24.9	31210	1.06320e-04	3.31836	26.1
65161.561	16.029	31485	1.05450e-04	3.32012	25.4	30917	1.07390e-04	3.32012	26.0	31567	1.05130e-04	3.31855	24.9	31227	1.06270e-04	3.31855	26.1
65162.749	16.043	31478	1.05470e-04	3.31992	25.4	30925	1.07370e-04	3.32031	26.0	31497	1.05370e-04	3.31895	24.9	31196	1.06380e-04	3.31855	26.1
65163.937	16.043	31514	1.05350e-04	3.31992	25.4	30911	1.07410e-04	3.32012	26.0	31551	1.05190e-04	3.31895	24.9	31204	1.06340e-04	3.31836	26.1
65165.125	16.039	31514	1.05350e-04	3.31992	25.4	30919	1.07380e-04	3.31992	26.0	31509	1.05330e-04	3.31875	24.9	31197	1.06370e-04	3.31836	26.1
65166.314	16.039	31484	1.05450e-04	3.31992	25.4	30974	1.07190e-04	3.32012	26.0	31549	1.05200e-04	3.31875	24.9	31255	1.06180e-04	3.31855	26.1
65167.502	16.039	31452	1.05550e-04	3.31992	25.4	30910	1.07410e-04	3.32012	26.0	31537	1.05230e-04	3.31875	24.9	31143	1.06560e-04	3.31855	26.1
65168.690	16.039	31538	1.05280e-04	3.32012	25.4	30915	1.07390e-04	3.31992	26.0	31508	1.05330e-04	3.31875	24.9	31174	1.06450e-04	3.31855	26.1
65169.878	16.039	31559	1.05200e-04	3.31992	25.4	30946	1.07290e-04	3.32012	26.0	31554	1.05180e-04	3.31875	24.9	31247	1.06200e-04	3.31836	26.1
65171.067	16.020	31550	1.05230e-04	3.31992	25.4	30940	1.07310e-04	3.32012	26.0	31581	1.05090e-04	3.31875	24.9	31248	1.06190e-04	3.31836	26.1
65172.255	16.020	31570	1.05170e-04	3.32012	25.4	31002	1.07090e-04	3.31992	26.0	31594	1.05040e-04	3.31855	24.9	31298	1.06030e-04	3.31855	26.1
65173.443	16.009	31576	1.05150e-04	3.32012	25.4	31012	1.07070e-04	3.32031	26.0	31600	1.05030e-04	3.31895	24.9	31227	1.06270e-04	3.31855	26.1
65174.632	16.009	31606	1.05040e-04	3.31992	25.4	31022	1.07030e-04	3.32012	26.0	31606	1.05000e-04	3.31875	24.9	31302	1.06020e-04	3.31855	26.1
65175.820	16.019	31653	1.04890e-04	3.32012	25.4	31029	1.07010e-04	3.32031	26.0	31589	1.05060e-04	3.31875	24.9	31338	1.05890e-04	3.31836	26.1
65177.008	16.019	31569	1.05160e-04	3.31992	25.4	30950	1.07280e-04	3.32012	26.0	31661	1.04830e-04	3.31895	24.9	31280	1.06090e-04	3.31855	26.1
65178.196	16.019	31589	1.05100e-04	3.31992	25.4	30979	1.07170e-04	3.31992	26.0	31595	1.05040e-04	3.31875	24.9	31257	1.06160e-04	3.31836	26.1
65179.384	15.985	31598	1.05070e-04	3.32012	25.4	31012	1.07060e-04	3.32012	26.0	31592	1.05050e-04	3.31875	24.9	31277	1.06110e-04	3.31875	26.1
65180.573	15.985	31566	1.05170e-04	3.31992	25.4	30908	1.07410e-04	3.31992	26.0	31552	1.05180e-04	3.31875	24.9	31237	1.06240e-04	3.31855	26.1
65181.761	16.016	31496	1.05410e-04	3.31992	25.4	30939	1.07300e-04	3.31992	26.0	31620	1.04950e-04	3.31855	24.9	31165	1.06470e-04	3.31816	26.1
65182.949	16.016	31496	1.05410e-04	3.31992	25.4	30926	1.07360e-04	3.32012	26.0	31518	1.05300e-04	3.31875	24.9	31144	1.06550e-04	3.31836	26.1
65184.137	16.038	31476	1.05480e-04	3.31992	25.4	30902	1.07440e-04	3.32012	26.0	31526	1.05270e-04	3.31875	24.9	31199	1.06360e-04	3.31836	26.1
65185.326	16.038	31511	1.05360e-04	3.32012	25.4	30955	1.07250e-04	3.31992	26.0	31534	1.05240e-04	3.31855	24.9	31230	1.06260e-04	3.31855	26.1
65186.514	16.034	31455	1.05540e-04	3.31992	25.4	30909	1.07420e-04	3.32012	26.0	31455	1.05510e-04	3.31895	24.9	31210	1.06330e-04	3.31855	26.1
65187.702	16.034	31557	1.05200e-04	3.31992	25.4	30869	1.07550e-04	3.32012	26.0	31558	1.05160e-04	3.31875	24.9	31227	1.06270e-04	3.31836	26.1
65188.891	16.027	31544	1.05250e-04	3.32012	25.4	30936	1.07320e-04	3.32012	26.0	31576	1.05100e-04	3.31855	24.9	31206	1.06340e-04	3.31855	26.1
65190.079	16.027	31546	1.05250e-04	3.32012	25.4	30900	1.07450e-04	3.32012	26.0	31571	1.05130e-04	3.31895	24.9	31237	1.06240e-04	3.31855	26.1
65191.267	16.027	31496	1.05410e-04	3.32012	25.4	30903	1.07440e-04	3.32012	26.0	31536	1.05240e-04	3.31875	24.9	31226	1.06280e-04	3.31855	26.1
65192.455	16.035	31450	1.05560e-04	3.31992	25.4	30898	1.07460e-04	3.32012	26.0	31517	1.05300e-04	3.31875	24.9	31216	1.06300e-04	3.31836	26.1
65193.643	16.035	31490	1.05430e-04	3.31992	25.4	30958	1.07240e-04	3.31992	26.0	31530	1.05260e-04	3.31895	24.9	31178	1.06430e-04	3.31836	26.1
65194.832	16.064	31525	1.05310e-04	3.31992	25.4	30923	1.07360e-04	3.31992	26.0	31518	1.05300e-04	3.31875	24.9	31200	1.06350e-04	3.31816	26.1
65196.020	16.064	31518	1.05340e-04	3.32012	25.4	30924	1.07360e-04	3.32012	26.0	31452	1.05520e-04	3.31875	24.9	31190	1.06400e-04	3.31855	26.1
65197.208	16.064	31503	1.05380e-04	3.31992	25.4	30870	1.07550e-04	3.32012	26.0	31518	1.05300e-04	3.31875	24.9	31201	1.06360e-04	3.31855	26.1
65198.396	16.024	31515	1.05340e-04	3.31992	25.4	30926	1.07360e-04	3.32012	26.0	31543	1.05210e-04	3.31855	24.9	31194	1.06380e-04	3.31836	26.1
65199.584	16.029	31560	1.05200e-04	3.31992	25.4	30936	1.07320e-04	3.32012	26.0	31508	1.05330e-04	3.31875	24.9	31201	1.06360e-04	3.31855	26.1
65200.773	16.029	31502	1.05380e-04	3.31973	25.4	30910	1.07420e-04	3.32031	26.0	31500	1.05360e-04	3.31875	24.9	31193	1.06380e-04	3.31816	26.1
65201.961	16.029	31523	1.05330e-04	3.32031	25.4	30895	1.07460e-04	3.32012	26.0	31501	1.05350e-04	3.31855	24.9	31186	1.06410e-04	3.31855	26.1
65203.149	16.045	31523	1.05320e-04	3.31992	25.4	30927	1.07350e-04	3.32012	26.0	31552	1.05190e-04	3.31895	24.9	31154	1.06520e-04	3.31836	26.1
65204.337	16.045	31529	1.05300e-04	3.31992	25.4	30935	1.07320e-04	3.31992	26.0	31570	1.05120e-04	3.31875	24.9	31236	1.06230e-04	3.31836	26.1
65205.525	16.047	31558	1.05200e-04	3.31992	25.4	30979	1.07170e-04	3.32012	26.0	31620	1.04960e-04	3.31875	24.9	31282	1.06090e-04	3.31855	26.1
65206.714	16.047	31530	1.05300e-04	3.31992	25.5	30987	1.07150e-04	3.32012	26.0	31619	1.04960e-04	3.31875	24.9	31279	1.06090e-04	3.31836	26.1
65207.902	16.022	31581	1.05130e-04	3.32012	25.5	30960	1.07240e-04	3.32012	26.0	31559	1.05160e-04	3.31875	24.9	31205	1.06340e-04	3.31836	26.1
65209.090	16.022	31604	1.05050e-04	3.31992	25.5	30972	1.07190e-04	3.31992	26.0	31609	1.04990e-04	3.31875	24.9	31245	1.06200e-04	3.31836	26.1
65210.279	16.022	31532	1.05290e-04	3.32012	25.5	30941	1.07310e-04	3.32031	26.0	31511	1.05330e-04	3.31895	24.9	31177	1.06450e-04	3.31875	26.1
65211.467	16.046	31461	1.05530e-04	3.32012	25.5	30911	1.07420e-04	3.32031	26.0	31523	1.05290e-04	3.31895	24.9	31133	1.06590e-04	3.31855	26.1
65212.655	16.046	31463	1.05520e-04	3.31992	25.5	30918	1.07380e-04	3.31992	26.0	31479	1.05420e-04	3.31855	24.9	31212	1.06320e-04	3.31836	26.1
65213.843	16.035	31487	1.05440e-04	3.32012	25.5	30923	1.07370e-04	3.32031	26.0	31505	1.05350e-04	3.31895	24.9	31161	1.06500e-04	3.31855	26.1
65215.032	16.035	31532	1.05300e-04	3.32012	25.5	30903	1.07440e-04	3.32012	26.0	31531	1.05250e-04	3.31875	24.9	31189	1.06400e-04	3.31855	26.1
65216.220	16.031	31622	1.04990e-04	3.31992	25.5	30969	1.07210e-04	3.32012	26.0	31545	1.05210e-04	3.31875	24.9	31236	1.06240e-04	3.31855	26.1
65217.408	16.031	31541	1.05260e-04	3.31992	25.5	30906	1.07420e-04	3.31992	26.0	31504	1.05350e-04	3.31895	24.9	31205	1.06350e-04	3.31855	26.1
65218.597	16.011	31546	1.05250e-04	3.32012	25.5	30912	1.07410e-04	3.32012	26.1	31486	1.05400e-04	3.31875	24.9	31167	1.06480e-04	3.31855	26.1
65219.785	16.011	31600	1.05070e-04	3.32012	25.5	30973	1.07190e-04	3.32012	26.1	31532	1.05260e-04	3.31895	24.9	31250	1.06190e-04	3.31836	26.1
65220.973	16.011	31611	1.05030e-04	3.32012	25.5	30963	1.07220e-04	3.31992	26.1	31583	1.05080e-04	3.31875	24.9	31324	1.05930e-04	3.31816	26.1
65222.161	16.006	31617	1.05010e-04	3.32012	25.5	30961	1.07240e-04	3.32031	26.1	31655	1.04840e-04	3.31875	24.9	31277	1.06110e-04	3.31875	26.1
65223.349	16.006	31624	1.04980e-04	3.31992	25.5	31055	1.06910e-04	3.32012	26.1	31637	1.04910e-04	3.31895	24.9	31229	1.06260e-04	3.31855	26.1
65224.537	15.996	31528	1.05300e-04	3.31992	25.5	30919	1.07380e-04	3.32012	26.1	31549	1.05190e-04	3.31875	24.9	31231	1.06250e-04	3.31836	26.1
65225.726	15.996	31546	1.05240e-04	3.31992	25.5	30886	1.07490e-04	3.32012	26.1	31531	1.05250e-04	3.31855	24.9	31229	1.06260e-04	3.31836	26.1
65226.914	16.024	31505	1.05380e-04	3.31992	25.5	30930	1.07340e-04	3.32012	26.1	31481	1.05420e-04	3.31875	24.9	31183	1.06420e-04	3.31836	26.1
65228.102	16.024	31478	1.05470e-04	3.32012	25.5	30925	1.07360e-04	3.31992	26.1	31555	1.05180e-04	3.31875	24.9	31200	1.06360e-04	3.31855	26.1
65229.291	16.024	31513	1.05360e-04	3.32012	25.5	30941	1.07310e-04	3.32012	26.1	31463	1.05490e-04	3.31895	24.9	31224	1.06280e-04	3.31855	26.1
65230.479	16.054	31526	1.05310e-04	3.31992	25.5	30900	1.07450e-04	3.32012	26.1	31537	1.05230e-04	3.31875	24.9	31206	1.06340e-04	3.31855	26.1
65231.667	16.054	31560	1.05200e-04	3.32012	25.5	30972	1.07190e-04	3.31992	26.1	31544	1.05200e-04	3.31855	24.9	31237	1.06230e-04	3.31836	26.1
65232.855	16.048	31516	1.05340e-04	3.31992	25.5	30919	1.07380e-04	3.32012	26.1	31537	1.05240e-04	3.31895	24.9	31202	1.06350e-04	3.31836	26.1
65234.044	16.048	31618	1.05000e-04	3.31992	25.5	30950	1.07280e-04	3.32012	26.1	31579	1.05090e-04	3.31875	24.9	31252	1.06180e-04	3.31836	26.1
65235.232	16.046	31541	1.05260e-04	3.31992	25.5	30939	1.07310e-04	3.32012	26.1	31568	1.05130e-04	3.31875	24.9	31232	1.06260e-04	3.31855	26.1
65236.420	16.046	31501	1.05390e-04	3.31992	25.5	30917	1.07390e-04	3.32012	26.1	31494	1.05380e-04	3.31875	24.9	31212	1.06320e-04	3.31855	26.1
65237.608	16.059	31503	1.05390e-04	3.32012	25.5	30894	1.07470e-04	3.32012	26.1	31480	1.05420e-04	3.31875	24.9	31215	1.06310e-04	3.31836	26.1
65238.797	16.059	31463	1.05520e-04	3.31992	25.5	30910	1.07410e-04	3.32012	26.1	31508	1.05320e-04	3.31836	24.9	31225	1.06270e-04	3.31836	26.1
65239.984	16.059	31534	1.05280e-04	3.31992	25.5	30891	1.07480e-04	3.32012	26.1	31454	1.05510e-04	3.31875	24.9	31210	1.06330e-04	3.31836	26.1
65241.173	16.033	31561	1.05190e-04	3.31992	25.5	30976	1.07180e-04	3.32012	26.1	31582	1.05080e-04	3.31875	24.9	31179	1.06430e-04	3.31836	26.1
65242.361	16.033	31477	1.05470e-04	3.31992	25.5	30959	1.07240e-04	3.32012	26.1	31581	1.05090e-04	3.31875	24.9	31246	1.06210e-04	3.31855	26.1
65243.549	16.049	31534	1.05290e-04	3.32012	25.5	30958	1.07240e-04	3.31992	26.1	31576	1.05100e-04	3.31875	24.9	31245	1.06200e-04	3.31836	26.1
65244.738	16.049	31520	1.05330e-04	3.31992	25.5	30963	1.07220e-04	3.31992	26.1	31584	1.05080e-04	3.31875	24.9	31225	1.06270e-04	3.31836	26.1
65245.926	16.058	31552	1.05230e-04	3.32012	25.5	30945	1.07300e-04	3.32031	26.1	31548	1.05200e-04	3.31875	24.9	31245	1.06200e-04	3.31836	26.1
65247.114	16.058	31514	1.05350e-04	3.31992	25.5	30899	1.07450e-04	3.31992	26.1	31548	1.05200e-04	3.31895	24.9	31202	1.06360e-04	3.31855	26.1
65248.302	16.058	31505	1.05380e-04	3.32012	25.5	30978	1.07180e-04	3.32031	26.1	31531	1.05250e-04	3.31855	24.9	31191	1.06390e-04	3.31855	26.1
65249.490	16.019	31536	1.05280e-04	3.31992	25.5	30928	1.07350e-04	3.32012	26.1	31523	1.05280e-04	3.31875	24.9	31271	1.06120e-04	3.31855	26.1
65250.679	16.083	31525	1.05310e-04	3.31992	25.5	30962	1.07230e-04	3.32012	26.1	31560	1.05160e-04	3.31875	24.9	31247	1.06200e-04	3.31836	26.1
65251.867	16.083	31489	1.05440e-04	3.32012	25.5	30888	1.07490e-04	3.32012	26.1	31523	1.05290e-04	3.31895	24.9	31196	1.06380e-04	3.31855	26.1
65253.055	16.083	31528	1.05300e-04	3.31992	25.5	30947	1.07280e-04	3.31992	26.1	31502	1.05360e-04	3.31895	24.9	31298	1.06030e-04	3.31855	26.1
65254.243	16.018	31538	1.05270e-04	3.31992	25.5	30956	1.07250e-04	3.31992	26.1	31591	1.05050e-04	3.31875	24.9	31204	1.06350e-04	3.31836	26.1
65255.432	16.018	31555	1.05210e-04	3.31992	25.5	30925	1.07360e-04	3.31992	26.1	31539	1.05220e-04	3.31855	24.9	31204	1.06350e-04	3.31855	26.1
65256.620	16.024	31548	1.05240e-04	3.32012	25.5	30972	1.07200e-04	3.32012	26.1	31513	1.05310e-04	3.31875	24.9	31228	1.06260e-04	3.31836	26.1
65257.808	16.024	31498	1.05400e-04	3.31992	25.5	30897	1.07450e-04	3.31992	26.1	31510	1.05320e-04	3.31875	24.9	31201	1.06350e-04	3.31836	26.1
65258.997	16.052	31466	1.05510e-04	3.32012	25.5	30927	1.07360e-04	3.32031	26.1	31551	1.05190e-04	3.31875	24.9	31183	1.06420e-04	3.31855	26.1
65260.185	16.052	31532	1.05300e-04	3.32012	25.5	30894	1.07480e-04	3.32031	26.1	31489	1.05390e-04	3.31875	24.9	31205	1.06350e-04	3.31855	26.1
65261.373	16.052	31578	1.05130e-04	3.31973	25.5	30935	1.07310e-04	3.31973	26.1	31525	1.05270e-04	3.31875	24.9	31178	1.06430e-04	3.31816	26.1
65262.561	16.047	31490	1.05440e-04	3.32031	25.5	30956	1.07260e-04	3.32031	26.1	31536	1.05230e-04	3.31855	24.9	31234	1.06260e-04	3.31895	26.1
65263.750	16.047	31549	1.05240e-04	3.32012	25.5	30949	1.07280e-04	3.32012	26.1	31544	1.05220e-04	3.31895	24.9	31237	1.06230e-04	3.31836	26.1
65264.938	16.065	31521	1.05330e-04	3.32012	25.5	30982	1.07160e-04	3.32012	26.1	31517	1.05300e-04	3.31875	24.9	31180	1.06430e-04	3.31836	26.1
65266.126	16.065	31526	1.05310e-04	3.32012	25.5	30975	1.07190e-04	3.32012	26.1	31547	1.05210e-04	3.31895	24.9	31262	1.06150e-04	3.31855	26.1
65267.314	16.026	31517	1.05340e-04	3.31992	25.5	30984	1.07150e-04	3.31992	26.1	31615	1.04970e-04	3.31875	24.9	31262	1.06150e-04	3.31855	26.1
65268.503	16.026	31587	1.05110e-04	3.32012	25.5	30879	1.07520e-04	3.32012	26.0	31568	1.05130e-04	3.31875	24.9	31308	1.06000e-04	3.31855	26.1
65269.691	16.064	31613	1.05020e-04	3.31992	25.5	31040	1.06960e-04	3.32012	26.1	31579	1.05090e-04	3.31875	24.9	31296	1.06040e-04	3.31855	26.1
65270.879	16.064	31625	1.04990e-04	3.32012	25.5	31016	1.07050e-04	3.32012	26.1	31628	1.04940e-04	3.31895	24.9	31253	1.06180e-04	3.31836	26.1
65272.067	16.064	31598	1.05070e-04	3.32012	25.5	31024	1.07020e-04	3.32012	26.1	31605	1.05010e-04	3.31875	24.9	31257	1.06170e-04	3.31855	26.1
65273.255	16.000	31488	1.05440e-04	3.32012	25.5	30932	1.07340e-04	3.32012	26.1	31618	1.04960e-04	3.31875	24.9	31273	1.06120e-04	3.31855	26.1
65274.444	16.000	31547	1.05240e-04	3.32012	25.5	30930	1.07340e-04	3.31992	26.1	31534	1.05240e-04	3.31875	24.9	31223	1.06280e-04	3.31855	26.1
65275.632	15.992	31487	1.05440e-04	3.31992	25.5	30964	1.07230e-04	3.32012	26.0	31563	1.05150e-04	3.31875	24.9	31215	1.06310e-04	3.31836	26.1
65276.820	15.992	31542	1.05250e-04	3.31992	25.5	30974	1.07180e-04	3.31992	26.0	31519	1.05300e-04	3.31875	24.9	31259	1.06150e-04	3.31816	26.1
65278.008	16.029	31546	1.05250e-04	3.32012	25.5	30877	1.07520e-04	3.31992	26.0	31552	1.05180e-04	3.31875	24.9	31205	1.06350e-04	3.31855	26.1
65279.196	16.029	31550	1.05230e-04	3.32012	25.5	31022	1.07030e-04	3.32012	26.0	31554	1.05180e-04	3.31875	24.9	31239	1.06230e-04	3.31855	26.1
65280.385	16.049	31530	1.05290e-04	3.31973	25.5	30964	1.07210e-04	3.31973	26.0	31559	1.05170e-04	3.31895	24.9	31222	1.06280e-04	3.31836	26.1
65281.573	16.049	31616	1.05020e-04	3.32031	25.5	30925	1.07370e-04	3.32031	26.1	31530	1.05250e-04	3.31855	24.9	31285	1.06080e-04	3.31855	26.1
65282.762	16.049	31494	1.05420e-04	3.32012	25.5	30872	1.07550e-04	3.32012	26.1	31548	1.05200e-04	3.31895	24.9	31250	1.06190e-04	3.31836	26.1
65283.949	16.042	31476	1.05480e-04	3.31992	25.5	30928	1.07350e-04	3.32012	26.1	31538	1.05230e-04	3.31875	24.9	31168	1.06470e-04	3.31836	26.1
65285.138	16.042	31521	1.05320e-04	3.31992	25.5	30889	1.07480e-04	3.32012	26.1	31574	1.05110e-04	3.31875	24.9	31162	1.06490e-04	3.31855	26.1
65286.326	16.051	31533	1.05280e-04	3.31992	25.5	30913	1.07400e-04	3.32012	26.1	31507	1.05330e-04	3.31855	24.9	31192	1.06390e-04	3.31855	26.1
65287.514	16.051	31513	1.05360e-04	3.32012	25.5	30949	1.07270e-04	3.31992	26.1	31511	1.05330e-04	3.31895	24.9	31201	1.06360e-04	3.31855	26.1
65288.702	16.043	31558	1.05210e-04	3.32012	25.5	30920	1.07370e-04	3.31992	26.1	31567	1.05130e-04	3.31875	24.9	31199	1.06360e-04	3.31836	26.1
65289.891	16.043	31525	1.05310e-04	3.31992	25.5	30893	1.07470e-04	3.31992	26.0	31588	1.05060e-04	3.31875	24.9	31264	1.06140e-04	3.31836	26.1
65291.079	16.043	31548	1.05230e-04	3.31992	25.5	30898	1.07440e-04	3.31973	26.1	31601	1.05020e-04	3.31875	24.9	31194	1.06380e-04	3.31836	26.1
65292.267	16.045	31494	1.05420e-04	3.32012	25.5	30950	1.07270e-04	3.32012	26.1	31501	1.05350e-04	3.31875	24.9	31258	1.06160e-04	3.31836	26.1
65293.456	16.045	31611	1.05020e-04	3.31992	25.5	31057	1.06900e-04	3.32012	26.1	31517	1.05300e-04	3.31875	24.9	31193	1.06400e-04	3.31875	26.1
65294.644	16.037	31569	1.05170e-04	3.32012	25.5	30934	1.07330e-04	3.32012	26.1	31565	1.05140e-04	3.31875	24.9	31238	1.06230e-04	3.31836	26.1
65295.832	16.037	31562	1.05190e-04	3.31992	25.5	30952	1.07270e-04	3.32012	26.1	31578	1.05100e-04	3.31895	24.9	31247	1.06200e-04	3.31836	26.1
65297.020	16.008	31490	1.05430e-04	3.31992	25.5	30870	1.07550e-04	3.32012	26.1	31543	1.05210e-04	3.31875	24.9	31202	1.06350e-04	3.31836	26.1
65298.209	16.008	31547	1.05240e-04	3.31992	25.5	30938	1.07310e-04	3.31992	26.0	31501	1.05360e-04	3.31895	24.9	31283	1.06080e-04	3.31855	26.1
65299.397	16.021	31568	1.05180e-04	3.32012	25.5	30959	1.07250e-04	3.32031	26.1	31522	1.05280e-04	3.31875	24.9	31236	1.06240e-04	3.31855	26.1
65300.585	16.021	31578	1.05140e-04	3.32012	25.5	30981	1.07170e-04	3.32012	26.1	31578	1.05100e-04	3.31895	24.9	31193	1.06390e-04	3.31875	26.1
65301.773	16.051	31560	1.05200e-04	3.31992	25.5	30885	1.07490e-04	3.31992	26.1	31573	1.05120e-04	3.31895	24.9	31207	1.06330e-04	3.31836	26.1
65302.962	16.051	31499	1.05400e-04	3.32012	25.5	30894	1.07470e-04	3.32012	26.1	31527	1.05270e-04	3.31875	24.9	31147	1.06540e-04	3.31836	26.1
65304.150	16.051	31473	1.05490e-04	3.32012	25.5	30861	1.07580e-04	3.31992	26.1	31530	1.05260e-04	3.31875	24.9	31143	1.06560e-04	3.31855	26.1
65305.338	16.052	31513	1.05350e-04	3.31992	25.5	30895	1.07460e-04	3.32012	26.1	31516	1.05300e-04	3.31855	24.9	31184	1.06420e-04	3.31855	26.1
65306.526	16.052	31504	1.05390e-04	3.32012	25.5	30897	1.07460e-04	3.32012	26.1	31550	1.05200e-04	3.31895	24.9	31213	1.06320e-04	3.31855	26.1
65307.714	16.046	31494	1.05420e-04	3.32012	25.5	30922	1.07370e-04	3.32012	26.1	31551	1.05190e-04	3.31895	24.9	31210	1.06330e-04	3.31855	26.1
65308.903	16.046	31475	1.05480e-04	3.32012	25.5	30894	1.07470e-04	3.32012	26.1	31478	1.05430e-04	3.31875	24.9	31186	1.06410e-04	3.31855	26.1
65310.091	16.048	31541	1.05270e-04	3.32031	25.5	30898	1.07460e-04	3.32031	26.1	31469	1.05470e-04	3.31895	24.9	31188	1.06410e-04	3.31855	26.1
65311.279	16.048	31494	1.05420e-04	3.32012	25.5	30997	1.07120e-04	3.32031	26.0	31521	1.05290e-04	3.31895	24.9	31198	1.06380e-04	3.31875	26.1
65312.467	16.048	31525	1.05310e-04	3.31992	25.5	30874	1.07540e-04	3.32012	26.0	31492	1.05380e-04	3.31875	24.9	31160	1.06510e-04	3.31875	26.1
65313.655	16.047	31568	1.05170e-04	3.32012	25.5	30903	1.07440e-04	3.32031	26.1	31556	1.05180e-04	3.31895	24.9	31197	1.06370e-04	3.31855	26.1
65314.844	16.047	31514	1.05350e-04	3.31992	25.5	30908	1.07410e-04	3.31992	26.1	31563	1.05150e-04	3.31895	24.9	31224	1.06280e-04	3.31855	26.1
65316.032	16.049	31463	1.05520e-04	3.32012	25.5	30930	1.07350e-04	3.32031	26.1	31495	1.05370e-04	3.31875	24.9	31175	1.06440e-04	3.31836	26.1
65317.220	16.049	31520	1.05330e-04	3.32012	25.5	30879	1.07520e-04	3.32012	26.0	31512	1.05320e-04	3.31895	24.9	31172	1.06460e-04	3.31875	26.1
65318.408	16.040	31479	1.05470e-04	3.31992	25.5	30908	1.07410e-04	3.31992	26.0	31554	1.05180e-04	3.31895	24.9	31191	1.06400e-04	3.31875	26.1
65319.597	16.040	31495	1.05410e-04	3.31992	25.5	30865	1.07570e-04	3.32012	26.0	31500	1.05360e-04	3.31875	24.9	31162	1.06490e-04	3.31855	26.1
65320.785	16.067	31509	1.05370e-04	3.32012	25.4	30890	1.07480e-04	3.32012	26.0	31472	1.05450e-04	3.31875	24.9	31145	1.06550e-04	3.31855	26.1
65321.973	16.067	31450	1.05560e-04	3.31992	25.4	30824	1.07710e-04	3.32012	26.0	31539	1.05230e-04	3.31875	24.9	31197	1.06370e-04	3.31836	26.1
65323.161	16.067	31517	1.05340e-04	3.31992	25.4	30889	1.07480e-04	3.31992	26.0	31563	1.05150e-04	3.31875	24.9	31142	1.06550e-04	3.31836	26.1
65324.350	16.046	31543	1.05250e-04	3.31992	25.4	30876	1.07530e-04	3.32012	26.0	31528	1.05260e-04	3.31855	24.9	31181	1.06430e-04	3.31855	26.1
65325.538	16.046	31515	1.05350e-04	3.31992	25.4	30876	1.07530e-04	3.32012	26.0	31518	1.05300e-04	3.31895	24.9	31183	1.06420e-04	3.31855	26.1
65326.726	16.046	31561	1.05190e-04	3.31992	25.5	30986	1.07150e-04	3.32012	26.0	31587	1.05060e-04	3.31855	24.9	31172	1.06450e-04	3.31836	26.1
65327.915	16.046	31552	1.05230e-04	3.32012	25.5	30990	1.07120e-04	3.31973	26.0	31594	1.05040e-04	3.31875	24.9	31263	1.06140e-04	3.31816	26.1
65329.103	16.056	31548	1.05230e-04	3.31992	25.4	30941	1.07310e-04	3.32012	26.0	31596	1.05040e-04	3.31875	24.9	31169	1.06470e-04	3.31855	26.1
65330.291	16.056	31555	1.05210e-04	3.31992	25.4	30949	1.07280e-04	3.32012	26.0	31582	1.05080e-04	3.31875	24.9	31218	1.06300e-04	3.31855	26.1
65331.479	16.056	31557	1.05210e-04	3.32012	25.4	30883	1.07500e-04	3.31992	26.0	31554	1.05180e-04	3.31875	24.9	31200	1.06360e-04	3.31836	26.1
65332.668	16.056	31613	1.05020e-04	3.31992	25.5	30912	1.07400e-04	3.32012	26.0	31628	1.04940e-04	3.31895	24.9	31253	1.06180e-04	3.31855	26.1
65333.856	16.056	31588	1.05110e-04	3.32012	25.5	30930	1.07340e-04	3.32012	26.0	31601	1.05010e-04	3.31855	24.9	31213	1.06310e-04	3.31836	26.1
65335.044	16.052	31598	1.05070e-04	3.32012	25.5	30962	1.07230e-04	3.32012	26.0	31523	1.05290e-04	3.31895	24.9	31252	1.06180e-04	3.31836	26.1
65336.232	16.052	31602	1.05050e-04	3.31992	25.5	30936	1.07330e-04	3.32031	26.0	31536	1.05240e-04	3.31875	24.9	31191	1.06400e-04	3.31855	26.1
65337.420	16.038	31586	1.05110e-04	3.32012	25.5	30920	1.07380e-04	3.32012	26.0	31601	1.05020e-04	3.31875	24.9	31257	1.06170e-04	3.31855	26.1
65338.608	16.038	31586	1.05110e-04	3.32012	25.5	30969	1.07210e-04	3.32012	26.0	31553	1.05190e-04	3.31895	24.9	31225	1.06280e-04	3.31855	26.1
65339.797	16.040	31583	1.05120e-04	3.31992	25.5	30928	1.07350e-04	3.32012	26.0	31629	1.04930e-04	3.31875	24.9	31291	1.06050e-04	3.31836	26.1
65340.985	16.040	31573	1.05160e-04	3.32031	25.5	30919	1.07380e-04	3.31992	26.0	31596	1.05030e-04	3.31855	24.9	31251	1.06180e-04	3.31836	26.1
65342.173	16.040	31530	1.05300e-04	3.32012	25.5	30929	1.07350e-04	3.32012	26.1	31582	1.05090e-04	3.31914	24.9	31197	1.06380e-04	3.31875	26.1
65343.361	16.042	31563	1.05190e-04	3.31992	25.5	30972	1.07200e-04	3.32012	26.1	31525	1.05280e-04	3.31875	24.9	31208	1.06340e-04	3.31875	26.1
65344.550	16.042	31562	1.05200e-04	3.32031	25.5	30880	1.07510e-04	3.31992	26.1	31529	1.05260e-04	3.31875	24.9	31157	1.06510e-04	3.31836	26.1
65345.738	16.074	31618	1.05000e-04	3.31992	25.5	30882	1.07510e-04	3.32031	26.1	31586	1.05080e-04	3.31895	24.9	31155	1.06530e-04	3.31875	26.1
65346.926	16.074	31507	1.05370e-04	3.31992	25.5	30957	1.07250e-04	3.32012	26.0	31627	1.04930e-04	3.31855	24.9	31248	1.06200e-04	3.31836	26.1
65348.114	16.060	31516	1.05350e-04	3.32031	25.5	30924	1.07370e-04	3.32031	26.0	31526	1.05280e-04	3.31895	24.9	31233	1.06250e-04	3.31855	26.1
65349.303	16.060	31588	1.05100e-04	3.31992	25.5	30860	1.07590e-04	3.32031	26.0	31535	1.05250e-04	3.31914	24.9	31191	1.06390e-04	3.31855	26.1
65350.491	16.038	31610	1.05030e-04	3.32012	25.5	30985	1.07150e-04	3.32012	26.0	31631	1.04910e-04	3.31855	24.9	31211	1.06330e-04	3.31855	26.1
65351.679	16.038	31646	1.04920e-04	3.32031	25.5	30976	1.07180e-04	3.32012	26.1	31585	1.05070e-04	3.31875	24.9	31253	1.06180e-04	3.31836	26.1
65352.868	16.013	31562	1.05190e-04	3.31992	25.5	30971	1.07200e-04	3.32012	26.1	31618	1.04960e-04	3.31875	24.9	31316	1.05970e-04	3.31855	26.1
65354.056	16.013	31461	1.05530e-04	3.32012	25.5	31018	1.07030e-04	3.31992	26.1	31640	1.04890e-04	3.31875	24.9	31308	1.05990e-04	3.31836	26.1
65355.244	16.013	31569	1.05170e-04	3.32012	25.5	30923	1.07370e-04	3.32012	26.1	31590	1.05060e-04	3.31895	24.9	31246	1.06210e-04	3.31855	26.1
65356.432	16.033	31549	1.05230e-04	3.31992	25.5	30932	1.07340e-04	3.32012	26.1	31583	1.05090e-04	3.31895	24.9	31253	1.06190e-04	3.31875	26.1
65357.620	16.033	31528	1.05310e-04	3.32031	25.5	30962	1.07230e-04	3.32012	26.1	31557	1.05170e-04	3.31875	24.9	31225	1.06280e-04	3.31855	26.1
65358.808	16.033	31496	1.05410e-04	3.32012	25.5	30888	1.07490e-04	3.32012	26.1	31480	1.05430e-04	3.31895	24.9	31219	1.06300e-04	3.31855	26.1
65359.997	16.033	31606	1.05040e-04	3.31992	25.5	30922	1.07370e-04	3.32012	26.1	31544	1.05210e-04	3.31875	24.9	31196	1.06380e-04	3.31855	26.1
65361.185	16.033	31564	1.05190e-04	3.32012	25.5	31033	1.06990e-04	3.32031	26.1	31570	1.05120e-04	3.31875	24.9	31234	1.06250e-04	3.31855	26.1
65362.373	16.037	31438	1.05610e-04	3.32012	25.5	30966	1.07220e-04	3.32031	26.1	31560	1.05160e-04	3.31895	24.9	31267	1.06140e-04	3.31875	26.1
65363.562	16.040	31529	1.05300e-04	3.32012	25.5	30893	1.07470e-04	3.32012	26.1	31530	1.05260e-04	3.31875	24.9	31225	1.06280e-04	3.31855	26.1
65364.750	16.040	31538	1.05280e-04	3.32012	25.5	30941	1.07310e-04	3.32012	26.0	31481	1.05420e-04	3.31875	24.9	31220	1.06290e-04	3.31836	26.1
65365.938	16.040	31556	1.05210e-04	3.31992	25.5	30909	1.07420e-04	3.32012	26.0	31591	1.05050e-04	3.31875	24.9	31177	1.06430e-04	3.31836	26.1
65367.126	16.024	31571	1.05160e-04	3.31992	25.5	30985	1.07150e-04	3.31992	26.0	31591	1.05050e-04	3.31875	24.9	31188	1.06400e-04	3.31836	26.1
65368.314	16.024	31491	1.05430e-04	3.32012	25.5	30917	1.07390e-04	3.32012	26.0	31538	1.05230e-04	3.31875	24.9	31168	1.06470e-04	3.31855	26.1
65369.503	16.057	31499	1.05400e-04	3.32012	25.5	30912	1.07400e-04	3.32012	26.1	31532	1.05260e-04	3.31895	24.9	31178	1.06440e-04	3.31855	26.1
65370.691	16.057	31479	1.05470e-04	3.32012	25.5	30914	1.07400e-04	3.32012	26.1	31518	1.05290e-04	3.31855	24.9	31236	1.06230e-04	3.31836	26.1
65371.879	16.040	31489	1.05430e-04	3.31992	25.5	30926	1.07360e-04	3.32031	26.1	31503	1.05350e-04	3.31895	24.9	31151	1.06530e-04	3.31836	26.1
65373.068	16.040	31490	1.05430e-04	3.31992	25.5	30909	1.07410e-04	3.32012	26.1	31490	1.05400e-04	3.31895	24.9	31186	1.06410e-04	3.31855	26.1
65374.256	16.040	31507	1.05380e-04	3.32012	25.5	30933	1.07330e-04	3.32012	26.1	31520	1.05290e-04	3.31855	24.9	31125	1.06620e-04	3.31855	26.1
65375.444	16.060	31470	1.05500e-04	3.32012	25.5	30866	1.07570e-04	3.32031	26.1	31512	1.05320e-04	3.31895	24.9	31169	1.06480e-04	3.31875	26.1
65376.632	16.060	31513	1.05360e-04	3.32012	25.5	30933	1.07330e-04	3.32012	26.1	31503	1.05340e-04	3.31855	24.9	31165	1.06480e-04	3.31836	26.1
65377.820	16.056	31493	1.05420e-04	3.32012	25.5	30887	1.07490e-04	3.31992	26.1	31557	1.05170e-04	3.31895	24.9	31159	1.06490e-04	3.31816	26.1
65379.009	16.056	31522	1.05320e-04	3.31992	25.5	30909	1.07420e-04	3.32012	26.1	31512	1.05320e-04	3.31895	24.9	31211	1.06330e-04	3.31855	26.1
65380.197	16.063	31505	1.05380e-04	3.32012	25.5	30887	1.07490e-04	3.31992	26.1	31533	1.05250e-04	3.31875	24.9	31203	1.06350e-04	3.31855	26.1
65381.385	16.063	31527	1.05320e-04	3.32031	25.5	30899	1.07450e-04	3.32012	26.1	31527	1.05270e-04	3.31875	24.9	31154	1.06520e-04	3.31855	26.1
65382.573	16.045	31504	1.05380e-04	3.31992	25.5	30899	1.07460e-04	3.32031	26.1	31476	1.05440e-04	3.31895	24.9	31177	1.06440e-04	3.31855	26.1
65383.761	16.045	31532	1.05290e-04	3.32012	25.5	30876	1.07530e-04	3.32012	26.1	31495	1.05380e-04	3.31875	24.9	31174	1.06450e-04	3.31855	26.1
65384.950	16.045	31545	1.05260e-04	3.32031	25.5	30900	1.07450e-04	3.32012	26.1	31566	1.05140e-04	3.31895	24.9	31176	1.06440e-04	3.31855	26.1
65386.138	16.055	31542	1.05250e-04	3.31992	25.5	30966	1.07220e-04	3.32031	26.1	31608	1.05000e-04	3.31895	24.9	31209	1.06330e-04	3.31855	26.1
65387.326	16.055	31557	1.05210e-04	3.32012	25.5	30930	1.07350e-04	3.32031	26.1	31624	1.04940e-04	3.31875	24.9	31188	1.06410e-04	3.31875	26.1
65388.514	16.057	31539	1.05270e-04	3.32012	25.5	30946	1.07290e-04	3.32012	26.1	31537	1.05240e-04	3.31895	24.9	31221	1.06290e-04	3.31855	26.1
65389.703	16.057	31529	1.05300e-04	3.31992	25.5	30898	1.07460e-04	3.32012	26.1	31583	1.05080e-04	3.31875	24.9	31263	1.06140e-04	3.31836	26.1
65390.891	16.048	31548	1.05240e-04	3.32012	25.5	30967	1.07210e-04	3.32012	26.1	31673	1.04790e-04	3.31895	24.9	31251	1.06190e-04	3.31855	26.1
65392.079	16.048	31587	1.05100e-04	3.31992	25.5	31007	1.07070e-04	3.32012	26.1	31621	1.04960e-04	3.31895	24.9	31213	1.06320e-04	3.31855	26.1
65393.268	16.048	31505	1.05380e-04	3.32012	25.5	30953	1.07260e-04	3.32012	26.1	31533	1.05250e-04	3.31895	24.9	31221	1.06290e-04	3.31855	26.1
65394.456	16.038	31524	1.05330e-04	3.32031	25.5	30882	1.07510e-04	3.32012	26.1	31517	1.05300e-04	3.31875	24.9	31179	1.06430e-04	3.31855	26.1
65395.644	16.038	31529	1.05300e-04	3.31992	25.5	30908	1.07420e-04	3.32012	26.1	31476	1.05440e-04	3.31895	24.9	31204	1.06350e-04	3.31855	26.1
65396.832	16.058	31539	1.05270e-04	3.32012	25.5	30879	1.07520e-04	3.32012	26.1	31569	1.05130e-04	3.31895	24.9	31132	1.06590e-04	3.31836	26.1
65398.020	16.058	31546	1.05250e-04	3.32012	25.5	30854	1.07610e-04	3.32012	26.1	31481	1.05420e-04	3.31875	24.9	31178	1.06440e-04	3.31855	26.1
65399.209	16.058	31616	1.05010e-04	3.31992	25.5	30892	1.07480e-04	3.32031	26.1	31593	1.05050e-04	3.31875	24.9	31196	1.06380e-04	3.31875	26.1
65400.397	16.042	31494	1.05420e-04	3.32012	25.5	30901	1.07440e-04	3.32012	26.1	31517	1.05300e-04	3.31875	24.9	31185	1.06420e-04	3.31855	26.1
65401.585	16.055	31530	1.05300e-04	3.32012	25.5	30855	1.07600e-04	3.32012	26.1	31524	1.05280e-04	3.31895	24.9	31204	1.06350e-04	3.31855	26.1
65402.773	16.055	31505	1.05380e-04	3.31992	25.5	30900	1.07450e-04	3.32012	26.1	31503	1.05350e-04	3.31895	24.9	31154	1.06520e-04	3.31836	26.1
65403.961	16.055	31616	1.05020e-04	3.32031	25.5	30916	1.07390e-04	3.32012	26.1	31571	1.05130e-04	3.31895	24.9	31177	1.06440e-04	3.31855	26.1
65405.150	16.015	31582	1.05120e-04	3.31992	25.5	30938	1.07310e-04	3.32012	26.1	31602	1.05020e-04	3.31875	24.9	31270	1.06130e-04	3.31875	26.1
65406.338	16.015	31562	1.05200e-04	3.32012	25.5	31004	1.07090e-04	3.32012	26.1	31577	1.05110e-04	3.31895	24.9	31261	1.06160e-04	3.31875	26.1
65407.526	16.037	31503	1.05400e-04	3.32031	25.5	30914	1.07400e-04	3.32012	26.1	31547	1.05200e-04	3.31875	24.9	31163	1.06490e-04	3.31855	26.1
65408.714	16.037	31571	1.05160e-04	3.31992	25.5	30865	1.07570e-04	3.32012	26.1	31484	1.05420e-04	3.31895	24.9	31197	1.06370e-04	3.31855	26.1
65409.903	16.024	31586	1.05110e-04	3.31992	25.5	30910	1.07410e-04	3.32012	26.1	31572	1.05120e-04	3.31895	24.9	31229	1.06260e-04	3.31855	26.1
65411.091	16.024	31521	1.05330e-04	3.32012	25.5	30923	1.07370e-04	3.32012	26.1	31558	1.05160e-04	3.31875	24.9	31208	1.06340e-04	3.31855	26.1
65412.279	16.024	31475	1.05480e-04	3.32012	25.5	30898	1.07460e-04	3.32031	26.1	31559	1.05160e-04	3.31875	24.9	31172	1.06470e-04	3.31875	26.1
65413.467	16.036	31546	1.05250e-04	3.32012	25.5	30895	1.07460e-04	3.32012	26.1	31545	1.05210e-04	3.31895	24.9	31164	1.06490e-04	3.31855	26.1
65414.656	16.041	31518	1.05340e-04	3.32012	25.6	30928	1.07350e-04	3.32012	26.1	31589	1.05070e-04	3.31895	24.9	31216	1.06310e-04	3.31855	26.1
65415.844	16.041	31523	1.05320e-04	3.31992	25.6	30876	1.07530e-04	3.31992	26.1	31517	1.05310e-04	3.31895	24.9	31266	1.06130e-04	3.31836	26.1
65417.032	16.041	31538	1.05280e-04	3.32031	25.6	30917	1.07390e-04	3.32012	26.1	31517	1.05310e-04	3.31895	24.9	31227	1.06270e-04	3.31855	26.1
65418.220	16.027	31473	1.05490e-04	3.32012	25.6	30888	1.07490e-04	3.32012	26.1	31551	1.05190e-04	3.31875	24.9	31245	1.06220e-04	3.31875	26.1
65419.408	16.027	31569	1.05170e-04	3.32012	25.6	30949	1.07280e-04	3.32012	26.1	31591	1.05060e-04	3.31895	24.9	31237	1.06240e-04	3.31855	26.1
65420.597	16.048	31454	1.05550e-04	3.32012	25.6	30966	1.07220e-04	3.32012	26.1	31563	1.05150e-04	3.31875	24.9	31314	1.05980e-04	3.31855	26.1
65421.785	16.048	31571	1.05160e-04	3.31992	25.6	30909	1.07410e-04	3.32012	26.1	31537	1.05230e-04	3.31875	24.9	31292	1.06050e-04	3.31855	26.1
65422.973	16.037	31600	1.05070e-04	3.32012	25.6	30966	1.07220e-04	3.32012	26.1	31613	1.04980e-04	3.31875	24.9	31315	1.05970e-04	3.31836	26.1
65424.161	16.037	31529	1.05310e-04	3.32031	25.6	30993	1.07130e-04	3.32031	26.1	31613	1.04990e-04	3.31895	24.9	31238	1.06230e-04	3.31855	26.1
65425.350	16.037	31456	1.05540e-04	3.31992	25.6	30925	1.07370e-04	3.32031	26.1	31508	1.05330e-04	3.31875	24.9	31267	1.06140e-04	3.31875	26.1
65426.538	16.026	31486	1.05450e-04	3.32012	25.6	30880	1.07520e-04	3.32012	26.1	31485	1.05410e-04	3.31875	24.9	31220	1.06300e-04	3.31855	26.1
65427.726	16.026	31467	1.05510e-04	3.32012	25.6	30878	1.07520e-04	3.32012	26.1	31422	1.05620e-04	3.31895	24.9	31176	1.06450e-04	3.31855	26.1
65428.915	16.031	31525	1.05310e-04	3.31992	25.6	30880	1.07510e-04	3.31992	26.1	31526	1.05270e-04	3.31875	24.9	31220	1.06290e-04	3.31836	26.2
65430.103	16.031	31580	1.05140e-04	3.32031	25.6	30880	1.07520e-04	3.32012	26.1	31565	1.05140e-04	3.31875	24.9	31291	1.06060e-04	3.31855	26.2
65431.291	16.053	31520	1.05330e-04	3.32012	25.6	30945	1.07290e-04	3.32012	26.1	31510	1.05330e-04	3.31895	24.9	31220	1.06300e-04	3.31875	26.2
65432.479	16.053	31580	1.05130e-04	3.31992	25.6	30933	1.07330e-04	3.32012	26.1	31629	1.04930e-04	3.31875	24.9	31244	1.06210e-04	3.31855	26.2
65433.668	16.044	31603	1.05060e-04	3.32031	25.6	30961	1.07240e-04	3.32012	26.1	31591	1.05060e-04	3.31895	24.9	31267	1.06130e-04	3.31855	26.2
65434.856	16.044	31592	1.05090e-04	3.32012	25.6	30975	1.07190e-04	3.32031	26.1	31585	1.05070e-04	3.31875	24.9	31254	1.06180e-04	3.31855	26.2
65436.044	16.044	31515	1.05350e-04	3.32012	25.6	30989	1.07140e-04	3.32012	26.1	31542	1.05220e-04	3.31895	24.9	31327	1.05930e-04	3.31855	26.2
65437.232	16.018	31598	1.05070e-04	3.31992	25.6	30997	1.07120e-04	3.32031	26.1	31545	1.05210e-04	3.31875	24.9	31260	1.06170e-04	3.31875	26.1
65438.420	16.018	31553	1.05220e-04	3.32012	25.6	30986	1.07150e-04	3.32012	26.1	31600	1.05020e-04	3.31875	24.9	31246	1.06200e-04	3.31836	26.1
65439.609	16.015	31547	1.05240e-04	3.31992	25.5	30932	1.07340e-04	3.32012	26.1	31549	1.05200e-04	3.31895	24.9	31178	1.06440e-04	3.31855	26.2
65440.797	16.015	31570	1.05170e-04	3.32012	25.5	30924	1.07360e-04	3.32012	26.1	31550	1.05190e-04	3.31875	24.9	31201	1.06350e-04	3.31836	26.2
65441.985	16.015	31534	1.05270e-04	3.31973	25.5	30949	1.07270e-04	3.31992	26.1	31565	1.05140e-04	3.31875	24.9	31188	1.06400e-04	3.31836	26.2
65443.174	16.038	31509	1.05380e-04	3.32031	25.5	30996	1.07100e-04	3.31973	26.1	31570	1.05120e-04	3.31875	24.9	31188	1.06400e-04	3.31836	26.2
65444.362	16.034	31556	1.05210e-04	3.31992	25.5	30895	1.07460e-04	3.32012	26.1	31549	1.05200e-04	3.31895	24.9	31135	1.06590e-04	3.31875	26.2
65445.550	16.034	31561	1.05190e-04	3.31973	25.5	30989	1.07140e-04	3.32012	26.1	31576	1.05100e-04	3.31875	24.9	31279	1.06090e-04	3.31836	26.2
65446.738	16.034	31480	1.05470e-04	3.32012	25.5	30981	1.07160e-04	3.31992	26.1	31575	1.05110e-04	3.31875	24.9	31221	1.06290e-04	3.31836	26.2
65447.926	16.040	31557	1.05210e-04	3.32012	25.5	30974	1.07190e-04	3.32012	26.1	31516	1.05300e-04	3.31875	24.9	31190	1.06390e-04	3.31836	26.1
65449.115	16.040	31494	1.05410e-04	3.31973	25.5	30971	1.07200e-04	3.32012	26.1	31578	1.05090e-04	3.31855	24.9	31241	1.06230e-04	3.31855	26.1
65450.303	16.030	31517	1.05340e-04	3.32012	25.5	30873	1.07540e-04	3.31992	26.1	31557	1.05170e-04	3.31875	24.9	31255	1.06180e-04	3.31855	26.1
65451.491	16.030	31517	1.05340e-04	3.31992	25.5	30909	1.07410e-04	3.32012	26.1	31489	1.05390e-04	3.31875	24.9	31192	1.06390e-04	3.31836	26.1
65452.679	16.029	31580	1.05130e-04	3.31992	25.5	30899	1.07440e-04	3.31992	26.1	31551	1.05190e-04	3.31875	24.9	31219	1.06290e-04	3.31836	26.2
65453.868	16.029	31578	1.05140e-04	3.32012	25.5	30894	1.07460e-04	3.31992	26.1	31538	1.05230e-04	3.31875	24.9	31207	1.06330e-04	3.31836	26.2
65455.056	16.029	31541	1.05260e-04	3.32012	25.5	30859	1.07580e-04	3.31973	26.1	31526	1.05270e-04	3.31855	24.9	31159	1.06500e-04	3.31836	26.2
65456.244	16.042	31510	1.05370e-04	3.32012	25.5	30944	1.07290e-04	3.32012	26.1	31529	1.05270e-04	3.31895	24.9	31209	1.06340e-04	3.31875	26.2
65457.433	16.042	31562	1.05190e-04	3.31992	25.5	30905	1.07430e-04	3.32012	26.1	31573	1.05120e-04	3.31895	24.9	31240	1.06230e-04	3.31855	26.2
65458.621	16.012	31599	1.05080e-04	3.32031	25.5	30921	1.07370e-04	3.31992	26.1	31527	1.05260e-04	3.31855	24.9	31255	1.06170e-04	3.31836	26.2
65459.809	16.012	31596	1.05080e-04	3.32012	25.5	30995	1.07120e-04	3.32031	26.1	31608	1.05000e-04	3.31895	24.9	31282	1.06090e-04	3.31855	26.2
65460.997	16.027	31603	1.05060e-04	3.32012	25.5	30980	1.07170e-04	3.32012	26.1	31596	1.05040e-04	3.31875	24.9	31320	1.05950e-04	3.31836	26.2
65462.185	16.027	31528	1.05300e-04	3.31992	25.5	31024	1.07020e-04	3.32012	26.1	31605	1.05010e-04	3.31895	24.9	31288	1.06060e-04	3.31855	26.2
65463.374	16.029	31562	1.05200e-04	3.32012	25.5	30914	1.07400e-04	3.32012	26.1	31587	1.05070e-04	3.31875	24.9	31255	1.06170e-04	3.31836	26.2
65464.562	16.029	31576	1.05150e-04	3.32012	25.5	30937	1.07320e-04	3.32031	26.1	31594	1.05050e-04	3.31895	24.9	31243	1.06220e-04	3.31855	26.2
65465.750	16.034	31480	1.05460e-04	3.31992	25.5	30928	1.07350e-04	3.32012	26.1	31621	1.04950e-04	3.31855	24.9	31240	1.06220e-04	3.31836	26.2
65466.938	16.034	31500	1.05410e-04	3.32031	25.5	30934	1.07320e-04	3.31992	26.1	31573	1.05120e-04	3.31895	24.9	31202	1.06350e-04	3.31836	26.2
65468.126	16.034	31448	1.05580e-04	3.32012	25.5	30915	1.07390e-04	3.32012	26.1	31543	1.05210e-04	3.31875	24.9	31203	1.06360e-04	3.31875	26.2
65469.315	16.033	31525	1.05310e-04	3.31992	25.5	30863	1.07580e-04	3.32012	26.1	31532	1.05250e-04	3.31875	24.9	31179	1.06430e-04	3.31855	26.2
65470.503	16.033	31524	1.05320e-04	3.32012	25.5	30864	1.07570e-04	3.32012	26.1	31495	1.05380e-04	3.31895	24.9	31211	1.06330e-04	3.31855	26.2
65471.692	16.054	31585	1.05110e-04	3.31992	25.5	30910	1.07410e-04	3.32012	26.1	31522	1.05280e-04	3.31875	24.9	31211	1.06320e-04	3.31836	26.2
65472.880	16.054	31526	1.05310e-04	3.32012	25.5	30928	1.07350e-04	3.32012	26.1	31521	1.05290e-04	3.31875	24.9	31205	1.06330e-04	3.31816	26.2
65474.068	16.016	31642	1.04930e-04	3.32012	25.5	30920	1.07380e-04	3.32031	26.1	31550	1.05200e-04	3.31895	24.9	31241	1.06220e-04	3.31855	26.2
65475.256	16.016	31593	1.05080e-04	3.31992	25.5	30979	1.07170e-04	3.32012	26.1	31541	1.05220e-04	3.31875	24.9	31258	1.06170e-04	3.31855	26.2
65476.444	16.016	31541	1.05260e-04	3.31992	25.5	31011	1.07060e-04	3.32012	26.1	31663	1.04810e-04	3.31875	24.9	31283	1.06080e-04	3.31855	26.2
65477.632	16.030	31544	1.05250e-04	3.31992	25.5	30976	1.07180e-04	3.32012	26.1	31549	1.05190e-04	3.31875	24.9	31256	1.06170e-04	3.31836	26.2
65478.821	16.030	31560	1.05200e-04	3.32012	25.5	31005	1.07080e-04	3.31992	26.1	31606	1.05000e-04	3.31855	24.9	31293	1.06040e-04	3.31836	26.2
65480.009	16.028	31551	1.05230e-04	3.32012	25.5	30912	1.07400e-04	3.32012	26.1	31513	1.05320e-04	3.31895	24.9	31199	1.06370e-04	3.31855	26.2
65481.197	16.028	31570	1.05160e-04	3.31992	25.5	30963	1.07230e-04	3.32012	26.1	31573	1.05110e-04	3.31875	24.9	31301	1.06020e-04	3.31855	26.2
65482.385	16.031	31530	1.05300e-04	3.32012	25.5	30936	1.07320e-04	3.32012	26.1	31575	1.05110e-04	3.31875	24.9	31193	1.06380e-04	3.31836	26.2
65483.574	16.031	31550	1.05230e-04	3.32012	25.5	30898	1.07460e-04	3.32012	26.1	31570	1.05120e-04	3.31875	24.9	31130	1.06600e-04	3.31836	26.2
65484.762	16.031	31493	1.05420e-04	3.31992	25.5	30928	1.07350e-04	3.32012	26.1	31522	1.05280e-04	3.31875	24.9	31189	1.06400e-04	3.31836	26.2
65485.950	16.031	31474	1.05480e-04	3.31992	25.5	30863	1.07580e-04	3.32012	26.1	31558	1.05160e-04	3.31875	24.9	31192	1.06390e-04	3.31855	26.2
65487.139	16.031	31516	1.05350e-04	3.32012	25.5	30873	1.07550e-04	3.32031	26.1	31518	1.05300e-04	3.31895	24.9	31231	1.06260e-04	3.31855	26.2
65488.327	16.044	31488	1.05440e-04	3.32012	25.5	30889	1.07480e-04	3.32012	26.1	31527	1.05270e-04	3.31875	24.9	31196	1.06380e-04	3.31855	26.2
65489.515	16.044	31486	1.05440e-04	3.31992	25.5	30946	1.07290e-04	3.32012	26.1	31585	1.05070e-04	3.31875	24.9	31179	1.06430e-04	3.31836	26.2
65490.703	16.052	31500	1.05400e-04	3.32012	25.5	30954	1.07250e-04	3.31992	26.1	31535	1.05240e-04	3.31875	24.9	31191	1.06390e-04	3.31836	26.2
65491.892	16.052	31574	1.05150e-04	3.32012	25.5	30922	1.07360e-04	3.31973	26.1	31490	1.05380e-04	3.31855	24.9	31189	1.06400e-04	3.31836	26.2
65493.080	16.037	31525	1.05320e-04	3.32012	25.5	30967	1.07210e-04	3.32012	26.1	31591	1.05060e-04	3.31895	24.9	31222	1.06290e-04	3.31855	26.2
65494.268	16.037	31560	1.05200e-04	3.31992	25.5	31002	1.07090e-04	3.32012	26.1	31583	1.05090e-04	3.31895	24.9	31255	1.06180e-04	3.31875	26.2
65495.456	16.039	31516	1.05350e-04	3.32012	25.5	30922	1.07370e-04	3.31992	26.1	31553	1.05170e-04	3.31855	24.9	31249	1.06200e-04	3.31855	26.2
65496.645	16.039	31511	1.05360e-04	3.32012	25.5	30902	1.07440e-04	3.32012	26.1	31582	1.05080e-04	3.31875	24.9	31233	1.06250e-04	3.31836	26.2
65497.833	16.039	31547	1.05240e-04	3.31992	25.5	30933	1.07330e-04	3.32012	26.1	31553	1.05180e-04	3.31875	24.9	31198	1.06360e-04	3.31836	26.2
65499.021	16.037	31548	1.05230e-04	3.31973	25.5	30965	1.07230e-04	3.32031	26.1	31618	1.04970e-04	3.31875	24.9	31280	1.06090e-04	3.31855	26.2
65500.209	16.037	31515	1.05360e-04	3.32031	25.5	30925	1.07360e-04	3.32012	26.1	31577	1.05100e-04	3.31875	24.9	31209	1.06330e-04	3.31855	26.2
65501.398	16.032	31527	1.05310e-04	3.32012	25.5	30930	1.07340e-04	3.32012	26.1	31528	1.05270e-04	3.31895	24.9	31207	1.06340e-04	3.31855	26.2
65502.586	16.032	31531	1.05290e-04	3.31992	25.5	30928	1.07350e-04	3.32012	26.1	31544	1.05210e-04	3.31875	24.9	31197	1.06370e-04	3.31855	26.2
65503.774	16.050	31520	1.05340e-04	3.32031	25.5	30866	1.07560e-04	3.31992	26.1	31547	1.05200e-04	3.31875	24.9	31218	1.06290e-04	3.31816	26.2
65504.962	16.050	31566	1.05180e-04	3.31992	25.5	30884	1.07500e-04	3.31992	26.1	31517	1.05300e-04	3.31875	24.9	31154	1.06520e-04	3.31855	26.2
65506.150	16.050	31541	1.05260e-04	3.31992	25.5	30933	1.07330e-04	3.32012	26.1	31546	1.05200e-04	3.31875	24.9	31156	1.06510e-04	3.31855	26.2
65507.339	16.048	31580	1.05140e-04	3.32031	25.5	30861	1.07580e-04	3.31992	26.1	31526	1.05270e-04	3.31875	24.9	31159	1.06500e-04	3.31836	26.2
65508.527	16.048	31567	1.05170e-04	3.31992	25.5	31013	1.07060e-04	3.32031	26.1	31579	1.05100e-04	3.31895	24.9	31240	1.06230e-04	3.31855	26.2
65509.715	16.016	31566	1.05170e-04	3.31992	25.5	30969	1.07210e-04	3.32012	26.1	31568	1.05130e-04	3.31875	24.9	31207	1.06330e-04	3.31836	26.2
65510.904	16.016	31620	1.05000e-04	3.32012	25.5	30932	1.07340e-04	3.32012	26.1	31663	1.04820e-04	3.31895	24.9	31267	1.06130e-04	3.31836	26.2
65512.092	16.009	31558	1.05200e-04	3.31992	25.5	30954	1.07250e-04	3.31992	26.1	31673	1.04780e-04	3.31875	24.9	31239	1.06230e-04	3.31836	26.2
65513.280	16.009	31546	1.05250e-04	3.32012	25.5	30946	1.07290e-04	3.32031	26.1	31675	1.04780e-04	3.31895	24.9	31248	1.06210e-04	3.31875	26.2
65514.468	16.000	31530	1.05300e-04	3.32012	25.5	30962	1.07230e-04	3.32012	26.1	31598	1.05030e-04	3.31875	24.9	31251	1.06180e-04	3.31836	26.2
65515.656	16.000	31543	1.05250e-04	3.31992	25.5	30894	1.07470e-04	3.32012	26.1	31523	1.05280e-04	3.31875	24.9	31227	1.06260e-04	3.31836	26.2
65516.845	16.029	31524	1.05320e-04	3.32012	25.5	30863	1.07580e-04	3.32012	26.1	31570	1.05130e-04	3.31895	24.9	31186	1.06410e-04	3.31836	26.1
65518.033	16.029	31544	1.05250e-04	3.31992	25.5	30908	1.07410e-04	3.31992	26.1	31544	1.05210e-04	3.31875	24.9	31180	1.06430e-04	3.31855	26.1
65519.221	16.029	31515	1.05340e-04	3.31973	25.5	30923	1.07370e-04	3.32012	26.1	31585	1.05070e-04	3.31875	24.9	31184	1.06420e-04	3.31855	26.1
65520.410	16.027	31490	1.05430e-04	3.32012	25.5	30960	1.07240e-04	3.32012	26.1	31579	1.05090e-04	3.31875	24.9	31201	1.06350e-04	3.31836	26.2
65521.597	16.027	31543	1.05260e-04	3.32012	25.5	30906	1.07430e-04	3.32031	26.1	31538	1.05240e-04	3.31895	24.9	31126	1.06610e-04	3.31836	26.2
65522.786	16.048	31611	1.05020e-04	3.31992	25.5	30921	1.07380e-04	3.32031	26.1	31514	1.05310e-04	3.31875	24.9	31163	1.06490e-04	3.31855	26.2
65523.974	16.048	31520	1.05330e-04	3.31992	25.5	30917	1.07390e-04	3.32012	26.1	31588	1.05070e-04	3.31895	24.9	31207	1.06340e-04	3.31855	26.2
65525.162	16.060	31571	1.05160e-04	3.31992	25.5	30927	1.07350e-04	3.31992	26.0	31549	1.05200e-04	3.31875	24.9	31198	1.06370e-04	3.31855	26.1
65526.350	16.060	31503	1.05380e-04	3.31992	25.5	31007	1.07070e-04	3.32012	26.0	31581	1.05090e-04	3.31875	24.9	31150	1.06530e-04	3.31855	26.1
65527.539	16.055	31550	1.05230e-04	3.31992	25.5	30918	1.07380e-04	3.31992	26.0	31604	1.05010e-04	3.31875	24.9	31197	1.06370e-04	3.31836	26.1
65528.727	16.055	31511	1.05360e-04	3.32012	25.5	30943	1.07300e-04	3.32012	26.0	31611	1.04990e-04	3.31875	24.9	31222	1.06280e-04	3.31836	26.1
65529.915	16.055	31588	1.05100e-04	3.31992	25.4	30909	1.07420e-04	3.32012	26.0	31600	1.05020e-04	3.31875	24.9	31166	1.06470e-04	3.31836	26.1
65531.104	16.023	31671	1.04830e-04	3.31992	25.4	30954	1.07250e-04	3.31992	26.0	31582	1.05080e-04	3.31875	24.9	31203	1.06350e-04	3.31855	26.1
65532.292	16.023	31638	1.04940e-04	3.32012	25.4	31009	1.07060e-04	3.31992	26.0	31710	1.04650e-04	3.31855	24.9	31263	1.06140e-04	3.31836	26.1
65533.480	16.032	31536	1.05280e-04	3.31992	25.5	30990	1.07140e-04	3.32012	26.0	31633	1.04920e-04	3.31895	24.9	31237	1.06240e-04	3.31855	26.1
65534.669	16.032	31493	1.05420e-04	3.31992	25.5	30967	1.07210e-04	3.32012	26.0	31594	1.05040e-04	3.31875	24.9	31268	1.06130e-04	3.31836	26.1
65535.857	16.061	31592	1.05080e-04	3.31973	25.4	30971	1.07200e-04	3.32012	26.0	31603	1.05010e-04	3.31855	24.9	31267	1.06120e-04	3.31816	26.1
65537.045	16.061	31574	1.05150e-04	3.31992	25.4	30906	1.07430e-04	3.32012	26.0	31584	1.05080e-04	3.31875	24.9	31241	1.06230e-04	3.31855	26.1
65538.233	16.061	31534	1.05280e-04	3.31973	25.4	30920	1.07370e-04	3.31992	26.0	31532	1.05250e-04	3.31875	24.9	31198	1.06370e-04	3.31855	26.1
65539.421	16.028	31532	1.05290e-04	3.31992	25.4	30882	1.07500e-04	3.31992	26.0	31570	1.05120e-04	3.31855	24.9	31177	1.06430e-04	3.31816	26.1
65540.610	16.028	31557	1.05200e-04	3.31992	25.4	30908	1.07420e-04	3.32012	26.0	31479	1.05430e-04	3.31875	24.9	31188	1.06400e-04	3.31836	26.1
65541.798	16.033	31537	1.05270e-04	3.31992	25.4	30910	1.07400e-04	3.31992	26.0	31538	1.05230e-04	3.31875	24.9	31196	1.06370e-04	3.31836	26.1
65542.986	16.033	31595	1.05080e-04	3.31992	25.4	30908	1.07410e-04	3.31992	26.0	31518	1.05290e-04	3.31855	24.9	31177	1.06440e-04	3.31855	26.1
65544.174	16.041	31538	1.05270e-04	3.32012	25.4	30919	1.07380e-04	3.32012	26.0	31561	1.05150e-04	3.31875	24.9	31219	1.06300e-04	3.31855	26.1
65545.362	16.041	31543	1.05250e-04	3.31992	25.4	30942	1.07300e-04	3.32012	26.0	31551	1.05190e-04	3.31875	24.9	31202	1.06350e-04	3.31836	26.1
65546.551	16.023	31590	1.05090e-04	3.31992	25.4	30932	1.07340e-04	3.32012	26.0	31610	1.04990e-04	3.31875	24.9	31237	1.06230e-04	3.31836	26.1
65547.739	16.023	31624	1.04980e-04	3.31992	25.4	30951	1.07270e-04	3.32012	26.0	31608	1.05000e-04	3.31875	24.9	31192	1.06380e-04	3.31836	26.1
65548.927	16.023	31602	1.05050e-04	3.31992	25.4	30981	1.07170e-04	3.32012	26.0	31631	1.04920e-04	3.31875	24.9	31288	1.06060e-04	3.31836	26.1
65550.115	16.034	31585	1.05120e-04	3.32012	25.4	30943	1.07300e-04	3.32012	26.0	31557	1.05170e-04	3.31875	24.9	31244	1.06220e-04	3.31855	26.1
65551.304	16.034	31533	1.05280e-04	3.31992	25.4	30955	1.07260e-04	3.32012	26.0	31556	1.05170e-04	3.31875	24.9	31242	1.06220e-04	3.31855	26.1
65552.492	16.027	31577	1.05140e-04	3.31992	25.4	30944	1.07290e-04	3.31992	26.0	31595	1.05030e-04	3.31855	24.9	31176	1.06440e-04	3.31836	26.1
65553.680	16.027	31604	1.05050e-04	3.31992	25.4	30968	1.07200e-04	3.31992	26.0	31588	1.05060e-04	3.31875	24.9	31245	1.06210e-04	3.31836	26.1
65554.869	16.021	31591	1.05090e-04	3.31992	25.5	30924	1.07360e-04	3.31992	26.0	31611	1.04990e-04	3.31895	24.9	31194	1.06380e-04	3.31836	26.1
65556.057	16.021	31567	1.05180e-04	3.32012	25.5	30949	1.07270e-04	3.31992	26.0	31556	1.05170e-04	3.31875	24.9	31261	1.06160e-04	3.31855	26.1
65557.245	16.021	31506	1.05380e-04	3.31992	25.5	30912	1.07410e-04	3.32012	26.0	31608	1.05000e-04	3.31875	24.9	31251	1.06190e-04	3.31855	26.1
65558.433	16.035	31551	1.05230e-04	3.32012	25.5	30941	1.07310e-04	3.32012	26.0	31591	1.05050e-04	3.31875	24.9	31226	1.06270e-04	3.31836	26.1
65559.621	16.035	31622	1.04990e-04	3.31992	25.5	30986	1.07150e-04	3.32031	26.0	31588	1.05070e-04	3.31895	24.9	31222	1.06280e-04	3.31836	26.1
65560.809	16.028	31542	1.05250e-04	3.31992	25.4	30983	1.07150e-04	3.31992	26.0	31644	1.04870e-04	3.31855	24.9	31310	1.05980e-04	3.31816	26.1
65561.998	16.028	31534	1.05290e-04	3.32012	25.4	30957	1.07250e-04	3.32031	26.0	31589	1.05070e-04	3.31895	24.9	31212	1.06330e-04	3.31875	26.1
65563.186	16.028	31517	1.05340e-04	3.31992	25.4	30953	1.07260e-04	3.32012	26.0	31596	1.05040e-04	3.31875	24.9	31214	1.06320e-04	3.31855	26.1
65564.374	16.028	31525	1.05320e-04	3.32012	25.4	30926	1.07350e-04	3.31992	26.0	31566	1.05140e-04	3.31875	24.9	31146	1.06540e-04	3.31836	26.1
65565.563	16.023	31492	1.05420e-04	3.31992	25.4	30952	1.07270e-04	3.32012	26.0	31596	1.05040e-04	3.31895	24.9	31231	1.06260e-04	3.31855	26.1
65566.751	16.023	31556	1.05210e-04	3.31992	25.4	30947	1.07280e-04	3.32012	26.0	31536	1.05240e-04	3.31875	24.9	31207	1.06330e-04	3.31836	26.1
65567.939	16.048	31551	1.05230e-04	3.32012	25.4	30944	1.07290e-04	3.31992	26.0	31618	1.04960e-04	3.31875	24.9	31184	1.06410e-04	3.31836	26.1
65569.127	16.048	31551	1.05220e-04	3.31992	25.4	30936	1.07320e-04	3.32012	26.0	31608	1.05000e-04	3.31875	24.9	31146	1.06550e-04	3.31855	26.1
65570.315	16.048	31488	1.05440e-04	3.32012	25.5	30908	1.07420e-04	3.32012	26.0	31552	1.05180e-04	3.31875	24.9	31224	1.06280e-04	3.31855	26.1
65571.504	16.063	31503	1.05380e-04	3.31992	25.5	30913	1.07400e-04	3.32012	26.0	31526	1.05280e-04	3.31895	24.9	31158	1.06500e-04	3.31836	26.1
65572.692	16.063	31484	1.05450e-04	3.31992	25.5	30847	1.07640e-04	3.32031	26.0	31542	1.05220e-04	3.31875	24.9	31170	1.06470e-04	3.31855	26.1
65573.880	16.045	31515	1.05340e-04	3.31992	25.5	30938	1.07320e-04	3.32012	26.0	31577	1.05100e-04	3.31875	24.9	31222	1.06280e-04	3.31836	26.1
65575.069	16.045	31523	1.05320e-04	3.32012	25.4	30923	1.07360e-04	3.31992	26.0	31533	1.05250e-04	3.31875	24.9	31172	1.06450e-04	3.31836	26.1
65576.257	16.045	31517	1.05340e-04	3.31992	25.4	30903	1.07440e-04	3.32012	26.0	31554	1.05180e-04	3.31875	24.9	31242	1.06220e-04	3.31855	26.1
65577.445	16.051	31603	1.05050e-04	3.31973	25.4	30963	1.07220e-04	3.31992	26.0	31520	1.05290e-04	3.31875	24.9	31191	1.06400e-04	3.31855	26.1
65578.633	16.044	31556	1.05210e-04	3.32012	25.4	30972	1.07190e-04	3.31992	26.0	31585	1.05070e-04	3.31855	24.9	31169	1.06460e-04	3.31816	26.1
65579.822	16.044	31678	1.04810e-04	3.32012	25.4	30963	1.07230e-04	3.32012	26.0	31613	1.04980e-04	3.31875	24.9	31105	1.06680e-04	3.31836	26.1
65581.010	16.044	31676	1.04810e-04	3.31992	25.4	31011	1.07050e-04	3.31992	26.0	31637	1.04890e-04	3.31855	24.9	31226	1.06260e-04	3.31816	26.1
65582.198	16.025	31633	1.04950e-04	3.31992	25.4	31026	1.07010e-04	3.32012	26.0	31628	1.04940e-04	3.31895	24.9	31330	1.05930e-04	3.31875	26.1
65583.386	16.025	31636	1.04940e-04	3.31992	25.4	31039	1.06970e-04	3.32012	26.0	31714	1.04650e-04	3.31875	24.9	31248	1.06200e-04	3.31855	26.1
65584.575	15.987	31618	1.05010e-04	3.32012	25.4	30996	1.07120e-04	3.32012	26.0	31603	1.05010e-04	3.31855	24.9	31290	1.06050e-04	3.31836	26.1
65585.763	15.987	31599	1.05060e-04	3.31992	25.4	31018	1.07040e-04	3.32031	26.0	31663	1.04820e-04	3.31895	24.9	31269	1.06130e-04	3.31855	26.1
65586.951	16.038	31569	1.05170e-04	3.31992	25.4	30923	1.07370e-04	3.32012	26.0	31536	1.05240e-04	3.31875	24.9	31206	1.06340e-04	3.31855	26.1
65588.139	16.038	31539	1.05270e-04	3.32012	25.4	30896	1.07460e-04	3.31992	26.0	31537	1.05230e-04	3.31875	24.9	31215	1.06310e-04	3.31836	26.1
65589.327	16.038	31590	1.05090e-04	3.31992	25.4	30957	1.07240e-04	3.31992	26.0	31606	1.05000e-04	3.31875	24.9	31227	1.06270e-04	3.31855	26.1
65590.516	16.050	31537	1.05270e-04	3.31973	25.4	30945	1.07280e-04	3.31992	26.0	31591	1.05050e-04	3.31855	24.9	31286	1.06060e-04	3.31836	26.1
65591.704	16.050	31544	1.05250e-04	3.32012	25.4	30923	1.07370e-04	3.32012	26.0	31616	1.04970e-04	3.31875	24.9	31262	1.06140e-04	3.31816	26.1
65592.892	16.017	31498	1.05400e-04	3.31992	25.4	30938	1.07320e-04	3.32012	26.0	31535	1.05240e-04	3.31875	24.9	31179	1.06430e-04	3.31855	26.1
65594.081	16.017	31536	1.05270e-04	3.31992	25.4	30910	1.07410e-04	3.31992	26.0	31536	1.05230e-04	3.31855	24.9	31241	1.06220e-04	3.31836	26.1
65595.268	16.038	31522	1.05320e-04	3.31992	25.4	30983	1.07160e-04	3.32012	26.0	31535	1.05250e-04	3.31895	24.9	31197	1.06370e-04	3.31836	26.1
65596.457	16.038	31541	1.05260e-04	3.31992	25.4	30970	1.07200e-04	3.32012	26.0	31570	1.05120e-04	3.31875	24.9	31155	1.06510e-04	3.31836	26.1
65597.645	16.042	31608	1.05040e-04	3.31992	25.4	31016	1.07050e-04	3.32012	26.0	31569	1.05120e-04	3.31855	24.9	31190	1.06390e-04	3.31816	26.1
65598.833	16.042	31561	1.05200e-04	3.32012	25.4	30974	1.07190e-04	3.32012	26.0	31635	1.04910e-04	3.31895	24.9	31238	1.06230e-04	3.31855	26.1
65600.022	16.042	31555	1.05210e-04	3.31992	25.4	30977	1.07180e-04	3.32012	26.0	31623	1.04950e-04	3.31875	24.9	31205	1.06350e-04	3.31855	26.1
65601.210	16.031	31465	1.05520e-04	3.32012	25.4	30927	1.07350e-04	3.31992	26.0	31530	1.05260e-04	3.31875	24.9	31202	1.06350e-04	3.31836	26.1
65602.398	16.031	31513	1.05350e-04	3.31992	25.4	30896	1.07460e-04	3.32012	26.0	31569	1.05130e-04	3.31895	24.9	31150	1.06530e-04	3.31855	26.1
65603.586	16.033	31517	1.05340e-04	3.31992	25.4	30933	1.07330e-04	3.32012	26.0	31564	1.05140e-04	3.31875	24.9	31209	1.06330e-04	3.31855	26.1
65604.775	16.033	31561	1.05200e-04	3.32012	25.4	30911	1.07410e-04	3.32012	26.0	31535	1.05240e-04	3.31875	24.9	31199	1.06360e-04	3.31836	26.1
65605.963	16.069	31581	1.05120e-04	3.31992	25.4	30961	1.07240e-04	3.32012	26.0	31534	1.05240e-04	3.31875	24.9	31154	1.06520e-04	3.31855	26.1
65607.151	16.069	31532	1.05300e-04	3.32012	25.4	30996	1.07110e-04	3.32012	26.0	31605	1.05010e-04	3.31875	24.9	31233	1.06250e-04	3.31836	26.1
65608.339	16.069	31602	1.05060e-04	3.32012	25.4	30957	1.07250e-04	3.32012	26.0	31584	1.05080e-04	3.31895	24.9	31176	1.06440e-04	3.31855	26.1
65609.528	16.039	31502	1.05400e-04	3.32012	25.4	30969	1.07210e-04	3.32012	26.0	31619	1.04970e-04	3.31895	24.9	31246	1.06200e-04	3.31836	26.1
65610.716	16.039	31597	1.05080e-04	3.32012	25.5	30926	1.07360e-04	3.32012	26.0	31561	1.05150e-04	3.31855	24.9	31269	1.06120e-04	3.31816	26.1
65611.904	16.024	31577	1.05140e-04	3.32012	25.5	30975	1.07190e-04	3.32031	26.0	31638	1.04910e-04	3.31914	24.9	31289	1.06070e-04	3.31875	26.1
65613.092	16.024	31592	1.05090e-04	3.32012	25.5	30962	1.07230e-04	3.32012	26.0	31620	1.04960e-04	3.31895	24.9	31250	1.06190e-04	3.31855	26.1
65614.281	16.024	31498	1.05410e-04	3.32031	25.5	30912	1.07400e-04	3.31992	26.0	31568	1.05130e-04	3.31875	24.9	31216	1.06300e-04	3.31836	26.1
65615.469	16.051	31524	1.05320e-04	3.32012	25.5	30927	1.07360e-04	3.32031	26.0	31571	1.05130e-04	3.31895	24.9	31162	1.06490e-04	3.31855	26.1
65616.657	16.026	31578	1.05140e-04	3.32012	25.5	30941	1.07300e-04	3.31992	26.0	31598	1.05030e-04	3.31875	24.9	31193	1.06390e-04	3.31855	26.1
65617.845	16.026	31580	1.05130e-04	3.32012	25.5	30957	1.07250e-04	3.32012	26.0	31528	1.05260e-04	3.31875	24.9	31214	1.06320e-04	3.31855	26.1
65619.034	16.026	31560	1.05200e-04	3.32012	25.5	30888	1.07490e-04	3.32031	26.0	31529	1.05270e-04	3.31895	24.9	31173	1.06450e-04	3.31855	26.1
65620.222	16.025	31571	1.05160e-04	3.31992	25.5	30901	1.07440e-04	3.32012	26.0	31520	1.05290e-04	3.31875	24.9	31178	1.06440e-04	3.31855	26.1
65621.410	16.025	31514	1.05350e-04	3.32012	25.5	30887	1.07500e-04	3.32031	26.0	31572	1.05120e-04	3.31895	24.9	31163	1.06490e-04	3.31855	26.1
65622.598	16.048	31557	1.05210e-04	3.32012	25.5	30919	1.07380e-04	3.32012	26.0	31534	1.05250e-04	3.31895	24.9	31219	1.06300e-04	3.31855	26.1
65623.787	16.048	31585	1.05110e-04	3.31992	25.5	30874	1.07540e-04	3.32012	26.0	31561	1.05150e-04	3.31855	24.9	31208	1.06330e-04	3.31836	26.1
65624.975	16.059	31624	1.04990e-04	3.32012	25.5	30906	1.07430e-04	3.32012	26.0	31584	1.05080e-04	3.31895	24.9	31258	1.06170e-04	3.31875	26.1
65626.163	16.059	31548	1.05230e-04	3.31973	25.5	30932	1.07340e-04	3.32012	26.0	31632	1.04920e-04	3.31875	24.9	31313	1.05980e-04	3.31855	26.1
65627.351	16.059	31522	1.05330e-04	3.32031	25.5	30939	1.07300e-04	3.31992	26.0	31545	1.05200e-04	3.31855	24.9	31251	1.06180e-04	3.31836	26.1
65628.540	16.053	31572	1.05150e-04	3.31992	25.4	30964	1.07220e-04	3.32012	26.0	31577	1.05110e-04	3.31895	24.9	31216	1.06300e-04	3.31836	26.1
65629.728	16.040	31583	1.05120e-04	3.31992	25.4	30906	1.07430e-04	3.32012	26.0	31551	1.05190e-04	3.31875	24.9	31252	1.06180e-04	3.31836	26.1
65630.916	16.040	31496	1.05410e-04	3.32012	25.4	30898	1.07450e-04	3.31992	26.0	31543	1.05210e-04	3.31875	24.9	31243	1.06220e-04	3.31855	26.1
65632.104	16.040	31530	1.05300e-04	3.31992	25.5	30894	1.07470e-04	3.32012	26.0	31555	1.05180e-04	3.31895	24.9	31197	1.06370e-04	3.31855	26.1
65633.292	16.076	31546	1.05240e-04	3.31992	25.5	30969	1.07200e-04	3.31992	26.0	31612	1.04980e-04	3.31855	24.9	31232	1.06250e-04	3.31836	26.1
65634.481	16.076	31530	1.05300e-04	3.32012	25.5	30882	1.07510e-04	3.32012	26.0	31516	1.05300e-04	3.31875	24.9	31216	1.06310e-04	3.31855	26.1
65635.669	16.063	31592	1.05090e-04	3.31992	25.5	30912	1.07400e-04	3.32012	26.0	31511	1.05330e-04	3.31895	24.9	31197	1.06370e-04	3.31836	26.1
65636.857	16.063	31502	1.05400e-04	3.32012	25.5	30895	1.07460e-04	3.31992	26.0	31587	1.05060e-04	3.31855	24.9	31215	1.06310e-04	3.31836	26.1
65638.045	16.046	31592	1.05090e-04	3.32012	25.5	30931	1.07340e-04	3.32012	26.1	31548	1.05200e-04	3.31895	24.9	31176	1.06440e-04	3.31855	26.1
65639.234	16.046	31536	1.05270e-04	3.31973	25.5	30919	1.07380e-04	3.32012	26.1	31583	1.05090e-04	3.31895	24.9	31246	1.06210e-04	3.31855	26.1
65640.422	16.046	31531	1.05300e-04	3.32012	25.5	30950	1.07280e-04	3.32012	26.1	31531	1.05250e-04	3.31855	24.9	31234	1.06240e-04	3.31836	26.1
65641.610	16.046	31541	1.05260e-04	3.32012	25.5	30917	1.07390e-04	3.32012	26.1	31553	1.05190e-04	3.31895	24.9	31240	1.06230e-04	3.31855	26.1
65642.798	16.046	31593	1.05090e-04	3.31992	25.5	30972	1.07200e-04	3.32012	26.1	31550	1.05200e-04	3.31895	24.9	31219	1.06300e-04	3.31855	26.1
65643.987	16.027	31540	1.05270e-04	3.32012	25.5	30918	1.07380e-04	3.32012	26.1	31596	1.05040e-04	3.31875	24.9	31201	1.06360e-04	3.31855	26.1
65645.175	16.027	31548	1.05230e-04	3.31992	25.5	30957	1.07250e-04	3.32012	26.1	31555	1.05180e-04	3.31875	24.9	31230	1.06260e-04	3.31855	26.1
65646.363	16.040	31503	1.05380e-04	3.31992	25.5	30927	1.07350e-04	3.32012	26.1	31516	1.05300e-04	3.31875	24.9	31206	1.06340e-04	3.31855	26.1
65647.552	16.040	31529	1.05300e-04	3.32012	25.5	30930	1.07350e-04	3.32031	26.1	31538	1.05230e-04	3.31875	24.9	31204	1.06350e-04	3.31855	26.1
65648.740	16.046	31566	1.05170e-04	3.31992	25.5	30962	1.07230e-04	3.32012	26.1	31558	1.05170e-04	3.31895	24.9	31308	1.06000e-04	3.31855	26.1
65649.928	16.046	31581	1.05130e-04	3.32012	25.5	30998	1.07110e-04	3.32012	26.1	31664	1.04810e-04	3.31875	24.9	31270	1.06120e-04	3.31855	26.1
65651.116	16.046	31576	1.05150e-04	3.32012	25.5	30958	1.07250e-04	3.32012	26.1	31621	1.04950e-04	3.31875	24.9	31257	1.06170e-04	3.31855	26.1
65652.304	16.039	31580	1.05130e-04	3.32012	25.5	30983	1.07160e-04	3.32012	26.0	31624	1.04950e-04	3.31895	24.9	31275	1.06110e-04	3.31855	26.1
65653.493	16.039	31551	1.05230e-04	3.32012	25.5	30956	1.07250e-04	3.31992	26.0	31601	1.05020e-04	3.31875	24.9	31251	1.06190e-04	3.31855	26.1
65654.681	16.028	31564	1.05180e-04	3.31992	25.5	30930	1.07340e-04	3.32012	26.0	31557	1.05170e-04	3.31875	24.9	31222	1.06280e-04	3.31836	26.1
65655.869	16.028	31473	1.05490e-04	3.32012	25.5	30976	1.07180e-04	3.32012	26.0	31598	1.05040e-04	3.31895	24.9	31257	1.06170e-04	3.31855	26.1
65657.057	16.028	31547	1.05240e-04	3.32012	25.5	30922	1.07370e-04	3.32012	26.0	31530	1.05260e-04	3.31875	24.9	31143	1.06570e-04	3.31875	26.1
65658.246	16.024	31475	1.05480e-04	3.32012	25.5	30933	1.07330e-04	3.32012	26.0	31475	1.05440e-04	3.31875	24.9	31149	1.06540e-04	3.31875	26.1
65659.434	16.050	31614	1.05030e-04	3.32031	25.5	31031	1.06990e-04	3.32012	26.0	31554	1.05180e-04	3.31895	24.9	31160	1.06500e-04	3.31855	26.1
65660.622	16.050	31602	1.05060e-04	3.32012	25.5	31051	1.06930e-04	3.32012	26.0	31652	1.04860e-04	3.31895	24.9	31332	1.05920e-04	3.31855	26.1
65661.811	16.050	31575	1.05140e-04	3.31992	25.5	31016	1.07050e-04	3.32012	26.0	31618	1.04970e-04	3.31895	24.9	31303	1.06010e-04	3.31855	26.1
65662.999	16.041	31473	1.05490e-04	3.32012	25.5	30946	1.07290e-04	3.32031	26.0	31556	1.05180e-04	3.31895	24.9	31220	1.06300e-04	3.31875	26.1
65664.187	16.041	31559	1.05200e-04	3.32012	25.5	30933	1.07330e-04	3.32012	26.0	31514	1.05320e-04	3.31895	24.9	31186	1.06420e-04	3.31875	26.1
65665.375	16.036	31581	1.05120e-04	3.31992	25.5	30962	1.07230e-04	3.31992	26.0	31612	1.04990e-04	3.31875	24.9	31240	1.06220e-04	3.31836	26.1
65666.563	16.036	31596	1.05080e-04	3.32012	25.5	30975	1.07190e-04	3.32031	26.0	31653	1.04850e-04	3.31895	24.9	31295	1.06040e-04	3.31855	26.1
65667.752	16.067	31551	1.05220e-04	3.31992	25.5	30956	1.07260e-04	3.32031	26.0	31597	1.05040e-04	3.31895	24.9	31204	1.06350e-04	3.31855	26.1
65668.940	16.067	31610	1.05030e-04	3.32012	25.5	30974	1.07190e-04	3.32012	26.0	31586	1.05070e-04	3.31875	24.9	31267	1.06130e-04	3.31855	26.1
65670.128	16.067	31541	1.05270e-04	3.32031	25.5	30944	1.07300e-04	3.32031	26.1	31594	1.05050e-04	3.31895	24.9	31183	1.06430e-04	3.31875	26.1
65671.316	16.040	31523	1.05320e-04	3.31992	25.5	30956	1.07260e-04	3.32031	26.0	31598	1.05040e-04	3.31895	24.9	31269	1.06130e-04	3.31855	26.1
65672.504	16.040	31530	1.05300e-04	3.32012	25.5	30931	1.07350e-04	3.32031	26.0	31550	1.05190e-04	3.31875	24.9	31228	1.06270e-04	3.31855	26.1
65673.693	16.044	31522	1.05330e-04	3.32031	25.5	30969	1.07210e-04	3.32031	26.0	31522	1.05300e-04	3.31914	24.9	31184	1.06420e-04	3.31855	26.1
65674.881	16.044	31605	1.05040e-04	3.31992	25.5	30971	1.07200e-04	3.32012	26.0	31562	1.05160e-04	3.31895	24.9	31227	1.06280e-04	3.31875	26.1
65676.069	16.025	31611	1.05030e-04	3.32012	25.5	30960	1.07240e-04	3.32031	26.0	31571	1.05130e-04	3.31895	24.9	31245	1.06210e-04	3.31855	26.1
65677.257	16.025	31577	1.05140e-04	3.32012	25.5	31039	1.06970e-04	3.32012	26.0	31622	1.04960e-04	3.31895	24.9	31274	1.06110e-04	3.31855	26.1
65678.446	16.035	31523	1.05320e-04	3.32012	25.5	30966	1.07220e-04	3.32012	26.0	31602	1.05020e-04	3.31875	24.9	31286	1.06060e-04	3.31836	26.1
65679.634	16.035	31473	1.05490e-04	3.32012	25.5	30968	1.07210e-04	3.32012	26.0	31555	1.05190e-04	3.31914	24.9	31193	1.06390e-04	3.31855	26.1
65680.823	16.034	31572	1.05150e-04	3.31992	25.5	30923	1.07380e-04	3.32031	26.0	31525	1.05270e-04	3.31875	24.9	31194	1.06390e-04	3.31875	26.1
65682.011	16.034	31551	1.05230e-04	3.32012	25.5	30943	1.07300e-04	3.32012	26.0	31564	1.05140e-04	3.31855	24.9	31187	1.06400e-04	3.31836	26.1
65683.199	16.034	31473	1.05490e-04	3.32012	25.5	30895	1.07470e-04	3.32031	26.0	31583	1.05090e-04	3.31895	24.9	31165	1.06490e-04	3.31875	26.1
65684.387	16.047	31571	1.05160e-04	3.32012	25.5	30945	1.07300e-04	3.32031	26.0	31549	1.05200e-04	3.31875	24.9	31173	1.06460e-04	3.31855	26.1
65685.576	16.047	31510	1.05360e-04	3.31992	25.5	30941	1.07310e-04	3.32012	26.0	31541	1.05230e-04	3.31895	24.9	31148	1.06530e-04	3.31836	26.1
65686.763	16.036	31511	1.05360e-04	3.31992	25.5	30891	1.07480e-04	3.32012	26.0	31519	1.05290e-04	3.31875	24.9	31156	1.06510e-04	3.31855	26.1
65687.952	16.036	31578	1.05140e-04	3.32012	25.5	30931	1.07340e-04	3.32012	26.0	31520	1.05290e-04	3.31855	24.9	31196	1.06380e-04	3.31855	26.1
65689.140	16.064	31554	1.05210e-04	3.31992	25.5	30861	1.07580e-04	3.31992	26.0	31581	1.05090e-04	3.31875	24.9	31219	1.06300e-04	3.31855	26.1
65690.328	16.064	31572	1.05160e-04	3.32012	25.5	30915	1.07390e-04	3.32012	26.0	31555	1.05180e-04	3.31875	24.9	31192	1.06380e-04	3.31836	26.1
65691.517	16.048	31529	1.05300e-04	3.31992	25.5	30885	1.07490e-04	3.31992	26.0	31530	1.05260e-04	3.31875	24.9	31139	1.06560e-04	3.31816	26.1
65692.705	16.048	31556	1.05210e-04	3.32012	25.5	30865	1.07570e-04	3.32012	26.0	31538	1.05240e-04	3.31895	24.9	31185	1.06420e-04	3.31855	26.1
65693.893	16.048	31550	1.05240e-04	3.32031	25.5	30920	1.07380e-04	3.32031	26.0	31536	1.05240e-04	3.31875	24.9	31165	1.06480e-04	3.31855	26.1
65695.081	16.061	31620	1.04990e-04	3.31992	25.5	30969	1.07210e-04	3.32012	26.0	31540	1.05220e-04	3.31855	24.9	31081	1.06760e-04	3.31836	26.1
65696.270	16.061	31516	1.05350e-04	3.32012	25.5	30968	1.07220e-04	3.32031	26.0	31590	1.05060e-04	3.31895	24.9	31232	1.06250e-04	3.31855	26.1
65697.458	16.036	31493	1.05420e-04	3.31992	25.5	30920	1.07370e-04	3.31992	26.0	31526	1.05270e-04	3.31875	24.9	31190	1.06390e-04	3.31836	26.1
65698.646	16.036	31448	1.05570e-04	3.32012	25.5	30880	1.07520e-04	3.32012	26.0	31525	1.05270e-04	3.31855	24.9	31153	1.06510e-04	3.31816	26.1
65699.834	16.036	31548	1.05240e-04	3.32012	25.5	30886	1.07490e-04	3.32012	26.0	31512	1.05320e-04	3.31895	24.9	31161	1.06500e-04	3.31855	26.1
65701.022	16.049	31552	1.05220e-04	3.31992	25.5	30911	1.07400e-04	3.31992	26.0	31508	1.05320e-04	3.31855	24.9	31215	1.06310e-04	3.31836	26.1
65702.211	16.049	31501	1.05400e-04	3.32012	25.5	30931	1.07340e-04	3.32012	26.0	31568	1.05130e-04	3.31875	24.9	31190	1.06400e-04	3.31855	26.1
65703.399	16.067	31554	1.05220e-04	3.32012	25.5	30882	1.07510e-04	3.32012	26.0	31518	1.05300e-04	3.31895	24.9	31261	1.06150e-04	3.31836	26.1
65704.587	16.067	31542	1.05260e-04	3.32012	25.5	30965	1.07220e-04	3.31992	26.0	31630	1.04920e-04	3.31855	24.9	31203	1.06350e-04	3.31836	26.1
65705.776	16.040	31526	1.05310e-04	3.32012	25.5	30951	1.07280e-04	3.32031	26.0	31570	1.05130e-04	3.31895	24.9	31205	1.06350e-04	3.31855	26.1
65706.963	16.040	31533	1.05280e-04	3.31992	25.5	30898	1.07450e-04	3.32012	26.0	31542	1.05220e-04	3.31895	24.9	31174	1.06450e-04	3.31855	26.1
65708.152	16.078	31575	1.05150e-04	3.32012	25.5	30956	1.07250e-04	3.31992	26.0	31534	1.05240e-04	3.31855	24.9	31232	1.06250e-04	3.31855	26.1
65709.340	16.078	31510	1.05370e-04	3.32012	25.5	30960	1.07240e-04	3.32031	26.0	31576	1.05100e-04	3.31875	24.9	31209	1.06330e-04	3.31855	26.1
65710.528	16.043	31556	1.05210e-04	3.31992	25.5	30924	1.07360e-04	3.32012	26.0	31519	1.05290e-04	3.31875	24.9	31222	1.06280e-04	3.31836	26.1
65711.716	16.043	31630	1.04960e-04	3.31992	25.5	31034	1.06980e-04	3.31992	26.0	31664	1.04800e-04	3.31855	24.9	31256	1.06170e-04	3.31836	26.1
65712.905	16.043	31573	1.05150e-04	3.31992	25.5	30987	1.07150e-04	3.32012	26.0	31538	1.05230e-04	3.31875	24.9	31221	1.06290e-04	3.31855	26.1
65714.093	16.026	31610	1.05030e-04	3.31992	25.5	30914	1.07390e-04	3.31973	26.0	31563	1.05150e-04	3.31875	24.9	31272	1.06110e-04	3.31836	26.1
65715.281	16.026	31642	1.04920e-04	3.31992	25.5	30965	1.07220e-04	3.31992	26.0	31590	1.05060e-04	3.31875	24.9	31271	1.06120e-04	3.31836	26.1
65716.470	16.033	31613	1.05020e-04	3.31992	25.5	31027	1.07010e-04	3.32012	26.0	31654	1.04840e-04	3.31875	24.9	31307	1.05990e-04	3.31836	26.1
65717.658	16.033	31617	1.05000e-04	3.31973	25.4	31004	1.07080e-04	3.31992	26.0	31586	1.05060e-04	3.31855	24.9	31236	1.06230e-04	3.31816	26.1
65718.846	16.009	31590	1.05100e-04	3.32012	25.5	30950	1.07280e-04	3.32012	26.0	31586	1.05070e-04	3.31875	24.9	31268	1.06120e-04	3.31836	26.1
65720.034	16.009	31585	1.05110e-04	3.31992	25.5	30910	1.07410e-04	3.32012	26.0	31541	1.05220e-04	3.31875	24.9	31206	1.06340e-04	3.31855	26.1
65721.223	16.009	31581	1.05120e-04	3.31992	25.5	30928	1.07350e-04	3.32012	26.0	31626	1.04940e-04	3.31875	24.9	31212	1.06320e-04	3.31855	26.1
65722.411	16.019	31518	1.05330e-04	3.31992	25.5	30935	1.07330e-04	3.32012	26.0	31523	1.05280e-04	3.31875	24.9	31149	1.06540e-04	3.31855	26.1
65723.599	16.019	31557	1.05210e-04	3.32012	25.5	30898	1.07460e-04	3.32012	26.0	31479	1.05430e-04	3.31875	24.9	31243	1.06210e-04	3.31836	26.1
65724.787	16.046	31628	1.04970e-04	3.31992	25.5	30932	1.07330e-04	3.31992	26.0	31592	1.05050e-04	3.31875	24.9	31246	1.06210e-04	3.31855	26.1
65725.976	16.046	31550	1.05230e-04	3.31992	25.5	30953	1.07260e-04	3.31992	26.0	31600	1.05020e-04	3.31875	24.9	31294	1.06040e-04	3.31836	26.1
65727.164	16.033	31501	1.05400e-04	3.32012	25.5	30989	1.07140e-04	3.32012	26.0	31568	1.05140e-04	3.31895	24.9	31207	1.06350e-04	3.31875	26.1
65728.352	16.033	31536	1.05270e-04	3.31992	25.5	30885	1.07490e-04	3.31992	26.0	31568	1.05130e-04	3.31875	24.9	31186	1.06410e-04	3.31855	26.1
65729.540	16.026	31563	1.05190e-04	3.31992	25.5	30904	1.07430e-04	3.31992	26.0	31532	1.05260e-04	3.31895	24.9	31207	1.06330e-04	3.31836	26.1
65730.729	16.026	31570	1.05170e-04	3.32012	25.5	30909	1.07420e-04	3.32012	26.0	31592	1.05050e-04	3.31875	24.9	31211	1.06330e-04	3.31855	26.1
65731.917	16.026	31551	1.05230e-04	3.32012	25.5	30900	1.07450e-04	3.32031	26.0	31534	1.05240e-04	3.31855	24.9	31204	1.06350e-04	3.31836	26.1
65733.105	16.026	31644	1.04920e-04	3.32012	25.5	30961	1.07240e-04	3.32031	26.0	31624	1.04950e-04	3.31895	24.9	31202	1.06360e-04	3.31875	26.1
65734.293	16.026	31577	1.05140e-04	3.31992	25.5	30963	1.07230e-04	3.32012	26.0	31562	1.05150e-04	3.31875	24.9	31275	1.06110e-04	3.31855	26.1
65735.482	16.032	31551	1.05220e-04	3.31992	25.5	30941	1.07310e-04	3.32012	26.0	31593	1.05040e-04	3.31855	24.9	31241	1.06230e-04	3.31855	26.1
65736.670	16.032	31545	1.05240e-04	3.31992	25.4	30892	1.07480e-04	3.32012	26.0	31576	1.05110e-04	3.31895	24.9	31205	1.06350e-04	3.31855	26.1
65737.858	16.039	31505	1.05380e-04	3.31992	25.4	30981	1.07170e-04	3.32012	26.0	31591	1.05050e-04	3.31855	24.9	31187	1.06400e-04	3.31836	26.1
65739.046	16.039	31544	1.05250e-04	3.31992	25.4	30941	1.07310e-04	3.32012	26.0	31514	1.05310e-04	3.31875	24.9	31168	1.06470e-04	3.31855	26.1
65740.234	16.046	31540	1.05260e-04	3.31992	25.4	30887	1.07490e-04	3.31992	26.0	31572	1.05120e-04	3.31895	24.9	31190	1.06400e-04	3.31855	26.1
65741.423	16.046	31579	1.05130e-04	3.31992	25.4	30922	1.07370e-04	3.31992	26.0	31564	1.05140e-04	3.31855	24.9	31183	1.06410e-04	3.31816	26.1
65742.611	16.052	31608	1.05040e-04	3.32012	25.4	30974	1.07190e-04	3.32012	26.0	31527	1.05270e-04	3.31875	24.9	31238	1.06230e-04	3.31855	26.1
65743.799	16.052	31601	1.05050e-04	3.31973	25.4	30926	1.07350e-04	3.31992	26.0	31570	1.05120e-04	3.31875	24.9	31251	1.06180e-04	3.31836	26.1
65744.987	16.052	31560	1.05200e-04	3.32012	25.4	30930	1.07340e-04	3.31992	26.0	31611	1.04980e-04	3.31855	24.9	31208	1.06330e-04	3.31836	26.1
65746.176	16.027	31524	1.05310e-04	3.31992	25.4	30881	1.07510e-04	3.32012	26.0	31526	1.05270e-04	3.31875	24.9	31192	1.06390e-04	3.31855	26.1
65747.364	16.027	31541	1.05260e-04	3.31992	25.4	30920	1.07370e-04	3.31973	26.0	31530	1.05260e-04	3.31875	24.9	31178	1.06430e-04	3.31836	26.1
65748.552	16.045	31524	1.05320e-04	3.32012	25.4	30908	1.07420e-04	3.32012	26.0	31538	1.05220e-04	3.31855	24.9	31211	1.06320e-04	3.31836	26.1
65749.740	16.045	31528	1.05300e-04	3.31992	25.4	30918	1.07380e-04	3.32012	26.0	31530	1.05260e-04	3.31875	24.9	31152	1.06520e-04	3.31836	26.1
65750.929	16.045	31582	1.05120e-04	3.31992	25.4	30927	1.07350e-04	3.31992	26.0	31562	1.05140e-04	3.31855	24.9	31283	1.06080e-04	3.31836	26.1
65752.117	16.045	31573	1.05150e-04	3.31992	25.4	30937	1.07310e-04	3.31992	26.0	31595	1.05030e-04	3.31855	24.9	31233	1.06250e-04	3.31855	26.1
65753.305	16.045	31526	1.05310e-04	3.31992	25.4	30959	1.07240e-04	3.31992	26.0	31593	1.05050e-04	3.31875	24.9	31241	1.06220e-04	3.31855	26.1
65754.493	16.031	31527	1.05310e-04	3.32012	25.4	30981	1.07170e-04	3.32012	26.0	31592	1.05040e-04	3.31855	24.9	31238	1.06230e-04	3.31836	26.1
65755.681	16.031	31608	1.05030e-04	3.31992	25.4	30949	1.07280e-04	3.32012	26.0	31583	1.05080e-04	3.31875	24.9	31214	1.06310e-04	3.31836	26.1
65756.870	16.039	31571	1.05160e-04	3.31992	25.4	30931	1.07340e-04	3.32012	26.0	31619	1.04970e-04	3.31895	24.9	31226	1.06270e-04	3.31836	26.1
65758.058	16.039	31565	1.05180e-04	3.31992	25.4	30963	1.07230e-04	3.32012	26.0	31581	1.05080e-04	3.31855	24.9	31207	1.06330e-04	3.31836	26.1
65759.246	16.017	31516	1.05340e-04	3.31992	25.4	30928	1.07350e-04	3.32012	26.0	31576	1.05110e-04	3.31895	24.9	31186	1.06410e-04	3.31855	26.1
65760.435	16.017	31526	1.05310e-04	3.32012	25.4	30900	1.07440e-04	3.31992	26.0	31549	1.05200e-04	3.31875	24.9	31152	1.06520e-04	3.31836	26.1
65761.623	16.026	31513	1.05360e-04	3.32012	25.4	30881	1.07510e-04	3.32012	26.0	31568	1.05120e-04	3.31836	24.9	31170	1.06460e-04	3.31836	26.1
65762.811	16.026	31548	1.05230e-04	3.31992	25.4	30863	1.07580e-04	3.32012	26.0	31501	1.05350e-04	3.31875	24.9	31170	1.06470e-04	3.31855	26.1
65764.000	16.026	31506	1.05380e-04	3.31992	25.4	30905	1.07430e-04	3.32012	26.0	31558	1.05170e-04	3.31895	24.9	31140	1.06570e-04	3.31855	26.1
65765.187	16.053	31520	1.05330e-04	3.32012	25.4	30913	1.07400e-04	3.31992	26.0	31523	1.05270e-04	3.31855	24.9	31189	1.06390e-04	3.31836	26.1
65766.376	16.053	31518	1.05340e-04	3.32012	25.4	30919	1.07380e-04	3.32012	26.0	31573	1.05110e-04	3.31875	24.9	31138	1.06580e-04	3.31855	26.1
65767.564	16.066	31486	1.05440e-04	3.31992	25.4	30894	1.07460e-04	3.31992	26.0	31498	1.05360e-04	3.31855	24.9	31211	1.06320e-04	3.31836	26.1
65768.752	16.066	31486	1.05450e-04	3.32012	25.4	30952	1.07270e-04	3.32012	26.0	31542	1.05210e-04	3.31855	24.9	31188	1.06410e-04	3.31855	26.1
65769.940	16.049	31520	1.05330e-04	3.32012	25.4	30906	1.07430e-04	3.32012	26.0	31548	1.05200e-04	3.31895	24.9	31198	1.06370e-04	3.31855	26.1
65771.129	16.049	31532	1.05290e-04	3.31992	25.4	30942	1.07290e-04	3.31992	26.0	31513	1.05310e-04	3.31875	24.9	31166	1.06470e-04	3.31836	26.1
65772.317	16.049	31528	1.05310e-04	3.32012	25.4	30921	1.07380e-04	3.32031	26.0	31540	1.05230e-04	3.31895	24.9	31160	1.06500e-04	3.31855	26.1
65773.505	16.045	31531	1.05290e-04	3.31992	25.4	30875	1.07530e-04	3.31992	26.0	31541	1.05220e-04	3.31875	24.9	31202	1.06360e-04	3.31855	26.1
65774.693	16.045	31465	1.05520e-04	3.32012	25.4	30894	1.07470e-04	3.32012	26.0	31500	1.05360e-04	3.31875	24.9	31153	1.06520e-04	3.31836	26.1
65775.882	16.050	31458	1.05530e-04	3.31992	25.4	30845	1.07640e-04	3.32012	26.0	31526	1.05280e-04	3.31895	24.9	31118	1.06640e-04	3.31855	26.1
65777.070	16.050	31507	1.05370e-04	3.31992	25.4	30886	1.07490e-04	3.31992	26.0	31480	1.05420e-04	3.31875	24.9	31112	1.06660e-04	3.31836	26.1
65778.258	16.029	31506	1.05370e-04	3.31992	25.4	30881	1.07510e-04	3.31992	26.0	31548	1.05190e-04	3.31855	24.9	31166	1.06470e-04	3.31836	26.1
65779.447	16.029	31503	1.05380e-04	3.31992	25.4	30944	1.07290e-04	3.32012	26.0	31542	1.05220e-04	3.31875	24.9	31207	1.06330e-04	3.31836	26.1
65780.635	16.037	31590	1.05090e-04	3.31973	25.4	30974	1.07190e-04	3.32012	26.0	31557	1.05170e-04	3.31875	24.9	31257	1.06160e-04	3.31836	26.1
65781.823	16.037	31567	1.05180e-04	3.32012	25.4	30994	1.07120e-04	3.31992	26.0	31597	1.05030e-04	3.31855	24.9	31271	1.06120e-04	3.31836	26.1
65783.011	16.029	31586	1.05110e-04	3.31992	25.4	30975	1.07190e-04	3.32031	26.0	31584	1.05080e-04	3.31895	24.9	31232	1.06260e-04	3.31855	26.1
65784.199	16.029	31588	1.05100e-04	3.31992	25.4	30964	1.07220e-04	3.32012	26.0	31618	1.04970e-04	3.31895	24.9	31231	1.06260e-04	3.31855	26.1
65785.387	16.029	31581	1.05130e-04	3.32012	25.5	30991	1.07130e-04	3.32012	26.0	31597	1.05030e-04	3.31875	24.9	31194	1.06380e-04	3.31836	26.1
65786.576	16.030	31518	1.05340e-04	3.32012	25.5	30900	1.07440e-04	3.31992	26.0	31572	1.05120e-04	3.31875	24.9	31248	1.06200e-04	3.31855	26.1
65787.764	16.030	31558	1.05200e-04	3.31992	25.5	30887	1.07490e-04	3.31992	26.0	31572	1.05120e-04	3.31895	24.9	31238	1.06230e-04	3.31836	26.1
65788.952	16.029	31553	1.05220e-04	3.32012	25.5	30918	1.07380e-04	3.32012	26.0	31551	1.05190e-04	3.31875	24.9	31180	1.06430e-04	3.31855	26.1
65790.140	16.029	31559	1.05200e-04	3.32012	25.5	30944	1.07290e-04	3.31992	26.0	31548	1.05200e-04	3.31875	24.9	31200	1.06360e-04	3.31855	26.1
65791.329	16.029	31593	1.05090e-04	3.31992	25.4	30945	1.07280e-04	3.31992	26.0	31515	1.05310e-04	3.31875	24.9	31233	1.06250e-04	3.31836	26.1
65792.517	16.038	31454	1.05550e-04	3.31992	25.4	30994	1.07120e-04	3.32012	26.0	31534	1.05240e-04	3.31875	24.9	31211	1.06310e-04	3.31816	26.1
65793.705	16.047	31480	1.05460e-04	3.31992	25.4	30890	1.07480e-04	3.32012	26.0	31503	1.05350e-04	3.31875	24.9	31151	1.06530e-04	3.31836	26.1
65794.894	16.047	31512	1.05350e-04	3.31992	25.4	30913	1.07400e-04	3.31992	26.0	31561	1.05150e-04	3.31855	24.9	31184	1.06410e-04	3.31836	26.1
65796.082	16.047	31512	1.05360e-04	3.32012	25.4	30882	1.07510e-04	3.32031	26.0	31486	1.05400e-04	3.31875	24.9	31178	1.06440e-04	3.31855	26.1
65797.270	16.028	31541	1.05260e-04	3.31992	25.4	30900	1.07440e-04	3.31992	26.0	31545	1.05210e-04	3.31875	24.9	31129	1.06600e-04	3.31836	26.1
65798.459	16.028	31498	1.05400e-04	3.31992	25.4	30954	1.07260e-04	3.32012	26.0	31540	1.05220e-04	3.31855	24.9	31176	1.06440e-04	3.31836	26.1
65799.646	16.039	31513	1.05360e-04	3.32012	25.5	30930	1.07340e-04	3.32012	26.0	31498	1.05370e-04	3.31895	24.9	31211	1.06330e-04	3.31855	26.1
65800.835	16.039	31529	1.05300e-04	3.31992	25.4	30916	1.07380e-04	3.31992	26.0	31507	1.05330e-04	3.31855	24.9	31244	1.06210e-04	3.31836	26.1
65802.023	16.052	31540	1.05270e-04	3.32012	25.4	31013	1.07060e-04	3.32031	26.0	31569	1.05130e-04	3.31875	24.9	31171	1.06470e-04	3.31875	26.1
65803.212	16.052	31571	1.05160e-04	3.31992	25.4	30909	1.07420e-04	3.32012	26.0	31615	1.04970e-04	3.31875	24.9	31221	1.06290e-04	3.31855	26.1
65804.399	16.052	31536	1.05280e-04	3.31992	25.5	30911	1.07400e-04	3.31992	26.0	31560	1.05160e-04	3.31875	24.9	31185	1.06400e-04	3.31816	26.1
65805.588	16.047	31548	1.05240e-04	3.32012	25.4	31040	1.06970e-04	3.32031	26.0	31539	1.05230e-04	3.31895	24.9	31206	1.06340e-04	3.31836	26.1
65806.776	16.047	31615	1.05010e-04	3.31992	25.4	31028	1.07000e-04	3.31992	26.0	31615	1.04970e-04	3.31875	24.9	31212	1.06320e-04	3.31836	26.1
65807.964	16.047	31591	1.05100e-04	3.32012	25.4	30950	1.07270e-04	3.32012	26.0	31632	1.04920e-04	3.31875	24.9	31248	1.06190e-04	3.31836	26.1
65809.152	16.047	31594	1.05090e-04	3.32012	25.5	30972	1.07200e-04	3.32012	26.0	31540	1.05230e-04	3.31895	24.9	31152	1.06530e-04	3.31875	26.1
65810.341	16.044	31534	1.05280e-04	3.31992	25.5	30950	1.07280e-04	3.32012	26.0	31572	1.05120e-04	3.31875	24.9	31260	1.06150e-04	3.31836	26.1
65811.529	16.044	31576	1.05150e-04	3.32012	25.5	30982	1.07160e-04	3.32012	26.0	31550	1.05200e-04	3.31895	24.9	31163	1.06490e-04	3.31855	26.1
65812.717	16.024	31582	1.05130e-04	3.32012	25.5	31005	1.07080e-04	3.32012	26.0	31581	1.05090e-04	3.31875	24.9	31233	1.06250e-04	3.31855	26.1
65813.905	16.024	31603	1.05060e-04	3.32012	25.5	30978	1.07170e-04	3.31992	26.0	31632	1.04920e-04	3.31895	24.9	31211	1.06330e-04	3.31855	26.1
65815.094	16.024	31577	1.05140e-04	3.31992	25.5	30947	1.07280e-04	3.32012	26.0	31576	1.05100e-04	3.31875	24.9	31232	1.06260e-04	3.31875	26.1
65816.282	16.008	31604	1.05050e-04	3.31992	25.5	30998	1.07110e-04	3.32012	26.0	31572	1.05120e-04	3.31875	24.9	31224	1.06280e-04	3.31855	26.1
65817.470	16.008	31568	1.05170e-04	3.32012	25.5	30952	1.07260e-04	3.31992	26.0	31563	1.05150e-04	3.31875	24.9	31190	1.06390e-04	3.31836	26.1
65818.659	16.017	31566	1.05180e-04	3.32012	25.5	30989	1.07140e-04	3.32031	26.0	31587	1.05070e-04	3.31875	24.9	31259	1.06160e-04	3.31855	26.1
65819.847	16.017	31570	1.05170e-04	3.32012	25.5	30964	1.07220e-04	3.32012	26.0	31553	1.05190e-04	3.31895	24.9	31222	1.06290e-04	3.31855	26.1
65821.035	16.004	31606	1.05050e-04	3.32012	25.5	30987	1.07150e-04	3.32031	26.0	31598	1.05030e-04	3.31875	24.9	31299	1.06020e-04	3.31836	26.1
65822.223	16.004	31522	1.05330e-04	3.32012	25.5	30965	1.07230e-04	3.32031	26.0	31615	1.04970e-04	3.31875	24.9	31177	1.06450e-04	3.31875	26.1
65823.412	16.004	31546	1.05250e-04	3.32012	25.5	30913	1.07390e-04	3.31992	26.0	31573	1.05110e-04	3.31875	24.9	31268	1.06130e-04	3.31855	26.1
65824.600	16.025	31517	1.05340e-04	3.32012	25.5	30898	1.07460e-04	3.32012	26.1	31554	1.05180e-04	3.31875	24.9	31165	1.06480e-04	3.31855	26.1
65825.788	16.025	31564	1.05190e-04	3.32012	25.5	30941	1.07300e-04	3.32012	26.1	31549	1.05200e-04	3.31895	24.9	31139	1.06570e-04	3.31855	26.1
65826.976	16.042	31501	1.05400e-04	3.32012	25.5	30886	1.07490e-04	3.32012	26.1	31516	1.05300e-04	3.31875	24.9	31159	1.06510e-04	3.31855	26.1
65828.164	16.042	31532	1.05300e-04	3.32012	25.5	30872	1.07550e-04	3.32012	26.0	31516	1.05300e-04	3.31875	24.9	31134	1.06590e-04	3.31855	26.1
65829.353	16.042	31532	1.05300e-04	3.32012	25.5	30966	1.07220e-04	3.32012	26.1	31547	1.05210e-04	3.31895	24.9	31168	1.06470e-04	3.31855	26.1
65830.541	16.128	31557	1.05210e-04	3.32012	25.5	30950	1.07280e-04	3.32012	26.1	31520	1.05300e-04	3.31895	24.9	31185	1.06420e-04	3.31855	26.1
65831.729	16.015	31535	1.05280e-04	3.32012	25.5	30931	1.07350e-04	3.32031	26.1	31612	1.04990e-04	3.31875	24.9	31203	1.06350e-04	3.31836	26.1
65832.917	16.015	31603	1.05060e-04	3.32012	25.5	30957	1.07250e-04	3.32012	26.1	31485	1.05400e-04	3.31855	24.9	31208	1.06340e-04	3.31855	26.1
65834.106	16.015	31599	1.05070e-04	3.31992	25.5	30985	1.07150e-04	3.32012	26.1	31627	1.04930e-04	3.31875	24.9	31178	1.06440e-04	3.31855	26.1
65835.294	16.027	31551	1.05230e-04	3.32012	25.5	30932	1.07340e-04	3.32031	26.1	31542	1.05220e-04	3.31895	24.9	31166	1.06480e-04	3.31855	26.1
65836.482	16.027	31559	1.05200e-04	3.32012	25.5	30965	1.07220e-04	3.32012	26.1	31522	1.05280e-04	3.31875	24.9	31202	1.06360e-04	3.31855	26.1
65837.670	15.991	31495	1.05420e-04	3.32012	25.5	30900	1.07440e-04	3.31992	26.1	31556	1.05170e-04	3.31875	24.9	31157	1.06510e-04	3.31836	26.1
65838.859	15.991	31545	1.05250e-04	3.32012	25.5	30909	1.07420e-04	3.32012	26.1	31538	1.05230e-04	3.31875	24.9	31203	1.06350e-04	3.31855	26.1
65840.047	16.038	31546	1.05250e-04	3.32012	25.5	30923	1.07370e-04	3.32012	26.1	31552	1.05180e-04	3.31875	24.9	31152	1.06530e-04	3.31855	26.1
65841.235	16.038	31602	1.05060e-04	3.31992	25.5	30958	1.07240e-04	3.31992	26.1	31572	1.05120e-04	3.31875	24.9	31263	1.06140e-04	3.31836	26.1
65842.423	16.038	31511	1.05360e-04	3.31992	25.5	30933	1.07330e-04	3.32012	26.1	31583	1.05090e-04	3.31895	24.9	31171	1.06460e-04	3.31855	26.1
65843.611	16.039	31539	1.05270e-04	3.32012	25.5	30905	1.07420e-04	3.31992	26.1	31513	1.05310e-04	3.31875	24.9	31161	1.06500e-04	3.31855	26.1
65844.800	15.988	31521	1.05330e-04	3.32012	25.5	30886	1.07500e-04	3.32031	26.1	31541	1.05220e-04	3.31875	24.9	31157	1.06500e-04	3.31836	26.1
65845.988	15.988	31577	1.05140e-04	3.32012	25.5	30972	1.07200e-04	3.32031	26.1	31538	1.05230e-04	3.31875	24.9	31241	1.06230e-04	3.31855	26.1
65847.177	15.988	31571	1.05160e-04	3.31992	25.5	30986	1.07150e-04	3.32012	26.1	31636	1.04900e-04	3.31875	24.9	31221	1.06290e-04	3.31836	26.1
65848.364	16.026	31634	1.04950e-04	3.32012	25.5	30983	1.07160e-04	3.32012	26.1	31569	1.05130e-04	3.31895	24.9	31246	1.06210e-04	3.31855	26.1
65849.553	16.026	31565	1.05180e-04	3.32012	25.5	31005	1.07080e-04	3.32012	26.1	31576	1.05100e-04	3.31875	24.9	31216	1.06310e-04	3.31855	26.1
65850.741	16.014	31542	1.05260e-04	3.32012	25.5	30937	1.07310e-04	3.31992	26.1	31525	1.05280e-04	3.31875	24.9	31244	1.06200e-04	3.31816	26.1
65851.929	16.014	31528	1.05310e-04	3.32031	25.5	30903	1.07440e-04	3.32012	26.1	31509	1.05330e-04	3.31895	24.9	31194	1.06390e-04	3.31875	26.1
65853.117	16.013	31504	1.05390e-04	3.32012	25.5	30884	1.07500e-04	3.32012	26.1	31534	1.05240e-04	3.31875	24.9	31212	1.06330e-04	3.31875	26.1
65854.306	16.013	31524	1.05320e-04	3.32012	25.5	30927	1.07350e-04	3.32012	26.1	31516	1.05310e-04	3.31895	24.9	31194	1.06380e-04	3.31855	26.1
65855.494	16.013	31542	1.05250e-04	3.31992	25.6	30952	1.07270e-04	3.32012	26.1	31515	1.05310e-04	3.31895	24.9	31167	1.06480e-04	3.31855	26.1
65856.682	16.037	31505	1.05380e-04	3.32012	25.6	30939	1.07310e-04	3.32012	26.1	31581	1.05090e-04	3.31875	24.9	31234	1.06250e-04	3.31855	26.1
65857.871	16.037	31598	1.05070e-04	3.32012	25.6	30959	1.07250e-04	3.32031	26.1	31560	1.05160e-04	3.31875	24.9	31196	1.06370e-04	3.31836	26.1
65859.059	16.013	31472	1.05500e-04	3.32012	25.6	30909	1.07420e-04	3.32031	26.1	31482	1.05420e-04	3.31895	24.9	31115	1.06660e-04	3.31875	26.1
65860.247	16.013	31526	1.05320e-04	3.32031	25.6	30867	1.07560e-04	3.32012	26.1	31494	1.05380e-04	3.31895	24.9	31159	1.06500e-04	3.31855	26.1
65861.435	16.015	31523	1.05320e-04	3.31992	25.5	30882	1.07510e-04	3.32012	26.1	31481	1.05430e-04	3.31895	24.9	31231	1.06260e-04	3.31855	26.1
65862.624	16.015	31599	1.05080e-04	3.32031	25.6	30967	1.07220e-04	3.32012	26.1	31592	1.05050e-04	3.31875	24.9	31334	1.05910e-04	3.31855	26.1
65863.812	16.030	31581	1.05130e-04	3.32012	25.6	30994	1.07120e-04	3.32012	26.1	31620	1.04960e-04	3.31875	24.9	31195	1.06380e-04	3.31855	26.1
65865.000	16.030	31534	1.05280e-04	3.31992	25.6	30910	1.07400e-04	3.31992	26.1	31605	1.05010e-04	3.31875	24.9	31238	1.06230e-04	3.31836	26.1
65866.188	16.030	31491	1.05430e-04	3.32012	25.6	30913	1.07410e-04	3.32031	26.1	31532	1.05260e-04	3.31895	24.9	31155	1.06520e-04	3.31875	26.1
65867.376	16.013	31500	1.05410e-04	3.32031	25.6	30911	1.07410e-04	3.32012	26.1	31475	1.05450e-04	3.31895	24.9	31145	1.06550e-04	3.31855	26.1
65868.565	16.013	31483	1.05460e-04	3.32012	25.5	30927	1.07360e-04	3.32031	26.1	31478	1.05440e-04	3.31895	24.9	31139	1.06570e-04	3.31855	26.1
65869.753	16.041	31517	1.05340e-04	3.31992	25.5	30884	1.07500e-04	3.32012	26.1	31510	1.05320e-04	3.31855	24.9	31217	1.06300e-04	3.31836	26.1
65870.941	16.041	31492	1.05430e-04	3.32012	25.5	30892	1.07480e-04	3.32031	26.1	31489	1.05400e-04	3.31895	24.9	31186	1.06410e-04	3.31855	26.1
65872.129	16.041	31526	1.05310e-04	3.31992	25.5	30959	1.07240e-04	3.32012	26.1	31512	1.05320e-04	3.31895	24.9	31198	1.06370e-04	3.31855	26.1
65873.318	16.072	31602	1.05060e-04	3.32012	25.5	30982	1.07160e-04	3.32012	26.1	31526	1.05260e-04	3.31855	24.9	31197	1.06370e-04	3.31836	26.1
65874.506	16.035	31522	1.05330e-04	3.32012	25.5	30888	1.07490e-04	3.32012	26.1	31502	1.05360e-04	3.31895	24.9	31166	1.06480e-04	3.31855	26.1
65875.694	16.035	31561	1.05190e-04	3.31973	25.5	30917	1.07380e-04	3.31992	26.1	31518	1.05300e-04	3.31895	24.9	31193	1.06390e-04	3.31855	26.1
65876.882	16.035	31521	1.05340e-04	3.32031	25.5	30926	1.07360e-04	3.32031	26.1	31542	1.05210e-04	3.31855	24.9	31165	1.06480e-04	3.31855	26.1
65878.071	16.029	31577	1.05140e-04	3.32012	25.5	30959	1.07240e-04	3.32012	26.1	31527	1.05280e-04	3.31914	24.9	31177	1.06450e-04	3.31875	26.1
65879.259	16.029	31523	1.05320e-04	3.31992	25.5	30909	1.07410e-04	3.31992	26.1	31562	1.05150e-04	3.31875	24.9	31222	1.06280e-04	3.31836	26.1
65880.447	16.034	31561	1.05200e-04	3.32012	25.5	30942	1.07300e-04	3.32012	26.1	31542	1.05220e-04	3.31875	24.9	31206	1.06340e-04	3.31855	26.1
65881.635	16.034	31623	1.04990e-04	3.32012	25.5	30927	1.07360e-04	3.32031	26.1	31583	1.05080e-04	3.31875	24.9	31255	1.06170e-04	3.31836	26.1
65882.823	16.023	31587	1.05100e-04	3.31992	25.5	31003	1.07090e-04	3.32012	26.1	31590	1.05060e-04	3.31875	24.9	31226	1.06280e-04	3.31855	26.1
65884.012	16.023	31533	1.05290e-04	3.32012	25.5	30950	1.07270e-04	3.32012	26.1	31627	1.04940e-04	3.31895	24.9	31191	1.06400e-04	3.31875	26.1
65885.200	16.023	31502	1.05390e-04	3.31992	25.5	30895	1.07460e-04	3.32012	26.1	31480	1.05430e-04	3.31895	24.9	31189	1.06400e-04	3.31855	26.1
65886.389	16.012	31514	1.05350e-04	3.32012	25.5	30993	1.07130e-04	3.32012	26.1	31532	1.05250e-04	3.31875	24.9	31209	1.06330e-04	3.31855	26.1
65887.576	16.012	31560	1.05200e-04	3.32012	25.5	30995	1.07120e-04	3.32012	26.1	31615	1.04970e-04	3.31875	24.9	31237	1.06240e-04	3.31855	26.1
65888.765	16.027	31509	1.05370e-04	3.31992	25.5	30965	1.07220e-04	3.31992	26.1	31575	1.05110e-04	3.31875	24.9	31228	1.06260e-04	3.31836	26.1
65889.953	16.027	31486	1.05450e-04	3.32012	25.5	30879	1.07510e-04	3.31992	26.1	31557	1.05170e-04	3.31875	24.9	31149	1.06540e-04	3.31855	26.1
65891.141	16.033	31532	1.05300e-04	3.32012	25.5	30923	1.07370e-04	3.32012	26.1	31531	1.05250e-04	3.31875	24.9	31181	1.06430e-04	3.31855	26.1
65892.329	16.033	31500	1.05400e-04	3.31992	25.5	30899	1.07440e-04	3.31992	26.1	31606	1.05000e-04	3.31875	24.9	31172	1.06460e-04	3.31855	26.1
65893.518	16.035	31557	1.05210e-04	3.32012	25.5	30969	1.07210e-04	3.32012	26.1	31504	1.05340e-04	3.31855	24.9	31158	1.06500e-04	3.31836	26.1
65894.706	16.035	31531	1.05290e-04	3.31992	25.5	30991	1.07130e-04	3.32012	26.1	31565	1.05140e-04	3.31875	24.9	31152	1.06520e-04	3.31836	26.1
65895.894	16.062	31541	1.05260e-04	3.31992	25.5	30931	1.07340e-04	3.32012	26.1	31516	1.05300e-04	3.31875	24.9	31238	1.06230e-04	3.31836	26.1
65897.083	16.062	31547	1.05240e-04	3.31992	25.5	30891	1.07480e-04	3.32012	26.1	31520	1.05290e-04	3.31875	24.9	31174	1.06450e-04	3.31855	26.1
65898.271	16.062	31539	1.05270e-04	3.31992	25.5	30954	1.07250e-04	3.31992	26.1	31506	1.05340e-04	3.31875	24.9	31205	1.06340e-04	3.31836	26.1
65899.459	16.056	31579	1.05130e-04	3.31992	25.5	30988	1.07140e-04	3.31992	26.1	31575	1.05100e-04	3.31855	24.9	31248	1.06190e-04	3.31836	26.1
65900.647	16.056	31532	1.05290e-04	3.32012	25.5	30959	1.07240e-04	3.32012	26.1	31576	1.05100e-04	3.31875	24.9	31252	1.06180e-04	3.31836	26.1
65901.835	16.028	31540	1.05250e-04	3.31973	25.5	31004	1.07080e-04	3.31992	26.1	31572	1.05120e-04	3.31875	24.9	31169	1.06460e-04	3.31816	26.1
65903.024	16.028	31570	1.05170e-04	3.32012	25.5	30958	1.07250e-04	3.32012	26.1	31577	1.05100e-04	3.31875	24.9	31225	1.06290e-04	3.31875	26.1
65904.212	16.029	31565	1.05180e-04	3.32012	25.5	30958	1.07250e-04	3.32012	26.1	31570	1.05120e-04	3.31875	24.9	31224	1.06280e-04	3.31855	26.1
65905.400	16.029	31508	1.05360e-04	3.31973	25.5	30895	1.07460e-04	3.32012	26.1	31623	1.04950e-04	3.31875	24.9	31142	1.06550e-04	3.31836	26.1
65906.589	16.068	31529	1.05310e-04	3.32031	25.5	30912	1.07400e-04	3.32012	26.1	31495	1.05370e-04	3.31875	24.9	31202	1.06360e-04	3.31855	26.1
65907.777	16.068	31530	1.05300e-04	3.32012	25.5	30914	1.07400e-04	3.32031	26.1	31541	1.05230e-04	3.31895	24.9	31183	1.06420e-04	3.31855	26.1
65908.965	16.068	31524	1.05310e-04	3.31992	25.5	30945	1.07290e-04	3.32012	26.1	31510	1.05320e-04	3.31875	24.9	31206	1.06340e-04	3.31855	26.1
65910.153	16.030	31571	1.05160e-04	3.32012	25.5	30906	1.07430e-04	3.32012	26.1	31563	1.05150e-04	3.31875	24.9	31194	1.06390e-04	3.31875	26.1
65911.342	16.030	31568	1.05180e-04	3.32012	25.5	30948	1.07280e-04	3.32012	26.1	31549	1.05200e-04	3.31875	24.9	31237	1.06240e-04	3.31855	26.1
65912.529	16.046	31583	1.05120e-04	3.31992	25.5	30899	1.07450e-04	3.31992	26.1	31495	1.05370e-04	3.31875	24.9	31194	1.06380e-04	3.31836	26.1
65913.718	16.046	31581	1.05130e-04	3.32012	25.5	30902	1.07440e-04	3.32012	26.1	31575	1.05110e-04	3.31895	24.9	31196	1.06380e-04	3.31855	26.1
65914.906	16.046	31621	1.04990e-04	3.31992	25.5	30959	1.07240e-04	3.32012	26.1	31563	1.05150e-04	3.31875	24.9	31204	1.06350e-04	3.31855	26.1
65916.095	16.044	31513	1.05360e-04	3.32012	25.5	30979	1.07170e-04	3.32012	26.1	31565	1.05150e-04	3.31895	24.9	31235	1.06250e-04	3.31855	26.1
65917.283	16.044	31598	1.05070e-04	3.32012	25.5	30964	1.07230e-04	3.32012	26.1	31557	1.05170e-04	3.31875	24.9	31200	1.06360e-04	3.31855	26.1
65918.471	16.016	31504	1.05380e-04	3.31992	25.5	30923	1.07370e-04	3.32031	26.1	31530	1.05260e-04	3.31875	24.9	31227	1.06270e-04	3.31855	26.1
65919.659	16.016	31496	1.05410e-04	3.32012	25.5	30939	1.07310e-04	3.32012	26.1	31525	1.05280e-04	3.31895	24.9	31179	1.06430e-04	3.31855	26.1
65920.848	16.029	31525	1.05310e-04	3.31992	25.5	30856	1.07610e-04	3.32031	26.1	31503	1.05350e-04	3.31875	24.9	31171	1.06460e-04	3.31855	26.1
65922.036	16.029	31507	1.05380e-04	3.32012	25.5	30855	1.07600e-04	3.31992	26.1	31521	1.05290e-04	3.31875	24.9	31174	1.06450e-04	3.31855	26.1
65923.224	16.048	31558	1.05210e-04	3.32012	25.5	30859	1.07600e-04	3.32031	26.1	31552	1.05190e-04	3.31895	24.9	31199	1.06370e-04	3.31855	26.1
65924.412	16.048	31492	1.05420e-04	3.31992	25.5	30946	1.07290e-04	3.32012	26.1	31546	1.05200e-04	3.31875	24.9	31195	1.06380e-04	3.31855	26.1
65925.601	16.013	31560	1.05200e-04	3.31992	25.5	30903	1.07440e-04	3.32012	26.1	31566	1.05140e-04	3.31895	24.9	31207	1.06340e-04	3.31855	26.1
65926.789	16.013	31588	1.05110e-04	3.32012	25.5	30964	1.07230e-04	3.32012	26.1	31607	1.05000e-04	3.31875	24.9	31224	1.06280e-04	3.31836	26.1
65927.977	16.013	31598	1.05070e-04	3.31992	25.5	30972	1.07200e-04	3.32012	26.1	31631	1.04920e-04	3.31875	24.9	31208	1.06330e-04	3.31836	26.1
65929.165	16.037	31564	1.05190e-04	3.32012	25.5	30998	1.07100e-04	3.31992	26.1	31602	1.05020e-04	3.31875	24.9	31189	1.06400e-04	3.31855	26.1
65930.353	16.037	31606	1.05050e-04	3.32012	25.5	30970	1.07210e-04	3.32031	26.1	31561	1.05160e-04	3.31895	24.9	31256	1.06170e-04	3.31855	26.2
65931.542	15.995	31546	1.05240e-04	3.31973	25.5	31031	1.06990e-04	3.32012	26.1	31558	1.05160e-04	3.31875	24.9	31241	1.06210e-04	3.31816	26.2
65932.730	15.995	31599	1.05070e-04	3.32012	25.5	31001	1.07090e-04	3.31992	26.1	31565	1.05140e-04	3.31875	24.9	31211	1.06330e-04	3.31855	26.2
65933.918	16.012	31627	1.04980e-04	3.32012	25.5	30943	1.07300e-04	3.32012	26.1	31593	1.05050e-04	3.31875	24.9	31221	1.06290e-04	3.31836	26.2
65935.106	16.012	31553	1.05220e-04	3.31992	25.5	30986	1.07150e-04	3.32012	26.1	31543	1.05210e-04	3.31855	24.9	31166	1.06480e-04	3.31855	26.2
65936.295	16.012	31595	1.05080e-04	3.32012	25.5	30924	1.07360e-04	3.32012	26.1	31537	1.05240e-04	3.31895	24.9	31235	1.06250e-04	3.31855	26.2
65937.483	16.046	31576	1.05140e-04	3.31992	25.5	30944	1.07290e-04	3.32012	26.1	31633	1.04910e-04	3.31875	24.9	31271	1.06120e-04	3.31836	26.2
65938.671	16.046	31564	1.05190e-04	3.32012	25.5	30983	1.07150e-04	3.31992	26.1	31549	1.05190e-04	3.31875	24.9	31260	1.06150e-04	3.31836	26.2
65939.859	16.039	31590	1.05100e-04	3.32012	25.5	30968	1.07210e-04	3.32012	26.1	31628	1.04940e-04	3.31895	24.9	31255	1.06180e-04	3.31855	26.2
65941.048	16.039	31580	1.05130e-04	3.32012	25.5	31041	1.06960e-04	3.32012	26.1	31619	1.04960e-04	3.31855	24.9	31265	1.06140e-04	3.31855	26.2
65942.236	15.983	31616	1.05010e-04	3.31992	25.5	30967	1.07220e-04	3.32012	26.1	31576	1.05110e-04	3.31895	24.9	31243	1.06220e-04	3.31855	26.2
65943.424	15.983	31551	1.05230e-04	3.32012	25.5	30986	1.07150e-04	3.32012	26.1	31618	1.04970e-04	3.31875	24.9	31298	1.06030e-04	3.31855	26.2
65944.612	16.019	31570	1.05170e-04	3.32012	25.5	30957	1.07250e-04	3.32031	26.1	31563	1.05150e-04	3.31875	24.9	31239	1.06230e-04	3.31836	26.2
65945.801	16.019	31499	1.05400e-04	3.31992	25.5	30962	1.07230e-04	3.32012	26.1	31553	1.05190e-04	3.31895	24.9	31164	1.06490e-04	3.31855	26.2
65946.989	16.018	31545	1.05250e-04	3.32012	25.5	30919	1.07380e-04	3.32012	26.1	31546	1.05200e-04	3.31855	24.9	31162	1.06490e-04	3.31855	26.2
65948.177	16.018	31535	1.05280e-04	3.31992	25.5	30965	1.07220e-04	3.32012	26.1	31567	1.05130e-04	3.31875	24.9	31241	1.06220e-04	3.31855	26.2
65949.365	16.018	31559	1.05200e-04	3.32012	25.5	30963	1.07230e-04	3.32012	26.1	31616	1.04970e-04	3.31875	24.9	31213	1.06320e-04	3.31855	26.2
65950.553	16.031	31525	1.05310e-04	3.31992	25.5	30975	1.07190e-04	3.32012	26.1	31543	1.05210e-04	3.31875	24.9	31192	1.06380e-04	3.31836	26.2
65951.742	16.031	31477	1.05470e-04	3.31992	25.5	30919	1.07380e-04	3.31992	26.1	31541	1.05220e-04	3.31875	24.9	31156	1.06510e-04	3.31836	26.2
65952.930	16.058	31550	1.05230e-04	3.31992	25.5	30910	1.07410e-04	3.31992	26.1	31499	1.05360e-04	3.31875	24.9	31224	1.06280e-04	3.31855	26.2
65954.118	16.058	31550	1.05230e-04	3.32012	25.5	30992	1.07120e-04	3.31992	26.1	31540	1.05220e-04	3.31855	24.9	31237	1.06240e-04	3.31855	26.2
65955.306	16.041	31530	1.05300e-04	3.32012	25.5	30981	1.07170e-04	3.32012	26.1	31539	1.05230e-04	3.31895	24.9	31269	1.06130e-04	3.31855	26.2
65956.494	16.041	31490	1.05430e-04	3.31992	25.5	30958	1.07250e-04	3.32031	26.1	31511	1.05330e-04	3.31895	24.9	31139	1.06570e-04	3.31836	26.2
65957.683	16.041	31534	1.05290e-04	3.32031	25.5	30945	1.07290e-04	3.32012	26.1	31514	1.05310e-04	3.31875	24.9	31169	1.06470e-04	3.31855	26.2
65958.871	16.063	31495	1.05410e-04	3.31992	25.5	30908	1.07430e-04	3.32031	26.1	31539	1.05230e-04	3.31875	24.9	31154	1.06520e-04	3.31855	26.2
65960.059	16.063	31505	1.05380e-04	3.31992	25.5	30908	1.07420e-04	3.32012	26.1	31480	1.05420e-04	3.31875	24.9	31186	1.06410e-04	3.31855	26.2
65961.247	16.056	31484	1.05450e-04	3.32012	25.5	30905	1.07420e-04	3.31992	26.1	31526	1.05260e-04	3.31855	24.9	31155	1.06520e-04	3.31855	26.2
65962.436	16.056	31522	1.05320e-04	3.31992	25.5	30919	1.07380e-04	3.32012	26.1	31548	1.05200e-04	3.31895	24.9	31172	1.06450e-04	3.31836	26.2
65963.624	16.049	31503	1.05390e-04	3.32012	25.5	30882	1.07510e-04	3.32012	26.1	31532	1.05250e-04	3.31875	24.9	31194	1.06380e-04	3.31836	26.2
65964.812	16.049	31475	1.05480e-04	3.32012	25.5	30903	1.07430e-04	3.31992	26.1	31528	1.05260e-04	3.31875	24.9	31164	1.06490e-04	3.31855	26.2
65966.001	16.064	31477	1.05470e-04	3.31992	25.5	30898	1.07450e-04	3.32012	26.1	31518	1.05300e-04	3.31895	24.9	31227	1.06270e-04	3.31855	26.2
65967.189	16.064	31606	1.05050e-04	3.32012	25.5	30949	1.07280e-04	3.32031	26.1	31534	1.05240e-04	3.31875	24.9	31221	1.06290e-04	3.31855	26.2
65968.377	16.064	31517	1.05340e-04	3.32012	25.5	30984	1.07150e-04	3.32012	26.1	31535	1.05240e-04	3.31875	24.9	31161	1.06500e-04	3.31855	26.2
65969.565	16.033	31499	1.05400e-04	3.32012	25.5	30949	1.07280e-04	3.32031	26.1	31510	1.05330e-04	3.31895	24.9	31241	1.06230e-04	3.31855	26.2
65970.753	16.033	31494	1.05420e-04	3.32012	25.5	30892	1.07480e-04	3.32012	26.1	31596	1.05030e-04	3.31855	24.9	31262	1.06150e-04	3.31836	26.2
65971.941	16.027	31660	1.04860e-04	3.31992	25.5	30944	1.07300e-04	3.32031	26.1	31662	1.04820e-04	3.31895	24.9	31318	1.05970e-04	3.31875	26.2
65973.130	16.027	31566	1.05180e-04	3.31992	25.5	31025	1.07020e-04	3.32012	26.1	31587	1.05070e-04	3.31875	24.9	31283	1.06080e-04	3.31855	26.2
65974.318	16.023	31568	1.05180e-04	3.32012	25.5	30951	1.07270e-04	3.31992	26.1	31602	1.05020e-04	3.31875	24.9	31270	1.06120e-04	3.31855	26.2
65975.507	16.023	31534	1.05290e-04	3.32012	25.5	30892	1.07480e-04	3.32012	26.1	31554	1.05180e-04	3.31875	24.9	31224	1.06280e-04	3.31855	26.2
65976.695	16.023	31540	1.05270e-04	3.32012	25.5	30882	1.07510e-04	3.32012	26.1	31510	1.05320e-04	3.31875	24.9	31184	1.06410e-04	3.31836	26.2
65977.883	16.023	31536	1.05280e-04	3.32012	25.5	30935	1.07330e-04	3.32012	26.1	31551	1.05190e-04	3.31875	24.9	31221	1.06300e-04	3.31875	26.2
65979.071	16.023	31489	1.05430e-04	3.31992	25.5	30914	1.07400e-04	3.32012	26.1	31569	1.05130e-04	3.31895	24.9	31221	1.06290e-04	3.31855	26.2
65980.259	15.993	31581	1.05130e-04	3.32012	25.5	30926	1.07360e-04	3.32012	26.1	31565	1.05150e-04	3.31895	24.9	31229	1.06260e-04	3.31855	26.2
65981.447	15.993	31570	1.05170e-04	3.32012	25.5	30946	1.07290e-04	3.32031	26.1	31560	1.05160e-04	3.31875	24.9	31268	1.06130e-04	3.31855	26.2
65982.636	16.041	31579	1.05140e-04	3.32012	25.5	30934	1.07340e-04	3.32031	26.1	31532	1.05260e-04	3.31895	24.9	31192	1.06390e-04	3.31836	26.2
65983.824	16.041	31574	1.05150e-04	3.32012	25.5	30963	1.07230e-04	3.32012	26.1	31566	1.05140e-04	3.31875	24.9	31216	1.06310e-04	3.31855	26.2
65985.012	16.042	31549	1.05240e-04	3.32012	25.5	30957	1.07250e-04	3.32012	26.1	31593	1.05050e-04	3.31895	24.9	31224	1.06280e-04	3.31855	26.2
65986.201	16.042	31574	1.05150e-04	3.31992	25.5	30972	1.07200e-04	3.32012	26.1	31587	1.05070e-04	3.31875	24.9	31226	1.06280e-04	3.31855	26.2
65987.389	16.042	31537	1.05280e-04	3.32012	25.5	30954	1.07260e-04	3.32012	26.1	31558	1.05160e-04	3.31875	24.9	31228	1.06270e-04	3.31855	26.2
65988.577	16.043	31511	1.05360e-04	3.31992	25.5	30896	1.07460e-04	3.32012	26.1	31579	1.05090e-04	3.31875	24.9	31222	1.06280e-04	3.31836	26.2
65989.765	16.043	31568	1.05170e-04	3.31992	25.5	30917	1.07380e-04	3.31992	26.1	31576	1.05100e-04	3.31875	24.9	31196	1.06370e-04	3.31836	26.2
65990.953	16.046	31561	1.05190e-04	3.31992	25.5	30935	1.07320e-04	3.31992	26.1	31592	1.05050e-04	3.31875	24.9	31251	1.06180e-04	3.31836	26.2
65992.142	16.046	31575	1.05140e-04	3.31992	25.5	30976	1.07180e-04	3.32012	26.1	31614	1.04980e-04	3.31895	24.9	31243	1.06220e-04	3.31855	26.2
65993.330	16.018	31550	1.05230e-04	3.31992	25.5	30964	1.07220e-04	3.32012	26.1	31627	1.04940e-04	3.31895	24.9	31259	1.06160e-04	3.31855	26.2
65994.519	16.018	31598	1.05070e-04	3.32012	25.5	30892	1.07480e-04	3.32012	26.1	31664	1.04810e-04	3.31855	24.9	31244	1.06210e-04	3.31836	26.2
65995.706	16.026	31659	1.04870e-04	3.32012	25.5	30990	1.07140e-04	3.32012	26.1	31647	1.04870e-04	3.31895	24.9	31294	1.06040e-04	3.31836	26.2
65996.895	16.026	31663	1.04850e-04	3.31992	25.5	31052	1.06920e-04	3.32012	26.1	31646	1.04870e-04	3.31875	24.9	31264	1.06140e-04	3.31836	26.2
65998.083	16.016	31649	1.04900e-04	3.32012	25.5	30957	1.07240e-04	3.31992	26.1	31585	1.05070e-04	3.31875	24.9	31193	1.06390e-04	3.31875	26.2
65999.271	16.016	31579	1.05140e-04	3.32012	25.5	30963	1.07230e-04	3.32012	26.1	31549	1.05200e-04	3.31895	24.9	31207	1.06340e-04	3.31855	26.2
66000.459	16.016	31614	1.05010e-04	3.31992	25.5	30930	1.07340e-04	3.32012	26.1	31589	1.05070e-04	3.31895	24.9	31240	1.06220e-04	3.31816	26.2
66001.648	16.004	31501	1.05400e-04	3.32012	25.5	30954	1.07260e-04	3.32012	26.1	31523	1.05280e-04	3.31855	24.9	31202	1.06360e-04	3.31875	26.2
66002.836	16.004	31540	1.05270e-04	3.32012	25.5	30884	1.07510e-04	3.32031	26.1	31550	1.05200e-04	3.31895	24.9	31262	1.06150e-04	3.31855	26.2
66004.024	16.018	31531	1.05300e-04	3.32012	25.5	30877	1.07520e-04	3.31992	26.1	31546	1.05200e-04	3.31875	24.9	31161	1.06500e-04	3.31855	26.2
66005.212	16.018	31525	1.05320e-04	3.32031	25.5	30892	1.07480e-04	3.32031	26.1	31551	1.05190e-04	3.31875	24.9	31185	1.06420e-04	3.31875	26.2
66006.401	16.018	31585	1.05120e-04	3.32012	25.5	30926	1.07360e-04	3.32031	26.1	31556	1.05180e-04	3.31895	24.9	31199	1.06370e-04	3.31855	26.2
66007.589	16.024	31547	1.05240e-04	3.32012	25.5	30951	1.07280e-04	3.32031	26.1	31581	1.05090e-04	3.31895	24.9	31225	1.06270e-04	3.31836	26.2
66008.777	16.021	31506	1.05370e-04	3.31992	25.5	30890	1.07490e-04	3.32031	26.1	31559	1.05160e-04	3.31875	24.9	31238	1.06230e-04	3.31855	26.2
66009.965	16.021	31519	1.05330e-04	3.31992	25.5	30936	1.07320e-04	3.32012	26.1	31567	1.05140e-04	3.31895	24.9	31174	1.06450e-04	3.31855	26.2
66011.154	16.021	31551	1.05230e-04	3.32012	25.5	30878	1.07520e-04	3.31992	26.1	31503	1.05350e-04	3.31875	24.9	31185	1.06420e-04	3.31855	26.2
66012.342	16.047	31543	1.05260e-04	3.32012	25.5	30881	1.07510e-04	3.32012	26.1	31517	1.05310e-04	3.31895	24.9	31191	1.06390e-04	3.31855	26.2
66013.530	16.047	31560	1.05200e-04	3.32012	25.5	30951	1.07280e-04	3.32031	26.1	31568	1.05140e-04	3.31895	24.9	31176	1.06440e-04	3.31836	26.2
66014.718	16.040	31543	1.05250e-04	3.31992	25.5	30957	1.07250e-04	3.32012	26.1	31527	1.05270e-04	3.31875	24.9	31220	1.06290e-04	3.31836	26.2
66015.907	16.040	31551	1.05230e-04	3.32012	25.5	30925	1.07360e-04	3.31992	26.1	31615	1.04970e-04	3.31875	24.9	31248	1.06210e-04	3.31875	26.2
66017.095	16.020	31564	1.05190e-04	3.32012	25.5	30975	1.07190e-04	3.32012	26.1	31592	1.05060e-04	3.31895	24.9	31250	1.06200e-04	3.31875	26.2
66018.283	16.020	31548	1.05240e-04	3.32012	25.5	30889	1.07490e-04	3.32031	26.1	31571	1.05120e-04	3.31875	24.9	31217	1.06310e-04	3.31855	26.2
66019.471	16.020	31542	1.05260e-04	3.32012	25.5	30923	1.07370e-04	3.32031	26.1	31532	1.05260e-04	3.31895	24.9	31211	1.06330e-04	3.31855	26.2
66020.660	16.048	31510	1.05370e-04	3.32012	25.5	30932	1.07340e-04	3.32031	26.1	31586	1.05080e-04	3.31895	24.9	31230	1.06260e-04	3.31855	26.2
66021.848	16.048	31528	1.05300e-04	3.31992	25.5	30891	1.07470e-04	3.31992	26.1	31513	1.05310e-04	3.31875	24.9	31239	1.06230e-04	3.31855	26.2
66023.036	16.034	31493	1.05420e-04	3.32012	25.5	30884	1.07500e-04	3.32012	26.1	31541	1.05230e-04	3.31895	24.9	31214	1.06320e-04	3.31855	26.2
66024.224	16.034	31518	1.05340e-04	3.32012	25.5	30904	1.07430e-04	3.32012	26.1	31499	1.05370e-04	3.31895	24.9	31203	1.06350e-04	3.31855	26.2
66025.413	16.072	31528	1.05310e-04	3.32012	25.5	30941	1.07310e-04	3.32012	26.1	31538	1.05230e-04	3.31875	24.9	31185	1.06420e-04	3.31855	26.2
66026.600	16.072	31603	1.05060e-04	3.32012	25.5	30891	1.07480e-04	3.32031	26.1	31550	1.05200e-04	3.31895	24.9	31153	1.06530e-04	3.31855	26.2
66027.789	16.005	31596	1.05070e-04	3.31992	25.5	31019	1.07040e-04	3.32012	26.1	31603	1.05020e-04	3.31895	24.9	31213	1.06310e-04	3.31836	26.2
66028.977	16.005	31486	1.05450e-04	3.32012	25.5	30959	1.07240e-04	3.32012	26.1	31562	1.05150e-04	3.31875	24.9	31268	1.06140e-04	3.31875	26.2
66030.165	16.005	31529	1.05300e-04	3.32012	25.5	30928	1.07350e-04	3.32012	26.1	31550	1.05200e-04	3.31895	24.9	31181	1.06430e-04	3.31875	26.2
66031.354	16.024	31536	1.05280e-04	3.31992	25.5	30933	1.07330e-04	3.32012	26.1	31512	1.05310e-04	3.31855	24.9	31172	1.06450e-04	3.31836	26.2
66032.542	16.024	31511	1.05360e-04	3.32012	25.5	30923	1.07370e-04	3.32031	26.1	31531	1.05260e-04	3.31895	24.9	31185	1.06420e-04	3.31855	26.2
66033.730	16.053	31534	1.05290e-04	3.32031	25.5	30931	1.07350e-04	3.32031	26.1	31537	1.05240e-04	3.31895	24.9	31128	1.06610e-04	3.31855	26.2
66034.919	16.053	31539	1.05260e-04	3.31992	25.5	30923	1.07370e-04	3.32012	26.1	31515	1.05310e-04	3.31875	24.9	31178	1.06440e-04	3.31855	26.2
66036.107	16.022	31496	1.05410e-04	3.32012	25.5	30923	1.07370e-04	3.32012	26.1	31544	1.05200e-04	3.31855	24.9	31248	1.06200e-04	3.31855	26.2
66037.295	16.022	31524	1.05320e-04	3.32012	25.5	30902	1.07430e-04	3.31992	26.1	31622	1.04960e-04	3.31895	24.9	31236	1.06240e-04	3.31855	26.2
66038.483	16.022	31583	1.05120e-04	3.31992	25.5	30916	1.07380e-04	3.31992	26.1	31510	1.05320e-04	3.31875	24.9	31237	1.06230e-04	3.31836	26.2
66039.671	16.035	31563	1.05190e-04	3.32012	25.5	30982	1.07150e-04	3.31992	26.1	31519	1.05300e-04	3.31875	24.9	31144	1.06550e-04	3.31855	26.2
66040.859	16.035	31552	1.05220e-04	3.31992	25.5	30928	1.07340e-04	3.31992	26.1	31530	1.05260e-04	3.31895	24.9	31233	1.06250e-04	3.31855	26.2
66042.048	16.028	31544	1.05250e-04	3.31992	25.5	30908	1.07420e-04	3.32012	26.1	31480	1.05420e-04	3.31855	24.9	31216	1.06310e-04	3.31855	26.2
66043.236	16.028	31565	1.05180e-04	3.32012	25.5	30914	1.07400e-04	3.32012	26.1	31499	1.05370e-04	3.31895	24.9	31246	1.06210e-04	3.31875	26.2
66044.424	16.028	31495	1.05420e-04	3.32012	25.5	30928	1.07350e-04	3.32012	26.1	31551	1.05190e-04	3.31875	24.9	31232	1.06260e-04	3.31855	26.2
66045.612	16.017	31560	1.05200e-04	3.32012	25.5	30919	1.07380e-04	3.32012	26.1	31534	1.05240e-04	3.31875	24.9	31253	1.06180e-04	3.31836	26.2
66046.801	16.071	31532	1.05290e-04	3.32012	25.6	30948	1.07290e-04	3.32031	26.1	31506	1.05340e-04	3.31895	24.9	31222	1.06290e-04	3.31855	26.2
66047.989	16.071	31525	1.05310e-04	3.31992	25.6	30933	1.07330e-04	3.32012	26.1	31535	1.05240e-04	3.31875	24.9	31267	1.06140e-04	3.31855	26.2
66049.177	16.071	31594	1.05080e-04	3.31992	25.6	30907	1.07420e-04	3.31992	26.1	31569	1.05120e-04	3.31855	24.9	31165	1.06480e-04	3.31855	26.2
66050.365	16.041	31611	1.05040e-04	3.32031	25.6	30888	1.07490e-04	3.32012	26.1	31567	1.05150e-04	3.31914	24.9	31236	1.06250e-04	3.31875	26.2
66051.554	16.041	31600	1.05060e-04	3.31992	25.6	30997	1.07110e-04	3.32012	26.1	31635	1.04910e-04	3.31875	24.9	31271	1.06120e-04	3.31836	26.2
66052.742	16.034	31591	1.05100e-04	3.32012	25.6	31033	1.06990e-04	3.32031	26.1	31537	1.05240e-04	3.31895	24.9	31259	1.06160e-04	3.31855	26.2
66053.930	16.034	31528	1.05310e-04	3.32012	25.6	30987	1.07150e-04	3.32031	26.1	31578	1.05100e-04	3.31895	24.9	31221	1.06290e-04	3.31855	26.2
66055.118	16.009	31510	1.05360e-04	3.31992	25.5	30948	1.07280e-04	3.32012	26.1	31587	1.05070e-04	3.31875	24.9	31241	1.06230e-04	3.31855	26.2
66056.307	16.009	31613	1.05020e-04	3.31992	25.6	30884	1.07500e-04	3.32012	26.1	31507	1.05330e-04	3.31875	24.9	31170	1.06460e-04	3.31836	26.2
66057.495	16.015	31549	1.05230e-04	3.31992	25.6	30867	1.07560e-04	3.32012	26.1	31495	1.05380e-04	3.31895	24.9	31165	1.06480e-04	3.31836	26.2
66058.683	16.015	31551	1.05230e-04	3.32012	25.6	30950	1.07280e-04	3.32012	26.1	31525	1.05270e-04	3.31875	24.9	31223	1.06290e-04	3.31855	26.2
66059.871	16.016	31564	1.05190e-04	3.32012	25.6	30988	1.07140e-04	3.32012	26.1	31501	1.05360e-04	3.31895	24.9	31154	1.06520e-04	3.31855	26.2
66061.060	16.016	31526	1.05310e-04	3.31992	25.6	30954	1.07250e-04	3.31992	26.1	31526	1.05270e-04	3.31875	24.9	31193	1.06390e-04	3.31855	26.2
66062.248	16.016	31513	1.05360e-04	3.32012	25.6	30910	1.07410e-04	3.32012	26.1	31508	1.05330e-04	3.31875	24.9	31228	1.06270e-04	3.31855	26.2
66063.436	16.034	31551	1.05230e-04	3.32012	25.6	30912	1.07410e-04	3.32012	26.1	31488	1.05400e-04	3.31895	24.9	31255	1.06170e-04	3.31836	26.2
66064.624	16.034	31542	1.05250e-04	3.31992	25.5	30908	1.07410e-04	3.31992	26.1	31517	1.05300e-04	3.31875	24.9	31197	1.06370e-04	3.31836	26.2
66065.813	16.031	31574	1.05150e-04	3.31992	25.5	30936	1.07320e-04	3.32012	26.1	31523	1.05270e-04	3.31855	24.9	31311	1.05980e-04	3.31836	26.2
66067.001	16.031	31519	1.05330e-04	3.31992	25.5	30997	1.07110e-04	3.31992	26.1	31563	1.05150e-04	3.31875	24.9	31249	1.06200e-04	3.31855	26.2
66068.189	16.063	31595	1.05080e-04	3.31992	25.5	30999	1.07100e-04	3.31992	26.1	31600	1.05020e-04	3.31855	24.9	31234	1.06240e-04	3.31836	26.2
66069.378	16.063	31588	1.05100e-04	3.31992	25.5	31000	1.07110e-04	3.32031	26.1	31606	1.05000e-04	3.31875	24.9	31280	1.06090e-04	3.31855	26.2
66070.566	16.034	31561	1.05190e-04	3.31992	25.5	31019	1.07040e-04	3.32012	26.1	31565	1.05140e-04	3.31875	24.9	31243	1.06210e-04	3.31836	26.2
66071.754	16.034	31579	1.05130e-04	3.31992	25.5	30977	1.07180e-04	3.32012	26.1	31612	1.04980e-04	3.31855	24.9	31297	1.06030e-04	3.31836	26.2
66072.942	16.034	31533	1.05280e-04	3.31992	25.5	30992	1.07120e-04	3.31992	26.1	31595	1.05040e-04	3.31875	24.9	31255	1.06180e-04	3.31855	26.2
66074.130	16.011	31551	1.05220e-04	3.31992	25.5	30990	1.07130e-04	3.31992	26.1	31623	1.04950e-04	3.31875	24.9	31208	1.06340e-04	3.31855	26.2
66075.319	16.011	31547	1.05240e-04	3.31992	25.5	30978	1.07170e-04	3.31992	26.1	31558	1.05160e-04	3.31875	24.9	31244	1.06210e-04	3.31836	26.2
66076.507	16.039	31561	1.05190e-04	3.31992	25.5	30951	1.07260e-04	3.31992	26.1	31576	1.05100e-04	3.31855	24.9	31255	1.06160e-04	3.31816	26.2
66077.695	16.039	31544	1.05250e-04	3.31992	25.5	31000	1.07100e-04	3.32012	26.1	31570	1.05120e-04	3.31875	24.9	31268	1.06130e-04	3.31836	26.2
66078.883	16.029	31516	1.05330e-04	3.31953	25.5	30920	1.07370e-04	3.31992	26.1	31582	1.05080e-04	3.31855	24.9	31231	1.06250e-04	3.31816	26.2
66080.072	16.029	31604	1.05060e-04	3.32031	25.5	30955	1.07250e-04	3.31992	26.1	31562	1.05140e-04	3.31855	24.9	31276	1.06110e-04	3.31855	26.2
66081.260	16.029	31545	1.05240e-04	3.31992	25.5	30959	1.07240e-04	3.32012	26.1	31533	1.05250e-04	3.31895	24.9	31148	1.06540e-04	3.31855	26.2
66082.448	16.021	31561	1.05190e-04	3.31992	25.5	30906	1.07430e-04	3.32012	26.1	31536	1.05230e-04	3.31855	24.9	31209	1.06320e-04	3.31816	26.2
66083.636	16.021	31518	1.05340e-04	3.32012	25.5	30868	1.07560e-04	3.32012	26.1	31549	1.05200e-04	3.31875	24.9	31200	1.06360e-04	3.31855	26.2
66084.824	16.057	31626	1.04970e-04	3.31992	25.5	30957	1.07250e-04	3.32012	26.1	31512	1.05320e-04	3.31895	24.9	31230	1.06260e-04	3.31836	26.2
66086.013	16.057	31524	1.05310e-04	3.31992	25.5	30972	1.07190e-04	3.31992	26.1	31610	1.04990e-04	3.31875	24.9	31183	1.06420e-04	3.31855	26.2
66087.201	16.036	31571	1.05160e-04	3.31992	25.5	30921	1.07380e-04	3.32012	26.1	31506	1.05340e-04	3.31875	24.9	31234	1.06250e-04	3.31855	26.2
66088.389	16.036	31601	1.05060e-04	3.31992	25.5	30951	1.07270e-04	3.31992	26.1	31575	1.05110e-04	3.31895	24.9	31274	1.06110e-04	3.31855	26.2
66089.577	16.049	31539	1.05270e-04	3.32012	25.5	30988	1.07140e-04	3.32012	26.1	31552	1.05180e-04	3.31875	24.9	31250	1.06190e-04	3.31836	26.2
66090.766	16.049	31608	1.05040e-04	3.31992	25.5	30955	1.07260e-04	3.32012	26.1	31583	1.05090e-04	3.31895	24.9	31249	1.06200e-04	3.31855	26.2
66091.954	16.049	31560	1.05200e-04	3.31992	25.5	31051	1.06920e-04	3.32012	26.1	31621	1.04950e-04	3.31875	24.9	31265	1.06140e-04	3.31836	26.2
66093.142	16.049	31564	1.05190e-04	3.32012	25.5	30986	1.07150e-04	3.32012	26.1	31633	1.04910e-04	3.31855	24.9	31248	1.06210e-04	3.31875	26.2
66094.330	16.049	31615	1.05010e-04	3.31992	25.5	30932	1.07340e-04	3.32031	26.1	31584	1.05080e-04	3.31895	24.9	31225	1.06280e-04	3.31855	26.2
66095.519	16.043	31586	1.05110e-04	3.31992	25.5	30962	1.07230e-04	3.32012	26.1	31579	1.05100e-04	3.31895	24.9	31229	1.06250e-04	3.31816	26.2
66096.707	16.043	31580	1.05140e-04	3.32031	25.5	30933	1.07330e-04	3.32012	26.1	31614	1.04980e-04	3.31875	24.9	31255	1.06180e-04	3.31855	26.2
66097.895	16.029	31659	1.04870e-04	3.31992	25.5	30913	1.07400e-04	3.32012	26.1	31593	1.05050e-04	3.31895	24.9	31270	1.06120e-04	3.31855	26.2
66099.083	16.029	31605	1.05040e-04	3.31992	25.5	30958	1.07240e-04	3.31992	26.1	31609	1.04990e-04	3.31875	24.9	31289	1.06060e-04	3.31855	26.2
66100.271	16.029	31583	1.05120e-04	3.31992	25.5	31021	1.07020e-04	3.31973	26.1	31542	1.05210e-04	3.31855	24.9	31225	1.06270e-04	3.31836	26.2
66101.460	16.034	31594	1.05080e-04	3.31992	25.5	30921	1.07370e-04	3.31992	26.1	31593	1.05050e-04	3.31875	24.9	31225	1.06270e-04	3.31836	26.2
66102.648	16.034	31511	1.05360e-04	3.31992	25.5	30884	1.07500e-04	3.32012	26.1	31605	1.05010e-04	3.31875	24.9	31255	1.06170e-04	3.31836	26.2
66103.836	16.041	31595	1.05080e-04	3.31992	25.5	30905	1.07430e-04	3.32012	26.1	31556	1.05170e-04	3.31855	24.9	31179	1.06430e-04	3.31855	26.2
66105.025	16.041	31527	1.05300e-04	3.31992	25.5	30916	1.07390e-04	3.32012	26.1	31542	1.05220e-04	3.31895	24.9	31219	1.06310e-04	3.31875	26.2
66106.213	16.041	31567	1.05170e-04	3.31992	25.5	30932	1.07340e-04	3.32012	26.1	31560	1.05160e-04	3.31875	24.9	31233	1.06250e-04	3.31855	26.2
66107.401	16.041	31541	1.05270e-04	3.32031	25.5	30954	1.07260e-04	3.32012	26.1	31566	1.05140e-04	3.31875	24.9	31192	1.06390e-04	3.31836	26.2
66108.589	16.039	31570	1.05170e-04	3.32012	25.5	30895	1.07470e-04	3.32012	26.1	31531	1.05250e-04	3.31875	24.9	31311	1.05980e-04	3.31836	26.2
66109.778	16.039	31550	1.05230e-04	3.31992	25.5	30983	1.07160e-04	3.32012	26.1	31600	1.05020e-04	3.31855	24.9	31227	1.06270e-04	3.31836	26.2
66110.966	16.063	31554	1.05220e-04	3.32012	25.5	30896	1.07460e-04	3.32012	26.1	31503	1.05360e-04	3.31914	24.9	31276	1.06110e-04	3.31875	26.2
66112.154	16.063	31516	1.05340e-04	3.31992	25.5	30935	1.07320e-04	3.31992	26.1	31481	1.05420e-04	3.31875	24.9	31170	1.06470e-04	3.31855	26.2
66113.342	16.063	31493	1.05420e-04	3.32012	25.5	30911	1.07400e-04	3.31992	26.1	31529	1.05250e-04	3.31855	24.9	31197	1.06370e-04	3.31836	26.2
66114.530	16.025	31592	1.05090e-04	3.32012	25.5	30868	1.07560e-04	3.32012	26.1	31533	1.05250e-04	3.31895	24.9	31233	1.06250e-04	3.31855	26.2
66115.719	16.025	31569	1.05170e-04	3.31992	25.5	30957	1.07250e-04	3.32012	26.1	31577	1.05100e-04	3.31875	24.9	31275	1.06100e-04	3.31836	26.2
66116.907	16.041	31594	1.05090e-04	3.32012	25.5	30936	1.07320e-04	3.32012	26.1	31560	1.05160e-04	3.31875	24.9	31278	1.06100e-04	3.31855	26.2
66118.095	16.041	31591	1.05090e-04	3.31992	25.5	30989	1.07140e-04	3.32012	26.1	31554	1.05180e-04	3.31895	24.9	31196	1.06380e-04	3.31855	26.2
66119.284	16.018	31566	1.05180e-04	3.32012	25.5	30972	1.07190e-04	3.31992	26.1	31569	1.05120e-04	3.31855	24.9	31222	1.06280e-04	3.31836	26.2
66120.471	16.018	31581	1.05140e-04	3.32031	25.5	30930	1.07350e-04	3.32031	26.1	31553	1.05190e-04	3.31895	24.9	31290	1.06050e-04	3.31836	26.2
66121.660	16.022	31583	1.05120e-04	3.32012	25.5	30974	1.07190e-04	3.32012	26.1	31599	1.05030e-04	3.31875	24.9	31251	1.06190e-04	3.31855	26.2
66122.848	16.022	31598	1.05070e-04	3.32012	25.5	30936	1.07320e-04	3.32012	26.1	31567	1.05130e-04	3.31875	24.9	31262	1.06150e-04	3.31836	26.2
66124.036	16.022	31566	1.05180e-04	3.32012	25.5	30997	1.07110e-04	3.32012	26.1	31612	1.04990e-04	3.31895	24.9	31217	1.06310e-04	3.31875	26.2
66125.224	16.023	31521	1.05320e-04	3.31992	25.5	30903	1.07440e-04	3.32012	26.1	31542	1.05220e-04	3.31875	24.9	31210	1.06320e-04	3.31836	26.2
66126.413	16.023	31554	1.05220e-04	3.32012	25.5	30927	1.07350e-04	3.31992	26.1	31557	1.05170e-04	3.31875	24.9	31200	1.06360e-04	3.31836	26.2
66127.601	16.037	31533	1.05290e-04	3.32012	25.5	30960	1.07240e-04	3.32012	26.1	31587	1.05070e-04	3.31875	24.9	31239	1.06230e-04	3.31855	26.2
66128.789	16.037	31587	1.05100e-04	3.31992	25.5	30937	1.07330e-04	3.32031	26.1	31538	1.05230e-04	3.31875	24.9	31277	1.06100e-04	3.31836	26.2
66129.978	16.025	31568	1.05180e-04	3.32012	25.5	30972	1.07190e-04	3.31992	26.1	31542	1.05220e-04	3.31875	24.9	31225	1.06280e-04	3.31875	26.2
66131.166	16.025	31571	1.05160e-04	3.31992	25.5	30951	1.07280e-04	3.32031	26.1	31619	1.04970e-04	3.31895	24.9	31241	1.06230e-04	3.31855	26.2
66132.354	16.025	31494	1.05420e-04	3.32012	25.5	30895	1.07460e-04	3.32012	26.1	31543	1.05210e-04	3.31875	24.9	31233	1.06250e-04	3.31836	26.2
66133.542	16.042	31549	1.05240e-04	3.32012	25.6	30898	1.07450e-04	3.32012	26.1	31521	1.05290e-04	3.31875	24.9	31235	1.06240e-04	3.31836	26.2
66134.730	16.042	31566	1.05180e-04	3.31992	25.6	30994	1.07120e-04	3.32012	26.1	31510	1.05320e-04	3.31875	24.9	31248	1.06200e-04	3.31836	26.2
66135.919	16.048	31560	1.05200e-04	3.32012	25.6	31024	1.07010e-04	3.31992	26.1	31615	1.04970e-04	3.31875	24.9	31222	1.06290e-04	3.31875	26.2
66137.107	16.048	31476	1.05470e-04	3.31992	25.6	30925	1.07350e-04	3.31992	26.1	31535	1.05240e-04	3.31875	24.9	31219	1.06300e-04	3.31855	26.2
66138.295	16.012	31526	1.05310e-04	3.32012	25.6	30900	1.07440e-04	3.31992	26.1	31486	1.05410e-04	3.31895	25.0	31187	1.06410e-04	3.31855	26.2
66139.483	16.012	31510	1.05370e-04	3.32012	25.6	30883	1.07510e-04	3.32012	26.1	31475	1.05440e-04	3.31875	25.0	31166	1.06480e-04	3.31855	26.2
66140.671	16.051	31578	1.05140e-04	3.32012	25.6	30913	1.07400e-04	3.32012	26.1	31470	1.05460e-04	3.31875	25.0	31184	1.06420e-04	3.31855	26.2
66141.860	16.051	31511	1.05360e-04	3.31992	25.6	30924	1.07360e-04	3.32012	26.1	31495	1.05370e-04	3.31875	25.0	31158	1.06510e-04	3.31855	26.2
66143.048	16.051	31490	1.05430e-04	3.32012	25.6	30904	1.07440e-04	3.32031	26.1	31494	1.05380e-04	3.31875	25.0	31163	1.06490e-04	3.31855	26.2
66144.236	16.065	31520	1.05330e-04	3.31992	25.6	30886	1.07500e-04	3.32031	26.1	31527	1.05270e-04	3.31875	25.0	31160	1.06500e-04	3.31836	26.2
66145.424	16.065	31533	1.05290e-04	3.32012	25.6	30880	1.07520e-04	3.32012	26.1	31519	1.05290e-04	3.31875	25.0	31161	1.06500e-04	3.31855	26.2
66146.613	16.048	31532	1.05300e-04	3.32012	25.6	30905	1.07430e-04	3.32012	26.1	31504	1.05340e-04	3.31875	25.0	31177	1.06440e-04	3.31855	26.2
66147.801	16.048	31508	1.05360e-04	3.31973	25.6	30900	1.07450e-04	3.32012	26.1	31505	1.05340e-04	3.31875	25.0	31227	1.06260e-04	3.31836	26.2
66148.989	16.056	31616	1.05020e-04	3.32031	25.6	30905	1.07430e-04	3.32012	26.1	31550	1.05200e-04	3.31895	25.0	31320	1.05960e-04	3.31875	26.2
66150.177	16.056	31554	1.05220e-04	3.32012	25.6	30995	1.07120e-04	3.32012	26.1	31607	1.05000e-04	3.31875	25.0	31314	1.05980e-04	3.31855	26.2
66151.366	16.056	31654	1.04880e-04	3.31992	25.6	31040	1.06950e-04	3.31992	26.2	31617	1.04970e-04	3.31895	25.0	31372	1.05780e-04	3.31855	26.2
66152.554	16.041	31570	1.05170e-04	3.32012	25.6	31005	1.07080e-04	3.32012	26.2	31663	1.04820e-04	3.31895	25.0	31352	1.05850e-04	3.31855	26.2
66153.742	16.041	31589	1.05100e-04	3.32012	25.6	30945	1.07290e-04	3.32012	26.2	31596	1.05040e-04	3.31895	25.0	31311	1.05990e-04	3.31855	26.2
66154.931	16.022	31631	1.04970e-04	3.32012	25.6	31045	1.06950e-04	3.32031	26.2	31600	1.05030e-04	3.31895	25.0	31264	1.06150e-04	3.31875	26.2
66156.119	16.022	31530	1.05310e-04	3.32031	25.6	30963	1.07240e-04	3.32031	26.2	31594	1.05050e-04	3.31895	25.0	31240	1.06230e-04	3.31855	26.2
66157.307	16.015	31575	1.05140e-04	3.31992	25.6	30945	1.07290e-04	3.32012	26.2	31530	1.05260e-04	3.31875	25.0	31204	1.06340e-04	3.31836	26.2
66158.495	16.015	31532	1.05300e-04	3.32012	25.6	30974	1.07190e-04	3.32012	26.2	31536	1.05240e-04	3.31895	25.0	31256	1.06170e-04	3.31855	26.2
66159.684	16.020	31543	1.05260e-04	3.32012	25.6	30935	1.07330e-04	3.32012	26.2	31540	1.05230e-04	3.31895	25.0	31316	1.05960e-04	3.31836	26.2
66160.872	16.020	31571	1.05160e-04	3.32012	25.6	30966	1.07220e-04	3.32012	26.2	31529	1.05260e-04	3.31875	25.0	31276	1.06110e-04	3.31875	26.2
66162.060	16.040	31508	1.05370e-04	3.32012	25.6	30929	1.07350e-04	3.32012	26.2	31517	1.05310e-04	3.31895	25.0	31276	1.06110e-04	3.31875	26.2
66163.248	16.040	31571	1.05160e-04	3.32012	25.6	31022	1.07020e-04	3.32012	26.2	31582	1.05090e-04	3.31895	25.0	31291	1.06060e-04	3.31855	26.2
66164.436	16.040	31560	1.05200e-04	3.31992	25.6	30927	1.07360e-04	3.32031	26.2	31530	1.05260e-04	3.31875	25.0	31235	1.06240e-04	3.31836	26.2
66165.625	16.075	31491	1.05430e-04	3.32012	25.6	30961	1.07240e-04	3.32012	26.2	31483	1.05420e-04	3.31895	25.0	31188	1.06400e-04	3.31855	26.2
66166.813	16.075	31529	1.05300e-04	3.32012	25.7	30890	1.07490e-04	3.32031	26.2	31492	1.05380e-04	3.31875	25.0	31221	1.06290e-04	3.31855	26.2
66168.001	16.051	31506	1.05380e-04	3.32012	25.7	30945	1.07290e-04	3.32012	26.2	31521	1.05290e-04	3.31875	25.0	31160	1.06510e-04	3.31875	26.2
66169.190	16.051	31521	1.05330e-04	3.32012	25.7	30955	1.07260e-04	3.32031	26.2	31491	1.05390e-04	3.31895	25.0	31259	1.06160e-04	3.31855	26.2
66170.378	16.051	31489	1.05440e-04	3.32012	25.7	30929	1.07350e-04	3.32012	26.2	31473	1.05450e-04	3.31875	25.0	31212	1.06320e-04	3.31855	26.2
66171.566	16.037	31520	1.05330e-04	3.31992	25.7	30915	1.07390e-04	3.32012	26.2	31511	1.05330e-04	3.31895	25.0	31159	1.06500e-04	3.31855	26.2
66172.754	16.052	31573	1.05160e-04	3.32031	25.7	30900	1.07450e-04	3.32012	26.2	31498	1.05370e-04	3.31895	25.0	31220	1.06300e-04	3.31875	26.2
66173.942	16.052	31546	1.05250e-04	3.32012	25.7	30945	1.07300e-04	3.32031	26.2	31578	1.05100e-04	3.31895	25.0	31245	1.06220e-04	3.31875	26.2
66175.131	16.052	31569	1.05170e-04	3.32012	25.7	30971	1.07200e-04	3.32012	26.2	31568	1.05130e-04	3.31875	25.0	31241	1.06230e-04	3.31875	26.2
66176.319	16.113	31585	1.05120e-04	3.32031	25.7	30942	1.07310e-04	3.32031	26.2	31541	1.05230e-04	3.31914	25.0	31234	1.06250e-04	3.31855	26.2
66177.507	16.113	31550	1.05230e-04	3.32012	25.7	30931	1.07340e-04	3.32012	26.2	31457	1.05500e-04	3.31875	25.0	31191	1.06390e-04	3.31836	26.2
66178.696	16.037	31500	1.05400e-04	3.32012	25.7	30899	1.07460e-04	3.32031	26.2	31488	1.05400e-04	3.31895	25.0	31175	1.06460e-04	3.31875	26.2
66179.884	16.037	31496	1.05410e-04	3.32012	25.7	30907	1.07430e-04	3.32031	26.2	31515	1.05310e-04	3.31895	25.0	31189	1.06400e-04	3.31855	26.2
66181.072	16.040	31555	1.05220e-04	3.32012	25.7	30906	1.07430e-04	3.32012	26.2	31478	1.05420e-04	3.31855	25.0	31246	1.06210e-04	3.31855	26.2
66182.260	16.040	31569	1.05170e-04	3.32012	25.7	30937	1.07320e-04	3.32031	26.2	31561	1.05170e-04	3.31914	25.0	31199	1.06370e-04	3.31855	26.2
66183.448	16.040	31516	1.05350e-04	3.32012	25.7	30992	1.07130e-04	3.32012	26.2	31552	1.05180e-04	3.31875	25.0	31201	1.06360e-04	3.31855	26.2
66184.636	16.042	31512	1.05350e-04	3.31992	25.7	30981	1.07170e-04	3.32012	26.2	31603	1.05020e-04	3.31895	25.0	31205	1.06340e-04	3.31836	26.2
66185.825	16.042	31541	1.05270e-04	3.32031	25.7	31007	1.07080e-04	3.32012	26.2	31520	1.05300e-04	3.31895	25.0	31235	1.06250e-04	3.31875	26.2
66187.013	16.027	31587	1.05110e-04	3.32012	25.7	30938	1.07320e-04	3.32031	26.2	31556	1.05180e-04	3.31895	25.0	31235	1.06250e-04	3.31875	26.2
66188.201	16.027	31510	1.05360e-04	3.31992	25.7	30939	1.07310e-04	3.31992	26.2	31541	1.05220e-04	3.31875	25.0	31196	1.06380e-04	3.31875	26.2
66189.389	16.036	31537	1.05280e-04	3.32012	25.7	30923	1.07370e-04	3.32031	26.2	31537	1.05240e-04	3.31895	25.0	31271	1.06120e-04	3.31836	26.2
66190.578	16.036	31538	1.05280e-04	3.32012	25.7	30866	1.07570e-04	3.32031	26.2	31526	1.05280e-04	3.31895	25.0	31223	1.06290e-04	3.31855	26.2
66191.766	16.072	31515	1.05360e-04	3.32031	25.7	30954	1.07260e-04	3.32012	26.2	31529	1.05260e-04	3.31875	25.0	31229	1.06260e-04	3.31836	26.2
66192.954	16.072	31511	1.05370e-04	3.32031	25.7	30942	1.07310e-04	3.32051	26.2	31535	1.05250e-04	3.31914	25.0	31233	1.06260e-04	3.31875	26.2
66194.142	16.072	31503	1.05390e-04	3.32012	25.7	30924	1.07360e-04	3.32012	26.2	31549	1.05190e-04	3.31875	25.0	31167	1.06480e-04	3.31875	26.2
66195.331	16.052	31615	1.05020e-04	3.32012	25.7	30950	1.07270e-04	3.32012	26.2	31549	1.05200e-04	3.31895	25.0	31138	1.06580e-04	3.31855	26.2
66196.519	16.052	31546	1.05250e-04	3.32031	25.7	30982	1.07170e-04	3.32031	26.2	31604	1.05020e-04	3.31895	25.0	31224	1.06280e-04	3.31855	26.2
66197.707	15.971	31557	1.05210e-04	3.32012	25.7	30902	1.07440e-04	3.32012	26.2	31549	1.05190e-04	3.31875	25.0	31202	1.06360e-04	3.31855	26.2
66198.896	15.971	31508	1.05370e-04	3.32012	25.7	30889	1.07490e-04	3.32031	26.2	31544	1.05220e-04	3.31895	25.0	31207	1.06340e-04	3.31855	26.2
66200.084	16.035	31546	1.05250e-04	3.32012	25.7	30944	1.07290e-04	3.32012	26.2	31516	1.05320e-04	3.31914	25.0	31191	1.06410e-04	3.31895	26.2
66201.272	16.035	31577	1.05140e-04	3.31992	25.7	30939	1.07310e-04	3.32012	26.2	31573	1.05110e-04	3.31875	25.0	31212	1.06320e-04	3.31855	26.2
66202.460	16.035	31589	1.05100e-04	3.32012	25.7	30965	1.07230e-04	3.32031	26.2	31598	1.05040e-04	3.31914	25.0	31273	1.06120e-04	3.31855	26.2
66203.648	16.030	31526	1.05310e-04	3.32012	25.7	30985	1.07160e-04	3.32031	26.2	31568	1.05140e-04	3.31895	25.0	31264	1.06150e-04	3.31855	26.2
66204.837	16.030	31513	1.05360e-04	3.32012	25.7	30950	1.07280e-04	3.32031	26.2	31576	1.05100e-04	3.31875	25.0	31196	1.06380e-04	3.31855	26.2
66206.025	16.081	31556	1.05210e-04	3.32012	25.6	30927	1.07360e-04	3.32031	26.2	31544	1.05210e-04	3.31875	25.0	31215	1.06320e-04	3.31875	26.2
66207.214	16.081	31530	1.05300e-04	3.32012	25.6	30956	1.07250e-04	3.32012	26.2	31540	1.05220e-04	3.31875	25.0	31249	1.06200e-04	3.31855	26.2
66208.402	16.021	31546	1.05240e-04	3.31992	25.7	30931	1.07330e-04	3.31992	26.2	31522	1.05280e-04	3.31875	25.0	31278	1.06100e-04	3.31855	26.2
66209.590	16.021	31526	1.05320e-04	3.32031	25.7	30921	1.07380e-04	3.32031	26.2	31479	1.05440e-04	3.31914	25.0	31251	1.06190e-04	3.31855	26.2
66210.778	16.036	31490	1.05430e-04	3.32012	25.7	30894	1.07470e-04	3.32012	26.2	31506	1.05340e-04	3.31895	25.0	31193	1.06390e-04	3.31855	26.2
66211.966	16.036	31511	1.05360e-04	3.31992	25.7	30909	1.07410e-04	3.32012	26.2	31470	1.05460e-04	3.31875	25.0	31133	1.06600e-04	3.31875	26.2
66213.154	16.036	31536	1.05290e-04	3.32031	25.7	30895	1.07470e-04	3.32031	26.2	31527	1.05280e-04	3.31914	25.0	31180	1.06440e-04	3.31875	26.2
66214.343	16.042	31541	1.05260e-04	3.31992	25.7	30909	1.07410e-04	3.32012	26.2	31520	1.05300e-04	3.31895	25.0	31173	1.06450e-04	3.31855	26.2
66215.531	16.042	31525	1.05320e-04	3.32031	25.7	30891	1.07480e-04	3.32012	26.2	31525	1.05280e-04	3.31875	25.0	31173	1.06450e-04	3.31836	26.2
66216.720	16.040	31467	1.05520e-04	3.32031	25.7	30929	1.07350e-04	3.32031	26.2	31570	1.05130e-04	3.31895	25.0	31245	1.06220e-04	3.31875	26.2
66217.907	16.040	31548	1.05240e-04	3.32012	25.7	30940	1.07320e-04	3.32031	26.2	31521	1.05290e-04	3.31875	25.0	31238	1.06230e-04	3.31855	26.2
66219.096	16.090	31558	1.05210e-04	3.32031	25.7	31029	1.07000e-04	3.32012	26.2	31540	1.05230e-04	3.31895	25.0	31224	1.06290e-04	3.31875	26.2
66220.284	16.090	31461	1.05530e-04	3.32012	25.7	30949	1.07280e-04	3.32012	26.2	31519	1.05300e-04	3.31895	25.0	31222	1.06300e-04	3.31875	26.2
66221.472	16.090	31491	1.05430e-04	3.32012	25.6	30893	1.07470e-04	3.32012	26.2	31482	1.05420e-04	3.31875	25.0	31179	1.06430e-04	3.31855	26.2
66222.660	16.073	31531	1.05300e-04	3.32031	25.6	30920	1.07380e-04	3.32012	26.2	31506	1.05340e-04	3.31895	25.0	31192	1.06390e-04	3.31855	26.2
66223.849	16.064	31522	1.05330e-04	3.32012	25.6	30941	1.07310e-04	3.32012	26.2	31530	1.05260e-04	3.31875	25.0	31235	1.06250e-04	3.31855	26.2
66225.037	16.064	31531	1.05300e-04	3.32012	25.7	30926	1.07360e-04	3.32012	26.2	31545	1.05210e-04	3.31895	25.0	31231	1.06260e-04	3.31875	26.2
66226.225	16.064	31530	1.05300e-04	3.32012	25.6	30898	1.07450e-04	3.32012	26.2	31522	1.05300e-04	3.31914	25.0	31255	1.06180e-04	3.31855	26.2
66227.414	16.043	31544	1.05260e-04	3.32031	25.6	30953	1.07260e-04	3.32012	26.2	31578	1.05100e-04	3.31875	25.0	31181	1.06430e-04	3.31855	26.2
66228.602	16.043	31554	1.05220e-04	3.32012	25.6	30931	1.07350e-04	3.32031	26.2	31552	1.05190e-04	3.31895	25.0	31201	1.06360e-04	3.31855	26.2
66229.790	16.101	31592	1.05090e-04	3.32012	25.7	30995	1.07120e-04	3.32031	26.2	31624	1.04950e-04	3.31895	25.0	31231	1.06260e-04	3.31855	26.2
66230.978	16.101	31586	1.05110e-04	3.31992	25.7	30942	1.07310e-04	3.32031	26.2	31521	1.05290e-04	3.31875	25.0	31295	1.06050e-04	3.31875	26.2
66232.167	16.075	31532	1.05300e-04	3.32031	25.6	30923	1.07370e-04	3.32012	26.2	31573	1.05110e-04	3.31875	25.0	31214	1.06310e-04	3.31836	26.2
66233.354	16.075	31563	1.05190e-04	3.32012	25.6	31005	1.07090e-04	3.32031	26.2	31555	1.05180e-04	3.31895	25.0	31255	1.06180e-04	3.31855	26.2
66234.543	16.035	31524	1.05320e-04	3.32012	25.6	31005	1.07080e-04	3.32012	26.2	31586	1.05070e-04	3.31875	25.0	31232	1.06250e-04	3.31836	26.2
66235.731	16.035	31551	1.05230e-04	3.32012	25.6	30897	1.07460e-04	3.32012	26.2	31549	1.05200e-04	3.31895	25.0	31215	1.06310e-04	3.31855	26.2
66236.919	16.035	31495	1.05420e-04	3.32012	25.6	30903	1.07440e-04	3.32012	26.2	31488	1.05400e-04	3.31895	25.0	31238	1.06240e-04	3.31875	26.2
66238.108	16.012	31497	1.05400e-04	3.31992	25.6	30885	1.07500e-04	3.32012	26.2	31528	1.05270e-04	3.31895	25.0	31231	1.06260e-04	3.31875	26.2
66239.296	16.012	31564	1.05190e-04	3.32012	25.6	30936	1.07330e-04	3.32031	26.2	31529	1.05270e-04	3.31895	25.0	31234	1.06250e-04	3.31855	26.2
66240.484	16.037	31444	1.05590e-04	3.32012	25.6	30889	1.07480e-04	3.32012	26.2	31487	1.05410e-04	3.31895	25.0	31221	1.06290e-04	3.31855	26.2
66241.672	16.037	31500	1.05400e-04	3.31992	25.6	30889	1.07480e-04	3.31992	26.2	31524	1.05280e-04	3.31875	25.0	31172	1.06450e-04	3.31836	26.2
66242.861	16.018	31519	1.05340e-04	3.32012	25.6	30903	1.07440e-04	3.32031	26.2	31484	1.05420e-04	3.31914	25.0	31219	1.06300e-04	3.31855	26.2
66244.049	16.018	31551	1.05230e-04	3.32012	25.6	30887	1.07500e-04	3.32031	26.2	31533	1.05250e-04	3.31895	25.0	31196	1.06380e-04	3.31855	26.2
66245.237	16.018	31579	1.05130e-04	3.31992	25.6	30934	1.07330e-04	3.32012	26.2	31562	1.05160e-04	3.31895	25.0	31190	1.06400e-04	3.31855	26.2
66246.426	16.025	31644	1.04930e-04	3.32031	25.6	30948	1.07280e-04	3.32012	26.2	31575	1.05110e-04	3.31895	25.0	31235	1.06250e-04	3.31855	26.2
66247.614	16.025	31531	1.05300e-04	3.32012	25.6	30943	1.07300e-04	3.32012	26.2	31595	1.05040e-04	3.31875	25.0	31248	1.06200e-04	3.31855	26.2
66248.802	16.043	31599	1.05070e-04	3.32012	25.6	30936	1.07310e-04	3.31992	26.2	31568	1.05130e-04	3.31875	25.0	31254	1.06180e-04	3.31855	26.2
66249.990	16.043	31554	1.05220e-04	3.32012	25.6	30952	1.07270e-04	3.32012	26.1	31576	1.05120e-04	3.31914	25.0	31310	1.06000e-04	3.31875	26.2
66251.178	16.045	31593	1.05090e-04	3.31992	25.6	30939	1.07310e-04	3.31992	26.1	31590	1.05060e-04	3.31875	25.0	31215	1.06320e-04	3.31875	26.2
66252.367	16.045	31591	1.05100e-04	3.32012	25.6	31037	1.06970e-04	3.31992	26.1	31627	1.04930e-04	3.31855	25.0	31253	1.06180e-04	3.31836	26.2
66253.555	16.070	31584	1.05120e-04	3.32012	25.6	30923	1.07370e-04	3.32012	26.1	31621	1.04960e-04	3.31895	25.0	31249	1.06200e-04	3.31855	26.2
66254.743	16.070	31618	1.05000e-04	3.31992	25.6	30935	1.07320e-04	3.31992	26.1	31639	1.04890e-04	3.31855	25.0	31277	1.06100e-04	3.31855	26.2
66255.931	16.070	31510	1.05370e-04	3.32012	25.6	30973	1.07200e-04	3.32031	26.1	31597	1.05040e-04	3.31895	25.0	31275	1.06110e-04	3.31855	26.2
66257.119	16.030	31549	1.05230e-04	3.31992	25.6	30956	1.07260e-04	3.32031	26.1	31589	1.05070e-04	3.31895	25.0	31251	1.06200e-04	3.31875	26.2
66258.308	16.030	31521	1.05320e-04	3.31992	25.6	30890	1.07480e-04	3.31992	26.1	31525	1.05280e-04	3.31875	25.0	31208	1.06340e-04	3.31855	26.2
66259.496	16.049	31576	1.05150e-04	3.32031	25.6	30893	1.07470e-04	3.32012	26.1	31558	1.05170e-04	3.31895	25.0	31223	1.06290e-04	3.31855	26.2
66260.684	16.049	31503	1.05380e-04	3.31992	25.6	30940	1.07300e-04	3.31992	26.1	31544	1.05210e-04	3.31875	25.0	31203	1.06350e-04	3.31855	26.2
66261.873	16.022	31517	1.05340e-04	3.31992	25.6	30910	1.07410e-04	3.32012	26.1	31532	1.05250e-04	3.31875	25.0	31219	1.06300e-04	3.31855	26.2
66263.061	16.022	31487	1.05440e-04	3.32012	25.6	30874	1.07540e-04	3.32031	26.1	31529	1.05270e-04	3.31895	25.0	31286	1.06080e-04	3.31875	26.2
66264.249	16.022	31526	1.05310e-04	3.32012	25.6	30891	1.07480e-04	3.32012	26.1	31506	1.05340e-04	3.31875	25.0	31209	1.06330e-04	3.31855	26.2
66265.437	16.041	31497	1.05410e-04	3.32012	25.6	30886	1.07500e-04	3.32031	26.1	31567	1.05130e-04	3.31875	25.0	31161	1.06490e-04	3.31836	26.2
66266.625	16.041	31510	1.05370e-04	3.32012	25.6	30876	1.07540e-04	3.32031	26.1	31490	1.05400e-04	3.31895	25.0	31220	1.06300e-04	3.31855	26.2
66267.813	16.037	31576	1.05140e-04	3.31992	25.6	30926	1.07360e-04	3.32012	26.1	31553	1.05180e-04	3.31875	25.0	31244	1.06210e-04	3.31836	26.2
66269.002	16.037	31572	1.05160e-04	3.32012	25.6	30947	1.07280e-04	3.32012	26.1	31606	1.05010e-04	3.31895	25.0	31214	1.06320e-04	3.31875	26.2
66270.190	16.033	31560	1.05200e-04	3.32012	25.6	30931	1.07340e-04	3.32012	26.1	31605	1.05010e-04	3.31875	25.0	31196	1.06380e-04	3.31855	26.2
66271.378	16.033	31487	1.05440e-04	3.31992	25.6	30882	1.07500e-04	3.31992	26.1	31577	1.05090e-04	3.31855	25.0	31275	1.06100e-04	3.31836	26.2
66272.566	16.061	31473	1.05490e-04	3.32012	25.6	30869	1.07550e-04	3.32012	26.1	31521	1.05290e-04	3.31895	25.0	31169	1.06470e-04	3.31855	26.2
66273.755	16.061	31526	1.05310e-04	3.31992	25.6	30917	1.07390e-04	3.32012	26.1	31557	1.05170e-04	3.31895	25.0	31192	1.06390e-04	3.31855	26.2
66274.943	16.039	31513	1.05350e-04	3.31992	25.6	30955	1.07250e-04	3.32012	26.1	31557	1.05170e-04	3.31875	25.0	31237	1.06240e-04	3.31855	26.2
66276.131	16.039	31513	1.05360e-04	3.32012	25.6	30968	1.07220e-04	3.32031	26.1	31592	1.05060e-04	3.31895	25.0	31198	1.06370e-04	3.31855	26.2
66277.320	16.039	31555	1.05210e-04	3.31992	25.6	30938	1.07310e-04	3.32012	26.1	31595	1.05040e-04	3.31875	25.0	31241	1.06220e-04	3.31855	26.2
66278.508	15.994	31505	1.05380e-04	3.32012	25.6	30920	1.07380e-04	3.32012	26.1	31541	1.05220e-04	3.31875	25.0	31155	1.06510e-04	3.31836	26.2
66279.696	15.994	31537	1.05280e-04	3.32012	25.6	30947	1.07280e-04	3.32012	26.1	31585	1.05080e-04	3.31895	25.0	31145	1.06550e-04	3.31855	26.2
66280.884	16.025	31556	1.05210e-04	3.31992	25.6	30949	1.07280e-04	3.32012	26.1	31576	1.05100e-04	3.31875	25.0	31210	1.06330e-04	3.31875	26.2
66282.072	16.025	31487	1.05440e-04	3.32012	25.5	30959	1.07250e-04	3.32031	26.1	31574	1.05110e-04	3.31875	25.0	31206	1.06340e-04	3.31855	26.2
66283.261	16.032	31528	1.05310e-04	3.32012	25.5	30943	1.07300e-04	3.32012	26.1	31583	1.05090e-04	3.31895	25.0	31246	1.06200e-04	3.31836	26.2
66284.449	16.032	31540	1.05250e-04	3.31973	25.5	30892	1.07470e-04	3.31992	26.1	31513	1.05310e-04	3.31875	25.0	31199	1.06360e-04	3.31836	26.2
66285.637	16.037	31535	1.05280e-04	3.32012	25.5	30938	1.07310e-04	3.31992	26.1	31555	1.05170e-04	3.31855	25.0	31188	1.06390e-04	3.31816	26.2
66286.825	16.037	31584	1.05120e-04	3.32012	25.5	30898	1.07450e-04	3.32012	26.1	31570	1.05130e-04	3.31895	25.0	31227	1.06270e-04	3.31855	26.2
66288.014	16.037	31604	1.05050e-04	3.31992	25.5	30996	1.07110e-04	3.31992	26.1	31593	1.05050e-04	3.31875	25.0	31209	1.06330e-04	3.31855	26.2
66289.202	16.062	31473	1.05490e-04	3.32012	25.5	30974	1.07190e-04	3.32012	26.1	31602	1.05020e-04	3.31875	24.9	31271	1.06120e-04	3.31836	26.2
66290.390	16.062	31559	1.05200e-04	3.32012	25.5	30898	1.07450e-04	3.32012	26.1	31575	1.05110e-04	3.31875	24.9	31190	1.06390e-04	3.31836	26.2
66291.578	16.009	31576	1.05140e-04	3.31992	25.5	30887	1.07490e-04	3.32012	26.1	31528	1.05260e-04	3.31875	24.9	31181	1.06420e-04	3.31816	26.2
66292.766	16.009	31605	1.05050e-04	3.32012	25.5	31011	1.07070e-04	3.32031	26.1	31596	1.05040e-04	3.31875	24.9	31206	1.06340e-04	3.31836	26.2
66293.955	16.010	31606	1.05050e-04	3.32012	25.5	30984	1.07150e-04	3.32012	26.1	31576	1.05110e-04	3.31895	24.9	31299	1.06030e-04	3.31875	26.2
66295.143	16.010	31616	1.05010e-04	3.31992	25.5	30999	1.07100e-04	3.32012	26.1	31627	1.04930e-04	3.31855	24.9	31276	1.06100e-04	3.31836	26.2
66296.331	16.010	31638	1.04940e-04	3.32012	25.5	30975	1.07190e-04	3.32012	26.1	31627	1.04940e-04	3.31875	24.9	31259	1.06160e-04	3.31855	26.2
66297.519	16.020	31548	1.05230e-04	3.31992	25.5	30983	1.07160e-04	3.32012	26.1	31564	1.05140e-04	3.31875	24.9	31187	1.06400e-04	3.31836	26.2
66298.708	16.020	31563	1.05190e-04	3.31992	25.5	31000	1.07090e-04	3.31992	26.1	31617	1.04970e-04	3.31875	24.9	31250	1.06190e-04	3.31836	26.2
66299.896	16.015	31576	1.05150e-04	3.32012	25.5	30995	1.07110e-04	3.31992	26.1	31571	1.05110e-04	3.31855	24.9	31245	1.06200e-04	3.31836	26.2
66301.084	16.015	31650	1.04890e-04	3.31992	25.5	30989	1.07140e-04	3.32012	26.1	31603	1.05020e-04	3.31895	24.9	31223	1.06280e-04	3.31855	26.2
66302.273	16.023	31629	1.04970e-04	3.31992	25.5	31036	1.06970e-04	3.32012	26.1	31647	1.04870e-04	3.31875	24.9	31312	1.05980e-04	3.31836	26.2
66303.461	16.023	31639	1.04940e-04	3.32012	25.5	31035	1.06980e-04	3.32012	26.1	31627	1.04930e-04	3.31875	24.9	31299	1.06020e-04	3.31836	26.2
66304.649	16.004	31627	1.04970e-04	3.31992	25.5	30945	1.07290e-04	3.32012	26.1	31610	1.04990e-04	3.31875	24.9	31287	1.06070e-04	3.31855	26.2
66305.837	16.004	31582	1.05120e-04	3.31992	25.5	30943	1.07290e-04	3.31992	26.1	31593	1.05050e-04	3.31875	24.9	31262	1.06150e-04	3.31855	26.2
66307.025	16.004	31547	1.05240e-04	3.32012	25.5	30889	1.07480e-04	3.32012	26.1	31614	1.04980e-04	3.31875	24.9	31183	1.06420e-04	3.31855	26.2
66308.214	15.982	31548	1.05230e-04	3.31992	25.5	30967	1.07220e-04	3.32012	26.1	31571	1.05120e-04	3.31875	24.9	31209	1.06330e-04	3.31855	26.2
66309.402	15.982	31538	1.05270e-04	3.31992	25.5	30942	1.07290e-04	3.31992	26.1	31534	1.05240e-04	3.31855	24.9	31225	1.06270e-04	3.31836	26.2
66310.590	16.012	31608	1.05040e-04	3.32012	25.5	31022	1.07020e-04	3.32012	26.1	31585	1.05090e-04	3.31914	24.9	31253	1.06180e-04	3.31836	26.2
66311.778	16.012	31593	1.05080e-04	3.31992	25.5	31038	1.06970e-04	3.32012	26.1	31662	1.04820e-04	3.31875	24.9	31313	1.05980e-04	3.31855	26.2
66312.967	16.020	31579	1.05140e-04	3.32012	25.5	30996	1.07110e-04	3.31992	26.1	31640	1.04890e-04	3.31875	24.9	31246	1.06200e-04	3.31836	26.2
66314.155	16.020	31563	1.05190e-04	3.31992	25.5	30980	1.07170e-04	3.32012	26.1	31639	1.04890e-04	3.31875	24.9	31197	1.06380e-04	3.31875	26.2
66315.343	16.020	31563	1.05180e-04	3.31973	25.5	30955	1.07250e-04	3.31992	26.1	31536	1.05230e-04	3.31855	24.9	31291	1.06050e-04	3.31836	26.2
66316.531	16.019	31543	1.05260e-04	3.32012	25.5	30972	1.07200e-04	3.32031	26.1	31608	1.05000e-04	3.31875	24.9	31230	1.06250e-04	3.31816	26.2
66317.720	16.019	31617	1.05000e-04	3.31992	25.5	31019	1.07040e-04	3.32012	26.1	31636	1.04910e-04	3.31895	24.9	31255	1.06180e-04	3.31855	26.2
66318.908	16.010	31569	1.05170e-04	3.31992	25.5	30960	1.07230e-04	3.31992	26.1	31561	1.05150e-04	3.31855	24.9	31246	1.06210e-04	3.31855	26.2
66320.096	16.010	31628	1.04970e-04	3.32012	25.5	30979	1.07180e-04	3.32031	26.1	31618	1.04970e-04	3.31895	24.9	31211	1.06320e-04	3.31836	26.2
66321.285	15.996	31616	1.05010e-04	3.32012	25.5	31006	1.07070e-04	3.31992	26.1	31605	1.05010e-04	3.31895	24.9	31249	1.06200e-04	3.31855	26.2
66322.472	15.996	31574	1.05150e-04	3.31992	25.5	30973	1.07190e-04	3.31992	26.1	31616	1.04960e-04	3.31855	24.9	31300	1.06020e-04	3.31836	26.2
66323.661	16.014	31601	1.05060e-04	3.32012	25.5	30953	1.07260e-04	3.31992	26.1	31583	1.05090e-04	3.31895	24.9	31247	1.06200e-04	3.31855	26.2
66324.849	16.014	31614	1.05010e-04	3.31992	25.5	31042	1.06950e-04	3.31992	26.1	31634	1.04910e-04	3.31875	24.9	31221	1.06290e-04	3.31855	26.2
66326.037	16.040	31615	1.05020e-04	3.32012	25.5	31015	1.07050e-04	3.32012	26.1	31660	1.04830e-04	3.31875	24.9	31228	1.06260e-04	3.31836	26.2
66327.225	16.040	31625	1.04980e-04	3.32012	25.5	30935	1.07330e-04	3.32012	26.1	31584	1.05080e-04	3.31875	24.9	31224	1.06280e-04	3.31855	26.2
66328.414	16.040	31566	1.05180e-04	3.31992	25.5	30986	1.07140e-04	3.31992	26.1	31641	1.04890e-04	3.31875	24.9	31300	1.06020e-04	3.31836	26.2
66329.602	16.023	31523	1.05320e-04	3.32012	25.5	30853	1.07620e-04	3.32031	26.1	31574	1.05110e-04	3.31875	24.9	31241	1.06220e-04	3.31836	26.2
66330.790	16.023	31574	1.05150e-04	3.31992	25.5	30899	1.07460e-04	3.32031	26.1	31538	1.05230e-04	3.31875	24.9	31252	1.06190e-04	3.31875	26.2
66331.978	16.034	31503	1.05380e-04	3.31992	25.5	30877	1.07520e-04	3.31992	26.1	31541	1.05210e-04	3.31855	24.9	31176	1.06440e-04	3.31855	26.2
66333.167	16.034	31476	1.05470e-04	3.31992	25.5	30891	1.07480e-04	3.32012	26.1	31524	1.05280e-04	3.31895	24.9	31178	1.06440e-04	3.31855	26.2
66334.355	16.028	31573	1.05150e-04	3.31992	25.5	30885	1.07490e-04	3.31992	26.1	31550	1.05200e-04	3.31895	24.9	31184	1.06410e-04	3.31836	26.2
66335.543	16.028	31539	1.05270e-04	3.32012	25.5	30909	1.07410e-04	3.31992	26.1	31518	1.05290e-04	3.31855	24.9	31207	1.06330e-04	3.31816	26.2
66336.731	16.012	31524	1.05320e-04	3.32012	25.5	30923	1.07370e-04	3.32012	26.1	31522	1.05290e-04	3.31895	24.9	31204	1.06360e-04	3.31875	26.2
66337.920	16.012	31509	1.05360e-04	3.31992	25.5	30935	1.07330e-04	3.32012	26.1	31538	1.05230e-04	3.31875	24.9	31244	1.06220e-04	3.31875	26.2
66339.108	16.012	31546	1.05250e-04	3.32012	25.5	30919	1.07380e-04	3.32012	26.1	31558	1.05160e-04	3.31855	24.9	31182	1.06420e-04	3.31836	26.2
66340.296	16.040	31530	1.05300e-04	3.32012	25.5	30882	1.07520e-04	3.32031	26.1	31491	1.05390e-04	3.31895	24.9	31201	1.06360e-04	3.31855	26.2
66341.484	16.040	31556	1.05210e-04	3.32012	25.5	30941	1.07300e-04	3.31992	26.1	31558	1.05160e-04	3.31875	24.9	31194	1.06380e-04	3.31836	26.2
66342.673	16.029	31575	1.05160e-04	3.32031	25.5	30948	1.07290e-04	3.32031	26.1	31537	1.05230e-04	3.31875	24.9	31235	1.06240e-04	3.31836	26.2
66343.861	16.029	31561	1.05200e-04	3.32012	25.5	30951	1.07270e-04	3.32012	26.1	31578	1.05100e-04	3.31875	24.9	31243	1.06220e-04	3.31875	26.2
66345.049	15.996	31549	1.05230e-04	3.31992	25.5	30943	1.07300e-04	3.32012	26.1	31579	1.05090e-04	3.31875	24.9	31234	1.06250e-04	3.31855	26.2
66346.237	15.996	31568	1.05170e-04	3.32012	25.5	30941	1.07310e-04	3.32012	26.1	31615	1.04970e-04	3.31875	24.9	31240	1.06220e-04	3.31836	26.2
66347.426	15.996	31580	1.05130e-04	3.31992	25.5	30970	1.07200e-04	3.31992	26.1	31618	1.04970e-04	3.31895	24.9	31198	1.06360e-04	3.31836	26.2
66348.614	16.011	31539	1.05270e-04	3.32012	25.5	30965	1.07220e-04	3.31992	26.1	31534	1.05240e-04	3.31875	24.9	31215	1.06310e-04	3.31836	26.2
66349.802	16.011	31553	1.05220e-04	3.32012	25.5	30976	1.07180e-04	3.31992	26.1	31569	1.05120e-04	3.31855	24.9	31262	1.06150e-04	3.31855	26.2
66350.991	16.028	31496	1.05410e-04	3.31992	25.5	30949	1.07280e-04	3.32012	26.1	31586	1.05070e-04	3.31875	24.9	31318	1.05960e-04	3.31855	26.2
66352.178	16.028	31537	1.05270e-04	3.31992	25.5	30939	1.07310e-04	3.32012	26.1	31547	1.05200e-04	3.31875	24.9	31268	1.06130e-04	3.31836	26.2
66353.367	16.019	31537	1.05280e-04	3.32012	25.5	30947	1.07290e-04	3.32031	26.1	31540	1.05220e-04	3.31875	24.9	31216	1.06310e-04	3.31855	26.2
66354.555	16.019	31531	1.05290e-04	3.31992	25.5	30912	1.07410e-04	3.32012	26.1	31581	1.05090e-04	3.31875	24.9	31185	1.06410e-04	3.31836	26.2
66355.743	16.042	31540	1.05270e-04	3.32012	25.5	30926	1.07360e-04	3.32012	26.1	31534	1.05240e-04	3.31875	24.9	31177	1.06440e-04	3.31855	26.2
66356.931	16.042	31573	1.05150e-04	3.31992	25.5	30988	1.07140e-04	3.31992	26.1	31585	1.05070e-04	3.31875	24.9	31237	1.06230e-04	3.31836	26.2
66358.120	16.042	31616	1.05010e-04	3.32012	25.5	30996	1.07120e-04	3.32012	26.1	31608	1.05000e-04	3.31895	24.9	31248	1.06200e-04	3.31855	26.2
66359.308	16.021	31546	1.05250e-04	3.32012	25.5	30914	1.07400e-04	3.32012	26.1	31606	1.05000e-04	3.31875	24.9	31245	1.06210e-04	3.31855	26.2
66360.497	16.021	31532	1.05300e-04	3.32012	25.5	30874	1.07530e-04	3.31992	26.1	31538	1.05230e-04	3.31875	24.9	31176	1.06440e-04	3.31836	26.2
66361.684	16.044	31587	1.05100e-04	3.31992	25.5	30941	1.07310e-04	3.32012	26.1	31565	1.05140e-04	3.31875	24.9	31224	1.06280e-04	3.31855	26.2
66362.873	16.044	31552	1.05220e-04	3.31992	25.5	30925	1.07360e-04	3.32012	26.1	31588	1.05060e-04	3.31875	24.9	31263	1.06150e-04	3.31855	26.2
66364.061	16.044	31575	1.05150e-04	3.32012	25.5	30983	1.07160e-04	3.32012	26.1	31592	1.05060e-04	3.31895	24.9	31244	1.06220e-04	3.31855	26.2
66365.249	16.044	31579	1.05130e-04	3.31992	25.5	30949	1.07280e-04	3.32031	26.1	31558	1.05170e-04	3.31895	24.9	31263	1.06150e-04	3.31855	26.2
66366.437	16.044	31580	1.05130e-04	3.32012	25.6	30927	1.07350e-04	3.32012	26.1	31574	1.05100e-04	3.31855	24.9	31227	1.06270e-04	3.31855	26.2
66367.625	16.032	31601	1.05060e-04	3.32012	25.6	30964	1.07230e-04	3.32031	26.1	31569	1.05140e-04	3.31914	24.9	31237	1.06240e-04	3.31855	26.2
66368.814	16.032	31509	1.05370e-04	3.31992	25.6	30871	1.07550e-04	3.32031	26.1	31587	1.05070e-04	3.31875	24.9	31210	1.06330e-04	3.31855	26.2
66370.002	16.064	31528	1.05310e-04	3.32031	25.6	30873	1.07540e-04	3.32012	26.1	31517	1.05300e-04	3.31875	24.9	31235	1.06240e-04	3.31836	26.2
66371.191	16.064	31544	1.05250e-04	3.32012	25.6	30891	1.07480e-04	3.32012	26.1	31523	1.05290e-04	3.31895	24.9	31221	1.06290e-04	3.31855	26.2
66372.379	16.063	31478	1.05470e-04	3.32012	25.6	30909	1.07410e-04	3.31992	26.1	31530	1.05260e-04	3.31875	24.9	31171	1.06460e-04	3.31855	26.2
66373.567	16.063	31489	1.05440e-04	3.32012	25.6	30872	1.07550e-04	3.32012	26.1	31488	1.05400e-04	3.31895	24.9	31206	1.06340e-04	3.31836	26.2
66374.755	16.058	31478	1.05480e-04	3.32012	25.6	30905	1.07430e-04	3.32012	26.1	31518	1.05300e-04	3.31895	24.9	31216	1.06320e-04	3.31875	26.2
66375.943	16.058	31522	1.05330e-04	3.32012	25.6	30923	1.07380e-04	3.32031	26.1	31508	1.05330e-04	3.31875	24.9	31236	1.06240e-04	3.31855	26.2
66377.132	16.023	31504	1.05390e-04	3.32012	25.6	30857	1.07600e-04	3.32012	26.1	31549	1.05200e-04	3.31895	24.9	31190	1.06400e-04	3.31875	26.2
66378.320	16.023	31516	1.05350e-04	3.32012	25.6	30921	1.07380e-04	3.32031	26.1	31532	1.05250e-04	3.31875	24.9	31184	1.06420e-04	3.31855	26.2
66379.508	16.023	31581	1.05130e-04	3.32012	25.6	30970	1.07210e-04	3.32031	26.1	31592	1.05050e-04	3.31875	24.9	31187	1.06400e-04	3.31836	26.2
66380.696	16.038	31576	1.05140e-04	3.31992	25.6	31014	1.07050e-04	3.32012	26.1	31670	1.04800e-04	3.31895	24.9	31290	1.06060e-04	3.31855	26.2
66381.885	16.038	31541	1.05260e-04	3.32012	25.6	30944	1.07290e-04	3.32012	26.1	31599	1.05030e-04	3.31895	24.9	31292	1.06050e-04	3.31855	26.2
66383.073	16.051	31517	1.05340e-04	3.32012	25.6	30888	1.07490e-04	3.32012	26.1	31487	1.05400e-04	3.31875	24.9	31213	1.06320e-04	3.31855	26.2
66384.261	16.051	31551	1.05230e-04	3.32012	25.5	30909	1.07410e-04	3.32012	26.1	31550	1.05190e-04	3.31875	24.9	31185	1.06410e-04	3.31836	26.2
66385.449	16.051	31521	1.05330e-04	3.32012	25.5	30916	1.07390e-04	3.32012	26.1	31527	1.05270e-04	3.31875	24.9	31178	1.06440e-04	3.31855	26.2
66386.637	16.062	31472	1.05490e-04	3.31992	25.5	30900	1.07440e-04	3.31992	26.1	31513	1.05310e-04	3.31875	24.9	31154	1.06520e-04	3.31855	26.2
66387.826	16.068	31588	1.05100e-04	3.31992	25.6	30908	1.07430e-04	3.32031	26.1	31569	1.05130e-04	3.31875	24.9	31206	1.06340e-04	3.31855	26.2
66389.014	16.068	31510	1.05370e-04	3.32031	25.6	30924	1.07370e-04	3.32031	26.1	31567	1.05130e-04	3.31875	24.9	31219	1.06300e-04	3.31855	26.2
66390.202	16.068	31538	1.05280e-04	3.32012	25.6	30942	1.07310e-04	3.32031	26.1	31533	1.05250e-04	3.31895	24.9	31201	1.06360e-04	3.31855	26.2
66391.390	16.023	31549	1.05240e-04	3.32012	25.6	30937	1.07320e-04	3.32031	26.1	31577	1.05100e-04	3.31875	24.9	31221	1.06290e-04	3.31836	26.2
66392.579	16.023	31511	1.05360e-04	3.32012	25.5	30846	1.07640e-04	3.32012	26.1	31489	1.05400e-04	3.31875	24.9	31240	1.06230e-04	3.31855	26.2
66393.767	16.036	31510	1.05370e-04	3.32012	25.5	30912	1.07400e-04	3.32012	26.1	31550	1.05200e-04	3.31895	24.9	31176	1.06440e-04	3.31855	26.2
66394.955	16.036	31604	1.05050e-04	3.32012	25.6	30865	1.07570e-04	3.32012	26.1	31526	1.05280e-04	3.31895	24.9	31147	1.06550e-04	3.31875	26.2
66396.143	16.011	31575	1.05160e-04	3.32031	25.6	30986	1.07150e-04	3.32012	26.1	31578	1.05100e-04	3.31875	24.9	31201	1.06360e-04	3.31855	26.2
66397.332	16.011	31525	1.05320e-04	3.32012	25.6	30964	1.07220e-04	3.32012	26.1	31583	1.05090e-04	3.31895	24.9	31243	1.06210e-04	3.31836	26.2
66398.520	16.011	31542	1.05250e-04	3.31992	25.6	30909	1.07410e-04	3.32012	26.1	31558	1.05170e-04	3.31895	25.0	31245	1.06210e-04	3.31855	26.2
66399.708	16.042	31552	1.05230e-04	3.32012	25.6	30918	1.07380e-04	3.32012	26.1	31560	1.05160e-04	3.31875	24.9	31127	1.06610e-04	3.31855	26.2
66400.896	16.042	31596	1.05070e-04	3.31992	25.5	30968	1.07210e-04	3.32012	26.1	31596	1.05050e-04	3.31914	24.9	31246	1.06210e-04	3.31855	26.2
66402.085	16.021	31601	1.05060e-04	3.32012	25.5	31015	1.07050e-04	3.32012	26.1	31612	1.04980e-04	3.31875	24.9	31285	1.06070e-04	3.31855	26.2
66403.273	16.021	31610	1.05030e-04	3.32012	25.5	30953	1.07270e-04	3.32031	26.1	31595	1.05040e-04	3.31875	24.9	31285	1.06080e-04	3.31855	26.2
66404.461	16.014	31550	1.05230e-04	3.31992	25.5	30989	1.07140e-04	3.32012	26.1	31605	1.05010e-04	3.31875	24.9	31288	1.06060e-04	3.31836	26.2
66405.649	16.014	31566	1.05180e-04	3.31992	25.5	30951	1.07270e-04	3.31992	26.1	31562	1.05150e-04	3.31875	24.9	31269	1.06130e-04	3.31855	26.2
66406.837	16.038	31526	1.05310e-04	3.32012	25.5	30920	1.07380e-04	3.32012	26.1	31525	1.05270e-04	3.31875	24.9	31148	1.06530e-04	3.31836	26.2
66408.026	16.038	31554	1.05210e-04	3.31992	25.5	30949	1.07270e-04	3.31992	26.1	31525	1.05280e-04	3.31875	24.9	31232	1.06250e-04	3.31855	26.2
66409.214	16.038	31539	1.05270e-04	3.32012	25.5	30959	1.07240e-04	3.32012	26.1	31548	1.05200e-04	3.31875	24.9	31175	1.06450e-04	3.31855	26.2
66410.402	16.024	31552	1.05220e-04	3.31992	25.5	30954	1.07250e-04	3.31992	26.1	31547	1.05200e-04	3.31875	24.9	31203	1.06350e-04	3.31836	26.2
66411.590	16.024	31548	1.05240e-04	3.32012	25.5	30946	1.07280e-04	3.31992	26.1	31559	1.05160e-04	3.31875	24.9	31162	1.06490e-04	3.31836	26.2
66412.778	16.024	31555	1.05220e-04	3.32012	25.5	30899	1.07450e-04	3.32012	26.1	31510	1.05330e-04	3.31895	24.9	31149	1.06540e-04	3.31855	26.2
66413.967	16.024	31527	1.05300e-04	3.31992	25.5	30890	1.07480e-04	3.31992	26.1	31521	1.05290e-04	3.31875	24.9	31176	1.06450e-04	3.31855	26.2
66415.155	16.046	31528	1.05310e-04	3.32012	25.5	30895	1.07470e-04	3.32031	26.1	31579	1.05090e-04	3.31875	24.9	31267	1.06130e-04	3.31836	26.2
66416.343	16.046	31507	1.05370e-04	3.31992	25.5	30890	1.07480e-04	3.32012	26.1	31539	1.05230e-04	3.31875	24.9	31261	1.06150e-04	3.31836	26.2
66417.532	16.046	31534	1.05280e-04	3.31992	25.5	30894	1.07470e-04	3.32012	26.1	31522	1.05280e-04	3.31875	24.9	31193	1.06380e-04	3.31836	26.2
66418.720	16.042	31547	1.05240e-04	3.31992	25.5	30932	1.07330e-04	3.31992	26.1	31560	1.05160e-04	3.31875	24.9	31214	1.06320e-04	3.31855	26.2
66419.908	16.042	31534	1.05290e-04	3.32012	25.5	30903	1.07440e-04	3.32012	26.1	31558	1.05160e-04	3.31875	24.9	31173	1.06450e-04	3.31855	26.2
66421.097	16.060	31526	1.05310e-04	3.31992	25.6	30890	1.07480e-04	3.31992	26.1	31500	1.05360e-04	3.31875	24.9	31177	1.06430e-04	3.31836	26.2
66422.285	16.060	31515	1.05350e-04	3.31992	25.6	30888	1.07490e-04	3.32012	26.1	31494	1.05380e-04	3.31875	24.9	31193	1.06380e-04	3.31836	26.2
66423.473	16.060	31611	1.05030e-04	3.32012	25.6	30947	1.07280e-04	3.32012	26.1	31497	1.05370e-04	3.31875	24.9	31203	1.06350e-04	3.31836	26.2
66424.661	16.044	31585	1.05110e-04	3.31992	25.6	30960	1.07240e-04	3.32012	26.1	31563	1.05150e-04	3.31895	24.9	31249	1.06200e-04	3.31855	26.2
66425.849	16.022	31574	1.05150e-04	3.31992	25.6	30972	1.07190e-04	3.31992	26.1	31600	1.05020e-04	3.31875	24.9	31195	1.06380e-04	3.31855	26.2
66427.037	16.022	31562	1.05200e-04	3.32012	25.6	30903	1.07440e-04	3.32031	26.1	31552	1.05180e-04	3.31855	24.9	31250	1.06190e-04	3.31836	26.2
66428.226	16.022	31527	1.05300e-04	3.31992	25.5	30930	1.07350e-04	3.32031	26.1	31531	1.05260e-04	3.31895	24.9	31253	1.06180e-04	3.31855	26.2
66429.414	16.031	31561	1.05190e-04	3.31992	25.5	30934	1.07330e-04	3.32012	26.1	31554	1.05180e-04	3.31875	24.9	31221	1.06290e-04	3.31855	26.2
66430.603	16.031	31562	1.05190e-04	3.32012	25.6	30945	1.07290e-04	3.32012	26.1	31587	1.05070e-04	3.31875	24.9	31208	1.06340e-04	3.31855	26.2
66431.791	16.036	31536	1.05280e-04	3.32012	25.6	30968	1.07210e-04	3.32012	26.1	31562	1.05160e-04	3.31895	24.9	31290	1.06060e-04	3.31875	26.2
66432.979	16.036	31613	1.05020e-04	3.31992	25.6	30924	1.07360e-04	3.31992	26.1	31553	1.05180e-04	3.31855	24.9	31263	1.06150e-04	3.31855	26.2
66434.167	16.028	31594	1.05090e-04	3.32012	25.6	30972	1.07200e-04	3.32012	26.1	31512	1.05320e-04	3.31895	25.0	31242	1.06220e-04	3.31855	26.2
66435.355	16.028	31650	1.04890e-04	3.31973	25.6	30998	1.07110e-04	3.32012	26.1	31649	1.04870e-04	3.31895	25.0	31341	1.05880e-04	3.31836	26.2
66436.543	16.030	31543	1.05260e-04	3.32031	25.6	30980	1.07160e-04	3.31992	26.1	31547	1.05200e-04	3.31875	25.0	31245	1.06210e-04	3.31836	26.2
66437.732	16.030	31562	1.05190e-04	3.32012	25.6	30945	1.07290e-04	3.32012	26.1	31644	1.04890e-04	3.31895	25.0	31348	1.05870e-04	3.31875	26.2
66438.920	16.031	31541	1.05260e-04	3.31992	25.6	30931	1.07340e-04	3.32012	26.1	31610	1.05000e-04	3.31895	25.0	31274	1.06110e-04	3.31855	26.2
66440.108	16.031	31544	1.05250e-04	3.32012	25.6	30952	1.07270e-04	3.32031	26.1	31526	1.05270e-04	3.31875	25.0	31278	1.06090e-04	3.31836	26.2
66441.297	16.031	31504	1.05380e-04	3.31992	25.6	30923	1.07370e-04	3.32031	26.1	31574	1.05120e-04	3.31895	25.0	31141	1.06570e-04	3.31855	26.2
66442.485	16.050	31670	1.04830e-04	3.31992	25.6	31013	1.07050e-04	3.31992	26.1	31579	1.05090e-04	3.31875	25.0	31238	1.06230e-04	3.31836	26.2
66443.673	16.050	31590	1.05100e-04	3.32012	25.6	30987	1.07150e-04	3.32012	26.1	31627	1.04930e-04	3.31875	25.0	31232	1.06250e-04	3.31836	26.2
66444.861	16.011	31652	1.04890e-04	3.31992	25.6	31014	1.07050e-04	3.31992	26.1	31566	1.05140e-04	3.31875	25.0	31274	1.06110e-04	3.31855	26.2
66446.050	16.011	31600	1.05060e-04	3.31992	25.6	30956	1.07240e-04	3.31973	26.1	31609	1.04990e-04	3.31855	25.0	31272	1.06110e-04	3.31836	26.2
66447.238	16.026	31526	1.05310e-04	3.32012	25.6	30934	1.07330e-04	3.32012	26.1	31536	1.05240e-04	3.31875	25.0	31217	1.06300e-04	3.31836	26.2
66448.426	16.026	31506	1.05370e-04	3.31973	25.6	30899	1.07450e-04	3.31992	26.1	31534	1.05250e-04	3.31895	25.0	31224	1.06280e-04	3.31855	26.2
66449.614	16.029	31544	1.05250e-04	3.32012	25.6	30886	1.07500e-04	3.32012	26.1	31511	1.05320e-04	3.31875	25.0	31168	1.06470e-04	3.31855	26.2
66450.802	16.029	31605	1.05050e-04	3.32012	25.6	31000	1.07100e-04	3.32012	26.1	31605	1.05010e-04	3.31875	25.0	31244	1.06220e-04	3.31855	26.2
66451.991	16.029	31562	1.05180e-04	3.31973	25.6	30957	1.07240e-04	3.31992	26.1	31638	1.04900e-04	3.31875	25.0	31332	1.05920e-04	3.31855	26.2
66453.179	16.033	31561	1.05200e-04	3.32031	25.6	30899	1.07460e-04	3.32031	26.2	31530	1.05260e-04	3.31875	25.0	31278	1.06090e-04	3.31836	26.2
66454.367	16.033	31533	1.05280e-04	3.31992	25.6	30897	1.07460e-04	3.32031	26.2	31482	1.05420e-04	3.31895	25.0	31150	1.06530e-04	3.31855	26.2
66455.555	16.047	31551	1.05230e-04	3.32012	25.6	30919	1.07380e-04	3.31992	26.2	31487	1.05400e-04	3.31875	25.0	31231	1.06250e-04	3.31836	26.2
66456.743	16.047	31618	1.05010e-04	3.32031	25.6	31051	1.06930e-04	3.32031	26.2	31569	1.05130e-04	3.31895	25.0	31275	1.06110e-04	3.31855	26.2
66457.932	16.054	31606	1.05040e-04	3.31992	25.6	31005	1.07080e-04	3.32012	26.2	31578	1.05100e-04	3.31895	25.0	31316	1.05970e-04	3.31855	26.2
66459.120	16.054	31551	1.05230e-04	3.32012	25.6	31020	1.07030e-04	3.32012	26.1	31590	1.05060e-04	3.31875	25.0	31239	1.06230e-04	3.31836	26.2
66460.308	16.054	31619	1.05000e-04	3.32012	25.6	31044	1.06950e-04	3.32012	26.2	31588	1.05070e-04	3.31895	25.0	31260	1.06160e-04	3.31855	26.2
66461.497	16.052	31612	1.05020e-04	3.31992	25.6	31017	1.07040e-04	3.32012	26.2	31634	1.04910e-04	3.31875	25.0	31362	1.05810e-04	3.31855	26.2
66462.685	16.052	31504	1.05390e-04	3.32012	25.6	30872	1.07540e-04	3.32012	26.2	31549	1.05200e-04	3.31875	25.0	31259	1.06160e-04	3.31855	26.2
66463.873	15.946	31544	1.05250e-04	3.32012	25.6	30894	1.07480e-04	3.32031	26.2	31535	1.05240e-04	3.31875	25.0	31183	1.06430e-04	3.31875	26.2
66465.061	15.946	31546	1.05250e-04	3.32012	25.6	30951	1.07280e-04	3.32031	26.2	31591	1.05050e-04	3.31875	25.0	31295	1.06040e-04	3.31855	26.2
66466.250	15.946	31570	1.05160e-04	3.31992	25.6	30936	1.07320e-04	3.32012	26.2	31551	1.05190e-04	3.31895	25.0	31258	1.06170e-04	3.31855	26.2
66467.438	16.038	31583	1.05120e-04	3.32012	25.6	31003	1.07090e-04	3.32012	26.2	31533	1.05250e-04	3.31875	25.0	31318	1.05960e-04	3.31855	26.2
66468.626	16.038	31600	1.05070e-04	3.32012	25.6	30979	1.07170e-04	3.32012	26.2	31585	1.05070e-04	3.31875	25.0	31262	1.06150e-04	3.31855	26.2
66469.814	16.038	31598	1.05070e-04	3.32012	25.6	30990	1.07140e-04	3.32012	26.2	31628	1.04930e-04	3.31875	25.0	31282	1.06090e-04	3.31855	26.2
66471.003	16.038	31603	1.05050e-04	3.31992	25.6	30992	1.07120e-04	3.31992	26.2	31562	1.05150e-04	3.31875	25.0	31340	1.05880e-04	3.31836	26.2
66472.191	16.029	31526	1.05310e-04	3.32012	25.6	30937	1.07310e-04	3.31992	26.2	31515	1.05310e-04	3.31895	25.0	31244	1.06210e-04	3.31836	26.2
66473.379	16.029	31594	1.05090e-04	3.32012	25.6	30929	1.07350e-04	3.32012	26.2	31525	1.05270e-04	3.31855	25.0	31262	1.06150e-04	3.31836	26.2
66474.568	16.037	31579	1.05130e-04	3.31992	25.6	31011	1.07060e-04	3.32012	26.1	31569	1.05130e-04	3.31875	25.0	31230	1.06260e-04	3.31855	26.2
66475.756	16.037	31546	1.05240e-04	3.31973	25.6	31006	1.07070e-04	3.31992	26.2	31615	1.04970e-04	3.31875	25.0	31258	1.06170e-04	3.31855	26.2
66476.944	16.019	31525	1.05320e-04	3.32012	25.6	30963	1.07240e-04	3.32031	26.2	31573	1.05110e-04	3.31855	25.0	31238	1.06230e-04	3.31855	26.2
66478.132	16.019	31507	1.05380e-04	3.32012	25.6	30866	1.07560e-04	3.32012	26.2	31502	1.05360e-04	3.31895	25.0	31253	1.06180e-04	3.31855	26.2
66479.320	16.019	31539	1.05260e-04	3.31992	25.6	30971	1.07190e-04	3.31992	26.1	31539	1.05230e-04	3.31875	25.0	31290	1.06050e-04	3.31836	26.2
66480.508	16.024	31589	1.05100e-04	3.32012	25.6	30899	1.07450e-04	3.32012	26.1	31570	1.05120e-04	3.31855	25.0	31213	1.06320e-04	3.31855	26.2
66481.697	16.024	31520	1.05330e-04	3.31992	25.6	30934	1.07330e-04	3.32012	26.1	31511	1.05320e-04	3.31875	25.0	31183	1.06420e-04	3.31855	26.2
66482.885	16.014	31600	1.05070e-04	3.32012	25.6	30951	1.07270e-04	3.32012	26.1	31514	1.05300e-04	3.31855	25.0	31211	1.06330e-04	3.31855	26.2
66484.074	16.014	31539	1.05260e-04	3.31992	25.6	30918	1.07380e-04	3.31992	26.1	31527	1.05270e-04	3.31875	25.0	31212	1.06320e-04	3.31855	26.2
66485.261	16.028	31524	1.05320e-04	3.32012	25.6	30913	1.07400e-04	3.31992	26.1	31542	1.05220e-04	3.31895	25.0	31205	1.06340e-04	3.31836	26.2
66486.450	16.028	31551	1.05230e-04	3.32012	25.6	30932	1.07330e-04	3.31992	26.1	31510	1.05320e-04	3.31875	25.0	31235	1.06240e-04	3.31836	26.2
66487.638	16.003	31533	1.05280e-04	3.31992	25.6	30916	1.07380e-04	3.31992	26.1	31578	1.05090e-04	3.31855	25.0	31261	1.06160e-04	3.31855	26.2
66488.826	16.003	31539	1.05260e-04	3.31992	25.6	30946	1.07280e-04	3.31992	26.1	31511	1.05320e-04	3.31875	25.0	31202	1.06360e-04	3.31855	26.2
66490.014	16.025	31601	1.05060e-04	3.31992	25.6	30947	1.07280e-04	3.32012	26.1	31576	1.05100e-04	3.31875	25.0	31245	1.06200e-04	3.31836	26.2
66491.203	16.025	31474	1.05480e-04	3.31992	25.6	30943	1.07300e-04	3.32012	26.1	31584	1.05080e-04	3.31875	25.0	31263	1.06140e-04	3.31836	26.2
66492.391	16.025	31473	1.05490e-04	3.32012	25.6	30908	1.07420e-04	3.32012	26.1	31587	1.05070e-04	3.31875	25.0	31226	1.06270e-04	3.31836	26.2
66493.579	16.127	31614	1.05020e-04	3.32012	25.6	30913	1.07400e-04	3.31992	26.1	31577	1.05090e-04	3.31855	25.0	31222	1.06280e-04	3.31836	26.2
66494.767	16.127	31511	1.05360e-04	3.32012	25.6	30980	1.07170e-04	3.32012	26.1	31610	1.04990e-04	3.31875	25.0	31223	1.06290e-04	3.31855	26.2
66495.956	16.037	31589	1.05100e-04	3.31992	25.6	30962	1.07230e-04	3.31992	26.1	31561	1.05160e-04	3.31895	25.0	31261	1.06160e-04	3.31855	26.2
66497.144	16.037	31524	1.05320e-04	3.32012	25.6	30986	1.07140e-04	3.31973	26.1	31589	1.05050e-04	3.31855	25.0	31331	1.05910e-04	3.31836	26.2
66498.332	16.019	31495	1.05410e-04	3.31992	25.6	30981	1.07170e-04	3.32012	26.1	31521	1.05290e-04	3.31875	25.0	31276	1.06100e-04	3.31836	26.2
66499.520	16.019	31503	1.05380e-04	3.31992	25.6	30934	1.07330e-04	3.32012	26.1	31555	1.05180e-04	3.31875	25.0	31227	1.06260e-04	3.31836	26.2
66500.709	16.038	31516	1.05340e-04	3.31992	25.5	30945	1.07290e-04	3.32012	26.1	31500	1.05360e-04	3.31875	25.0	31184	1.06410e-04	3.31836	26.2
66501.897	16.038	31536	1.05270e-04	3.31973	25.5	30926	1.07360e-04	3.32012	26.1	31541	1.05220e-04	3.31875	25.0	31204	1.06350e-04	3.31855	26.2
66503.085	16.038	31476	1.05470e-04	3.31992	25.5	30877	1.07530e-04	3.32012	26.1	31508	1.05330e-04	3.31875	25.0	31181	1.06420e-04	3.31836	26.2
66504.273	16.064	31539	1.05260e-04	3.31992	25.5	30933	1.07330e-04	3.31992	26.1	31519	1.05290e-04	3.31855	25.0	31192	1.06380e-04	3.31836	26.2
66505.462	16.064	31502	1.05390e-04	3.31992	25.5	30945	1.07290e-04	3.32012	26.1	31580	1.05090e-04	3.31875	25.0	31287	1.06060e-04	3.31836	26.2
66506.650	16.056	31533	1.05280e-04	3.31973	25.5	30951	1.07270e-04	3.32012	26.1	31497	1.05360e-04	3.31855	25.0	31216	1.06300e-04	3.31836	26.2
66507.838	16.056	31539	1.05260e-04	3.31992	25.5	30937	1.07300e-04	3.31973	26.1	31597	1.05030e-04	3.31855	25.0	31223	1.06270e-04	3.31816	26.2
66509.026	16.009	31567	1.05170e-04	3.31992	25.5	30968	1.07210e-04	3.31992	26.1	31605	1.05010e-04	3.31895	25.0	31264	1.06140e-04	3.31855	26.2
66510.214	16.009	31563	1.05180e-04	3.31973	25.5	30929	1.07340e-04	3.31992	26.1	31577	1.05090e-04	3.31855	25.0	31200	1.06360e-04	3.31836	26.2
66511.403	16.009	31531	1.05290e-04	3.31992	25.5	30911	1.07400e-04	3.31992	26.1	31567	1.05130e-04	3.31855	25.0	31217	1.06300e-04	3.31836	26.2
66512.591	16.006	31526	1.05310e-04	3.32012	25.5	30946	1.07290e-04	3.32012	26.1	31488	1.05400e-04	3.31895	25.0	31216	1.06310e-04	3.31855	26.2
66513.779	16.006	31525	1.05300e-04	3.31973	25.5	30922	1.07370e-04	3.31992	26.1	31520	1.05280e-04	3.31855	25.0	31193	1.06380e-04	3.31836	26.2
66514.967	16.043	31612	1.05020e-04	3.31992	25.5	30946	1.07280e-04	3.31992	26.1	31602	1.05020e-04	3.31875	25.0	31282	1.06080e-04	3.31836	26.2
66516.156	16.043	31551	1.05230e-04	3.32012	25.5	31081	1.06820e-04	3.32012	26.1	31628	1.04930e-04	3.31875	25.0	31246	1.06200e-04	3.31836	26.2
66517.344	16.052	31521	1.05320e-04	3.31992	25.5	30938	1.07320e-04	3.32012	26.1	31591	1.05050e-04	3.31855	25.0	31245	1.06200e-04	3.31836	26.2
66518.532	16.052	31555	1.05220e-04	3.32012	25.5	30893	1.07470e-04	3.31992	26.1	31539	1.05230e-04	3.31875	25.0	31192	1.06390e-04	3.31855	26.2
66519.721	16.017	31533	1.05290e-04	3.31992	25.5	30921	1.07380e-04	3.32031	26.1	31562	1.05160e-04	3.31895	25.0	31174	1.06450e-04	3.31855	26.2
66520.909	16.017	31518	1.05330e-04	3.31973	25.5	30930	1.07340e-04	3.31992	26.1	31553	1.05180e-04	3.31855	25.0	31176	1.06450e-04	3.31855	26.2
66522.097	16.017	31472	1.05490e-04	3.31992	25.5	30867	1.07560e-04	3.31992	26.1	31531	1.05250e-04	3.31855	25.0	31204	1.06340e-04	3.31836	26.2
66523.285	16.025	31550	1.05230e-04	3.32012	25.5	30873	1.07540e-04	3.31992	26.1	31485	1.05410e-04	3.31895	25.0	31180	1.06430e-04	3.31855	26.2
66524.474	16.025	31567	1.05170e-04	3.31992	25.5	30983	1.07160e-04	3.32012	26.1	31550	1.05190e-04	3.31875	25.0	31185	1.06420e-04	3.31855	26.2
66525.662	16.038	31618	1.05000e-04	3.31992	25.5	30990	1.07140e-04	3.32012	26.1	31620	1.04960e-04	3.31875	25.0	31227	1.06260e-04	3.31836	26.2
66526.850	16.038	31599	1.05070e-04	3.32012	25.5	31041	1.06960e-04	3.32012	26.1	31669	1.04790e-04	3.31875	25.0	31245	1.06210e-04	3.31855	26.2
66528.038	16.003	31606	1.05040e-04	3.31992	25.5	31014	1.07050e-04	3.32012	26.1	31653	1.04850e-04	3.31875	25.0	31292	1.06050e-04	3.31855	26.2
66529.226	16.003	31578	1.05130e-04	3.31992	25.5	30990	1.07140e-04	3.32012	26.1	31593	1.05050e-04	3.31875	25.0	31233	1.06250e-04	3.31836	26.2
66530.414	16.003	31539	1.05270e-04	3.32012	25.5	30982	1.07160e-04	3.31992	26.1	31602	1.05020e-04	3.31875	25.0	31221	1.06290e-04	3.31836	26.2
66531.603	16.052	31557	1.05210e-04	3.32012	25.5	30981	1.07170e-04	3.32031	26.1	31580	1.05090e-04	3.31875	25.0	31262	1.06150e-04	3.31855	26.2
66532.791	16.052	31553	1.05220e-04	3.31992	25.5	30936	1.07320e-04	3.32012	26.1	31570	1.05130e-04	3.31895	25.0	31286	1.06060e-04	3.31836	26.2
66533.980	16.027	31570	1.05170e-04	3.32012	25.5	30964	1.07220e-04	3.31992	26.1	31575	1.05110e-04	3.31875	25.0	31200	1.06360e-04	3.31855	26.2
66535.168	16.027	31479	1.05470e-04	3.31992	25.5	30983	1.07160e-04	3.32012	26.1	31565	1.05140e-04	3.31875	25.0	31161	1.06490e-04	3.31836	26.2
66536.356	16.048	31485	1.05450e-04	3.32012	25.5	30896	1.07450e-04	3.31992	26.1	31469	1.05460e-04	3.31855	25.0	31165	1.06480e-04	3.31836	26.2
66537.544	16.048	31513	1.05360e-04	3.32012	25.5	30909	1.07420e-04	3.32012	26.1	31513	1.05310e-04	3.31875	25.0	31186	1.06410e-04	3.31855	26.2
66538.732	16.035	31520	1.05330e-04	3.32012	25.5	30882	1.07520e-04	3.32031	26.1	31423	1.05610e-04	3.31875	25.0	31181	1.06430e-04	3.31855	26.2
66539.920	16.035	31529	1.05300e-04	3.32012	25.6	30856	1.07600e-04	3.32012	26.1	31497	1.05370e-04	3.31895	25.0	31202	1.06350e-04	3.31836	26.2
66541.109	16.030	31530	1.05300e-04	3.32012	25.6	30905	1.07430e-04	3.32012	26.1	31511	1.05320e-04	3.31875	25.0	31193	1.06380e-04	3.31836	26.2
66542.297	16.030	31571	1.05160e-04	3.31992	25.6	30930	1.07340e-04	3.32012	26.1	31535	1.05240e-04	3.31875	25.0	31240	1.06220e-04	3.31836	26.2
66543.485	16.030	31484	1.05450e-04	3.32012	25.6	30931	1.07340e-04	3.32012	26.1	31498	1.05370e-04	3.31895	25.0	31217	1.06310e-04	3.31855	26.2
66544.673	16.060	31510	1.05370e-04	3.32012	25.6	30882	1.07510e-04	3.32012	26.1	31570	1.05130e-04	3.31895	25.0	31207	1.06340e-04	3.31855	26.2
66545.862	16.060	31486	1.05450e-04	3.32012	25.6	30971	1.07200e-04	3.32012	26.1	31585	1.05080e-04	3.31895	25.0	31223	1.06290e-04	3.31855	26.2
66547.050	16.054	31526	1.05310e-04	3.32012	25.6	30942	1.07290e-04	3.31973	26.1	31583	1.05080e-04	3.31875	25.0	31214	1.06310e-04	3.31836	26.2
66548.238	16.054	31510	1.05370e-04	3.32012	25.6	30891	1.07480e-04	3.32012	26.1	31519	1.05300e-04	3.31875	25.0	31193	1.06390e-04	3.31855	26.2
66549.426	16.060	31566	1.05170e-04	3.31992	25.6	30885	1.07490e-04	3.31992	26.1	31509	1.05330e-04	3.31895	25.0	31225	1.06280e-04	3.31855	26.2
66550.615	16.060	31623	1.04990e-04	3.32012	25.6	30985	1.07150e-04	3.32012	26.1	31612	1.04980e-04	3.31875	25.0	31257	1.06170e-04	3.31855	26.2
66551.803	16.060	31612	1.05030e-04	3.32012	25.6	31090	1.06800e-04	3.32031	26.1	31651	1.04860e-04	3.31875	25.0	31325	1.05940e-04	3.31875	26.2
66552.991	16.023	31606	1.05050e-04	3.32012	25.6	31014	1.07050e-04	3.32012	26.1	31628	1.04940e-04	3.31895	25.0	31324	1.05940e-04	3.31855	26.2
66554.180	16.023	31554	1.05210e-04	3.31992	25.6	30957	1.07250e-04	3.32012	26.1	31593	1.05050e-04	3.31875	25.0	31267	1.06130e-04	3.31836	26.2
66555.368	16.017	31588	1.05100e-04	3.31992	25.6	30964	1.07220e-04	3.32012	26.1	31572	1.05120e-04	3.31875	25.0	31247	1.06200e-04	3.31855	26.2
66556.556	16.017	31555	1.05210e-04	3.31992	25.6	30941	1.07300e-04	3.31992	26.1	31564	1.05150e-04	3.31895	25.0	31262	1.06150e-04	3.31836	26.2
66557.744	16.009	31535	1.05280e-04	3.31992	25.6	30974	1.07190e-04	3.32012	26.1	31592	1.05050e-04	3.31875	25.0	31289	1.06060e-04	3.31855	26.2
66558.932	16.009	31579	1.05140e-04	3.32012	25.6	30932	1.07330e-04	3.31992	26.1	31566	1.05140e-04	3.31875	25.0	31254	1.06180e-04	3.31855	26.2
66560.121	16.032	31548	1.05230e-04	3.31992	25.6	30967	1.07210e-04	3.32012	26.1	31555	1.05170e-04	3.31855	25.0	31229	1.06260e-04	3.31836	26.2
66561.309	16.032	31564	1.05190e-04	3.32012	25.6	30945	1.07280e-04	3.31992	26.1	31542	1.05220e-04	3.31895	25.0	31148	1.06540e-04	3.31855	26.2
66562.497	16.032	31606	1.05050e-04	3.32012	25.6	30981	1.07170e-04	3.32012	26.1	31544	1.05220e-04	3.31895	25.0	31257	1.06180e-04	3.31875	26.2
66563.685	16.027	31565	1.05180e-04	3.32012	25.6	31007	1.07080e-04	3.32031	26.1	31613	1.04990e-04	3.31895	25.0	31266	1.06140e-04	3.31855	26.2
66564.874	16.027	31511	1.05360e-04	3.31992	25.6	30950	1.07280e-04	3.32012	26.1	31555	1.05170e-04	3.31875	25.0	31237	1.06240e-04	3.31855	26.2
66566.062	16.023	31560	1.05200e-04	3.32012	25.6	30959	1.07250e-04	3.32031	26.1	31515	1.05310e-04	3.31875	25.0	31236	1.06230e-04	3.31836	26.2
66567.250	16.023	31526	1.05310e-04	3.32012	25.6	30935	1.07330e-04	3.32012	26.1	31597	1.05040e-04	3.31895	25.0	31238	1.06230e-04	3.31855	26.2
66568.438	16.041	31547	1.05240e-04	3.31992	25.6	30994	1.07120e-04	3.32012	26.1	31577	1.05110e-04	3.31895	25.0	31211	1.06330e-04	3.31855	26.2
66569.627	16.041	31527	1.05320e-04	3.32031	25.6	30922	1.07370e-04	3.32012	26.1	31520	1.05290e-04	3.31875	25.0	31198	1.06370e-04	3.31855	26.2
66570.815	16.023	31648	1.04910e-04	3.32012	25.6	30962	1.07230e-04	3.32012	26.1	31518	1.05300e-04	3.31895	25.0	31292	1.06050e-04	3.31855	26.2
66572.003	16.023	31620	1.04990e-04	3.31992	25.6	31003	1.07090e-04	3.32012	26.1	31639	1.04890e-04	3.31875	25.0	31300	1.06020e-04	3.31855	26.2
66573.191	16.023	31557	1.05220e-04	3.32031	25.6	30968	1.07210e-04	3.31992	26.1	31618	1.04970e-04	3.31895	25.0	31220	1.06290e-04	3.31836	26.2
66574.380	16.037	31507	1.05370e-04	3.31992	25.6	30957	1.07250e-04	3.32012	26.1	31502	1.05360e-04	3.31895	25.0	31217	1.06310e-04	3.31875	26.2
66575.568	16.037	31511	1.05360e-04	3.32012	25.6	30889	1.07480e-04	3.32012	26.1	31479	1.05430e-04	3.31875	25.0	31192	1.06390e-04	3.31855	26.2
66576.756	16.075	31537	1.05280e-04	3.32012	25.6	30919	1.07390e-04	3.32031	26.1	31480	1.05430e-04	3.31895	25.0	31223	1.06290e-04	3.31875	26.2
66577.944	16.075	31475	1.05480e-04	3.31992	25.6	30945	1.07300e-04	3.32031	26.1	31534	1.05250e-04	3.31895	25.0	31248	1.06200e-04	3.31855	26.2
66579.132	16.057	31504	1.05390e-04	3.32012	25.6	30896	1.07460e-04	3.32012	26.1	31491	1.05390e-04	3.31875	25.0	31152	1.06520e-04	3.31836	26.2
66580.321	16.057	31498	1.05410e-04	3.32012	25.6	30868	1.07560e-04	3.32012	26.1	31578	1.05110e-04	3.31914	25.0	31150	1.06530e-04	3.31855	26.2
66581.509	16.057	31504	1.05390e-04	3.32012	25.6	30908	1.07420e-04	3.32012	26.1	31482	1.05420e-04	3.31875	25.0	31158	1.06510e-04	3.31855	26.2
66582.697	16.049	31540	1.05270e-04	3.32012	25.6	30888	1.07490e-04	3.32012	26.1	31517	1.05300e-04	3.31875	25.0	31167	1.06480e-04	3.31855	26.2
66583.885	16.049	31485	1.05450e-04	3.32012	25.6	30907	1.07420e-04	3.32012	26.1	31468	1.05470e-04	3.31875	25.0	31185	1.06420e-04	3.31855	26.2
66585.074	16.056	31531	1.05290e-04	3.31992	25.6	30922	1.07370e-04	3.32012	26.1	31473	1.05450e-04	3.31875	25.0	31193	1.06390e-04	3.31855	26.2
66586.262	16.056	31491	1.05430e-04	3.32012	25.6	30882	1.07500e-04	3.31992	26.1	31481	1.05420e-04	3.31875	25.0	31233	1.06250e-04	3.31836	26.2
66587.450	16.049	31503	1.05390e-04	3.32012	25.6	30910	1.07420e-04	3.32031	26.1	31542	1.05220e-04	3.31895	25.0	31215	1.06310e-04	3.31855	26.2
66588.638	16.049	31508	1.05370e-04	3.32012	25.6	30943	1.07300e-04	3.32012	26.1	31487	1.05400e-04	3.31875	25.0	31121	1.06630e-04	3.31855	26.2
66589.827	16.034	31579	1.05140e-04	3.32031	25.6	30917	1.07390e-04	3.32012	26.2	31488	1.05400e-04	3.31895	25.0	31164	1.06490e-04	3.31855	26.2
66591.015	16.034	31533	1.05290e-04	3.32012	25.6	30954	1.07270e-04	3.32031	26.2	31573	1.05110e-04	3.31875	25.0	31356	1.05830e-04	3.31855	26.2
66592.203	16.038	31555	1.05210e-04	3.31992	25.6	30986	1.07150e-04	3.32012	26.2	31555	1.05180e-04	3.31875	25.0	31233	1.06250e-04	3.31855	26.2
66593.392	16.038	31519	1.05340e-04	3.32031	25.6	30944	1.07290e-04	3.31992	26.2	31519	1.05290e-04	3.31875	25.0	31228	1.06260e-04	3.31836	26.2
66594.580	16.038	31518	1.05340e-04	3.32012	25.6	30906	1.07430e-04	3.32012	26.1	31518	1.05300e-04	3.31875	25.0	31208	1.06340e-04	3.31875	26.2
66595.768	16.022	31563	1.05190e-04	3.31992	25.6	30966	1.07220e-04	3.32012	26.1	31505	1.05340e-04	3.31875	25.0	31191	1.06400e-04	3.31855	26.2
66596.956	16.022	31608	1.05040e-04	3.32012	25.6	31021	1.07020e-04	3.31992	26.1	31617	1.04970e-04	3.31895	25.0	31312	1.05980e-04	3.31855	26.2
66598.144	16.045	31511	1.05360e-04	3.31992	25.6	31014	1.07050e-04	3.32012	26.1	31557	1.05170e-04	3.31875	25.0	31300	1.06020e-04	3.31836	26.2
66599.332	16.045	31498	1.05410e-04	3.32012	25.6	30918	1.07380e-04	3.32012	26.1	31527	1.05270e-04	3.31875	25.0	31191	1.06390e-04	3.31836	26.2
66600.521	16.045	31524	1.05310e-04	3.31992	25.6	30944	1.07290e-04	3.32012	26.2	31504	1.05340e-04	3.31875	25.0	31225	1.06280e-04	3.31855	26.2
66601.709	16.035	31584	1.05120e-04	3.32012	25.6	30927	1.07350e-04	3.32012	26.2	31505	1.05340e-04	3.31875	25.0	31218	1.06300e-04	3.31855	26.2
66602.897	16.026	31600	1.05070e-04	3.32012	25.6	30926	1.07360e-04	3.32031	26.2	31487	1.05400e-04	3.31875	25.0	31148	1.06540e-04	3.31855	26.2
66604.086	16.026	31541	1.05260e-04	3.31992	25.6	30966	1.07220e-04	3.32031	26.2	31517	1.05310e-04	3.31895	25.0	31288	1.06060e-04	3.31855	26.2
66605.274	16.026	31522	1.05320e-04	3.31992	25.6	30992	1.07130e-04	3.32012	26.2	31518	1.05300e-04	3.31875	25.0	31204	1.06350e-04	3.31855	26.2
66606.462	16.036	31519	1.05340e-04	3.32012	25.6	30923	1.07370e-04	3.32012	26.2	31502	1.05360e-04	3.31895	25.0	31210	1.06330e-04	3.31836	26.2
66607.650	16.036	31498	1.05400e-04	3.31992	25.6	30905	1.07430e-04	3.32012	26.2	31457	1.05500e-04	3.31875	25.0	31149	1.06540e-04	3.31855	26.2
66608.839	16.039	31564	1.05190e-04	3.32012	25.6	30893	1.07470e-04	3.32012	26.2	31534	1.05240e-04	3.31855	25.0	31222	1.06290e-04	3.31855	26.2
66610.027	16.039	31624	1.04980e-04	3.31992	25.6	30989	1.07130e-04	3.31992	26.2	31590	1.05060e-04	3.31875	25.0	31241	1.06220e-04	3.31836	26.2
66611.215	16.015	31597	1.05080e-04	3.32012	25.6	30959	1.07240e-04	3.32012	26.2	31559	1.05170e-04	3.31895	25.0	31205	1.06350e-04	3.31855	26.2
66612.403	16.015	31569	1.05160e-04	3.31992	25.6	30946	1.07290e-04	3.32012	26.2	31564	1.05140e-04	3.31875	25.0	31290	1.06060e-04	3.31855	26.2
66613.592	16.053	31611	1.05020e-04	3.31992	25.6	30942	1.07300e-04	3.32012	26.2	31564	1.05140e-04	3.31875	25.0	31292	1.06050e-04	3.31855	26.2
66614.779	16.053	31523	1.05320e-04	3.31992	25.6	30968	1.07220e-04	3.32031	26.2	31542	1.05220e-04	3.31875	25.0	31215	1.06310e-04	3.31836	26.2
66615.968	16.053	31511	1.05360e-04	3.31992	25.6	30906	1.07430e-04	3.32012	26.2	31462	1.05480e-04	3.31875	25.0	31161	1.06490e-04	3.31836	26.2
66617.156	16.035	31516	1.05340e-04	3.31992	25.6	30893	1.07470e-04	3.32012	26.2	31509	1.05330e-04	3.31895	25.0	31149	1.06530e-04	3.31836	26.2
66618.344	16.035	31549	1.05240e-04	3.32012	25.6	30873	1.07540e-04	3.32012	26.2	31432	1.05590e-04	3.31875	25.0	31163	1.06490e-04	3.31855	26.2
66619.532	16.057	31534	1.05280e-04	3.31992	25.6	30924	1.07360e-04	3.31992	26.2	31510	1.05320e-04	3.31855	25.0	31238	1.06230e-04	3.31836	26.2
66620.721	16.057	31578	1.05140e-04	3.32012	25.6	30999	1.07100e-04	3.31992	26.2	31543	1.05210e-04	3.31875	25.0	31237	1.06240e-04	3.31855	26.2
66621.909	16.035	31542	1.05250e-04	3.31992	25.6	30964	1.07230e-04	3.32012	26.2	31524	1.05280e-04	3.31875	25.0	31204	1.06350e-04	3.31836	26.2
66623.097	16.035	31545	1.05250e-04	3.32012	25.6	30978	1.07170e-04	3.31992	26.1	31604	1.05010e-04	3.31875	25.0	31214	1.06300e-04	3.31816	26.2
66624.286	16.035	31494	1.05420e-04	3.32012	25.6	31007	1.07070e-04	3.32012	26.1	31519	1.05300e-04	3.31875	25.0	31245	1.06220e-04	3.31875	26.2
66625.474	16.027	31576	1.05140e-04	3.31992	25.6	30890	1.07480e-04	3.32012	26.2	31565	1.05140e-04	3.31875	25.0	31202	1.06360e-04	3.31855	26.2
66626.662	16.027	31551	1.05230e-04	3.32012	25.6	30959	1.07240e-04	3.32012	26.2	31580	1.05090e-04	3.31855	25.0	31246	1.06200e-04	3.31836	26.2
66627.850	16.024	31539	1.05270e-04	3.31992	25.6	30970	1.07210e-04	3.32031	26.2	31558	1.05170e-04	3.31895	25.0	31276	1.06110e-04	3.31875	26.2
66629.039	16.024	31546	1.05250e-04	3.32012	25.6	31007	1.07070e-04	3.32012	26.2	31549	1.05200e-04	3.31895	25.0	31222	1.06280e-04	3.31836	26.2
66630.227	16.030	31591	1.05100e-04	3.32012	25.6	30977	1.07170e-04	3.31992	26.2	31606	1.05000e-04	3.31875	25.0	31242	1.06220e-04	3.31836	26.2
66631.415	16.030	31598	1.05070e-04	3.32012	25.6	30966	1.07220e-04	3.32012	26.2	31629	1.04930e-04	3.31875	25.0	31234	1.06250e-04	3.31855	26.2
66632.604	16.004	31513	1.05350e-04	3.31992	25.6	30965	1.07210e-04	3.31992	26.2	31450	1.05520e-04	3.31855	25.0	31171	1.06460e-04	3.31855	26.2
66633.791	16.004	31553	1.05220e-04	3.32012	25.6	30856	1.07600e-04	3.32012	26.2	31515	1.05310e-04	3.31895	25.0	31184	1.06420e-04	3.31855	26.2
66634.980	16.004	31541	1.05260e-04	3.32012	25.6	30887	1.07490e-04	3.32012	26.2	31491	1.05390e-04	3.31895	25.0	31213	1.06320e-04	3.31855	26.2
66636.168	16.020	31485	1.05450e-04	3.32012	25.6	30898	1.07460e-04	3.32012	26.2	31501	1.05350e-04	3.31875	25.0	31132	1.06590e-04	3.31836	26.2
66637.356	16.020	31571	1.05150e-04	3.31973	25.6	30898	1.07450e-04	3.31992	26.2	31496	1.05370e-04	3.31875	25.0	31182	1.06420e-04	3.31836	26.2
66638.544	16.020	31522	1.05330e-04	3.32012	25.6	30974	1.07190e-04	3.32012	26.2	31560	1.05160e-04	3.31875	25.0	31203	1.06360e-04	3.31875	26.2
66639.733	16.032	31525	1.05320e-04	3.32012	25.6	30956	1.07250e-04	3.32012	26.2	31525	1.05280e-04	3.31875	25.0	31219	1.06300e-04	3.31855	26.2
66640.921	16.015	31547	1.05240e-04	3.31992	25.6	30923	1.07370e-04	3.32012	26.2	31469	1.05470e-04	3.31895	25.0	31177	1.06430e-04	3.31836	26.2
66642.109	16.015	31546	1.05250e-04	3.32012	25.6	30918	1.07380e-04	3.32012	26.2	31525	1.05280e-04	3.31875	25.0	31225	1.06280e-04	3.31855	26.2
66643.298	16.015	31562	1.05190e-04	3.31992	25.6	30959	1.07240e-04	3.32012	26.2	31556	1.05170e-04	3.31875	25.0	31288	1.06060e-04	3.31855	26.2
66644.486	16.037	31573	1.05160e-04	3.32012	25.6	30954	1.07250e-04	3.31992	26.2	31581	1.05090e-04	3.31875	25.0	31223	1.06280e-04	3.31836	26.2
66645.674	16.037	31644	1.04920e-04	3.32012	25.6	30990	1.07140e-04	3.32012	26.2	31572	1.05120e-04	3.31895	25.0	31275	1.06120e-04	3.31875	26.2
66646.862	16.024	31627	1.04970e-04	3.31992	25.6	30966	1.07220e-04	3.32031	26.2	31579	1.05100e-04	3.31895	25.0	31240	1.06220e-04	3.31836	26.2
66648.050	16.024	31541	1.05270e-04	3.32031	25.7	30965	1.07220e-04	3.31992	26.2	31563	1.05150e-04	3.31875	25.0	31249	1.06200e-04	3.31855	26.2
66649.239	16.036	31568	1.05180e-04	3.32012	25.6	30969	1.07210e-04	3.32012	26.2	31548	1.05200e-04	3.31875	25.0	31221	1.06290e-04	3.31855	26.2
66650.427	16.036	31561	1.05190e-04	3.31992	25.6	30919	1.07380e-04	3.32012	26.2	31539	1.05230e-04	3.31895	25.0	31245	1.06200e-04	3.31836	26.2
66651.615	16.038	31566	1.05180e-04	3.31992	25.6	30914	1.07400e-04	3.32012	26.2	31479	1.05430e-04	3.31875	25.0	31215	1.06310e-04	3.31836	26.2
66652.803	16.038	31498	1.05400e-04	3.31992	25.6	30907	1.07420e-04	3.32012	26.2	31492	1.05380e-04	3.31875	25.0	31179	1.06430e-04	3.31836	26.2
66653.992	16.038	31517	1.05340e-04	3.31992	25.7	30945	1.07290e-04	3.32012	26.2	31478	1.05430e-04	3.31875	25.0	31209	1.06330e-04	3.31836	26.2
66655.180	16.038	31499	1.05400e-04	3.31992	25.7	30910	1.07400e-04	3.31992	26.2	31454	1.05510e-04	3.31875	25.0	31210	1.06320e-04	3.31836	26.2
66656.368	16.038	31534	1.05290e-04	3.32012	25.6	30899	1.07450e-04	3.32012	26.2	31485	1.05410e-04	3.31895	25.0	31258	1.06170e-04	3.31855	26.3
66657.556	16.048	31489	1.05420e-04	3.31973	25.6	30851	1.07620e-04	3.32012	26.2	31445	1.05540e-04	3.31875	25.0	31194	1.06380e-04	3.31836	26.3
66658.745	16.048	31515	1.05350e-04	3.32012	25.6	30855	1.07600e-04	3.31992	26.2	31513	1.05310e-04	3.31875	25.0	31226	1.06270e-04	3.31836	26.3
66659.933	16.048	31587	1.05100e-04	3.31992	25.7	30925	1.07360e-04	3.32012	26.2	31480	1.05430e-04	3.31895	25.0	31249	1.06200e-04	3.31855	26.3
66661.121	16.048	31568	1.05160e-04	3.31973	25.7	30916	1.07380e-04	3.31992	26.2	31546	1.05200e-04	3.31855	25.0	31265	1.06130e-04	3.31816	26.3
66662.309	16.052	31540	1.05270e-04	3.32012	25.7	30919	1.07380e-04	3.32012	26.2	31530	1.05260e-04	3.31875	25.0	31229	1.06260e-04	3.31855	26.3
66663.497	16.052	31685	1.04780e-04	3.31992	25.7	30987	1.07150e-04	3.32031	26.2	31613	1.04990e-04	3.31895	25.0	31272	1.06120e-04	3.31855	26.3
66664.686	16.016	31635	1.04940e-04	3.31992	25.7	31011	1.07060e-04	3.32012	26.2	31619	1.04960e-04	3.31875	25.0	31345	1.05870e-04	3.31836	26.3
66665.874	16.016	31497	1.05400e-04	3.31992	25.7	30968	1.07210e-04	3.32012	26.2	31590	1.05050e-04	3.31855	25.0	31289	1.06060e-04	3.31836	26.3
66667.062	16.016	31561	1.05190e-04	3.31973	25.7	30855	1.07600e-04	3.32012	26.2	31531	1.05250e-04	3.31875	25.0	31284	1.06070e-04	3.31836	26.3
66668.251	16.012	31492	1.05430e-04	3.32012	25.7	30911	1.07400e-04	3.31992	26.2	31463	1.05480e-04	3.31875	25.0	31216	1.06310e-04	3.31855	26.3
66669.439	16.012	31568	1.05170e-04	3.32012	25.7	30874	1.07540e-04	3.32012	26.2	31531	1.05250e-04	3.31875	25.0	31292	1.06050e-04	3.31855	26.3
66670.627	16.021	31608	1.05040e-04	3.31992	25.7	30963	1.07220e-04	3.31992	26.2	31595	1.05040e-04	3.31875	25.0	31310	1.05990e-04	3.31836	26.3
66671.816	16.021	31502	1.05400e-04	3.32031	25.7	30917	1.07390e-04	3.32012	26.2	31452	1.05520e-04	3.31875	25.0	31171	1.06460e-04	3.31855	26.3
66673.004	16.042	31580	1.05130e-04	3.32012	25.7	30926	1.07360e-04	3.32012	26.2	31442	1.05550e-04	3.31875	25.0	31172	1.06450e-04	3.31836	26.3
66674.192	16.042	31555	1.05210e-04	3.31992	25.7	30925	1.07360e-04	3.31992	26.2	31451	1.05520e-04	3.31875	25.0	31183	1.06420e-04	3.31836	26.3
66675.380	16.042	31464	1.05520e-04	3.32012	25.7	30925	1.07370e-04	3.32031	26.2	31528	1.05260e-04	3.31875	25.0	31242	1.06220e-04	3.31855	26.3
66676.568	16.066	31655	1.04880e-04	3.31992	25.7	30969	1.07210e-04	3.32012	26.2	31552	1.05180e-04	3.31875	25.0	31316	1.05970e-04	3.31855	26.3
66677.757	16.066	31551	1.05230e-04	3.32012	25.7	30963	1.07230e-04	3.32012	26.2	31556	1.05170e-04	3.31875	25.0	31278	1.06100e-04	3.31855	26.3
66678.945	16.045	31596	1.05080e-04	3.32012	25.7	30911	1.07420e-04	3.32031	26.2	31528	1.05270e-04	3.31895	25.0	31196	1.06370e-04	3.31836	26.3
66680.133	16.045	31598	1.05070e-04	3.31992	25.7	30931	1.07340e-04	3.32012	26.2	31557	1.05170e-04	3.31875	25.0	31174	1.06450e-04	3.31836	26.3
66681.321	16.040	31548	1.05230e-04	3.31992	25.7	30952	1.07260e-04	3.31992	26.2	31499	1.05360e-04	3.31875	25.0	31238	1.06230e-04	3.31836	26.3
66682.510	16.040	31569	1.05170e-04	3.32012	25.7	30912	1.07400e-04	3.31992	26.2	31504	1.05340e-04	3.31875	25.0	31282	1.06090e-04	3.31855	26.3
66683.698	16.057	31537	1.05270e-04	3.31992	25.7	30928	1.07340e-04	3.31992	26.2	31504	1.05340e-04	3.31875	25.0	31225	1.06280e-04	3.31855	26.3
66684.886	16.057	31629	1.04960e-04	3.31992	25.7	30979	1.07170e-04	3.32012	26.2	31538	1.05230e-04	3.31875	25.0	31244	1.06210e-04	3.31836	26.3
66686.074	16.057	31663	1.04860e-04	3.32012	25.7	30997	1.07110e-04	3.31992	26.2	31619	1.04960e-04	3.31855	25.0	31307	1.05990e-04	3.31836	26.3
66687.263	16.030	31621	1.04990e-04	3.31992	25.7	30970	1.07200e-04	3.32012	26.2	31631	1.04920e-04	3.31875	25.0	31302	1.06010e-04	3.31836	26.3
66688.451	16.030	31606	1.05040e-04	3.31992	25.7	30998	1.07110e-04	3.32012	26.2	31611	1.04990e-04	3.31895	25.0	31291	1.06050e-04	3.31855	26.3
66689.639	16.050	31631	1.04960e-04	3.32012	25.7	30912	1.07400e-04	3.31992	26.2	31607	1.04990e-04	3.31855	25.0	31250	1.06190e-04	3.31836	26.3
66690.827	16.050	31560	1.05200e-04	3.32012	25.7	30953	1.07260e-04	3.32012	26.2	31562	1.05160e-04	3.31895	25.0	31257	1.06180e-04	3.31875	26.3
66692.015	16.031	31587	1.05100e-04	3.31992	25.7	31018	1.07040e-04	3.32031	26.2	31528	1.05260e-04	3.31875	25.0	31292	1.06050e-04	3.31855	26.3
66693.204	16.031	31554	1.05220e-04	3.32012	25.7	30970	1.07200e-04	3.31992	26.3	31562	1.05140e-04	3.31855	25.0	31312	1.05980e-04	3.31836	26.3
66694.392	16.031	31541	1.05260e-04	3.31992	25.7	30907	1.07420e-04	3.32012	26.3	31485	1.05410e-04	3.31895	25.0	31246	1.06210e-04	3.31855	26.3
66695.580	16.039	31571	1.05160e-04	3.31992	25.7	30914	1.07400e-04	3.32012	26.3	31549	1.05200e-04	3.31875	25.0	31228	1.06260e-04	3.31836	26.3
66696.768	16.039	31528	1.05310e-04	3.32031	25.7	30885	1.07490e-04	3.31992	26.3	31494	1.05370e-04	3.31855	25.0	31209	1.06330e-04	3.31855	26.3
66697.957	16.040	31521	1.05330e-04	3.32012	25.7	30918	1.07390e-04	3.32031	26.3	31452	1.05520e-04	3.31895	25.0	31193	1.06390e-04	3.31855	26.3
66699.145	16.040	31471	1.05490e-04	3.31992	25.7	30920	1.07380e-04	3.32012	26.3	31460	1.05490e-04	3.31875	25.0	31191	1.06390e-04	3.31836	26.3
66700.333	16.051	31481	1.05460e-04	3.32012	25.7	30845	1.07650e-04	3.32031	26.3	31449	1.05530e-04	3.31895	25.0	31207	1.06340e-04	3.31855	26.3
66701.522	16.051	31576	1.05150e-04	3.32012	25.8	30874	1.07540e-04	3.32012	26.3	31464	1.05480e-04	3.31895	25.0	31264	1.06150e-04	3.31855	26.3
66702.709	16.037	31569	1.05170e-04	3.32012	25.8	30929	1.07350e-04	3.32012	26.3	31502	1.05340e-04	3.31855	25.1	31240	1.06220e-04	3.31836	26.3
66703.898	16.037	31570	1.05170e-04	3.32012	25.8	30911	1.07410e-04	3.32031	26.3	31485	1.05410e-04	3.31895	25.0	31232	1.06260e-04	3.31875	26.3
66705.086	16.036	31623	1.04990e-04	3.32012	25.8	30939	1.07310e-04	3.32012	26.3	31512	1.05320e-04	3.31895	25.0	31232	1.06250e-04	3.31855	26.3
66706.274	16.036	31525	1.05320e-04	3.32012	25.8	30988	1.07140e-04	3.32012	26.3	31551	1.05190e-04	3.31875	25.0	31228	1.06260e-04	3.31836	26.3
66707.462	16.036	31573	1.05160e-04	3.32012	25.8	30925	1.07370e-04	3.32031	26.3	31556	1.05180e-04	3.31914	25.1	31259	1.06160e-04	3.31855	26.3
66708.651	16.039	31535	1.05280e-04	3.32012	25.8	30958	1.07250e-04	3.32012	26.3	31529	1.05270e-04	3.31895	25.0	31234	1.06250e-04	3.31855	26.3
66709.839	16.039	31535	1.05280e-04	3.32012	25.8	30943	1.07300e-04	3.32012	26.3	31541	1.05220e-04	3.31875	25.0	31286	1.06070e-04	3.31855	26.3
66711.027	16.041	31543	1.05260e-04	3.32012	25.8	30949	1.07280e-04	3.32031	26.3	31526	1.05280e-04	3.31895	25.0	31257	1.06170e-04	3.31855	26.3
66712.216	16.041	31510	1.05370e-04	3.32012	25.8	30906	1.07430e-04	3.32012	26.3	31523	1.05290e-04	3.31895	25.0	31251	1.06190e-04	3.31855	26.3
66713.404	16.027	31569	1.05170e-04	3.32012	25.8	30983	1.07160e-04	3.32012	26.3	31575	1.05110e-04	3.31895	25.0	31287	1.06070e-04	3.31855	26.3
66714.592	16.027	31546	1.05250e-04	3.32012	25.8	30995	1.07120e-04	3.32031	26.3	31574	1.05120e-04	3.31895	25.1	31297	1.06040e-04	3.31875	26.3
66715.780	16.018	31618	1.05010e-04	3.32012	25.7	31033	1.06990e-04	3.32012	26.3	31587	1.05070e-04	3.31875	25.1	31299	1.06030e-04	3.31855	26.3
66716.968	16.018	31559	1.05200e-04	3.32012	25.7	31001	1.07100e-04	3.32031	26.3	31584	1.05080e-04	3.31895	25.0	31276	1.06110e-04	3.31855	26.3
66718.156	16.018	31599	1.05060e-04	3.31992	25.7	30976	1.07180e-04	3.32012	26.3	31553	1.05190e-04	3.31895	25.0	31280	1.06100e-04	3.31875	26.3
66719.345	16.024	31597	1.05080e-04	3.32031	25.7	30982	1.07150e-04	3.31992	26.3	31591	1.05050e-04	3.31875	25.0	31308	1.06000e-04	3.31855	26.3
66720.533	16.024	31524	1.05320e-04	3.32012	25.7	30922	1.07370e-04	3.32012	26.3	31532	1.05260e-04	3.31895	25.0	31279	1.06100e-04	3.31875	26.3
66721.722	16.025	31554	1.05220e-04	3.32012	25.7	30943	1.07300e-04	3.32012	26.3	31449	1.05530e-04	3.31895	25.0	31199	1.06370e-04	3.31855	26.3
66722.910	16.025	31500	1.05400e-04	3.32012	25.7	30919	1.07380e-04	3.32012	26.3	31504	1.05340e-04	3.31875	25.0	31249	1.06200e-04	3.31855	26.3
66724.098	16.054	31571	1.05160e-04	3.31992	25.7	30922	1.07370e-04	3.32012	26.2	31513	1.05320e-04	3.31895	25.0	31258	1.06170e-04	3.31875	26.3
66725.286	16.054	31516	1.05350e-04	3.32012	25.7	30923	1.07370e-04	3.32012	26.2	31613	1.04990e-04	3.31895	25.0	31269	1.06130e-04	3.31855	26.3
66726.474	16.054	31562	1.05200e-04	3.32012	25.7	31011	1.07060e-04	3.31992	26.2	31495	1.05370e-04	3.31855	25.0	31288	1.06060e-04	3.31836	26.3
66727.662	16.038	31520	1.05330e-04	3.32012	25.7	30932	1.07340e-04	3.32031	26.2	31524	1.05280e-04	3.31895	25.0	31263	1.06150e-04	3.31855	26.3
66728.851	16.038	31538	1.05270e-04	3.32012	25.7	30917	1.07390e-04	3.32012	26.2	31429	1.05600e-04	3.31875	25.0	31218	1.06300e-04	3.31855	26.3
66730.039	16.034	31500	1.05400e-04	3.32012	25.7	30923	1.07370e-04	3.32012	26.2	31491	1.05390e-04	3.31875	25.0	31264	1.06140e-04	3.31855	26.3
66731.227	16.034	31547	1.05240e-04	3.32012	25.7	30991	1.07130e-04	3.32012	26.2	31576	1.05110e-04	3.31895	25.0	31181	1.06420e-04	3.31836	26.3
66732.416	16.027	31536	1.05280e-04	3.32012	25.7	30914	1.07390e-04	3.31992	26.2	31490	1.05390e-04	3.31875	25.0	31188	1.06400e-04	3.31855	26.3
66733.604	16.027	31528	1.05310e-04	3.32012	25.7	31028	1.07000e-04	3.32012	26.2	31555	1.05180e-04	3.31875	25.0	31279	1.06100e-04	3.31875	26.3
66734.792	16.038	31581	1.05120e-04	3.31992	25.7	30946	1.07290e-04	3.32012	26.2	31504	1.05350e-04	3.31895	25.0	31221	1.06290e-04	3.31855	26.3
66735.980	16.038	31525	1.05320e-04	3.32012	25.7	30912	1.07400e-04	3.32012	26.2	31528	1.05260e-04	3.31875	25.0	31239	1.06230e-04	3.31836	26.3
66737.168	16.038	31528	1.05310e-04	3.32012	25.7	30908	1.07420e-04	3.32012	26.2	31490	1.05390e-04	3.31875	25.0	31190	1.06400e-04	3.31855	26.3
66738.357	16.045	31540	1.05270e-04	3.32012	25.7	30921	1.07380e-04	3.32031	26.2	31519	1.05300e-04	3.31895	25.0	31206	1.06350e-04	3.31855	26.3
66739.545	16.045	31501	1.05400e-04	3.32012	25.7	30928	1.07350e-04	3.32012	26.2	31538	1.05230e-04	3.31875	25.0	31227	1.06270e-04	3.31855	26.3
66740.733	16.019	31532	1.05300e-04	3.32012	25.7	30942	1.07310e-04	3.32031	26.2	31535	1.05250e-04	3.31895	25.0	31261	1.06160e-04	3.31875	26.3
66741.921	16.019	31572	1.05160e-04	3.32012	25.7	30935	1.07330e-04	3.32031	26.2	31572	1.05120e-04	3.31895	25.0	31264	1.06140e-04	3.31855	26.3
66743.109	16.007	31595	1.05080e-04	3.32012	25.7	30960	1.07240e-04	3.32012	26.2	31573	1.05110e-04	3.31875	25.0	31250	1.06190e-04	3.31855	26.3
66744.298	16.007	31650	1.04900e-04	3.32012	25.7	30986	1.07150e-04	3.32012	26.2	31567	1.05130e-04	3.31875	25.0	31223	1.06290e-04	3.31855	26.3
66745.486	16.007	31578	1.05140e-04	3.32012	25.7	30991	1.07130e-04	3.32012	26.2	31560	1.05160e-04	3.31895	25.0	31285	1.06080e-04	3.31855	26.3
66746.674	16.042	31580	1.05130e-04	3.31992	25.7	30986	1.07150e-04	3.32012	26.2	31576	1.05100e-04	3.31875	25.0	31272	1.06120e-04	3.31855	26.3
66747.862	16.042	31544	1.05250e-04	3.31992	25.7	30970	1.07200e-04	3.32012	26.2	31598	1.05030e-04	3.31875	25.0	31284	1.06070e-04	3.31836	26.3
66749.051	16.098	31656	1.04880e-04	3.32012	25.7	31007	1.07080e-04	3.32031	26.2	31516	1.05310e-04	3.31895	25.0	31220	1.06300e-04	3.31875	26.3
66750.239	16.098	31560	1.05200e-04	3.32012	25.7	30996	1.07120e-04	3.32031	26.2	31592	1.05050e-04	3.31875	25.0	31282	1.06090e-04	3.31855	26.3
66751.428	16.024	31596	1.05090e-04	3.32031	25.7	30991	1.07130e-04	3.32012	26.2	31615	1.04980e-04	3.31895	25.0	31269	1.06130e-04	3.31855	26.3
66752.615	16.024	31627	1.04980e-04	3.32012	25.7	31031	1.07000e-04	3.32031	26.2	31611	1.04990e-04	3.31895	25.0	31312	1.05990e-04	3.31875	26.3
66753.804	16.028	31619	1.05000e-04	3.32012	25.7	31026	1.07020e-04	3.32031	26.2	31574	1.05120e-04	3.31895	25.0	31282	1.06090e-04	3.31855	26.3
66754.992	16.028	31630	1.04970e-04	3.32012	25.7	30988	1.07140e-04	3.32012	26.2	31549	1.05200e-04	3.31895	25.0	31336	1.05900e-04	3.31855	26.3
66756.180	16.043	31590	1.05090e-04	3.31992	25.7	31000	1.07100e-04	3.32012	26.2	31634	1.04920e-04	3.31895	25.0	31328	1.05920e-04	3.31836	26.3
66757.369	16.043	31606	1.05050e-04	3.32012	25.7	30964	1.07220e-04	3.31992	26.2	31606	1.05000e-04	3.31875	25.0	31234	1.06250e-04	3.31855	26.3
66758.557	16.043	31523	1.05320e-04	3.32012	25.7	30919	1.07380e-04	3.32012	26.2	31565	1.05150e-04	3.31895	25.0	31268	1.06130e-04	3.31855	26.3
66759.745	16.029	31579	1.05130e-04	3.31992	25.6	30929	1.07340e-04	3.31992	26.2	31542	1.05220e-04	3.31895	25.0	31258	1.06170e-04	3.31855	26.3
66760.933	16.029	31563	1.05180e-04	3.31992	25.6	30936	1.07330e-04	3.32031	26.2	31539	1.05230e-04	3.31895	25.0	31286	1.06070e-04	3.31855	26.3
66762.122	16.045	31528	1.05300e-04	3.31992	25.6	30946	1.07290e-04	3.32031	26.2	31606	1.05000e-04	3.31875	25.0	31300	1.06020e-04	3.31855	26.3
66763.310	16.045	31538	1.05280e-04	3.32012	25.6	30974	1.07190e-04	3.32012	26.2	31614	1.04980e-04	3.31875	25.0	31319	1.05950e-04	3.31836	26.3
66764.498	15.989	31659	1.04870e-04	3.31992	25.6	30999	1.07110e-04	3.32031	26.2	31614	1.04980e-04	3.31895	25.0	31308	1.06000e-04	3.31855	26.3
66765.686	15.989	31589	1.05100e-04	3.31992	25.6	31041	1.06960e-04	3.32012	26.2	31637	1.04900e-04	3.31875	25.0	31275	1.06100e-04	3.31836	26.3
66766.874	16.007	31551	1.05230e-04	3.32012	25.6	31003	1.07090e-04	3.32012	26.2	31568	1.05130e-04	3.31875	25.0	31209	1.06330e-04	3.31855	26.3
66768.063	16.007	31638	1.04940e-04	3.32012	25.6	30962	1.07230e-04	3.32012	26.2	31551	1.05190e-04	3.31875	25.0	31288	1.06060e-04	3.31855	26.3
66769.251	16.007	31573	1.05160e-04	3.32012	25.6	31000	1.07090e-04	3.31992	26.2	31598	1.05030e-04	3.31875	25.0	31291	1.06050e-04	3.31836	26.3
66770.439	16.038	31571	1.05150e-04	3.31973	25.6	30988	1.07140e-04	3.32012	26.2	31587	1.05070e-04	3.31875	25.0	31258	1.06170e-04	3.31855	26.3
66771.627	16.038	31583	1.05120e-04	3.32012	25.6	30950	1.07270e-04	3.32012	26.2	31541	1.05220e-04	3.31875	25.0	31271	1.06120e-04	3.31855	26.3
66772.816	16.065	31562	1.05190e-04	3.32012	25.6	30951	1.07270e-04	3.32012	26.2	31572	1.05120e-04	3.31895	25.0	31261	1.06150e-04	3.31836	26.3
66774.004	16.065	31574	1.05150e-04	3.31992	25.6	30947	1.07280e-04	3.32012	26.2	31567	1.05130e-04	3.31875	25.0	31240	1.06220e-04	3.31836	26.3
66775.192	16.034	31594	1.05090e-04	3.32012	25.6	30950	1.07270e-04	3.32012	26.2	31536	1.05240e-04	3.31875	25.0	31216	1.06310e-04	3.31855	26.3
66776.380	16.034	31552	1.05230e-04	3.32012	25.6	30931	1.07340e-04	3.32012	26.2	31519	1.05290e-04	3.31875	25.0	31201	1.06360e-04	3.31855	26.3
66777.569	16.034	31557	1.05200e-04	3.31973	25.6	30887	1.07490e-04	3.31992	26.2	31483	1.05410e-04	3.31855	25.0	31254	1.06170e-04	3.31836	26.3
66778.757	16.032	31513	1.05360e-04	3.32012	25.6	30906	1.07430e-04	3.32012	26.2	31514	1.05320e-04	3.31895	25.0	31220	1.06300e-04	3.31875	26.3
66779.945	16.032	31600	1.05070e-04	3.32012	25.6	30918	1.07380e-04	3.32012	26.2	31565	1.05140e-04	3.31875	25.0	31298	1.06030e-04	3.31855	26.3
66781.134	16.110	31562	1.05190e-04	3.31992	25.6	30973	1.07190e-04	3.31992	26.2	31552	1.05180e-04	3.31855	25.0	31234	1.06240e-04	3.31836	26.3
66782.322	16.110	31597	1.05080e-04	3.32012	25.6	30921	1.07380e-04	3.32012	26.2	31533	1.05250e-04	3.31895	25.0	31250	1.06190e-04	3.31855	26.3
66783.510	16.051	31618	1.05000e-04	3.31992	25.6	31014	1.07050e-04	3.31992	26.2	31640	1.04890e-04	3.31875	25.0	31320	1.05960e-04	3.31855	26.3
66784.698	16.051	31598	1.05070e-04	3.31992	25.6	30978	1.07170e-04	3.31992	26.2	31622	1.04950e-04	3.31875	25.0	31315	1.05970e-04	3.31836	26.3
66785.887	16.032	31573	1.05160e-04	3.32012	25.6	30974	1.07190e-04	3.32012	26.2	31591	1.05060e-04	3.31895	25.0	31287	1.06070e-04	3.31855	26.3
66787.075	16.032	31568	1.05170e-04	3.31992	25.6	30945	1.07290e-04	3.32012	26.2	31535	1.05240e-04	3.31875	25.0	31238	1.06230e-04	3.31836	26.3
66788.263	16.032	31669	1.04840e-04	3.32012	25.6	30988	1.07140e-04	3.32012	26.2	31568	1.05120e-04	3.31855	25.0	31261	1.06150e-04	3.31836	26.3
66789.451	16.041	31598	1.05070e-04	3.32012	25.6	30992	1.07130e-04	3.32012	26.2	31521	1.05290e-04	3.31875	25.0	31228	1.06270e-04	3.31855	26.3
66790.639	16.041	31569	1.05170e-04	3.31992	25.6	30938	1.07310e-04	3.31992	26.2	31528	1.05260e-04	3.31875	25.0	31221	1.06290e-04	3.31836	26.3
66791.828	16.038	31542	1.05260e-04	3.32012	25.6	30901	1.07440e-04	3.32012	26.2	31478	1.05430e-04	3.31875	25.0	31271	1.06120e-04	3.31855	26.3
66793.016	16.038	31666	1.04840e-04	3.31992	25.6	30907	1.07420e-04	3.31992	26.2	31560	1.05160e-04	3.31875	25.0	31235	1.06240e-04	3.31836	26.3
66794.204	16.037	31670	1.04820e-04	3.31973	25.6	31053	1.06920e-04	3.32012	26.2	31606	1.05000e-04	3.31875	25.0	31328	1.05920e-04	3.31836	26.3
66795.392	16.037	31608	1.05040e-04	3.32012	25.6	30957	1.07240e-04	3.31992	26.2	31603	1.05010e-04	3.31855	25.0	31271	1.06120e-04	3.31836	26.3
66796.581	16.037	31642	1.04930e-04	3.32012	25.6	30973	1.07190e-04	3.32012	26.2	31566	1.05140e-04	3.31875	25.0	31266	1.06140e-04	3.31855	26.3
66797.769	16.027	31590	1.05100e-04	3.32012	25.6	30979	1.07170e-04	3.32012	26.2	31547	1.05200e-04	3.31855	25.0	31256	1.06170e-04	3.31836	26.3
66798.957	16.027	31568	1.05180e-04	3.32012	25.6	30908	1.07420e-04	3.32012	26.2	31560	1.05160e-04	3.31875	25.0	31287	1.06070e-04	3.31855	26.3
66800.145	16.030	31562	1.05190e-04	3.31992	25.6	30896	1.07470e-04	3.32031	26.2	31530	1.05260e-04	3.31875	25.0	31246	1.06200e-04	3.31836	26.3
66801.333	16.030	31625	1.04980e-04	3.31992	25.6	30975	1.07190e-04	3.32012	26.2	31596	1.05030e-04	3.31855	25.0	31279	1.06090e-04	3.31836	26.3
66802.522	16.026	31643	1.04920e-04	3.32012	25.6	30927	1.07360e-04	3.32031	26.2	31526	1.05280e-04	3.31895	25.0	31234	1.06250e-04	3.31875	26.3
66803.710	16.026	31602	1.05050e-04	3.31992	25.6	30970	1.07200e-04	3.31992	26.2	31530	1.05260e-04	3.31875	25.0	31232	1.06260e-04	3.31875	26.3
66804.898	16.022	31561	1.05200e-04	3.32012	25.6	30938	1.07310e-04	3.31992	26.2	31567	1.05130e-04	3.31875	25.0	31238	1.06230e-04	3.31836	26.3
66806.087	16.022	31560	1.05200e-04	3.32012	25.6	30895	1.07470e-04	3.32012	26.2	31578	1.05100e-04	3.31895	25.0	31189	1.06400e-04	3.31855	26.3
66807.275	16.006	31588	1.05100e-04	3.31992	25.6	30978	1.07170e-04	3.31992	26.2	31525	1.05270e-04	3.31855	25.0	31234	1.06250e-04	3.31855	26.3
66808.463	16.006	31598	1.05070e-04	3.32012	25.6	30903	1.07440e-04	3.32012	26.2	31564	1.05150e-04	3.31895	25.0	31241	1.06230e-04	3.31855	26.3
66809.651	16.006	31629	1.04970e-04	3.32012	25.6	31037	1.06970e-04	3.31992	26.2	31588	1.05070e-04	3.31895	25.0	31303	1.06010e-04	3.31855	26.3
66810.839	16.005	31607	1.05040e-04	3.31992	25.6	30958	1.07240e-04	3.31992	26.2	31593	1.05050e-04	3.31875	25.0	31347	1.05860e-04	3.31836	26.3
66812.027	16.005	31593	1.05090e-04	3.32012	25.6	30920	1.07380e-04	3.32012	26.2	31546	1.05210e-04	3.31895	25.0	31315	1.05970e-04	3.31855	26.3
66813.216	16.010	31595	1.05080e-04	3.31992	25.6	30950	1.07270e-04	3.32012	26.2	31564	1.05140e-04	3.31875	25.0	31257	1.06160e-04	3.31836	26.3
66814.404	16.010	31546	1.05240e-04	3.31992	25.7	30926	1.07360e-04	3.32012	26.2	31543	1.05210e-04	3.31875	25.0	31230	1.06260e-04	3.31836	26.3
66815.592	16.010	31607	1.05040e-04	3.32012	25.7	30952	1.07270e-04	3.32012	26.2	31540	1.05230e-04	3.31895	25.0	31317	1.05970e-04	3.31855	26.3
66816.781	16.027	31558	1.05200e-04	3.31992	25.7	30990	1.07130e-04	3.31992	26.2	31593	1.05050e-04	3.31875	25.0	31319	1.05950e-04	3.31836	26.3
66817.969	16.009	31526	1.05310e-04	3.32012	25.7	30930	1.07340e-04	3.31992	26.2	31567	1.05130e-04	3.31875	25.0	31257	1.06170e-04	3.31855	26.3
66819.157	16.009	31561	1.05190e-04	3.31992	25.7	30979	1.07170e-04	3.32012	26.2	31577	1.05110e-04	3.31895	25.0	31291	1.06050e-04	3.31855	26.3
66820.345	16.009	31507	1.05370e-04	3.31992	25.7	30967	1.07210e-04	3.31992	26.2	31563	1.05140e-04	3.31855	25.0	31253	1.06180e-04	3.31836	26.3
66821.533	16.072	31587	1.05110e-04	3.32012	25.7	30947	1.07280e-04	3.32012	26.2	31531	1.05250e-04	3.31875	25.0	31235	1.06250e-04	3.31855	26.3
66822.722	16.072	31548	1.05240e-04	3.32012	25.7	30943	1.07300e-04	3.32012	26.2	31522	1.05290e-04	3.31895	25.0	31253	1.06180e-04	3.31855	26.3
66823.910	16.034	31582	1.05130e-04	3.32012	25.7	30942	1.07290e-04	3.31992	26.2	31551	1.05190e-04	3.31875	25.0	31248	1.06200e-04	3.31855	26.3
66825.098	16.034	31545	1.05250e-04	3.32012	25.7	30985	1.07160e-04	3.32031	26.2	31569	1.05130e-04	3.31875	25.0	31253	1.06180e-04	3.31836	26.3
66826.286	16.024	31530	1.05300e-04	3.32012	25.7	30980	1.07170e-04	3.32031	26.2	31502	1.05360e-04	3.31895	25.0	31237	1.06240e-04	3.31855	26.3
66827.475	16.024	31575	1.05150e-04	3.32012	25.7	30934	1.07330e-04	3.32012	26.2	31551	1.05190e-04	3.31875	25.0	31262	1.06150e-04	3.31855	26.3
66828.663	16.034	31571	1.05160e-04	3.32012	25.7	31005	1.07080e-04	3.32012	26.2	31574	1.05120e-04	3.31895	25.0	31302	1.06020e-04	3.31855	26.3
66829.851	16.034	31578	1.05140e-04	3.32012	25.7	30974	1.07190e-04	3.32012	26.2	31538	1.05230e-04	3.31875	25.0	31262	1.06150e-04	3.31855	26.3
66831.040	16.034	31594	1.05090e-04	3.32012	25.7	30998	1.07100e-04	3.31992	26.2	31557	1.05170e-04	3.31875	25.1	31289	1.06050e-04	3.31836	26.3
66832.228	16.039	31565	1.05180e-04	3.32012	25.7	30962	1.07230e-04	3.32012	26.2	31561	1.05160e-04	3.31895	25.1	31272	1.06120e-04	3.31855	26.3
66833.416	16.039	31582	1.05120e-04	3.31992	25.7	31007	1.07080e-04	3.32031	26.3	31534	1.05250e-04	3.31895	25.1	31259	1.06160e-04	3.31855	26.3
66834.604	16.033	31549	1.05240e-04	3.32012	25.7	30969	1.07210e-04	3.32012	26.3	31517	1.05300e-04	3.31875	25.1	31259	1.06160e-04	3.31855	26.3
66835.792	16.033	31578	1.05140e-04	3.32012	25.7	30930	1.07340e-04	3.32012	26.3	31532	1.05260e-04	3.31895	25.1	31253	1.06180e-04	3.31855	26.3
66836.981	16.029	31531	1.05290e-04	3.31992	25.7	30993	1.07120e-04	3.32012	26.2	31587	1.05070e-04	3.31875	25.1	31298	1.06030e-04	3.31855	26.3
66838.169	16.029	31569	1.05170e-04	3.32012	25.7	30975	1.07190e-04	3.32031	26.3	31549	1.05200e-04	3.31895	25.0	31303	1.06010e-04	3.31855	26.3
66839.357	16.029	31505	1.05380e-04	3.32012	25.7	30994	1.07130e-04	3.32031	26.3	31523	1.05290e-04	3.31895	25.1	31266	1.06140e-04	3.31855	26.3
66840.545	16.000	31511	1.05360e-04	3.31992	25.7	30933	1.07330e-04	3.32012	26.3	31505	1.05340e-04	3.31875	25.1	31230	1.06250e-04	3.31836	26.3
66841.733	16.000	31498	1.05410e-04	3.32012	25.7	30912	1.07400e-04	3.32012	26.3	31527	1.05270e-04	3.31895	25.1	31291	1.06060e-04	3.31855	26.3
66842.922	16.045	31529	1.05300e-04	3.32012	25.7	30921	1.07380e-04	3.32012	26.3	31507	1.05340e-04	3.31895	25.1	31253	1.06180e-04	3.31855	26.3
66844.110	16.045	31515	1.05350e-04	3.32012	25.7	30906	1.07420e-04	3.31992	26.3	31465	1.05480e-04	3.31875	25.1	31227	1.06270e-04	3.31836	26.3
66845.298	16.037	31526	1.05310e-04	3.32012	25.7	30955	1.07260e-04	3.32012	26.3	31532	1.05260e-04	3.31895	25.1	31249	1.06200e-04	3.31855	26.3
66846.487	16.037	31531	1.05300e-04	3.32012	25.7	30889	1.07480e-04	3.32012	26.3	31531	1.05260e-04	3.31895	25.1	31232	1.06260e-04	3.31855	26.3
66847.675	16.038	31556	1.05210e-04	3.32012	25.7	30869	1.07550e-04	3.32012	26.3	31481	1.05420e-04	3.31875	25.1	31265	1.06140e-04	3.31855	26.3
66848.863	16.038	31521	1.05330e-04	3.32012	25.7	30877	1.07530e-04	3.32012	26.3	31499	1.05360e-04	3.31875	25.1	31198	1.06370e-04	3.31855	26.3
66850.052	16.038	31492	1.05430e-04	3.32012	25.7	30946	1.07290e-04	3.32012	26.3	31553	1.05190e-04	3.31895	25.1	31238	1.06230e-04	3.31836	26.3
66851.240	16.032	31542	1.05260e-04	3.32012	25.7	30943	1.07300e-04	3.32031	26.3	31535	1.05240e-04	3.31875	25.1	31254	1.06180e-04	3.31855	26.3
66852.428	16.032	31484	1.05450e-04	3.32012	25.7	30937	1.07330e-04	3.32031	26.3	31558	1.05170e-04	3.31895	25.1	31226	1.06280e-04	3.31875	26.3
66853.616	16.004	31533	1.05290e-04	3.32012	25.7	30974	1.07190e-04	3.32012	26.3	31555	1.05170e-04	3.31875	25.1	31235	1.06250e-04	3.31855	26.3
66854.804	16.004	31545	1.05250e-04	3.32012	25.7	30951	1.07270e-04	3.32012	26.3	31539	1.05230e-04	3.31875	25.1	31282	1.06090e-04	3.31855	26.3
66855.993	16.017	31493	1.05420e-04	3.32012	25.7	30936	1.07320e-04	3.32012	26.3	31548	1.05200e-04	3.31895	25.1	31218	1.06300e-04	3.31855	26.3
66857.181	16.017	31540	1.05260e-04	3.31992	25.7	30883	1.07500e-04	3.32012	26.3	31555	1.05180e-04	3.31895	25.1	31247	1.06200e-04	3.31855	26.3
66858.369	16.017	31531	1.05300e-04	3.32012	25.7	30926	1.07360e-04	3.32012	26.3	31548	1.05190e-04	3.31855	25.1	31266	1.06140e-04	3.31855	26.3
66859.557	16.029	31575	1.05150e-04	3.32012	25.7	30970	1.07210e-04	3.32031	26.3	31572	1.05120e-04	3.31895	25.1	31363	1.05820e-04	3.31875	26.3
66860.746	16.029	31631	1.04960e-04	3.31992	25.7	31031	1.07000e-04	3.32031	26.3	31644	1.04890e-04	3.31895	25.1	31315	1.05970e-04	3.31855	26.3
66861.934	16.039	31500	1.05410e-04	3.32031	25.7	30982	1.07160e-04	3.32012	26.3	31549	1.05190e-04	3.31875	25.1	31341	1.05880e-04	3.31836	26.3
66863.122	16.039	31468	1.05510e-04	3.32031	25.7	30951	1.07280e-04	3.32031	26.3	31509	1.05340e-04	3.31914	25.1	31243	1.06220e-04	3.31855	26.3
66864.310	16.061	31508	1.05370e-04	3.32012	25.7	30895	1.07470e-04	3.32012	26.3	31512	1.05320e-04	3.31895	25.1	31238	1.06230e-04	3.31836	26.3
66865.499	16.061	31510	1.05370e-04	3.32031	25.7	30887	1.07500e-04	3.32031	26.3	31503	1.05350e-04	3.31875	25.1	31198	1.06370e-04	3.31855	26.3
66866.687	16.047	31527	1.05310e-04	3.32012	25.7	30905	1.07430e-04	3.32012	26.3	31484	1.05420e-04	3.31895	25.1	31206	1.06340e-04	3.31855	26.3
66867.875	16.047	31526	1.05310e-04	3.32012	25.7	30923	1.07360e-04	3.31992	26.3	31552	1.05180e-04	3.31875	25.1	31260	1.06160e-04	3.31855	26.3
66869.063	16.012	31551	1.05240e-04	3.32031	25.7	30938	1.07320e-04	3.32012	26.3	31561	1.05160e-04	3.31895	25.1	31256	1.06180e-04	3.31875	26.3
66870.251	16.012	31574	1.05150e-04	3.32012	25.7	30931	1.07340e-04	3.32012	26.3	31515	1.05310e-04	3.31895	25.1	31228	1.06270e-04	3.31855	26.3
66871.440	16.012	31539	1.05280e-04	3.32031	25.7	30967	1.07220e-04	3.32012	26.3	31525	1.05270e-04	3.31875	25.1	31272	1.06120e-04	3.31855	26.3
66872.628	16.057	31544	1.05250e-04	3.32012	25.7	30930	1.07340e-04	3.32012	26.3	31549	1.05200e-04	3.31895	25.1	31303	1.06010e-04	3.31855	26.3
66873.816	16.057	31586	1.05110e-04	3.31992	25.7	30977	1.07170e-04	3.31992	26.3	31556	1.05170e-04	3.31875	25.1	31311	1.05980e-04	3.31836	26.3
66875.005	16.028	31531	1.05300e-04	3.32031	25.7	30954	1.07270e-04	3.32031	26.3	31543	1.05210e-04	3.31875	25.1	31285	1.06080e-04	3.31855	26.3
66876.193	16.028	31572	1.05170e-04	3.32031	25.7	30987	1.07150e-04	3.32031	26.3	31572	1.05120e-04	3.31895	25.1	31292	1.06050e-04	3.31855	26.3
66877.381	16.031	31646	1.04910e-04	3.32012	25.7	31032	1.06990e-04	3.32012	26.3	31593	1.05050e-04	3.31875	25.1	31316	1.05960e-04	3.31836	26.3
66878.569	16.031	31610	1.05040e-04	3.32031	25.7	30959	1.07240e-04	3.32012	26.3	31610	1.05000e-04	3.31895	25.1	31317	1.05970e-04	3.31855	26.3
66879.757	16.020	31610	1.05030e-04	3.31992	25.8	30950	1.07280e-04	3.32012	26.3	31570	1.05130e-04	3.31895	25.1	31357	1.05830e-04	3.31855	26.3
66880.946	16.020	31533	1.05300e-04	3.32031	25.8	30963	1.07230e-04	3.32012	26.3	31572	1.05120e-04	3.31875	25.1	31255	1.06180e-04	3.31855	26.3
66882.134	16.020	31534	1.05290e-04	3.32031	25.8	30895	1.07460e-04	3.32012	26.3	31522	1.05280e-04	3.31875	25.1	31287	1.06070e-04	3.31855	26.3
66883.322	16.052	31579	1.05140e-04	3.32012	25.8	30962	1.07230e-04	3.32012	26.3	31585	1.05080e-04	3.31895	25.1	31295	1.06040e-04	3.31855	26.3
66884.510	16.052	31543	1.05260e-04	3.32012	25.8	31031	1.06990e-04	3.32012	26.3	31568	1.05130e-04	3.31875	25.1	31251	1.06190e-04	3.31855	26.3
66885.699	16.035	31556	1.05210e-04	3.32012	25.8	30891	1.07480e-04	3.32012	26.3	31532	1.05260e-04	3.31895	25.1	31265	1.06140e-04	3.31836	26.3
66886.887	16.035	31566	1.05180e-04	3.32012	25.8	30933	1.07340e-04	3.32051	26.3	31507	1.05340e-04	3.31895	25.1	31302	1.06020e-04	3.31875	26.3
66888.075	16.051	31558	1.05210e-04	3.32012	25.8	30927	1.07360e-04	3.32031	26.3	31551	1.05190e-04	3.31875	25.1	31298	1.06030e-04	3.31855	26.3
66889.263	16.051	31529	1.05300e-04	3.32012	25.8	30960	1.07250e-04	3.32031	26.3	31516	1.05300e-04	3.31875	25.1	31240	1.06230e-04	3.31855	26.3
66890.451	16.051	31542	1.05260e-04	3.32012	25.8	30911	1.07410e-04	3.32012	26.3	31502	1.05360e-04	3.31895	25.1	31201	1.06360e-04	3.31855	26.3
66891.640	16.054	31543	1.05260e-04	3.32012	25.8	30918	1.07380e-04	3.32012	26.3	31514	1.05310e-04	3.31875	25.1	31273	1.06120e-04	3.31855	26.4
66892.828	16.054	31601	1.05060e-04	3.32012	25.8	30940	1.07310e-04	3.32012	26.3	31564	1.05150e-04	3.31895	25.1	31286	1.06080e-04	3.31875	26.4
66894.016	16.008	31578	1.05140e-04	3.32012	25.8	30979	1.07170e-04	3.32012	26.3	31575	1.05110e-04	3.31895	25.1	31325	1.05940e-04	3.31855	26.4
66895.204	16.008	31574	1.05150e-04	3.31992	25.8	30896	1.07470e-04	3.32031	26.3	31523	1.05280e-04	3.31875	25.1	31272	1.06110e-04	3.31836	26.3
66896.393	16.009	31499	1.05410e-04	3.32031	25.8	30940	1.07320e-04	3.32031	26.3	31574	1.05120e-04	3.31895	25.1	31266	1.06140e-04	3.31875	26.3
66897.581	16.009	31560	1.05200e-04	3.32012	25.8	30895	1.07470e-04	3.32031	26.3	31470	1.05460e-04	3.31875	25.1	31273	1.06120e-04	3.31855	26.3
66898.769	16.018	31556	1.05210e-04	3.32012	25.8	30964	1.07220e-04	3.32012	26.3	31570	1.05130e-04	3.31895	25.1	31271	1.06120e-04	3.31855	26.3
66899.957	16.018	31562	1.05190e-04	3.32012	25.8	30951	1.07280e-04	3.32031	26.3	31544	1.05220e-04	3.31895	25.1	31308	1.05990e-04	3.31836	26.4
66901.146	16.018	31518	1.05330e-04	3.31992	25.8	30893	1.07470e-04	3.32012	26.3	31471	1.05450e-04	3.31875	25.1	31267	1.06130e-04	3.31855	26.4
66902.334	16.036	31554	1.05220e-04	3.32012	25.8	30899	1.07460e-04	3.32031	26.3	31547	1.05200e-04	3.31875	25.1	31298	1.06030e-04	3.31855	26.4
66903.522	16.036	31584	1.05120e-04	3.32012	25.8	30933	1.07330e-04	3.32012	26.3	31573	1.05120e-04	3.31895	25.1	31263	1.06150e-04	3.31855	26.4
66904.711	16.050	31535	1.05280e-04	3.31992	25.8	30912	1.07400e-04	3.32012	26.3	31534	1.05240e-04	3.31875	25.1	31289	1.06060e-04	3.31855	26.4
66905.899	16.050	31519	1.05340e-04	3.32012	25.8	30925	1.07360e-04	3.32012	26.3	31570	1.05120e-04	3.31855	25.1	31273	1.06110e-04	3.31836	26.4
66907.087	16.053	31611	1.05030e-04	3.32012	25.8	30976	1.07180e-04	3.32012	26.3	31593	1.05050e-04	3.31895	25.1	31289	1.06060e-04	3.31855	26.4
66908.275	16.053	31594	1.05090e-04	3.32012	25.8	30922	1.07370e-04	3.32012	26.3	31581	1.05090e-04	3.31875	25.1	31243	1.06220e-04	3.31855	26.4
66909.464	16.053	31521	1.05330e-04	3.32012	25.8	31001	1.07100e-04	3.32012	26.3	31521	1.05290e-04	3.31895	25.1	31208	1.06340e-04	3.31855	26.4
66910.652	16.040	31510	1.05350e-04	3.31973	25.8	30964	1.07220e-04	3.31992	26.3	31532	1.05260e-04	3.31895	25.1	31215	1.06310e-04	3.31836	26.4
66911.840	16.040	31485	1.05460e-04	3.32031	25.8	30918	1.07390e-04	3.32031	26.3	31525	1.05270e-04	3.31875	25.1	31252	1.06190e-04	3.31875	26.4
66913.028	16.020	31496	1.05410e-04	3.32012	25.8	30904	1.07440e-04	3.32031	26.3	31508	1.05340e-04	3.31895	25.1	31237	1.06240e-04	3.31855	26.4
66914.217	16.020	31490	1.05430e-04	3.31992	25.8	30939	1.07310e-04	3.32012	26.3	31506	1.05340e-04	3.31875	25.1	31186	1.06410e-04	3.31855	26.4
66915.404	16.046	31505	1.05380e-04	3.32012	25.8	30914	1.07400e-04	3.32031	26.3	31437	1.05580e-04	3.31895	25.1	31205	1.06350e-04	3.31875	26.4
66916.593	16.046	31539	1.05270e-04	3.31992	25.7	30917	1.07390e-04	3.32012	26.3	31540	1.05230e-04	3.31895	25.1	31248	1.06200e-04	3.31855	26.4
66917.781	16.049	31482	1.05460e-04	3.32012	25.7	30864	1.07560e-04	3.31992	26.3	31610	1.04990e-04	3.31875	25.1	31265	1.06140e-04	3.31836	26.4
66918.970	16.049	31510	1.05370e-04	3.32012	25.7	30895	1.07470e-04	3.32012	26.3	31470	1.05460e-04	3.31875	25.1	31229	1.06260e-04	3.31855	26.4
66920.158	16.064	31574	1.05150e-04	3.31992	25.7	30910	1.07400e-04	3.31992	26.3	31544	1.05220e-04	3.31895	25.1	31189	1.06390e-04	3.31836	26.4
66921.346	16.064	31508	1.05370e-04	3.32012	25.7	30920	1.07380e-04	3.32012	26.3	31518	1.05300e-04	3.31875	25.1	31238	1.06240e-04	3.31875	26.4
66922.534	16.064	31593	1.05090e-04	3.32012	25.7	30938	1.07320e-04	3.32012	26.3	31582	1.05080e-04	3.31875	25.1	31193	1.06380e-04	3.31836	26.4
66923.722	16.027	31548	1.05230e-04	3.31973	25.7	30926	1.07350e-04	3.31992	26.3	31527	1.05270e-04	3.31875	25.1	31204	1.06350e-04	3.31836	26.4
66924.911	16.027	31568	1.05170e-04	3.32012	25.7	30927	1.07350e-04	3.32012	26.3	31520	1.05290e-04	3.31855	25.1	31257	1.06160e-04	3.31836	26.4
66926.099	16.041	31565	1.05180e-04	3.32012	25.7	30902	1.07440e-04	3.32012	26.3	31548	1.05200e-04	3.31875	25.1	31285	1.06070e-04	3.31855	26.4
66927.287	16.041	31591	1.05090e-04	3.31992	25.7	30974	1.07190e-04	3.32012	26.3	31566	1.05140e-04	3.31895	25.1	31321	1.05950e-04	3.31836	26.4
66928.475	16.052	31520	1.05330e-04	3.31992	25.7	30950	1.07270e-04	3.31992	26.3	31538	1.05230e-04	3.31875	25.1	31198	1.06370e-04	3.31855	26.4
66929.664	16.052	31509	1.05360e-04	3.31992	25.7	30910	1.07400e-04	3.31992	26.2	31503	1.05350e-04	3.31875	25.1	31275	1.06100e-04	3.31836	26.4
66930.852	16.035	31539	1.05260e-04	3.31992	25.7	30951	1.07260e-04	3.31992	26.2	31524	1.05280e-04	3.31875	25.1	31268	1.06120e-04	3.31836	26.4
66932.040	16.035	31565	1.05180e-04	3.32012	25.7	30935	1.07320e-04	3.31992	26.2	31498	1.05360e-04	3.31855	25.1	31274	1.06110e-04	3.31855	26.4
66933.228	16.035	31528	1.05300e-04	3.31992	25.7	30917	1.07390e-04	3.32012	26.2	31560	1.05160e-04	3.31875	25.1	31237	1.06240e-04	3.31855	26.4
66934.417	16.066	31524	1.05310e-04	3.31973	25.7	30911	1.07400e-04	3.31992	26.2	31549	1.05200e-04	3.31875	25.1	31223	1.06280e-04	3.31836	26.4
66935.605	16.066	31589	1.05100e-04	3.32012	25.7	30918	1.07380e-04	3.32012	26.3	31553	1.05170e-04	3.31855	25.1	31252	1.06190e-04	3.31855	26.4
66936.793	16.011	31600	1.05070e-04	3.32012	25.7	30946	1.07290e-04	3.32012	26.3	31577	1.05110e-04	3.31895	25.1	31285	1.06080e-04	3.31855	26.4
66937.981	16.011	31549	1.05230e-04	3.31992	25.7	30905	1.07420e-04	3.31992	26.3	31518	1.05300e-04	3.31875	25.1	31243	1.06210e-04	3.31836	26.4
66939.170	16.084	31564	1.05190e-04	3.32012	25.7	30934	1.07330e-04	3.32012	26.3	31554	1.05170e-04	3.31855	25.1	31182	1.06420e-04	3.31836	26.4
66940.358	16.084	31526	1.05310e-04	3.31992	25.7	30941	1.07300e-04	3.32012	26.2	31566	1.05140e-04	3.31895	25.1	31271	1.06120e-04	3.31855	26.4
66941.546	16.084	31614	1.05020e-04	3.32012	25.7	30988	1.07140e-04	3.32012	26.3	31511	1.05320e-04	3.31875	25.1	31248	1.06200e-04	3.31855	26.4
66942.734	16.055	31629	1.04960e-04	3.31992	25.7	30938	1.07310e-04	3.31992	26.3	31589	1.05060e-04	3.31875	25.1	31250	1.06190e-04	3.31855	26.4
66943.923	16.055	31590	1.05100e-04	3.32012	25.7	31002	1.07100e-04	3.32031	26.3	31580	1.05090e-04	3.31895	25.1	31278	1.06100e-04	3.31855	26.4
66945.111	16.069	31582	1.05130e-04	3.32012	25.7	31016	1.07050e-04	3.32012	26.3	31563	1.05150e-04	3.31875	25.1	31271	1.06120e-04	3.31855	26.4
66946.299	16.069	31579	1.05130e-04	3.31992	25.7	30928	1.07350e-04	3.32012	26.3	31574	1.05110e-04	3.31875	25.1	31251	1.06190e-04	3.31855	26.4
66947.487	16.062	31548	1.05230e-04	3.31992	25.7	30928	1.07350e-04	3.32012	26.3	31522	1.05290e-04	3.31895	25.1	31183	1.06420e-04	3.31855	26.4
66948.676	16.062	31571	1.05160e-04	3.32012	25.7	30920	1.07380e-04	3.32012	26.3	31512	1.05320e-04	3.31875	25.1	31259	1.06160e-04	3.31855	26.4
66949.864	16.043	31550	1.05230e-04	3.31992	25.7	30932	1.07340e-04	3.32012	26.3	31555	1.05170e-04	3.31875	25.1	31227	1.06260e-04	3.31836	26.4
66951.052	16.043	31539	1.05260e-04	3.31992	25.7	30923	1.07370e-04	3.32012	26.3	31532	1.05250e-04	3.31875	25.1	31259	1.06160e-04	3.31836	26.4
66952.241	16.043	31580	1.05130e-04	3.32012	25.7	30935	1.07330e-04	3.32012	26.3	31545	1.05210e-04	3.31875	25.1	31229	1.06260e-04	3.31855	26.4
66953.429	16.035	31509	1.05360e-04	3.31992	25.7	30967	1.07220e-04	3.32012	26.3	31520	1.05290e-04	3.31875	25.1	31263	1.06150e-04	3.31855	26.4
66954.617	16.035	31488	1.05440e-04	3.32012	25.7	30885	1.07490e-04	3.31992	26.3	31504	1.05340e-04	3.31855	25.1	31186	1.06410e-04	3.31855	26.4
66955.805	16.062	31545	1.05250e-04	3.32012	25.7	30917	1.07390e-04	3.32012	26.3	31511	1.05320e-04	3.31875	25.1	31255	1.06170e-04	3.31836	26.4
66956.993	16.062	31533	1.05290e-04	3.31992	25.7	31020	1.07030e-04	3.31992	26.3	31582	1.05090e-04	3.31895	25.1	31275	1.06100e-04	3.31836	26.4
66958.182	16.060	31526	1.05310e-04	3.32012	25.7	30961	1.07240e-04	3.32012	26.3	31583	1.05080e-04	3.31875	25.1	31250	1.06190e-04	3.31855	26.4
66959.370	16.060	31503	1.05390e-04	3.32012	25.7	30895	1.07470e-04	3.32031	26.3	31529	1.05270e-04	3.31895	25.1	31201	1.06360e-04	3.31855	26.4
66960.558	16.060	31515	1.05340e-04	3.31992	25.7	30878	1.07520e-04	3.32012	26.3	31447	1.05540e-04	3.31895	25.1	31241	1.06230e-04	3.31855	26.4
66961.746	16.067	31546	1.05250e-04	3.32012	25.7	30914	1.07400e-04	3.32031	26.3	31497	1.05370e-04	3.31875	25.1	31296	1.06040e-04	3.31875	26.4
66962.934	16.067	31531	1.05300e-04	3.32012	25.7	30962	1.07240e-04	3.32031	26.3	31562	1.05160e-04	3.31895	25.1	31214	1.06320e-04	3.31855	26.4
66964.123	16.031	31542	1.05250e-04	3.31992	25.7	30959	1.07240e-04	3.32012	26.3	31522	1.05290e-04	3.31895	25.1	31298	1.06030e-04	3.31855	26.4
66965.311	16.031	31553	1.05230e-04	3.32031	25.7	30905	1.07430e-04	3.32012	26.3	31490	1.05400e-04	3.31895	25.1	31240	1.06230e-04	3.31855	26.4
66966.500	16.055	31522	1.05330e-04	3.32031	25.7	30877	1.07530e-04	3.32012	26.3	31550	1.05200e-04	3.31895	25.1	31246	1.06210e-04	3.31855	26.4
66967.687	16.055	31511	1.05360e-04	3.31992	25.7	30891	1.07470e-04	3.31992	26.3	31496	1.05380e-04	3.31895	25.1	31187	1.06420e-04	3.31875	26.4
66968.876	16.030	31553	1.05220e-04	3.32012	25.7	30938	1.07310e-04	3.32012	26.3	31533	1.05250e-04	3.31875	25.1	31212	1.06320e-04	3.31855	26.4
66970.064	16.030	31548	1.05230e-04	3.31992	25.7	30916	1.07390e-04	3.32012	26.3	31541	1.05220e-04	3.31875	25.1	31256	1.06170e-04	3.31855	26.4
66971.253	16.034	31577	1.05140e-04	3.31992	25.8	30976	1.07180e-04	3.32012	26.3	31562	1.05160e-04	3.31895	25.1	31274	1.06110e-04	3.31855	26.4
66972.441	16.034	31523	1.05320e-04	3.32012	25.8	30906	1.07430e-04	3.32012	26.3	31535	1.05240e-04	3.31875	25.1	31296	1.06040e-04	3.31855	26.4
66973.629	16.034	31542	1.05250e-04	3.31992	25.8	30936	1.07330e-04	3.32031	26.3	31511	1.05320e-04	3.31875	25.1	31264	1.06140e-04	3.31855	26.4
66974.817	16.047	31571	1.05160e-04	3.32012	25.8	31005	1.07080e-04	3.32012	26.3	31572	1.05120e-04	3.31895	25.1	31314	1.05970e-04	3.31836	26.4
66976.005	16.047	31534	1.05290e-04	3.32031	25.8	30922	1.07380e-04	3.32031	26.3	31555	1.05180e-04	3.31875	25.1	31308	1.06000e-04	3.31855	26.4
66977.193	16.018	31589	1.05100e-04	3.32012	25.8	30960	1.07250e-04	3.32031	26.3	31540	1.05230e-04	3.31895	25.1	31336	1.05900e-04	3.31855	26.4
66978.382	16.018	31592	1.05090e-04	3.32012	25.8	30971	1.07200e-04	3.32012	26.3	31565	1.05140e-04	3.31875	25.1	31280	1.06090e-04	3.31855	26.4
66979.570	16.018	31598	1.05070e-04	3.32012	25.8	30962	1.07230e-04	3.32012	26.3	31493	1.05390e-04	3.31895	25.1	31276	1.06110e-04	3.31875	26.4
66980.758	16.025	31553	1.05220e-04	3.32012	25.8	30945	1.07290e-04	3.32012	26.3	31508	1.05340e-04	3.31895	25.1	31259	1.06160e-04	3.31855	26.4
66981.946	16.004	31568	1.05170e-04	3.32012	25.8	30952	1.07270e-04	3.32012	26.3	31573	1.05110e-04	3.31875	25.1	31233	1.06250e-04	3.31855	26.4
66983.135	16.004	31529	1.05300e-04	3.31992	25.8	30930	1.07340e-04	3.32012	26.3	31530	1.05260e-04	3.31875	25.1	31224	1.06280e-04	3.31855	26.4
66984.323	16.004	31510	1.05370e-04	3.32012	25.8	30920	1.07380e-04	3.32012	26.3	31506	1.05340e-04	3.31895	25.1	31239	1.06240e-04	3.31875	26.4
66985.511	16.016	31513	1.05360e-04	3.32012	25.7	30992	1.07140e-04	3.32031	26.3	31489	1.05400e-04	3.31875	25.1	31241	1.06230e-04	3.31855	26.4
66986.699	16.016	31518	1.05340e-04	3.32012	25.7	30898	1.07460e-04	3.32031	26.3	31503	1.05350e-04	3.31875	25.1	31199	1.06370e-04	3.31855	26.4
66987.888	16.035	31556	1.05210e-04	3.31992	25.7	30853	1.07620e-04	3.32031	26.3	31501	1.05360e-04	3.31895	25.1	31241	1.06220e-04	3.31836	26.4
66989.076	16.035	31492	1.05420e-04	3.31992	25.7	30872	1.07540e-04	3.31992	26.3	31473	1.05450e-04	3.31895	25.1	31213	1.06310e-04	3.31836	26.4
66990.265	16.070	31462	1.05530e-04	3.32012	25.7	30925	1.07370e-04	3.32031	26.3	31533	1.05250e-04	3.31875	25.1	31258	1.06170e-04	3.31875	26.4
66991.452	16.070	31502	1.05400e-04	3.32012	25.7	30905	1.07430e-04	3.32012	26.3	31504	1.05350e-04	3.31895	25.1	31225	1.06280e-04	3.31855	26.4
66992.641	16.024	31539	1.05260e-04	3.31992	25.7	30903	1.07430e-04	3.31992	26.3	31472	1.05450e-04	3.31875	25.1	31238	1.06230e-04	3.31836	26.4
66993.829	16.024	31502	1.05400e-04	3.32012	25.7	30839	1.07660e-04	3.32012	26.3	31507	1.05340e-04	3.31895	25.1	31235	1.06250e-04	3.31855	26.4
66995.017	16.024	31517	1.05340e-04	3.32012	25.7	30930	1.07340e-04	3.32012	26.3	31515	1.05310e-04	3.31895	25.1	31273	1.06120e-04	3.31855	26.4
66996.206	16.016	31636	1.04950e-04	3.32012	25.8	30924	1.07360e-04	3.32012	26.3	31566	1.05130e-04	3.31855	25.1	31277	1.06100e-04	3.31855	26.4
66997.394	16.016	31552	1.05230e-04	3.32012	25.7	30956	1.07260e-04	3.32031	26.3	31519	1.05310e-04	3.31914	25.1	31248	1.06210e-04	3.31875	26.4
66998.582	16.045	31538	1.05270e-04	3.32012	25.7	30946	1.07290e-04	3.32012	26.3	31558	1.05170e-04	3.31895	25.1	31208	1.06340e-04	3.31855	26.4
66999.770	16.045	31573	1.05160e-04	3.32012	25.7	30901	1.07450e-04	3.32031	26.3	31534	1.05240e-04	3.31875	25.1	31204	1.06350e-04	3.31855	26.4
67000.958	16.026	31581	1.05130e-04	3.32012	25.7	30968	1.07210e-04	3.32012	26.3	31599	1.05040e-04	3.31914	25.1	31299	1.06030e-04	3.31855	26.4
67002.147	16.026	31566	1.05180e-04	3.32012	25.7	30978	1.07170e-04	3.31992	26.3	31571	1.05120e-04	3.31875	25.1	31291	1.06060e-04	3.31855	26.4
67003.335	16.026	31576	1.05150e-04	3.32012	25.7	30948	1.07280e-04	3.32012	26.3	31586	1.05080e-04	3.31895	25.1	31279	1.06100e-04	3.31875	26.4
67004.524	16.011	31526	1.05310e-04	3.32012	25.7	30936	1.07320e-04	3.32012	26.3	31594	1.05050e-04	3.31895	25.1	31274	1.06110e-04	3.31855	26.4
67005.712	16.011	31567	1.05180e-04	3.32012	25.7	30920	1.07370e-04	3.31992	26.3	31568	1.05130e-04	3.31875	25.1	31259	1.06160e-04	3.31836	26.4
67006.900	15.997	31548	1.05240e-04	3.32012	25.7	30901	1.07450e-04	3.32031	26.3	31487	1.05410e-04	3.31895	25.1	31232	1.06260e-04	3.31855	26.4
67008.088	15.997	31598	1.05070e-04	3.32012	25.7	30941	1.07300e-04	3.32012	26.3	31518	1.05300e-04	3.31895	25.1	31262	1.06150e-04	3.31855	26.4
67009.277	16.020	31574	1.05150e-04	3.32012	25.7	30926	1.07360e-04	3.32012	26.3	31521	1.05290e-04	3.31875	25.1	31270	1.06130e-04	3.31875	26.4
67010.465	16.020	31582	1.05130e-04	3.32012	25.7	31021	1.07040e-04	3.32031	26.3	31605	1.05010e-04	3.31895	25.1	31308	1.06000e-04	3.31875	26.4
67011.653	16.029	31568	1.05170e-04	3.31992	25.7	31003	1.07090e-04	3.32012	26.3	31585	1.05080e-04	3.31895	25.1	31273	1.06120e-04	3.31855	26.4
67012.841	16.029	31518	1.05340e-04	3.32012	25.7	30879	1.07530e-04	3.32031	26.3	31514	1.05310e-04	3.31875	25.1	31256	1.06170e-04	3.31855	26.4
67014.029	16.029	31502	1.05400e-04	3.32012	25.7	30954	1.07260e-04	3.32012	26.3	31499	1.05370e-04	3.31895	25.1	31236	1.06240e-04	3.31855	26.4
67015.218	16.042	31475	1.05480e-04	3.32012	25.7	30900	1.07450e-04	3.32012	26.3	31532	1.05250e-04	3.31875	25.1	31211	1.06330e-04	3.31855	26.4
67016.406	16.042	31455	1.05550e-04	3.32012	25.8	30895	1.07460e-04	3.32012	26.3	31519	1.05290e-04	3.31875	25.1	31210	1.06330e-04	3.31875	26.4
67017.594	16.042	31594	1.05090e-04	3.32012	25.8	30954	1.07260e-04	3.32012	26.3	31563	1.05150e-04	3.31895	25.1	31236	1.06240e-04	3.31855	26.4
67018.782	16.004	31598	1.05070e-04	3.32012	25.8	30939	1.07310e-04	3.32012	26.3	31611	1.04990e-04	3.31895	25.1	31281	1.06080e-04	3.31836	26.4
67019.970	16.058	31596	1.05090e-04	3.32031	25.8	30954	1.07260e-04	3.32012	26.3	31536	1.05240e-04	3.31895	25.1	31276	1.06110e-04	3.31855	26.4
67021.159	16.058	31587	1.05100e-04	3.31992	25.8	31041	1.06960e-04	3.32012	26.3	31625	1.04950e-04	3.31895	25.1	31343	1.05870e-04	3.31836	26.4
67022.347	16.058	31578	1.05150e-04	3.32031	25.8	31010	1.07080e-04	3.32051	26.3	31617	1.04970e-04	3.31895	25.1	31323	1.05950e-04	3.31875	26.4
67023.535	16.036	31622	1.04990e-04	3.32012	25.7	31012	1.07070e-04	3.32051	26.3	31645	1.04880e-04	3.31895	25.1	31374	1.05780e-04	3.31875	26.4
67024.723	16.036	31602	1.05060e-04	3.32012	25.7	30976	1.07180e-04	3.32012	26.3	31646	1.04880e-04	3.31895	25.1	31308	1.05990e-04	3.31836	26.4
67025.912	16.009	31474	1.05490e-04	3.32031	25.7	30963	1.07240e-04	3.32031	26.3	31602	1.05020e-04	3.31895	25.1	31287	1.06070e-04	3.31855	26.4
67027.100	16.009	31541	1.05260e-04	3.32012	25.7	30856	1.07600e-04	3.32012	26.3	31542	1.05220e-04	3.31895	25.1	31256	1.06170e-04	3.31836	26.4
67028.288	16.010	31523	1.05330e-04	3.32031	25.7	30935	1.07330e-04	3.32012	26.3	31519	1.05300e-04	3.31895	25.1	31215	1.06310e-04	3.31855	26.4
67029.476	16.010	31514	1.05350e-04	3.32012	25.7	30918	1.07380e-04	3.32012	26.3	31511	1.05330e-04	3.31895	25.1	31202	1.06360e-04	3.31875	26.4
67030.664	16.026	31503	1.05390e-04	3.32012	25.7	30893	1.07480e-04	3.32031	26.3	31503	1.05360e-04	3.31914	25.1	31241	1.06220e-04	3.31855	26.4
67031.853	16.026	31515	1.05360e-04	3.32031	25.7	30964	1.07230e-04	3.32012	26.3	31548	1.05200e-04	3.31895	25.1	31234	1.06250e-04	3.31855	26.4
67033.041	16.029	31525	1.05320e-04	3.32012	25.7	30919	1.07380e-04	3.32012	26.3	31521	1.05290e-04	3.31895	25.1	31251	1.06190e-04	3.31855	26.4
67034.230	16.029	31551	1.05230e-04	3.32012	25.7	30962	1.07230e-04	3.32012	26.3	31537	1.05240e-04	3.31895	25.1	31249	1.06200e-04	3.31855	26.4
67035.418	16.029	31556	1.05210e-04	3.32012	25.7	30908	1.07420e-04	3.32012	26.3	31578	1.05100e-04	3.31895	25.1	31323	1.05940e-04	3.31855	26.4
67036.606	16.039	31575	1.05140e-04	3.31992	25.7	30956	1.07260e-04	3.32031	26.3	31527	1.05270e-04	3.31875	25.1	31280	1.06090e-04	3.31855	26.4
67037.794	16.039	31543	1.05260e-04	3.32012	25.7	30965	1.07220e-04	3.32012	26.3	31607	1.05000e-04	3.31875	25.1	31318	1.05960e-04	3.31855	26.4
67038.983	16.032	31545	1.05250e-04	3.32012	25.7	30947	1.07280e-04	3.32012	26.3	31610	1.05000e-04	3.31895	25.1	31304	1.06010e-04	3.31836	26.4
67040.170	16.032	31560	1.05200e-04	3.32012	25.7	30969	1.07210e-04	3.32012	26.3	31561	1.05150e-04	3.31875	25.1	31291	1.06050e-04	3.31855	26.4
67041.359	16.037	31553	1.05220e-04	3.32012	25.7	30958	1.07240e-04	3.31992	26.3	31543	1.05220e-04	3.31895	25.1	31277	1.06100e-04	3.31855	26.4
67042.547	16.037	31634	1.04960e-04	3.32012	25.7	31012	1.07060e-04	3.32012	26.3	31557	1.05170e-04	3.31875	25.1	31338	1.05900e-04	3.31855	26.4
67043.736	16.049	31630	1.04970e-04	3.32012	25.7	31010	1.07070e-04	3.32012	26.3	31637	1.04910e-04	3.31895	25.1	31281	1.06080e-04	3.31836	26.4
67044.923	16.049	31537	1.05280e-04	3.32012	25.7	30950	1.07270e-04	3.32012	26.3	31632	1.04920e-04	3.31895	25.1	31199	1.06360e-04	3.31836	26.4
67046.112	16.049	31507	1.05380e-04	3.32012	25.7	30888	1.07490e-04	3.32012	26.3	31536	1.05240e-04	3.31875	25.1	31195	1.06380e-04	3.31855	26.4
67047.300	16.036	31517	1.05340e-04	3.31992	25.7	30920	1.07380e-04	3.32012	26.3	31481	1.05420e-04	3.31875	25.1	31200	1.06360e-04	3.31855	26.4
67048.488	16.036	31495	1.05410e-04	3.31992	25.7	30906	1.07430e-04	3.32031	26.3	31471	1.05450e-04	3.31875	25.1	31217	1.06310e-04	3.31855	26.4
67049.677	16.043	31599	1.05070e-04	3.32012	25.7	30985	1.07150e-04	3.32012	26.3	31528	1.05270e-04	3.31895	25.1	31250	1.06190e-04	3.31836	26.4
67050.865	16.043	31499	1.05400e-04	3.31992	25.7	30970	1.07200e-04	3.31992	26.3	31545	1.05210e-04	3.31875	25.1	31264	1.06130e-04	3.31816	26.4
67052.053	16.030	31586	1.05110e-04	3.32012	25.7	30953	1.07270e-04	3.32031	26.3	31585	1.05070e-04	3.31875	25.1	31334	1.05910e-04	3.31855	26.4
67053.241	16.030	31597	1.05070e-04	3.31992	25.7	30959	1.07240e-04	3.32012	26.3	31662	1.04820e-04	3.31875	25.1	31276	1.06110e-04	3.31855	26.4
67054.429	16.030	31571	1.05160e-04	3.31992	25.7	30928	1.07340e-04	3.31992	26.3	31596	1.05040e-04	3.31875	25.1	31313	1.05980e-04	3.31855	26.4
67055.618	16.025	31643	1.04930e-04	3.32031	25.7	30923	1.07370e-04	3.32012	26.3	31579	1.05090e-04	3.31875	25.1	31237	1.06230e-04	3.31836	26.4
67056.806	16.025	31544	1.05250e-04	3.31992	25.7	30969	1.07210e-04	3.32012	26.3	31615	1.04970e-04	3.31875	25.1	31270	1.06120e-04	3.31836	26.4
67057.994	16.050	31557	1.05200e-04	3.31992	25.7	30960	1.07230e-04	3.31992	26.3	31551	1.05190e-04	3.31875	25.1	31303	1.06010e-04	3.31836	26.4
67059.183	16.050	31546	1.05250e-04	3.32012	25.7	30918	1.07390e-04	3.32031	26.3	31544	1.05220e-04	3.31895	25.1	31268	1.06130e-04	3.31855	26.4
67060.371	16.034	31551	1.05220e-04	3.31992	25.7	30908	1.07420e-04	3.32012	26.3	31521	1.05290e-04	3.31875	25.1	31219	1.06300e-04	3.31855	26.4
67061.559	16.034	31583	1.05120e-04	3.32012	25.7	30945	1.07300e-04	3.32031	26.3	31521	1.05290e-04	3.31875	25.1	31240	1.06230e-04	3.31855	26.4
67062.747	16.040	31544	1.05250e-04	3.32012	25.7	30940	1.07310e-04	3.32031	26.3	31533	1.05250e-04	3.31895	25.1	31182	1.06430e-04	3.31855	26.4
67063.936	16.040	31532	1.05300e-04	3.32012	25.7	30905	1.07430e-04	3.32012	26.3	31534	1.05240e-04	3.31875	25.1	31206	1.06340e-04	3.31836	26.4
67065.124	16.040	31551	1.05230e-04	3.32012	25.7	30927	1.07350e-04	3.32012	26.3	31552	1.05180e-04	3.31875	25.1	31233	1.06250e-04	3.31855	26.4
67066.312	16.009	31526	1.05310e-04	3.32012	25.7	30882	1.07500e-04	3.31992	26.3	31505	1.05340e-04	3.31875	25.1	31185	1.06420e-04	3.31855	26.4
67067.500	16.009	31521	1.05320e-04	3.31992	25.8	31003	1.07090e-04	3.32012	26.3	31549	1.05200e-04	3.31875	25.1	31223	1.06290e-04	3.31855	26.4
67068.689	16.042	31595	1.05090e-04	3.32031	25.8	30912	1.07400e-04	3.32012	26.3	31543	1.05230e-04	3.31914	25.1	31262	1.06150e-04	3.31855	26.4
67069.877	16.042	31583	1.05120e-04	3.31992	25.8	30873	1.07540e-04	3.32012	26.3	31600	1.05020e-04	3.31875	25.1	31340	1.05880e-04	3.31836	26.4
67071.065	16.035	31636	1.04950e-04	3.32012	25.8	30993	1.07130e-04	3.32012	26.3	31593	1.05050e-04	3.31875	25.1	31348	1.05870e-04	3.31875	26.4
67072.253	16.035	31561	1.05200e-04	3.32012	25.8	30993	1.07130e-04	3.32012	26.3	31604	1.05020e-04	3.31914	25.1	31353	1.05840e-04	3.31855	26.4
67073.441	16.035	31580	1.05130e-04	3.31992	25.7	30954	1.07270e-04	3.32031	26.3	31647	1.04870e-04	3.31895	25.1	31318	1.05960e-04	3.31855	26.4
67074.630	16.008	31675	1.04830e-04	3.32031	25.7	30982	1.07160e-04	3.32012	26.3	31602	1.05020e-04	3.31875	25.1	31345	1.05870e-04	3.31855	26.4
67075.818	16.008	31644	1.04920e-04	3.32012	25.8	31033	1.06990e-04	3.32031	26.3	31602	1.05020e-04	3.31895	25.1	31309	1.05990e-04	3.31855	26.4
67077.006	16.010	31567	1.05170e-04	3.31992	25.7	31011	1.07070e-04	3.32031	26.3	31585	1.05070e-04	3.31875	25.1	31341	1.05880e-04	3.31836	26.4
67078.194	16.010	31507	1.05380e-04	3.32031	25.7	31008	1.07070e-04	3.32012	26.3	31570	1.05120e-04	3.31875	25.1	31185	1.06420e-04	3.31875	26.4
67079.383	16.011	31525	1.05320e-04	3.32012	25.7	30893	1.07470e-04	3.32012	26.3	31474	1.05450e-04	3.31895	25.1	31245	1.06220e-04	3.31875	26.4
67080.571	16.011	31622	1.04990e-04	3.31992	25.7	30961	1.07240e-04	3.32012	26.3	31579	1.05090e-04	3.31875	25.1	31315	1.05970e-04	3.31836	26.4
67081.759	16.029	31539	1.05280e-04	3.32031	25.7	30953	1.07260e-04	3.31992	26.3	31556	1.05180e-04	3.31895	25.1	31244	1.06220e-04	3.31855	26.4
67082.948	16.029	31539	1.05270e-04	3.31992	25.7	30928	1.07360e-04	3.32031	26.3	31515	1.05310e-04	3.31895	25.1	31246	1.06200e-04	3.31836	26.4
67084.136	16.048	31526	1.05310e-04	3.32012	25.7	30953	1.07260e-04	3.32012	26.3	31608	1.04990e-04	3.31855	25.1	31154	1.06520e-04	3.31855	26.4
67085.324	16.048	31483	1.05460e-04	3.32012	25.8	30928	1.07350e-04	3.32012	26.3	31541	1.05230e-04	3.31914	25.1	31213	1.06320e-04	3.31855	26.4
67086.512	16.048	31523	1.05320e-04	3.31992	25.8	30917	1.07390e-04	3.32012	26.3	31540	1.05230e-04	3.31895	25.1	31233	1.06250e-04	3.31836	26.4
67087.700	16.041	31553	1.05220e-04	3.32012	25.8	30923	1.07360e-04	3.31992	26.3	31524	1.05270e-04	3.31855	25.1	31221	1.06290e-04	3.31855	26.4
67088.888	16.041	31562	1.05200e-04	3.32012	25.8	30946	1.07290e-04	3.32031	26.3	31540	1.05230e-04	3.31895	25.1	31227	1.06260e-04	3.31836	26.4
67090.077	16.015	31513	1.05350e-04	3.31992	25.8	30907	1.07420e-04	3.32012	26.3	31497	1.05370e-04	3.31875	25.1	31222	1.06280e-04	3.31836	26.4
67091.265	16.015	31550	1.05230e-04	3.32012	25.8	30899	1.07450e-04	3.31992	26.3	31548	1.05200e-04	3.31875	25.1	31204	1.06360e-04	3.31875	26.4
67092.453	16.053	31630	1.04970e-04	3.32031	25.8	30906	1.07430e-04	3.32012	26.3	31548	1.05200e-04	3.31895	25.1	31261	1.06160e-04	3.31855	26.4
67093.642	16.053	31523	1.05320e-04	3.31992	25.8	30955	1.07250e-04	3.32012	26.3	31620	1.04960e-04	3.31875	25.1	31282	1.06080e-04	3.31855	26.4
67094.830	16.010	31592	1.05090e-04	3.32012	25.8	30982	1.07160e-04	3.32012	26.3	31555	1.05180e-04	3.31895	25.1	31273	1.06110e-04	3.31836	26.4
67096.018	16.010	31594	1.05090e-04	3.32012	25.8	30973	1.07200e-04	3.32031	26.3	31579	1.05100e-04	3.31895	25.1	31256	1.06170e-04	3.31855	26.4
67097.207	16.010	31541	1.05260e-04	3.32012	25.8	30994	1.07120e-04	3.32012	26.3	31607	1.05000e-04	3.31875	25.1	31277	1.06100e-04	3.31855	26.4
67098.395	16.035	31534	1.05290e-04	3.32031	25.8	30990	1.07140e-04	3.32031	26.3	31581	1.05090e-04	3.31895	25.1	31277	1.06100e-04	3.31855	26.4
67099.583	16.035	31567	1.05180e-04	3.32012	25.8	30972	1.07200e-04	3.32031	26.3	31558	1.05170e-04	3.31895	25.1	31239	1.06240e-04	3.31875	26.4
67100.771	16.020	31568	1.05170e-04	3.32012	25.8	30945	1.07290e-04	3.32012	26.3	31563	1.05150e-04	3.31875	25.1	31295	1.06040e-04	3.31855	26.4
67101.959	16.020	31567	1.05180e-04	3.32012	25.8	30961	1.07240e-04	3.32012	26.3	31529	1.05270e-04	3.31895	25.1	31235	1.06240e-04	3.31836	26.4
67103.148	16.020	31548	1.05240e-04	3.32012	25.8	30952	1.07270e-04	3.32012	26.3	31548	1.05200e-04	3.31895	25.1	31290	1.06050e-04	3.31836	26.4
67104.336	16.024	31528	1.05310e-04	3.32012	25.8	30920	1.07380e-04	3.32012	26.3	31547	1.05200e-04	3.31875	25.1	31249	1.06200e-04	3.31855	26.4
67105.524	16.024	31556	1.05210e-04	3.32012	25.8	30901	1.07440e-04	3.31992	26.3	31517	1.05300e-04	3.31875	25.1	31177	1.06440e-04	3.31855	26.4
67106.712	15.993	31549	1.05240e-04	3.32012	25.8	30956	1.07250e-04	3.31992	26.3	31525	1.05270e-04	3.31875	25.1	31255	1.06170e-04	3.31836	26.4
67107.900	15.993	31596	1.05080e-04	3.32012	25.8	30919	1.07390e-04	3.32031	26.3	31565	1.05140e-04	3.31875	25.1	31273	1.06120e-04	3.31855	26.4
67109.089	16.010	31502	1.05390e-04	3.31992	25.8	30963	1.07230e-04	3.32012	26.3	31531	1.05260e-04	3.31895	25.1	31297	1.06030e-04	3.31836	26.4
67110.277	16.010	31548	1.05240e-04	3.32012	25.8	30938	1.07320e-04	3.32012	26.3	31522	1.05280e-04	3.31875	25.1	31281	1.06080e-04	3.31836	26.4
67111.465	16.037	31532	1.05300e-04	3.32012	25.8	30987	1.07150e-04	3.32031	26.3	31579	1.05100e-04	3.31895	25.1	31226	1.06280e-04	3.31875	26.4
67112.654	16.037	31505	1.05380e-04	3.31992	25.8	30888	1.07490e-04	3.32012	26.3	31551	1.05180e-04	3.31855	25.1	31294	1.06050e-04	3.31875	26.4
67113.842	16.032	31559	1.05200e-04	3.32012	25.8	30905	1.07430e-04	3.32012	26.3	31513	1.05310e-04	3.31875	25.1	31248	1.06200e-04	3.31836	26.4
67115.030	16.032	31579	1.05140e-04	3.32012	25.8	30936	1.07320e-04	3.32012	26.3	31551	1.05190e-04	3.31895	25.1	31276	1.06100e-04	3.31836	26.4
67116.218	16.032	31611	1.05030e-04	3.32012	25.8	30894	1.07460e-04	3.31992	26.3	31571	1.05120e-04	3.31875	25.1	31327	1.05930e-04	3.31836	26.4
67117.407	16.035	31633	1.04960e-04	3.32012	25.8	30975	1.07190e-04	3.32012	26.3	31610	1.04990e-04	3.31875	25.1	31262	1.06150e-04	3.31855	26.4
67118.595	16.035	31581	1.05120e-04	3.31992	25.8	30992	1.07120e-04	3.31992	26.3	31599	1.05030e-04	3.31875	25.1	31271	1.06120e-04	3.31855	26.4
67119.783	16.010	31535	1.05280e-04	3.31992	25.8	31013	1.07050e-04	3.31992	26.3	31565	1.05140e-04	3.31875	25.1	31265	1.06140e-04	3.31855	26.4
67120.971	16.010	31560	1.05200e-04	3.31992	25.8	30904	1.07430e-04	3.32012	26.3	31485	1.05410e-04	3.31875	25.1	31234	1.06240e-04	3.31836	26.4
67122.159	16.035	31540	1.05270e-04	3.32012	25.7	30936	1.07320e-04	3.32012	26.3	31478	1.05430e-04	3.31875	25.1	31243	1.06210e-04	3.31836	26.4
67123.348	16.035	31493	1.05420e-04	3.31992	25.7	30870	1.07550e-04	3.32012	26.3	31544	1.05220e-04	3.31895	25.1	31234	1.06250e-04	3.31855	26.4
67124.536	16.035	31537	1.05260e-04	3.31973	25.7	30918	1.07380e-04	3.32012	26.3	31470	1.05460e-04	3.31875	25.1	31225	1.06290e-04	3.31875	26.4
67125.724	16.042	31597	1.05080e-04	3.32012	25.7	30909	1.07410e-04	3.31992	26.3	31543	1.05210e-04	3.31875	25.1	31238	1.06230e-04	3.31836	26.4
67126.913	16.042	31563	1.05180e-04	3.31992	25.7	31000	1.07110e-04	3.32031	26.3	31607	1.05010e-04	3.31895	25.1	31261	1.06160e-04	3.31855	26.4
67128.101	16.028	31638	1.04940e-04	3.32012	25.7	30949	1.07280e-04	3.32012	26.3	31549	1.05200e-04	3.31875	25.1	31334	1.05900e-04	3.31836	26.4
67129.289	16.028	31628	1.04970e-04	3.31992	25.7	30986	1.07140e-04	3.31992	26.3	31639	1.04890e-04	3.31875	25.1	31308	1.05990e-04	3.31836	26.4
67130.477	16.004	31569	1.05170e-04	3.31992	25.7	31020	1.07030e-04	3.31992	26.3	31627	1.04940e-04	3.31875	25.1	31297	1.06030e-04	3.31836	26.4
67131.665	16.004	31583	1.05120e-04	3.31992	25.7	30945	1.07280e-04	3.31992	26.3	31573	1.05110e-04	3.31875	25.1	31326	1.05940e-04	3.31855	26.4
67132.854	16.018	31546	1.05240e-04	3.31992	25.7	31006	1.07080e-04	3.32012	26.3	31616	1.04970e-04	3.31875	25.1	31311	1.05980e-04	3.31836	26.4
67134.042	16.018	31571	1.05160e-04	3.32012	25.7	30963	1.07220e-04	3.31992	26.3	31638	1.04900e-04	3.31875	25.1	31239	1.06230e-04	3.31836	26.4
67135.230	16.040	31563	1.05190e-04	3.31992	25.7	30954	1.07260e-04	3.32012	26.3	31549	1.05200e-04	3.31875	25.1	31274	1.06110e-04	3.31836	26.4
67136.419	16.040	31570	1.05170e-04	3.32012	25.7	30989	1.07130e-04	3.31992	26.3	31580	1.05090e-04	3.31875	25.1	31340	1.05880e-04	3.31836	26.4
67137.607	16.040	31550	1.05230e-04	3.31992	25.7	30924	1.07360e-04	3.32012	26.3	31527	1.05270e-04	3.31875	25.1	31238	1.06240e-04	3.31875	26.4
67138.795	16.035	31588	1.05100e-04	3.31992	25.7	30927	1.07350e-04	3.32012	26.3	31524	1.05280e-04	3.31875	25.1	31212	1.06320e-04	3.31836	26.4
67139.983	16.035	31550	1.05240e-04	3.32031	25.7	30972	1.07190e-04	3.31992	26.3	31586	1.05070e-04	3.31875	25.1	31263	1.06140e-04	3.31816	26.4
67141.171	15.926	31613	1.05020e-04	3.31992	25.7	30967	1.07210e-04	3.31992	26.3	31615	1.04970e-04	3.31875	25.1	31288	1.06060e-04	3.31855	26.4
67142.360	15.926	31532	1.05290e-04	3.32012	25.7	30961	1.07240e-04	3.32012	26.3	31565	1.05150e-04	3.31895	25.1	31231	1.06260e-04	3.31855	26.4
67143.548	16.060	31533	1.05280e-04	3.31992	25.7	30942	1.07290e-04	3.31992	26.2	31563	1.05150e-04	3.31875	25.1	31298	1.06030e-04	3.31855	26.4
67144.736	16.060	31537	1.05270e-04	3.31992	25.7	30865	1.07560e-04	3.31992	26.2	31535	1.05240e-04	3.31875	25.1	31224	1.06280e-04	3.31836	26.4
67145.924	16.030	31533	1.05290e-04	3.32012	25.7	30960	1.07240e-04	3.32012	26.2	31571	1.05120e-04	3.31875	25.1	31256	1.06170e-04	3.31836	26.4
67147.113	16.030	31542	1.05250e-04	3.31992	25.7	30893	1.07470e-04	3.31992	26.2	31517	1.05300e-04	3.31855	25.1	31244	1.06200e-04	3.31816	26.4
67148.301	16.030	31546	1.05250e-04	3.32012	25.7	30912	1.07410e-04	3.32031	26.2	31532	1.05250e-04	3.31875	25.1	31227	1.06270e-04	3.31855	26.4
67149.489	16.077	31555	1.05210e-04	3.31992	25.7	30883	1.07510e-04	3.32012	26.2	31560	1.05160e-04	3.31875	25.1	31201	1.06360e-04	3.31855	26.4
67150.677	16.077	31588	1.05100e-04	3.31992	25.7	30987	1.07140e-04	3.31992	26.2	31604	1.05010e-04	3.31875	25.1	31264	1.06140e-04	3.31836	26.4
67151.866	16.056	31551	1.05230e-04	3.32012	25.7	30969	1.07210e-04	3.32012	26.2	31560	1.05160e-04	3.31875	25.1	31268	1.06130e-04	3.31855	26.4
67153.054	16.056	31604	1.05050e-04	3.31992	25.7	30967	1.07210e-04	3.32012	26.2	31593	1.05050e-04	3.31875	25.1	31194	1.06380e-04	3.31836	26.4
67154.242	16.058	31657	1.04870e-04	3.31992	25.7	30920	1.07370e-04	3.31992	26.2	31568	1.05120e-04	3.31855	25.1	31244	1.06210e-04	3.31836	26.4
67155.431	16.058	31624	1.04990e-04	3.32012	25.7	30955	1.07260e-04	3.32012	26.3	31585	1.05070e-04	3.31875	25.1	31294	1.06040e-04	3.31855	26.4
67156.618	16.058	31580	1.05130e-04	3.31992	25.7	30949	1.07270e-04	3.31992	26.2	31587	1.05070e-04	3.31875	25.1	31246	1.06210e-04	3.31855	26.4
67157.807	16.033	31585	1.05120e-04	3.32012	25.7	30958	1.07250e-04	3.32012	26.2	31505	1.05350e-04	3.31895	25.1	31181	1.06420e-04	3.31836	26.4
67158.995	16.033	31560	1.05200e-04	3.32012	25.7	30933	1.07330e-04	3.32012	26.2	31608	1.05000e-04	3.31895	25.1	31283	1.06080e-04	3.31855	26.4
67160.184	16.025	31536	1.05270e-04	3.31992	25.7	30973	1.07190e-04	3.31992	26.3	31563	1.05150e-04	3.31875	25.1	31276	1.06100e-04	3.31836	26.4
67161.371	16.025	31623	1.04990e-04	3.32012	25.7	30977	1.07190e-04	3.32051	26.3	31602	1.05020e-04	3.31895	25.1	31237	1.06240e-04	3.31855	26.4
67162.560	16.039	31604	1.05050e-04	3.32012	25.7	31000	1.07110e-04	3.32031	26.3	31621	1.04950e-04	3.31875	25.1	31273	1.06120e-04	3.31855	26.4
67163.748	16.039	31576	1.05140e-04	3.31992	25.7	30959	1.07240e-04	3.32012	26.3	31635	1.04910e-04	3.31875	25.1	31273	1.06120e-04	3.31855	26.4
67164.936	16.032	31553	1.05230e-04	3.32031	25.7	30945	1.07290e-04	3.32012	26.3	31598	1.05030e-04	3.31875	25.1	31298	1.06020e-04	3.31836	26.4
67166.124	16.032	31545	1.05250e-04	3.32012	25.7	30910	1.07410e-04	3.32012	26.3	31564	1.05150e-04	3.31895	25.1	31300	1.06020e-04	3.31855	26.4
67167.313	16.032	31623	1.04990e-04	3.31992	25.7	30958	1.07240e-04	3.31992	26.3	31588	1.05060e-04	3.31875	25.1	31262	1.06150e-04	3.31855	26.4
67168.501	16.035	31525	1.05320e-04	3.32012	25.7	30932	1.07330e-04	3.31992	26.2	31551	1.05190e-04	3.31875	25.1	31284	1.06080e-04	3.31875	26.4
67169.689	16.035	31564	1.05190e-04	3.32012	25.7	30914	1.07390e-04	3.31992	26.3	31567	1.05130e-04	3.31875	25.1	31227	1.06270e-04	3.31836	26.4
67170.878	16.028	31586	1.05110e-04	3.32012	25.7	30969	1.07210e-04	3.32031	26.3	31527	1.05270e-04	3.31875	25.1	31254	1.06180e-04	3.31855	26.4
67172.066	16.028	31528	1.05300e-04	3.31992	25.7	30884	1.07500e-04	3.32012	26.3	31474	1.05440e-04	3.31875	25.1	31186	1.06410e-04	3.31836	26.4
67173.254	16.070	31491	1.05420e-04	3.31992	25.7	30889	1.07480e-04	3.32012	26.3	31532	1.05250e-04	3.31875	25.1	31186	1.06410e-04	3.31836	26.4
67174.442	16.070	31535	1.05280e-04	3.31992	25.7	30894	1.07470e-04	3.32012	26.3	31514	1.05310e-04	3.31875	25.1	31244	1.06220e-04	3.31855	26.4
67175.630	16.070	31568	1.05180e-04	3.32012	25.7	30894	1.07470e-04	3.32012	26.3	31504	1.05340e-04	3.31875	25.1	31243	1.06210e-04	3.31836	26.4
67176.819	16.022	31518	1.05340e-04	3.32012	25.7	30923	1.07370e-04	3.32012	26.3	31459	1.05500e-04	3.31875	25.1	31196	1.06370e-04	3.31836	26.4
67178.007	16.022	31573	1.05150e-04	3.31992	25.7	30921	1.07380e-04	3.32012	26.3	31557	1.05170e-04	3.31875	25.1	31284	1.06070e-04	3.31836	26.4
67179.195	16.009	31538	1.05280e-04	3.32012	25.7	30997	1.07110e-04	3.31992	26.3	31609	1.04990e-04	3.31875	25.1	31333	1.05910e-04	3.31836	26.4
67180.384	16.009	31610	1.05030e-04	3.31992	25.7	30962	1.07230e-04	3.31992	26.3	31581	1.05090e-04	3.31895	25.1	31251	1.06190e-04	3.31855	26.4
67181.572	16.023	31590	1.05100e-04	3.32012	25.7	31002	1.07090e-04	3.31992	26.3	31602	1.05020e-04	3.31875	25.1	31282	1.06090e-04	3.31855	26.4
67182.760	16.023	31554	1.05220e-04	3.32012	25.7	31051	1.06920e-04	3.32012	26.3	31576	1.05100e-04	3.31875	25.1	31287	1.06060e-04	3.31836	26.4
67183.948	16.014	31548	1.05240e-04	3.32012	25.7	30939	1.07310e-04	3.32012	26.3	31513	1.05320e-04	3.31895	25.1	31238	1.06230e-04	3.31836	26.4
67185.136	16.014	31626	1.04970e-04	3.31992	25.7	30952	1.07270e-04	3.32031	26.3	31549	1.05200e-04	3.31875	25.1	31269	1.06130e-04	3.31855	26.4
67186.325	16.023	31558	1.05200e-04	3.31992	25.7	30966	1.07220e-04	3.32012	26.3	31560	1.05160e-04	3.31875	25.1	31328	1.05920e-04	3.31836	26.4
67187.513	16.023	31573	1.05160e-04	3.32012	25.7	30930	1.07340e-04	3.32012	26.3	31549	1.05200e-04	3.31875	25.1	31330	1.05920e-04	3.31855	26.4
67188.701	16.023	31614	1.05020e-04	3.32012	25.7	30986	1.07150e-04	3.32012	26.3	31560	1.05160e-04	3.31875	25.1	31323	1.05940e-04	3.31855	26.4
67189.889	16.035	31639	1.04940e-04	3.32012	25.7	30945	1.07280e-04	3.31992	26.3	31561	1.05150e-04	3.31875	25.1	31288	1.06060e-04	3.31836	26.4
67191.078	16.035	31681	1.04790e-04	3.31992	25.7	31017	1.07040e-04	3.32012	26.3	31667	1.04800e-04	3.31875	25.1	31262	1.06150e-04	3.31855	26.4
67192.266	16.009	31507	1.05370e-04	3.31992	25.7	31004	1.07090e-04	3.32012	26.3	31636	1.04900e-04	3.31875	25.1	31298	1.06030e-04	3.31855	26.4
67193.454	16.009	31550	1.05230e-04	3.32012	25.7	30958	1.07240e-04	3.31992	26.3	31562	1.05160e-04	3.31895	25.1	31305	1.06010e-04	3.31855	26.4
67194.643	16.040	31539	1.05270e-04	3.32012	25.7	30947	1.07280e-04	3.32012	26.3	31581	1.05090e-04	3.31875	25.1	31262	1.06150e-04	3.31855	26.4
67195.831	16.040	31586	1.05100e-04	3.31973	25.7	30909	1.07420e-04	3.32012	26.3	31516	1.05300e-04	3.31875	25.1	31221	1.06290e-04	3.31836	26.4
67197.019	16.071	31525	1.05320e-04	3.32031	25.7	30919	1.07380e-04	3.31992	26.3	31513	1.05310e-04	3.31855	25.1	31239	1.06230e-04	3.31836	26.4
67198.207	16.071	31564	1.05190e-04	3.32012	25.7	30949	1.07280e-04	3.32031	26.3	31467	1.05470e-04	3.31875	25.1	31226	1.06280e-04	3.31875	26.4
67199.396	16.071	31526	1.05310e-04	3.32012	25.7	30961	1.07240e-04	3.32031	26.3	31510	1.05330e-04	3.31895	25.1	31271	1.06130e-04	3.31875	26.4
67200.584	16.033	31525	1.05310e-04	3.31992	25.7	30935	1.07330e-04	3.32012	26.3	31467	1.05470e-04	3.31875	25.1	31188	1.06400e-04	3.31855	26.4
67201.772	16.033	31537	1.05280e-04	3.32012	25.7	30890	1.07480e-04	3.31992	26.3	31530	1.05250e-04	3.31855	25.1	31289	1.06050e-04	3.31836	26.4
67202.960	16.061	31590	1.05100e-04	3.32012	25.7	30983	1.07170e-04	3.32031	26.3	31577	1.05110e-04	3.31914	25.1	31287	1.06070e-04	3.31855	26.4
67204.148	16.061	31613	1.05020e-04	3.31992	25.7	30980	1.07170e-04	3.32012	26.3	31518	1.05300e-04	3.31895	25.1	31301	1.06020e-04	3.31855	26.4
67205.337	16.030	31556	1.05210e-04	3.32012	25.7	30991	1.07130e-04	3.31992	26.3	31598	1.05030e-04	3.31875	25.1	31368	1.05790e-04	3.31836	26.4
67206.525	16.030	31554	1.05220e-04	3.32012	25.7	31004	1.07090e-04	3.32012	26.3	31578	1.05100e-04	3.31895	25.1	31300	1.06030e-04	3.31875	26.4
67207.713	16.030	31529	1.05290e-04	3.31973	25.7	30988	1.07140e-04	3.32012	26.3	31565	1.05140e-04	3.31875	25.1	31380	1.05750e-04	3.31855	26.4
67208.901	16.004	31467	1.05510e-04	3.32012	25.7	30913	1.07390e-04	3.31992	26.3	31512	1.05320e-04	3.31875	25.1	31311	1.05970e-04	3.31816	26.4
67210.090	16.004	31492	1.05430e-04	3.32012	25.7	30932	1.07340e-04	3.32031	26.3	31563	1.05150e-04	3.31875	25.1	31243	1.06220e-04	3.31855	26.4
67211.278	16.036	31509	1.05360e-04	3.31973	25.7	30895	1.07470e-04	3.32012	26.3	31516	1.05300e-04	3.31875	25.1	31162	1.06490e-04	3.31836	26.4
67212.466	16.036	31535	1.05290e-04	3.32031	25.7	30919	1.07380e-04	3.31992	26.3	31568	1.05130e-04	3.31875	25.1	31284	1.06080e-04	3.31855	26.4
67213.655	16.034	31518	1.05330e-04	3.31992	25.7	30903	1.07440e-04	3.32031	26.3	31520	1.05300e-04	3.31895	25.1	31221	1.06290e-04	3.31855	26.4
67214.843	16.034	31584	1.05120e-04	3.32012	25.7	30935	1.07320e-04	3.31992	26.3	31579	1.05090e-04	3.31875	25.1	31269	1.06120e-04	3.31836	26.4
67216.031	16.037	31508	1.05380e-04	3.32012	25.7	30963	1.07230e-04	3.32012	26.3	31567	1.05130e-04	3.31875	25.1	31246	1.06200e-04	3.31836	26.4
67217.219	16.037	31478	1.05460e-04	3.31973	25.7	30913	1.07400e-04	3.31992	26.3	31570	1.05120e-04	3.31875	25.1	31281	1.06090e-04	3.31855	26.4
67218.407	16.037	31516	1.05350e-04	3.32012	25.7	30900	1.07440e-04	3.31992	26.2	31497	1.05370e-04	3.31875	25.1	31246	1.06210e-04	3.31855	26.4
67219.596	16.033	31458	1.05530e-04	3.31992	25.7	30915	1.07390e-04	3.32012	26.2	31492	1.05380e-04	3.31875	25.1	31177	1.06440e-04	3.31855	26.4
67220.784	16.033	31548	1.05230e-04	3.31973	25.7	30958	1.07240e-04	3.31992	26.2	31506	1.05330e-04	3.31855	25.1	31220	1.06290e-04	3.31836	26.4
67221.972	16.036	31477	1.05480e-04	3.32012	25.7	30922	1.07370e-04	3.32012	26.2	31468	1.05470e-04	3.31875	25.1	31226	1.06260e-04	3.31816	26.4
67223.160	16.036	31628	1.04970e-04	3.31992	25.7	30946	1.07290e-04	3.32031	26.2	31565	1.05140e-04	3.31875	25.1	31246	1.06200e-04	3.31836	26.4
67224.348	16.043	31608	1.05030e-04	3.31992	25.7	30972	1.07200e-04	3.32012	26.2	31560	1.05150e-04	3.31855	25.1	31249	1.06200e-04	3.31855	26.4
67225.537	16.043	31513	1.05360e-04	3.32012	25.7	30964	1.07230e-04	3.32012	26.2	31590	1.05060e-04	3.31875	25.1	31246	1.06210e-04	3.31855	26.4
67226.725	16.043	31532	1.05290e-04	3.31992	25.7	30922	1.07370e-04	3.32012	26.2	31550	1.05200e-04	3.31895	25.1	31275	1.06100e-04	3.31836	26.4
67227.913	16.035	31529	1.05300e-04	3.32012	25.7	30939	1.07310e-04	3.31992	26.2	31500	1.05360e-04	3.31875	25.1	31231	1.06250e-04	3.31836	26.4
67229.102	16.035	31541	1.05260e-04	3.31992	25.7	30938	1.07320e-04	3.32012	26.2	31558	1.05160e-04	3.31875	25.1	31240	1.06220e-04	3.31836	26.4
67230.290	16.034	31561	1.05190e-04	3.31992	25.7	30940	1.07300e-04	3.31992	26.2	31528	1.05260e-04	3.31875	25.1	31221	1.06290e-04	3.31855	26.4
67231.478	16.034	31539	1.05270e-04	3.32012	25.7	30936	1.07320e-04	3.31992	26.2	31554	1.05170e-04	3.31855	25.1	31170	1.06460e-04	3.31836	26.4
67232.666	16.018	31568	1.05170e-04	3.31992	25.7	30909	1.07420e-04	3.32012	26.2	31568	1.05130e-04	3.31875	25.1	31212	1.06320e-04	3.31836	26.4
67233.855	16.018	31573	1.05150e-04	3.31992	25.7	30977	1.07180e-04	3.32012	26.2	31594	1.05040e-04	3.31875	25.1	31229	1.06260e-04	3.31836	26.4
67235.043	16.064	31563	1.05180e-04	3.31992	25.7	30991	1.07130e-04	3.32012	26.2	31576	1.05100e-04	3.31875	25.1	31268	1.06120e-04	3.31836	26.4
67236.231	16.064	31593	1.05080e-04	3.31992	25.7	30969	1.07210e-04	3.32012	26.2	31568	1.05120e-04	3.31855	25.1	31241	1.06220e-04	3.31836	26.4
67237.419	16.045	31570	1.05160e-04	3.31992	25.7	31005	1.07080e-04	3.32012	26.2	31579	1.05090e-04	3.31875	25.1	31287	1.06070e-04	3.31855	26.4
67238.607	16.045	31504	1.05380e-04	3.31992	25.7	30979	1.07170e-04	3.32012	26.2	31602	1.05010e-04	3.31855	25.1	31303	1.06010e-04	3.31836	26.4
67239.795	16.045	31505	1.05380e-04	3.31992	25.7	30954	1.07250e-04	3.31992	26.2	31563	1.05150e-04	3.31875	25.1	31293	1.06040e-04	3.31836	26.4
67240.984	16.069	31613	1.05010e-04	3.31973	25.7	30946	1.07280e-04	3.31992	26.2	31529	1.05260e-04	3.31875	25.1	31281	1.06080e-04	3.31836	26.4
67242.172	16.069	31617	1.05010e-04	3.32012	25.7	30958	1.07240e-04	3.31992	26.2	31571	1.05110e-04	3.31855	25.1	31321	1.05950e-04	3.31836	26.4
67243.360	16.015	31626	1.04970e-04	3.31992	25.6	30998	1.07100e-04	3.31992	26.2	31638	1.04900e-04	3.31875	25.1	31295	1.06030e-04	3.31836	26.4
67244.549	16.015	31652	1.04890e-04	3.31992	25.6	30977	1.07180e-04	3.32012	26.2	31620	1.04960e-04	3.31875	25.1	31291	1.06050e-04	3.31855	26.4
67245.737	16.015	31595	1.05080e-04	3.31992	25.6	30978	1.07170e-04	3.31992	26.2	31566	1.05130e-04	3.31855	25.1	31249	1.06190e-04	3.31816	26.4
67246.925	16.011	31518	1.05330e-04	3.31992	25.6	30945	1.07290e-04	3.32012	26.2	31566	1.05140e-04	3.31875	25.1	31262	1.06150e-04	3.31836	26.4
67248.113	15.992	31587	1.05100e-04	3.31992	25.6	30956	1.07250e-04	3.32012	26.2	31562	1.05150e-04	3.31875	25.1	31256	1.06170e-04	3.31836	26.4
67249.302	15.992	31523	1.05320e-04	3.31992	25.6	30913	1.07400e-04	3.32012	26.2	31572	1.05100e-04	3.31836	25.1	31272	1.06110e-04	3.31836	26.4
67250.490	15.992	31566	1.05180e-04	3.31992	25.6	30906	1.07420e-04	3.31992	26.2	31557	1.05170e-04	3.31875	25.1	31271	1.06120e-04	3.31836	26.4
67251.678	16.011	31537	1.05270e-04	3.31992	25.6	30954	1.07250e-04	3.31992	26.2	31545	1.05200e-04	3.31855	25.1	31216	1.06300e-04	3.31836	26.4
67252.867	16.011	31558	1.05200e-04	3.31992	25.6	30900	1.07440e-04	3.31992	26.2	31581	1.05080e-04	3.31855	25.1	31181	1.06420e-04	3.31816	26.4
67254.055	16.032	31574	1.05150e-04	3.31992	25.6	30950	1.07280e-04	3.32012	26.2	31597	1.05030e-04	3.31875	25.1	31238	1.06230e-04	3.31836	26.4
67255.243	16.032	31583	1.05120e-04	3.31992	25.6	30935	1.07320e-04	3.31992	26.2	31573	1.05110e-04	3.31875	25.0	31224	1.06280e-04	3.31836	26.4
67256.431	16.026	31559	1.05200e-04	3.31992	25.6	30890	1.07480e-04	3.31992	26.2	31573	1.05110e-04	3.31875	25.0	31248	1.06200e-04	3.31855	26.4
67257.619	16.026	31617	1.05000e-04	3.31992	25.6	30964	1.07220e-04	3.32012	26.2	31603	1.05010e-04	3.31875	25.1	31238	1.06230e-04	3.31836	26.4
67258.808	16.008	31585	1.05110e-04	3.31992	25.6	30965	1.07210e-04	3.31992	26.2	31585	1.05070e-04	3.31875	25.1	31255	1.06170e-04	3.31836	26.4
67259.996	16.008	31640	1.04940e-04	3.32012	25.6	30988	1.07140e-04	3.32012	26.2	31649	1.04860e-04	3.31875	25.1	31342	1.05870e-04	3.31816	26.4
67261.184	16.008	31654	1.04880e-04	3.31992	25.6	30992	1.07120e-04	3.31992	26.2	31655	1.04830e-04	3.31855	25.1	31336	1.05890e-04	3.31816	26.4
67262.372	16.052	31593	1.05080e-04	3.31992	25.6	30964	1.07220e-04	3.32012	26.2	31608	1.05000e-04	3.31875	25.1	31241	1.06230e-04	3.31875	26.4
67263.561	16.052	31586	1.05100e-04	3.31973	25.6	30937	1.07300e-04	3.31973	26.2	31603	1.05010e-04	3.31855	25.0	31258	1.06160e-04	3.31836	26.4
67264.749	16.027	31547	1.05240e-04	3.31992	25.6	30908	1.07420e-04	3.32012	26.2	31490	1.05390e-04	3.31875	25.0	31231	1.06250e-04	3.31816	26.4
67265.937	16.027	31613	1.05020e-04	3.31992	25.6	30930	1.07340e-04	3.31992	26.2	31513	1.05310e-04	3.31875	25.0	31280	1.06090e-04	3.31836	26.4
67267.125	16.019	31575	1.05140e-04	3.31992	25.6	30938	1.07300e-04	3.31973	26.2	31571	1.05110e-04	3.31855	25.0	31240	1.06220e-04	3.31836	26.4
67268.314	16.019	31506	1.05370e-04	3.31992	25.6	30908	1.07420e-04	3.32012	26.2	31585	1.05070e-04	3.31875	25.0	31264	1.06140e-04	3.31855	26.4
67269.502	16.019	31534	1.05280e-04	3.31992	25.6	30873	1.07530e-04	3.31992	26.2	31535	1.05230e-04	3.31855	25.0	31243	1.06220e-04	3.31855	26.4
67270.690	16.054	31560	1.05190e-04	3.31973	25.6	30909	1.07410e-04	3.32012	26.2	31543	1.05210e-04	3.31875	25.0	31238	1.06230e-04	3.31836	26.4
67271.878	16.054	31525	1.05320e-04	3.32012	25.6	30910	1.07410e-04	3.31992	26.2	31581	1.05080e-04	3.31855	25.0	31209	1.06320e-04	3.31816	26.4
67273.067	16.047	31554	1.05210e-04	3.31992	25.6	30945	1.07300e-04	3.32031	26.2	31570	1.05120e-04	3.31875	25.0	31200	1.06360e-04	3.31836	26.4
67274.255	16.047	31551	1.05220e-04	3.31992	25.6	30941	1.07310e-04	3.32012	26.2	31591	1.05050e-04	3.31875	25.0	31244	1.06210e-04	3.31855	26.4
67275.443	16.046	31551	1.05220e-04	3.31992	25.6	30882	1.07500e-04	3.31992	26.2	31569	1.05130e-04	3.31875	25.0	31209	1.06330e-04	3.31836	26.4
67276.631	16.046	31542	1.05250e-04	3.31973	25.6	30930	1.07340e-04	3.31992	26.2	31553	1.05180e-04	3.31875	25.0	31244	1.06210e-04	3.31836	26.4
67277.820	16.015	31550	1.05230e-04	3.32012	25.6	30898	1.07450e-04	3.31992	26.2	31586	1.05070e-04	3.31875	25.0	31231	1.06250e-04	3.31816	26.4
67279.008	16.015	31581	1.05130e-04	3.32012	25.6	30919	1.07380e-04	3.32012	26.2	31591	1.05050e-04	3.31875	25.0	31228	1.06260e-04	3.31836	26.4
67280.196	16.015	31615	1.05010e-04	3.31992	25.6	30908	1.07420e-04	3.32012	26.2	31580	1.05090e-04	3.31855	25.0	31300	1.06020e-04	3.31855	26.4
67281.384	16.024	31567	1.05180e-04	3.32012	25.6	30906	1.07420e-04	3.31992	26.2	31602	1.05020e-04	3.31895	25.0	31293	1.06050e-04	3.31855	26.4
67282.573	16.024	31520	1.05330e-04	3.32012	25.6	30919	1.07380e-04	3.31992	26.2	31615	1.04970e-04	3.31875	25.0	31211	1.06330e-04	3.31855	26.4
67283.760	16.066	31569	1.05170e-04	3.31992	25.6	30925	1.07350e-04	3.31992	26.2	31581	1.05090e-04	3.31875	25.0	31293	1.06040e-04	3.31836	26.4
67284.949	16.066	31624	1.04990e-04	3.32012	25.6	30983	1.07160e-04	3.32012	26.2	31637	1.04910e-04	3.31895	25.0	31291	1.06050e-04	3.31836	26.4
67286.137	16.036	31524	1.05310e-04	3.31992	25.6	31032	1.06990e-04	3.32012	26.2	31666	1.04800e-04	3.31875	25.0	31288	1.06060e-04	3.31836	26.4
67287.325	16.036	31525	1.05310e-04	3.31992	25.6	30813	1.07740e-04	3.31992	26.2	31489	1.05390e-04	3.31875	25.0	31297	1.06030e-04	3.31836	26.4
67288.514	16.036	31554	1.05220e-04	3.32012	25.6	30904	1.07430e-04	3.32012	26.2	31534	1.05250e-04	3.31895	25.0	31232	1.06260e-04	3.31855	26.4
67289.702	16.041	31540	1.05260e-04	3.31992	25.6	30891	1.07470e-04	3.31992	26.2	31533	1.05250e-04	3.31875	25.0	31189	1.06390e-04	3.31836	26.4
67290.890	16.041	31573	1.05160e-04	3.32012	25.6	30923	1.07360e-04	3.31992	26.2	31589	1.05060e-04	3.31875	25.0	31257	1.06160e-04	3.31836	26.4
67292.078	16.079	31525	1.05310e-04	3.31992	25.6	30883	1.07500e-04	3.31992	26.2	31483	1.05410e-04	3.31875	25.0	31191	1.06390e-04	3.31836	26.4
67293.267	16.079	31528	1.05300e-04	3.31992	25.6	30864	1.07560e-04	3.31992	26.2	31541	1.05210e-04	3.31855	25.0	31215	1.06310e-04	3.31855	26.4
67294.455	16.059	31536	1.05280e-04	3.31992	25.6	30872	1.07540e-04	3.32012	26.2	31497	1.05370e-04	3.31875	25.0	31233	1.06260e-04	3.31875	26.4
67295.643	16.059	31583	1.05120e-04	3.31992	25.6	30941	1.07310e-04	3.32012	26.2	31586	1.05080e-04	3.31895	25.0	31293	1.06050e-04	3.31855	26.4
67296.831	16.035	31577	1.05140e-04	3.31992	25.6	30927	1.07350e-04	3.31992	26.2	31607	1.05000e-04	3.31875	25.0	31290	1.06050e-04	3.31836	26.4
67298.019	16.035	31532	1.05290e-04	3.32012	25.6	30954	1.07270e-04	3.32031	26.2	31593	1.05050e-04	3.31895	25.0	31272	1.06120e-04	3.31855	26.4
67299.208	16.040	31584	1.05120e-04	3.32012	25.6	30914	1.07400e-04	3.32012	26.2	31577	1.05100e-04	3.31875	25.0	31291	1.06050e-04	3.31855	26.4
67300.396	16.040	31537	1.05270e-04	3.31992	25.6	30913	1.07390e-04	3.31992	26.2	31588	1.05060e-04	3.31875	25.0	31276	1.06110e-04	3.31855	26.4
67301.584	16.040	31578	1.05140e-04	3.32012	25.6	30954	1.07250e-04	3.31992	26.2	31569	1.05130e-04	3.31875	25.0	31268	1.06130e-04	3.31836	26.4
67302.772	16.044	31508	1.05380e-04	3.32012	25.6	30954	1.07260e-04	3.32012	26.2	31534	1.05240e-04	3.31855	25.0	31275	1.06100e-04	3.31836	26.4
67303.961	16.044	31509	1.05360e-04	3.31992	25.6	30910	1.07410e-04	3.31992	26.2	31514	1.05310e-04	3.31875	25.0	31271	1.06120e-04	3.31836	26.4
67305.149	16.048	31499	1.05400e-04	3.32012	25.6	30930	1.07340e-04	3.32012	26.2	31547	1.05200e-04	3.31875	25.0	31220	1.06300e-04	3.31855	26.4
67306.337	16.048	31450	1.05560e-04	3.31992	25.6	30931	1.07340e-04	3.32012	26.2	31528	1.05260e-04	3.31875	25.1	31222	1.06290e-04	3.31855	26.4
67307.525	16.058	31523	1.05320e-04	3.31992	25.6	30918	1.07380e-04	3.32012	26.2	31574	1.05110e-04	3.31875	25.0	31247	1.06200e-04	3.31855	26.4
67308.714	16.058	31499	1.05400e-04	3.32012	25.6	30943	1.07300e-04	3.32012	26.2	31511	1.05320e-04	3.31875	25.0	31219	1.06290e-04	3.31836	26.4
67309.902	16.057	31545	1.05240e-04	3.31992	25.6	30857	1.07600e-04	3.32012	26.2	31548	1.05200e-04	3.31875	25.0	31226	1.06270e-04	3.31836	26.4
67311.090	16.057	31501	1.05390e-04	3.31992	25.6	30903	1.07440e-04	3.32012	26.2	31536	1.05240e-04	3.31895	25.0	31216	1.06300e-04	3.31836	26.4
67312.279	16.057	31530	1.05300e-04	3.31992	25.6	30947	1.07280e-04	3.32012	26.2	31499	1.05360e-04	3.31875	25.0	31305	1.06010e-04	3.31855	26.4
67313.467	16.053	31505	1.05380e-04	3.31992	25.6	30921	1.07380e-04	3.32012	26.2	31549	1.05190e-04	3.31875	25.0	31219	1.06300e-04	3.31855	26.4
67314.655	16.053	31554	1.05220e-04	3.32012	25.6	30904	1.07430e-04	3.32012	26.2	31531	1.05260e-04	3.31895	25.0	31265	1.06140e-04	3.31836	26.4
67315.843	16.069	31624	1.04990e-04	3.32012	25.6	30958	1.07240e-04	3.31992	26.2	31587	1.05070e-04	3.31875	25.0	31267	1.06130e-04	3.31836	26.4
67317.032	16.069	31521	1.05320e-04	3.31992	25.7	30990	1.07130e-04	3.31992	26.2	31589	1.05060e-04	3.31875	25.0	31283	1.06080e-04	3.31836	26.4
67318.220	16.045	31508	1.05370e-04	3.32012	25.7	30883	1.07510e-04	3.32012	26.2	31542	1.05220e-04	3.31875	25.0	31255	1.06180e-04	3.31855	26.4
67319.408	16.045	31539	1.05270e-04	3.32012	25.7	30895	1.07460e-04	3.32012	26.2	31572	1.05120e-04	3.31875	25.1	31261	1.06160e-04	3.31855	26.4
67320.596	16.045	31516	1.05340e-04	3.31992	25.6	30898	1.07460e-04	3.32012	26.2	31543	1.05210e-04	3.31875	25.0	31266	1.06140e-04	3.31855	26.4
67321.784	16.006	31491	1.05430e-04	3.32012	25.6	30883	1.07510e-04	3.32012	26.2	31463	1.05480e-04	3.31855	25.0	31165	1.06480e-04	3.31836	26.4
67322.973	16.006	31566	1.05180e-04	3.32012	25.6	30964	1.07230e-04	3.32031	26.2	31538	1.05240e-04	3.31895	25.0	31198	1.06370e-04	3.31855	26.4
67324.161	16.023	31547	1.05240e-04	3.31992	25.6	31031	1.07000e-04	3.32031	26.2	31605	1.05010e-04	3.31895	25.0	31251	1.06190e-04	3.31855	26.4
67325.349	16.023	31487	1.05450e-04	3.32031	25.6	30953	1.07260e-04	3.31992	26.2	31590	1.05060e-04	3.31875	25.0	31254	1.06180e-04	3.31855	26.4
67326.537	16.032	31467	1.05510e-04	3.32012	25.6	30915	1.07390e-04	3.32012	26.2	31552	1.05180e-04	3.31875	25.0	31228	1.06270e-04	3.31855	26.4
67327.726	16.032	31525	1.05310e-04	3.31992	25.6	30959	1.07240e-04	3.31992	26.2	31530	1.05260e-04	3.31875	25.0	31201	1.06350e-04	3.31836	26.4
67328.914	16.045	31569	1.05170e-04	3.32012	25.6	30951	1.07260e-04	3.31992	26.2	31532	1.05240e-04	3.31855	25.0	31170	1.06460e-04	3.31836	26.4
67330.102	16.045	31587	1.05100e-04	3.31992	25.6	30957	1.07240e-04	3.31992	26.2	31538	1.05230e-04	3.31875	25.0	31238	1.06230e-04	3.31855	26.4
67331.291	16.045	31547	1.05240e-04	3.31992	25.6	30951	1.07270e-04	3.32012	26.2	31553	1.05190e-04	3.31895	25.0	31212	1.06320e-04	3.31855	26.4
67332.479	16.047	31616	1.05010e-04	3.32012	25.6	30970	1.07200e-04	3.31992	26.2	31581	1.05090e-04	3.31875	25.0	31228	1.06260e-04	3.31836	26.4
67333.667	16.047	31512	1.05350e-04	3.31992	25.6	30992	1.07130e-04	3.32031	26.2	31552	1.05180e-04	3.31875	25.0	31279	1.06090e-04	3.31836	26.4
67334.855	16.019	31597	1.05070e-04	3.31992	25.6	30979	1.07170e-04	3.31992	26.2	31621	1.04950e-04	3.31855	25.0	31294	1.06040e-04	3.31836	26.4
67336.044	16.019	31539	1.05270e-04	3.31992	25.6	30962	1.07230e-04	3.32012	26.2	31585	1.05070e-04	3.31875	25.0	31254	1.06170e-04	3.31836	26.4
67337.231	16.047	31530	1.05300e-04	3.31992	25.6	30971	1.07200e-04	3.32012	26.2	31591	1.05050e-04	3.31855	25.0	31240	1.06230e-04	3.31855	26.4
67338.420	16.047	31447	1.05580e-04	3.32012	25.6	30966	1.07210e-04	3.31992	26.2	31546	1.05200e-04	3.31855	25.0	31207	1.06330e-04	3.31836	26.4
67339.608	16.047	31525	1.05310e-04	3.31992	25.6	30885	1.07500e-04	3.32012	26.2	31533	1.05250e-04	3.31875	25.0	31329	1.05930e-04	3.31855	26.4
67340.797	16.047	31560	1.05190e-04	3.31973	25.6	30927	1.07350e-04	3.31992	26.2	31535	1.05240e-04	3.31875	25.0	31219	1.06290e-04	3.31836	26.4
67341.984	16.047	31516	1.05350e-04	3.32031	25.6	30865	1.07560e-04	3.31992	26.2	31527	1.05270e-04	3.31875	25.0	31263	1.06140e-04	3.31836	26.4
67343.173	16.030	31498	1.05400e-04	3.31992	25.6	30864	1.07570e-04	3.32012	26.2	31568	1.05130e-04	3.31875	25.0	31259	1.06160e-04	3.31855	26.4
67344.361	16.030	31607	1.05040e-04	3.31992	25.6	30902	1.07440e-04	3.32012	26.2	31510	1.05320e-04	3.31855	25.0	31187	1.06410e-04	3.31855	26.4
67345.549	16.059	31506	1.05380e-04	3.31992	25.6	30923	1.07370e-04	3.32012	26.2	31568	1.05130e-04	3.31875	25.0	31199	1.06360e-04	3.31836	26.4
67346.737	16.059	31506	1.05380e-04	3.31992	25.6	30922	1.07370e-04	3.31992	26.2	31555	1.05170e-04	3.31855	25.0	31246	1.06200e-04	3.31816	26.4
67347.925	16.055	31521	1.05320e-04	3.31992	25.6	30937	1.07320e-04	3.32012	26.2	31541	1.05220e-04	3.31875	25.0	31234	1.06250e-04	3.31855	26.4
67349.114	16.055	31528	1.05300e-04	3.31973	25.6	30856	1.07590e-04	3.31992	26.2	31529	1.05260e-04	3.31875	25.0	31199	1.06360e-04	3.31836	26.4
67350.302	16.048	31491	1.05430e-04	3.32012	25.6	30902	1.07440e-04	3.32012	26.2	31571	1.05120e-04	3.31875	25.0	31332	1.05910e-04	3.31836	26.4
67351.491	16.048	31515	1.05350e-04	3.32012	25.6	30896	1.07460e-04	3.32012	26.2	31554	1.05180e-04	3.31875	25.0	31216	1.06310e-04	3.31855	26.4
67352.679	16.048	31551	1.05220e-04	3.31992	25.6	30836	1.07670e-04	3.31992	26.2	31496	1.05370e-04	3.31875	25.0	31183	1.06420e-04	3.31855	26.4
67353.867	16.062	31534	1.05290e-04	3.32012	25.6	30882	1.07510e-04	3.32012	26.2	31524	1.05280e-04	3.31895	25.0	31202	1.06350e-04	3.31836	26.4
67355.055	16.062	31467	1.05500e-04	3.31992	25.6	30880	1.07510e-04	3.31992	26.2	31572	1.05120e-04	3.31875	25.0	31177	1.06430e-04	3.31836	26.4
67356.243	16.049	31564	1.05190e-04	3.32012	25.6	30913	1.07390e-04	3.31992	26.2	31503	1.05340e-04	3.31855	25.0	31172	1.06460e-04	3.31855	26.4
67357.432	16.049	31521	1.05330e-04	3.32012	25.6	30927	1.07360e-04	3.32031	26.2	31519	1.05300e-04	3.31895	25.0	31209	1.06330e-04	3.31855	26.4
67358.620	16.039	31565	1.05180e-04	3.32012	25.6	30893	1.07470e-04	3.32012	26.2	31600	1.05020e-04	3.31875	25.0	31213	1.06310e-04	3.31836	26.4
67359.808	16.039	31518	1.05330e-04	3.31992	25.6	30895	1.07470e-04	3.32012	26.2	31537	1.05230e-04	3.31875	25.0	31228	1.06260e-04	3.31816	26.4
67360.996	16.034	31591	1.05100e-04	3.32012	25.6	30935	1.07330e-04	3.32031	26.2	31567	1.05140e-04	3.31895	25.0	31200	1.06360e-04	3.31855	26.4
67362.184	16.034	31568	1.05170e-04	3.31992	25.6	30911	1.07410e-04	3.32012	26.2	31536	1.05240e-04	3.31875	25.0	31272	1.06120e-04	3.31855	26.4
67363.373	16.034	31611	1.05030e-04	3.32012	25.6	30902	1.07440e-04	3.32012	26.2	31568	1.05130e-04	3.31875	25.0	31306	1.06000e-04	3.31836	26.4
67364.561	16.038	31563	1.05190e-04	3.31992	25.6	30948	1.07280e-04	3.32012	26.2	31568	1.05130e-04	3.31875	25.0	31289	1.06050e-04	3.31836	26.4
67365.750	16.038	31568	1.05180e-04	3.32012	25.6	30914	1.07390e-04	3.31992	26.2	31558	1.05160e-04	3.31855	25.0	31236	1.06230e-04	3.31816	26.4
67366.937	16.034	31550	1.05230e-04	3.31992	25.6	30928	1.07350e-04	3.32012	26.2	31543	1.05210e-04	3.31875	25.0	31258	1.06160e-04	3.31836	26.4
67368.126	16.034	31621	1.04990e-04	3.31992	25.6	30987	1.07140e-04	3.31992	26.2	31606	1.05000e-04	3.31875	25.0	31306	1.06000e-04	3.31855	26.4
67369.314	16.035	31676	1.04810e-04	3.32012	25.6	31006	1.07080e-04	3.32012	26.2	31599	1.05020e-04	3.31855	25.0	31339	1.05890e-04	3.31836	26.4
67370.502	16.035	31614	1.05010e-04	3.31992	25.6	31001	1.07100e-04	3.32031	26.2	31581	1.05090e-04	3.31875	25.0	31291	1.06050e-04	3.31855	26.4
67371.691	16.035	31566	1.05180e-04	3.31992	25.6	30998	1.07110e-04	3.32012	26.2	31600	1.05020e-04	3.31875	25.0	31279	1.06100e-04	3.31855	26.4
67372.879	16.020	31575	1.05150e-04	3.32012	25.6	31008	1.07070e-04	3.32012	26.2	31580	1.05090e-04	3.31875	25.0	31296	1.06030e-04	3.31836	26.4
67374.067	16.020	31546	1.05240e-04	3.31992	25.6	30950	1.07270e-04	3.31992	26.2	31565	1.05140e-04	3.31875	25.0	31243	1.06220e-04	3.31855	26.4
67375.255	16.038	31519	1.05330e-04	3.31992	25.6	30961	1.07230e-04	3.31992	26.2	31588	1.05060e-04	3.31875	25.0	31267	1.06130e-04	3.31855	26.4
67376.443	16.038	31562	1.05200e-04	3.32012	25.6	30883	1.07500e-04	3.31992	26.2	31508	1.05330e-04	3.31875	25.0	31252	1.06180e-04	3.31836	26.4
67377.632	16.017	31521	1.05320e-04	3.31992	25.6	30917	1.07380e-04	3.31992	26.2	31496	1.05370e-04	3.31875	25.0	31215	1.06310e-04	3.31855	26.4
67378.820	16.017	31529	1.05300e-04	3.31992	25.6	30891	1.07470e-04	3.31992	26.2	31552	1.05180e-04	3.31875	25.0	31199	1.06360e-04	3.31836	26.4
67380.008	16.039	31650	1.04890e-04	3.31992	25.6	30985	1.07150e-04	3.32012	26.2	31632	1.04920e-04	3.31875	25.0	31227	1.06260e-04	3.31836	26.4
67381.197	16.039	31617	1.05000e-04	3.31992	25.6	30984	1.07150e-04	3.31992	26.2	31656	1.04830e-04	3.31855	25.0	31289	1.06060e-04	3.31836	26.4
67382.385	16.039	31550	1.05230e-04	3.32012	25.6	30976	1.07180e-04	3.32012	26.2	31627	1.04940e-04	3.31875	25.0	31224	1.06280e-04	3.31855	26.4
67383.573	16.038	31571	1.05160e-04	3.31992	25.6	30961	1.07240e-04	3.32012	26.2	31551	1.05190e-04	3.31875	25.0	31171	1.06460e-04	3.31855	26.4
67384.761	16.038	31491	1.05420e-04	3.31992	25.6	30921	1.07370e-04	3.31992	26.2	31532	1.05250e-04	3.31875	25.0	31204	1.06340e-04	3.31816	26.4
67385.949	16.039	31493	1.05420e-04	3.31992	25.6	30863	1.07580e-04	3.32012	26.2	31515	1.05310e-04	3.31875	25.0	31171	1.06460e-04	3.31836	26.4
67387.138	16.039	31551	1.05220e-04	3.31992	25.6	30884	1.07500e-04	3.32012	26.2	31548	1.05200e-04	3.31875	25.0	31175	1.06450e-04	3.31855	26.4
67388.326	16.059	31556	1.05210e-04	3.32012	25.6	30887	1.07490e-04	3.32012	26.2	31561	1.05150e-04	3.31875	25.0	31295	1.06040e-04	3.31855	26.4
67389.514	16.059	31541	1.05260e-04	3.31992	25.6	30916	1.07380e-04	3.31992	26.2	31569	1.05130e-04	3.31875	25.0	31225	1.06270e-04	3.31836	26.4
67390.703	16.059	31496	1.05410e-04	3.31992	25.6	30875	1.07530e-04	3.31992	26.2	31533	1.05250e-04	3.31875	25.0	31224	1.06280e-04	3.31836	26.4
67391.891	16.056	31559	1.05200e-04	3.32012	25.6	30911	1.07400e-04	3.31992	26.2	31526	1.05270e-04	3.31875	25.0	31196	1.06370e-04	3.31836	26.4
67393.079	16.056	31488	1.05430e-04	3.31992	25.6	30940	1.07310e-04	3.32012	26.2	31541	1.05220e-04	3.31875	25.0	31235	1.06250e-04	3.31855	26.4
67394.267	16.049	31453	1.05550e-04	3.31992	25.6	30921	1.07380e-04	3.32012	26.2	31581	1.05080e-04	3.31855	25.0	31240	1.06230e-04	3.31855	26.4
67395.456	16.049	31516	1.05350e-04	3.32012	25.6	30895	1.07470e-04	3.32012	26.2	31555	1.05170e-04	3.31875	25.0	31207	1.06330e-04	3.31836	26.4
67396.644	16.061	31591	1.05090e-04	3.31992	25.6	30878	1.07520e-04	3.32012	26.2	31586	1.05060e-04	3.31855	25.0	31188	1.06400e-04	3.31836	26.4
67397.832	16.061	31559	1.05200e-04	3.31992	25.6	30927	1.07350e-04	3.31992	26.2	31553	1.05180e-04	3.31875	25.0	31189	1.06400e-04	3.31836	26.4
67399.020	16.052	31558	1.05200e-04	3.31992	25.6	30968	1.07210e-04	3.31992	26.2	31671	1.04790e-04	3.31875	25.0	31276	1.06100e-04	3.31836	26.4
67400.209	16.052	31506	1.05370e-04	3.31992	25.6	30980	1.07160e-04	3.31992	26.2	31653	1.04840e-04	3.31855	25.0	31291	1.06050e-04	3.31836	26.4
67401.396	16.048	31478	1.05470e-04	3.31992	25.6	30898	1.07460e-04	3.32012	26.2	31515	1.05300e-04	3.31855	25.0	31249	1.06200e-04	3.31855	26.4
67402.585	16.048	31505	1.05370e-04	3.31973	25.6	30910	1.07400e-04	3.31992	26.2	31575	1.05110e-04	3.31875	25.0	31189	1.06400e-04	3.31836	26.4
67403.773	16.048	31521	1.05330e-04	3.32012	25.6	30895	1.07460e-04	3.31992	26.2	31570	1.05120e-04	3.31855	25.0	31179	1.06430e-04	3.31836	26.4
67404.961	16.056	31533	1.05290e-04	3.32012	25.6	30961	1.07240e-04	3.32012	26.2	31545	1.05210e-04	3.31895	25.0	31259	1.06160e-04	3.31855	26.3
67406.150	16.056	31517	1.05340e-04	3.31992	25.6	30968	1.07210e-04	3.31992	26.2	31579	1.05090e-04	3.31875	25.0	31192	1.06390e-04	3.31836	26.3
67407.338	16.065	31526	1.05310e-04	3.31992	25.6	30926	1.07360e-04	3.32031	26.2	31593	1.05050e-04	3.31895	25.0	31273	1.06120e-04	3.31855	26.3
67408.526	16.065	31488	1.05440e-04	3.32012	25.6	30945	1.07290e-04	3.32012	26.2	31534	1.05250e-04	3.31895	25.0	31277	1.06100e-04	3.31855	26.3
67409.715	16.040	31472	1.05500e-04	3.32012	25.6	30905	1.07430e-04	3.32012	26.2	31557	1.05170e-04	3.31875	25.0	31177	1.06430e-04	3.31816	26.3
67410.903	16.040	31539	1.05260e-04	3.31992	25.6	30991	1.07130e-04	3.32012	26.2	31587	1.05070e-04	3.31875	25.0	31271	1.06120e-04	3.31855	26.3
67412.091	16.054	31586	1.05110e-04	3.32012	25.6	30921	1.07370e-04	3.31992	26.2	31567	1.05130e-04	3.31875	25.0	31241	1.06220e-04	3.31855	26.3
67413.279	16.054	31538	1.05270e-04	3.31992	25.6	30968	1.07210e-04	3.31992	26.2	31609	1.04990e-04	3.31875	25.0	31273	1.06120e-04	3.31855	26.3
67414.467	16.054	31519	1.05320e-04	3.31973	25.6	30917	1.07380e-04	3.31992	26.2	31552	1.05180e-04	3.31875	25.0	31242	1.06220e-04	3.31836	26.3
67415.656	16.054	31614	1.05020e-04	3.32012	25.6	30960	1.07230e-04	3.31992	26.2	31590	1.05060e-04	3.31875	25.0	31306	1.06000e-04	3.31836	26.3
67416.844	16.054	31541	1.05260e-04	3.31992	25.6	30964	1.07220e-04	3.31992	26.2	31547	1.05200e-04	3.31875	25.0	31220	1.06290e-04	3.31836	26.3
67418.032	16.029	31547	1.05240e-04	3.31992	25.5	30950	1.07270e-04	3.31992	26.1	31564	1.05140e-04	3.31855	25.0	31201	1.06360e-04	3.31855	26.3
67419.220	16.029	31478	1.05470e-04	3.31992	25.5	30881	1.07510e-04	3.32012	26.1	31616	1.04970e-04	3.31875	25.0	31243	1.06210e-04	3.31836	26.3
67420.408	16.040	31523	1.05320e-04	3.31992	25.6	30929	1.07350e-04	3.32012	26.1	31563	1.05150e-04	3.31875	25.0	31197	1.06370e-04	3.31836	26.3
67421.597	16.040	31528	1.05310e-04	3.32012	25.6	30895	1.07460e-04	3.32012	26.2	31547	1.05200e-04	3.31875	25.0	31208	1.06330e-04	3.31836	26.3
67422.785	16.040	31579	1.05130e-04	3.31992	25.6	30879	1.07520e-04	3.32012	26.2	31584	1.05070e-04	3.31855	25.0	31222	1.06280e-04	3.31816	26.3
67423.973	16.039	31581	1.05120e-04	3.31992	25.6	31022	1.07030e-04	3.32012	26.2	31610	1.04990e-04	3.31875	25.0	31273	1.06120e-04	3.31875	26.3
67425.161	16.039	31568	1.05170e-04	3.31992	25.6	30970	1.07200e-04	3.32012	26.2	31615	1.04970e-04	3.31875	25.0	31220	1.06300e-04	3.31855	26.3
67426.349	16.037	31520	1.05330e-04	3.32012	25.6	30907	1.07420e-04	3.31992	26.2	31608	1.05000e-04	3.31875	25.0	31256	1.06170e-04	3.31836	26.3
67427.538	16.037	31531	1.05290e-04	3.31992	25.6	30911	1.07410e-04	3.32012	26.2	31526	1.05280e-04	3.31895	25.0	31199	1.06370e-04	3.31855	26.3
67428.726	16.052	31555	1.05210e-04	3.31992	25.6	30927	1.07350e-04	3.31992	26.2	31533	1.05250e-04	3.31875	25.0	31234	1.06250e-04	3.31855	26.3
67429.914	16.052	31615	1.05020e-04	3.32012	25.6	30941	1.07300e-04	3.32012	26.2	31615	1.04970e-04	3.31875	25.0	31164	1.06480e-04	3.31836	26.3
67431.103	16.058	31547	1.05240e-04	3.32012	25.6	30996	1.07120e-04	3.32012	26.2	31590	1.05060e-04	3.31895	25.0	31251	1.06190e-04	3.31855	26.3
67432.291	16.058	31541	1.05260e-04	3.32012	25.6	30960	1.07230e-04	3.31992	26.2	31565	1.05140e-04	3.31875	25.0	31252	1.06180e-04	3.31836	26.3
67433.479	16.058	31582	1.05130e-04	3.32012	25.6	30907	1.07430e-04	3.32031	26.2	31553	1.05190e-04	3.31895	25.0	31266	1.06140e-04	3.31855	26.3
67434.668	16.028	31608	1.05040e-04	3.32012	25.6	30958	1.07250e-04	3.32012	26.2	31544	1.05210e-04	3.31875	25.0	31210	1.06320e-04	3.31836	26.3
67435.856	16.028	31537	1.05270e-04	3.31992	25.6	31012	1.07060e-04	3.32012	26.2	31685	1.04740e-04	3.31875	25.0	31242	1.06210e-04	3.31816	26.3
67437.044	16.034	31473	1.05490e-04	3.32012	25.6	30925	1.07360e-04	3.32012	26.2	31563	1.05150e-04	3.31875	25.0	31226	1.06280e-04	3.31855	26.3
67438.232	16.034	31570	1.05160e-04	3.31992	25.6	31024	1.07020e-04	3.32012	26.2	31637	1.04900e-04	3.31875	25.0	31265	1.06140e-04	3.31855	26.3
67439.420	16.040	31584	1.05120e-04	3.32012	25.6	30990	1.07140e-04	3.32012	26.2	31599	1.05030e-04	3.31895	25.0	31337	1.05890e-04	3.31836	26.3
67440.609	16.040	31538	1.05270e-04	3.31992	25.6	30911	1.07400e-04	3.31992	26.2	31573	1.05110e-04	3.31875	25.0	31268	1.06130e-04	3.31836	26.3
67441.797	16.040	31475	1.05480e-04	3.32012	25.6	30922	1.07370e-04	3.32012	26.2	31540	1.05220e-04	3.31875	25.0	31188	1.06400e-04	3.31836	26.3
67442.985	16.042	31518	1.05340e-04	3.32012	25.6	30872	1.07540e-04	3.32012	26.2	31493	1.05380e-04	3.31875	25.0	31182	1.06420e-04	3.31836	26.3
67444.174	16.042	31490	1.05430e-04	3.31992	25.6	30870	1.07550e-04	3.31992	26.2	31532	1.05240e-04	3.31855	25.0	31195	1.06380e-04	3.31855	26.3
67445.361	16.035	31582	1.05120e-04	3.31992	25.6	30908	1.07420e-04	3.32012	26.2	31529	1.05270e-04	3.31895	25.0	31203	1.06350e-04	3.31836	26.3
67446.550	16.035	31587	1.05100e-04	3.31992	25.6	30997	1.07110e-04	3.31992	26.2	31662	1.04810e-04	3.31836	25.0	31354	1.05830e-04	3.31836	26.3
67447.738	16.050	31518	1.05340e-04	3.32012	25.6	30914	1.07400e-04	3.32031	26.2	31597	1.05040e-04	3.31895	25.0	31242	1.06220e-04	3.31855	26.3
67448.926	16.050	31547	1.05240e-04	3.31992	25.6	30921	1.07380e-04	3.32012	26.2	31574	1.05110e-04	3.31875	25.0	31260	1.06160e-04	3.31855	26.3
67450.114	16.039	31573	1.05150e-04	3.31992	25.6	30951	1.07270e-04	3.31992	26.2	31511	1.05320e-04	3.31875	25.0	31286	1.06070e-04	3.31836	26.3
67451.303	16.039	31547	1.05240e-04	3.32012	25.6	30874	1.07540e-04	3.32012	26.2	31543	1.05220e-04	3.31895	25.0	31214	1.06320e-04	3.31875	26.3
67452.491	16.067	31503	1.05390e-04	3.32012	25.6	30945	1.07290e-04	3.32012	26.2	31555	1.05180e-04	3.31895	25.0	31187	1.06410e-04	3.31855	26.3
67453.679	16.067	31547	1.05240e-04	3.31992	25.6	30935	1.07330e-04	3.32012	26.2	31541	1.05220e-04	3.31875	25.0	31227	1.06270e-04	3.31855	26.3
67454.867	16.067	31642	1.04930e-04	3.32012	25.6	30966	1.07220e-04	3.32012	26.2	31587	1.05070e-04	3.31875	25.0	31182	1.06420e-04	3.31836	26.3
67456.056	16.053	31605	1.05040e-04	3.31992	25.6	30984	1.07150e-04	3.31992	26.2	31649	1.04860e-04	3.31855	25.0	31303	1.06010e-04	3.31836	26.3
67457.244	16.053	31580	1.05130e-04	3.32012	25.6	30942	1.07310e-04	3.32031	26.2	31590	1.05060e-04	3.31895	25.0	31247	1.06210e-04	3.31875	26.3
67458.432	16.028	31561	1.05200e-04	3.32012	25.6	30895	1.07460e-04	3.32012	26.2	31593	1.05050e-04	3.31875	25.0	31258	1.06170e-04	3.31855	26.3
67459.620	16.028	31536	1.05280e-04	3.32012	25.6	30892	1.07480e-04	3.32012	26.2	31613	1.04980e-04	3.31875	25.0	31222	1.06280e-04	3.31836	26.3
67460.809	16.036	31613	1.05020e-04	3.32012	25.6	30966	1.07220e-04	3.32012	26.2	31484	1.05410e-04	3.31875	25.0	31225	1.06270e-04	3.31836	26.3
67461.997	16.036	31617	1.05000e-04	3.31992	25.6	30964	1.07220e-04	3.31992	26.2	31574	1.05110e-04	3.31875	25.0	31291	1.06050e-04	3.31855	26.3
67463.185	16.036	31578	1.05140e-04	3.32012	25.6	30969	1.07210e-04	3.32012	26.2	31562	1.05160e-04	3.31895	25.0	31238	1.06230e-04	3.31836	26.3
67464.374	16.040	31541	1.05260e-04	3.32012	25.6	30965	1.07220e-04	3.32012	26.2	31538	1.05230e-04	3.31875	25.0	31227	1.06270e-04	3.31855	26.3
67465.562	16.040	31516	1.05340e-04	3.31992	25.6	30953	1.07260e-04	3.32012	26.2	31587	1.05070e-04	3.31875	25.0	31321	1.05950e-04	3.31836	26.3
67466.750	16.038	31527	1.05310e-04	3.32012	25.6	30993	1.07120e-04	3.32012	26.2	31549	1.05200e-04	3.31895	25.0	31260	1.06150e-04	3.31836	26.3
67467.938	16.038	31518	1.05340e-04	3.32012	25.6	30945	1.07290e-04	3.32012	26.2	31580	1.05090e-04	3.31875	25.0	31241	1.06220e-04	3.31836	26.3
67469.127	16.031	31555	1.05210e-04	3.31992	25.6	30939	1.07310e-04	3.31992	26.2	31545	1.05210e-04	3.31875	25.0	31239	1.06230e-04	3.31836	26.3
67470.314	16.031	31559	1.05200e-04	3.32012	25.6	30892	1.07480e-04	3.32031	26.2	31532	1.05260e-04	3.31895	25.0	31227	1.06270e-04	3.31855	26.3
67471.503	16.049	31503	1.05380e-04	3.31992	25.6	30871	1.07550e-04	3.32031	26.2	31466	1.05480e-04	3.31895	25.0	31198	1.06380e-04	3.31875	26.3
67472.691	16.049	31564	1.05190e-04	3.32012	25.6	30903	1.07440e-04	3.32012	26.2	31541	1.05230e-04	3.31895	25.0	31154	1.06510e-04	3.31836	26.3
67473.879	16.051	31587	1.05110e-04	3.32012	25.6	31003	1.07100e-04	3.32031	26.2	31605	1.05010e-04	3.31895	25.0	31227	1.06270e-04	3.31855	26.3
67475.067	16.051	31540	1.05270e-04	3.32012	25.6	30968	1.07210e-04	3.32012	26.2	31604	1.05010e-04	3.31875	25.0	31252	1.06190e-04	3.31855	26.3
67476.256	16.051	31518	1.05340e-04	3.32012	25.6	30898	1.07460e-04	3.32012	26.2	31562	1.05160e-04	3.31895	25.0	31253	1.06180e-04	3.31855	26.3
67477.444	16.073	31531	1.05290e-04	3.31992	25.6	30935	1.07320e-04	3.31992	26.2	31530	1.05260e-04	3.31875	25.0	31149	1.06530e-04	3.31836	26.3
67478.632	16.073	31580	1.05130e-04	3.32012	25.6	30917	1.07390e-04	3.32012	26.2	31553	1.05190e-04	3.31895	25.0	31261	1.06160e-04	3.31855	26.3
67479.820	16.048	31463	1.05520e-04	3.31992	25.6	30905	1.07430e-04	3.32012	26.2	31525	1.05280e-04	3.31895	25.0	31241	1.06220e-04	3.31836	26.3
67481.009	16.048	31536	1.05270e-04	3.31992	25.6	30942	1.07300e-04	3.32012	26.2	31504	1.05340e-04	3.31875	25.0	31206	1.06340e-04	3.31855	26.3
67482.197	16.041	31539	1.05260e-04	3.31992	25.6	30919	1.07380e-04	3.31992	26.2	31569	1.05120e-04	3.31855	25.0	31260	1.06150e-04	3.31836	26.3
67483.385	16.041	31603	1.05060e-04	3.32012	25.6	30965	1.07230e-04	3.32031	26.2	31577	1.05110e-04	3.31895	25.0	31257	1.06170e-04	3.31855	26.3
67484.573	16.041	31521	1.05330e-04	3.32012	25.6	30931	1.07340e-04	3.32012	26.2	31590	1.05060e-04	3.31875	25.0	31274	1.06110e-04	3.31836	26.3
67485.762	16.048	31510	1.05360e-04	3.31992	25.6	30913	1.07400e-04	3.31992	26.2	31532	1.05240e-04	3.31855	25.0	31259	1.06160e-04	3.31836	26.3
67486.950	16.048	31572	1.05150e-04	3.31992	25.6	30963	1.07230e-04	3.32012	26.2	31579	1.05100e-04	3.31895	25.0	31266	1.06140e-04	3.31855	26.3
67488.138	16.038	31622	1.04990e-04	3.32012	25.6	30901	1.07440e-04	3.32012	26.2	31596	1.05040e-04	3.31875	25.0	31251	1.06190e-04	3.31855	26.3
67489.327	16.038	31599	1.05070e-04	3.32012	25.6	30949	1.07270e-04	3.31992	26.2	31642	1.04890e-04	3.31875	25.0	31273	1.06110e-04	3.31836	26.3
67490.515	16.039	31587	1.05110e-04	3.32012	25.6	30954	1.07260e-04	3.32012	26.2	31602	1.05020e-04	3.31895	25.0	31183	1.06420e-04	3.31855	26.3
67491.703	16.039	31550	1.05220e-04	3.31973	25.6	30905	1.07420e-04	3.31992	26.2	31554	1.05180e-04	3.31875	25.0	31245	1.06210e-04	3.31836	26.3
67492.891	16.044	31623	1.05000e-04	3.32031	25.6	30922	1.07370e-04	3.32012	26.2	31591	1.05050e-04	3.31875	25.0	31303	1.06010e-04	3.31855	26.3
67494.079	16.044	31558	1.05210e-04	3.32012	25.6	30962	1.07230e-04	3.32012	26.2	31611	1.04990e-04	3.31895	25.0	31284	1.06080e-04	3.31855	26.3
67495.268	16.044	31536	1.05280e-04	3.31992	25.6	30936	1.07320e-04	3.32012	26.2	31585	1.05070e-04	3.31875	25.0	31242	1.06220e-04	3.31855	26.3
67496.456	16.019	31583	1.05120e-04	3.31992	25.6	30947	1.07280e-04	3.32012	26.2	31601	1.05020e-04	3.31875	25.0	31252	1.06180e-04	3.31836	26.3
67497.644	16.019	31511	1.05360e-04	3.31992	25.6	30868	1.07560e-04	3.32012	26.2	31504	1.05340e-04	3.31855	25.0	31215	1.06310e-04	3.31836	26.3
67498.832	16.027	31495	1.05420e-04	3.32012	25.6	30884	1.07500e-04	3.32012	26.2	31589	1.05070e-04	3.31895	25.0	31214	1.06320e-04	3.31855	26.3
67500.021	16.027	31500	1.05400e-04	3.32012	25.6	30902	1.07440e-04	3.32012	26.2	31551	1.05190e-04	3.31895	25.0	31194	1.06380e-04	3.31855	26.3
67501.209	16.045	31535	1.05280e-04	3.32012	25.6	30896	1.07460e-04	3.31992	26.2	31518	1.05300e-04	3.31875	25.0	31227	1.06270e-04	3.31855	26.3
67502.397	16.045	31507	1.05380e-04	3.32012	25.6	30871	1.07540e-04	3.31992	26.2	31519	1.05290e-04	3.31875	25.0	31202	1.06350e-04	3.31836	26.3
67503.586	16.027	31545	1.05250e-04	3.32012	25.6	30904	1.07440e-04	3.32031	26.2	31574	1.05120e-04	3.31895	25.0	31227	1.06270e-04	3.31855	26.3
67504.773	16.027	31512	1.05360e-04	3.32012	25.6	30886	1.07500e-04	3.32012	26.2	31538	1.05230e-04	3.31875	25.0	31196	1.06370e-04	3.31836	26.3
67505.962	16.027	31589	1.05100e-04	3.32012	25.6	30987	1.07140e-04	3.31992	26.2	31587	1.05070e-04	3.31875	25.0	31261	1.06160e-04	3.31855	26.3
67507.150	16.032	31503	1.05380e-04	3.31992	25.6	30943	1.07290e-04	3.31992	26.2	31639	1.04890e-04	3.31875	25.0	31294	1.06040e-04	3.31836	26.3
67508.338	16.032	31442	1.05600e-04	3.32012	25.6	30871	1.07550e-04	3.32012	26.2	31543	1.05210e-04	3.31875	25.0	31219	1.06300e-04	3.31855	26.3
67509.526	16.070	31521	1.05320e-04	3.31992	25.6	30880	1.07520e-04	3.32012	26.2	31509	1.05330e-04	3.31875	25.0	31233	1.06250e-04	3.31836	26.3
67510.715	16.070	31555	1.05210e-04	3.31992	25.6	30930	1.07340e-04	3.31992	26.2	31583	1.05070e-04	3.31855	25.0	31182	1.06420e-04	3.31836	26.3
67511.903	16.043	31636	1.04950e-04	3.32012	25.6	30946	1.07280e-04	3.31992	26.2	31603	1.05010e-04	3.31855	25.0	31259	1.06160e-04	3.31836	26.3
67513.091	16.043	31488	1.05430e-04	3.31992	25.6	30937	1.07310e-04	3.31992	26.2	31651	1.04860e-04	3.31875	25.0	31211	1.06330e-04	3.31855	26.3
67514.279	16.048	31528	1.05300e-04	3.31973	25.6	30943	1.07290e-04	3.31992	26.2	31558	1.05160e-04	3.31855	25.0	31202	1.06350e-04	3.31836	26.3
67515.468	16.048	31524	1.05320e-04	3.32012	25.6	30947	1.07280e-04	3.31992	26.2	31599	1.05030e-04	3.31875	25.0	31277	1.06090e-04	3.31816	26.3
67516.656	16.048	31547	1.05240e-04	3.31992	25.6	30922	1.07360e-04	3.31992	26.2	31573	1.05110e-04	3.31875	25.0	31262	1.06150e-04	3.31836	26.3
67517.844	16.055	31525	1.05310e-04	3.31992	25.6	30946	1.07280e-04	3.31992	26.2	31562	1.05150e-04	3.31875	25.0	31231	1.06250e-04	3.31836	26.3
67519.032	16.055	31598	1.05070e-04	3.32012	25.6	30930	1.07340e-04	3.32012	26.2	31574	1.05100e-04	3.31855	25.0	31282	1.06080e-04	3.31836	26.3
67520.221	16.033	31503	1.05380e-04	3.31992	25.6	30917	1.07390e-04	3.32012	26.2	31532	1.05260e-04	3.31895	25.0	31191	1.06390e-04	3.31855	26.3
67521.409	16.033	31540	1.05260e-04	3.31992	25.6	30902	1.07440e-04	3.32012	26.2	31572	1.05110e-04	3.31855	25.0	31190	1.06390e-04	3.31836	26.3
67522.598	16.058	31494	1.05420e-04	3.32012	25.6	30898	1.07450e-04	3.32012	26.2	31590	1.05060e-04	3.31875	25.0	31187	1.06410e-04	3.31855	26.3
67523.786	16.058	31532	1.05290e-04	3.31992	25.6	30960	1.07230e-04	3.31992	26.2	31660	1.04830e-04	3.31895	25.0	31196	1.06380e-04	3.31855	26.3
67524.973	16.062	31559	1.05200e-04	3.31992	25.6	31001	1.07080e-04	3.31973	26.2	31622	1.04950e-04	3.31855	25.0	31232	1.06250e-04	3.31836	26.3
67526.162	16.062	31569	1.05170e-04	3.31992	25.6	30971	1.07190e-04	3.31992	26.2	31615	1.04970e-04	3.31875	25.0	31249	1.06200e-04	3.31855	26.3
67527.350	16.062	31542	1.05250e-04	3.31992	25.6	30874	1.07520e-04	3.31973	26.2	31546	1.05200e-04	3.31875	25.0	31289	1.06050e-04	3.31836	26.3
67528.538	16.060	31558	1.05200e-04	3.31992	25.6	30923	1.07370e-04	3.32012	26.1	31601	1.05010e-04	3.31855	25.0	31189	1.06390e-04	3.31816	26.3
67529.727	16.060	31577	1.05140e-04	3.31992	25.5	30969	1.07200e-04	3.31992	26.1	31626	1.04940e-04	3.31895	25.0	31215	1.06310e-04	3.31836	26.3
67530.915	16.045	31524	1.05310e-04	3.31992	25.5	30865	1.07570e-04	3.32012	26.1	31551	1.05190e-04	3.31875	25.0	31184	1.06420e-04	3.31855	26.3
67532.104	16.045	31549	1.05220e-04	3.31973	25.5	30901	1.07440e-04	3.31992	26.1	31570	1.05120e-04	3.31855	25.0	31204	1.06350e-04	3.31855	26.3
67533.291	16.050	31552	1.05220e-04	3.31992	25.5	30888	1.07490e-04	3.32012	26.1	31549	1.05200e-04	3.31875	25.0	31230	1.06260e-04	3.31836	26.3
67534.480	16.050	31551	1.05230e-04	3.32012	25.5	30915	1.07390e-04	3.32012	26.1	31516	1.05300e-04	3.31875	25.0	31211	1.06320e-04	3.31836	26.3
67535.668	16.050	31547	1.05240e-04	3.31992	25.5	30924	1.07360e-04	3.32012	26.1	31592	1.05040e-04	3.31855	25.0	31205	1.06340e-04	3.31836	26.3
67536.856	16.006	31502	1.05390e-04	3.31992	25.5	30931	1.07330e-04	3.31992	26.1	31627	1.04940e-04	3.31875	25.0	31214	1.06310e-04	3.31836	26.3
67538.044	16.006	31499	1.05400e-04	3.31992	25.5	30891	1.07470e-04	3.31992	26.1	31575	1.05110e-04	3.31875	25.0	31239	1.06230e-04	3.31836	26.3
67539.233	16.059	31533	1.05280e-04	3.31992	25.5	30859	1.07580e-04	3.31992	26.1	31531	1.05250e-04	3.31855	25.0	31245	1.06200e-04	3.31836	26.3
67540.421	16.059	31514	1.05350e-04	3.31992	25.6	30924	1.07360e-04	3.32012	26.1	31558	1.05170e-04	3.31895	25.0	31228	1.06270e-04	3.31855	26.3
67541.609	16.045	31506	1.05380e-04	3.31992	25.5	30959	1.07240e-04	3.32012	26.1	31541	1.05220e-04	3.31875	25.0	31202	1.06350e-04	3.31836	26.3
67542.797	16.045	31528	1.05300e-04	3.31992	25.5	30932	1.07330e-04	3.31992	26.1	31561	1.05150e-04	3.31855	25.0	31164	1.06470e-04	3.31816	26.3
67543.986	16.072	31558	1.05200e-04	3.31992	25.5	31008	1.07070e-04	3.32012	26.1	31605	1.05010e-04	3.31895	25.0	31248	1.06200e-04	3.31855	26.3
67545.174	16.072	31484	1.05450e-04	3.31992	25.5	30856	1.07590e-04	3.31992	26.1	31558	1.05160e-04	3.31855	25.0	31247	1.06200e-04	3.31836	26.3
67546.362	16.072	31590	1.05090e-04	3.31992	25.5	30937	1.07320e-04	3.32012	26.1	31579	1.05090e-04	3.31875	25.0	31222	1.06280e-04	3.31836	26.3
67547.551	16.052	31561	1.05190e-04	3.31992	25.5	30992	1.07130e-04	3.32012	26.1	31621	1.04960e-04	3.31895	25.0	31309	1.05990e-04	3.31836	26.3
67548.738	16.052	31548	1.05230e-04	3.31973	25.5	30965	1.07220e-04	3.31992	26.1	31613	1.04970e-04	3.31855	25.0	31291	1.06050e-04	3.31836	26.3
67549.927	16.011	31585	1.05110e-04	3.31992	25.5	30926	1.07350e-04	3.31992	26.1	31548	1.05200e-04	3.31875	25.0	31283	1.06080e-04	3.31836	26.3
67551.115	16.011	31552	1.05210e-04	3.31973	25.5	30925	1.07360e-04	3.31992	26.1	31528	1.05260e-04	3.31855	25.0	31165	1.06480e-04	3.31836	26.3
67552.303	16.041	31516	1.05340e-04	3.31992	25.5	30940	1.07290e-04	3.31973	26.1	31549	1.05190e-04	3.31855	25.0	31216	1.06300e-04	3.31816	26.3
67553.491	16.041	31499	1.05400e-04	3.31992	25.5	30931	1.07330e-04	3.31992	26.1	31539	1.05220e-04	3.31855	25.0	31161	1.06490e-04	3.31836	26.3
67554.680	16.041	31550	1.05230e-04	3.31992	25.5	30904	1.07430e-04	3.31992	26.1	31513	1.05310e-04	3.31875	25.0	31150	1.06520e-04	3.31816	26.3
67555.868	16.032	31506	1.05370e-04	3.31992	25.5	30915	1.07390e-04	3.31992	26.1	31533	1.05230e-04	3.31836	25.0	31227	1.06270e-04	3.31836	26.3
67557.056	16.032	31543	1.05240e-04	3.31973	25.5	30853	1.07610e-04	3.32012	26.1	31530	1.05260e-04	3.31875	25.0	31220	1.06290e-04	3.31836	26.3
67558.245	16.064	31554	1.05210e-04	3.31973	25.5	30936	1.07320e-04	3.31992	26.1	31604	1.05000e-04	3.31855	25.0	31193	1.06380e-04	3.31836	26.3
67559.433	16.064	31534	1.05290e-04	3.32012	25.5	30940	1.07310e-04	3.32012	26.1	31593	1.05040e-04	3.31855	25.0	31192	1.06390e-04	3.31836	26.3
67560.621	16.071	31548	1.05230e-04	3.31973	25.5	30969	1.07200e-04	3.31992	26.1	31576	1.05100e-04	3.31875	25.0	31225	1.06270e-04	3.31836	26.3
67561.809	16.071	31578	1.05140e-04	3.32012	25.5	30905	1.07430e-04	3.32012	26.1	31569	1.05120e-04	3.31855	25.0	31235	1.06240e-04	3.31836	26.3
67562.998	16.049	31646	1.04910e-04	3.31992	25.5	30997	1.07110e-04	3.31992	26.1	31621	1.04950e-04	3.31855	25.0	31287	1.06060e-04	3.31836	26.3
67564.186	16.049	31606	1.05040e-04	3.31973	25.5	30947	1.07280e-04	3.31992	26.1	31670	1.04790e-04	3.31875	25.0	31328	1.05930e-04	3.31855	26.3
67565.374	16.021	31571	1.05160e-04	3.31992	25.5	30942	1.07290e-04	3.31992	26.1	31593	1.05050e-04	3.31875	25.0	31280	1.06090e-04	3.31836	26.3
67566.563	16.021	31676	1.04810e-04	3.32012	25.5	30969	1.07210e-04	3.32012	26.1	31639	1.04890e-04	3.31875	25.0	31310	1.05990e-04	3.31855	26.3
67567.751	16.021	31569	1.05170e-04	3.31992	25.5	30913	1.07400e-04	3.31992	26.1	31555	1.05180e-04	3.31875	25.0	31206	1.06340e-04	3.31836	26.3
67568.939	16.024	31535	1.05280e-04	3.31992	25.5	30948	1.07280e-04	3.31992	26.1	31595	1.05040e-04	3.31855	25.0	31222	1.06280e-04	3.31836	26.3
67570.127	16.024	31557	1.05200e-04	3.31992	25.5	30913	1.07400e-04	3.32012	26.1	31608	1.04990e-04	3.31855	25.0	31324	1.05940e-04	3.31836	26.3
67571.316	16.033	31544	1.05250e-04	3.32012	25.5	30976	1.07180e-04	3.32012	26.1	31562	1.05160e-04	3.31895	25.0	31259	1.06160e-04	3.31855	26.3
67572.504	16.033	31532	1.05280e-04	3.31973	25.5	30894	1.07460e-04	3.31992	26.1	31605	1.05000e-04	3.31855	25.0	31176	1.06430e-04	3.31816	26.3
67573.692	16.012	31560	1.05200e-04	3.32012	25.5	30972	1.07200e-04	3.32012	26.1	31519	1.05300e-04	3.31875	25.0	31212	1.06320e-04	3.31836	26.3
67574.880	16.012	31566	1.05180e-04	3.32012	25.5	30938	1.07320e-04	3.32012	26.1	31499	1.05370e-04	3.31895	25.0	31196	1.06380e-04	3.31855	26.3
67576.068	16.043	31533	1.05280e-04	3.31992	25.6	30907	1.07420e-04	3.31992	26.1	31540	1.05220e-04	3.31855	25.0	31209	1.06330e-04	3.31836	26.3
67577.257	16.043	31498	1.05410e-04	3.32012	25.6	30904	1.07440e-04	3.32031	26.1	31574	1.05120e-04	3.31895	25.0	31251	1.06200e-04	3.31875	26.3
67578.445	16.043	31594	1.05090e-04	3.32012	25.5	30907	1.07420e-04	3.32012	26.1	31512	1.05320e-04	3.31895	25.0	31204	1.06350e-04	3.31855	26.3
67579.633	16.037	31584	1.05110e-04	3.31992	25.6	30968	1.07210e-04	3.32012	26.1	31580	1.05090e-04	3.31855	25.0	31293	1.06040e-04	3.31836	26.3
67580.821	16.037	31486	1.05440e-04	3.31992	25.5	30952	1.07270e-04	3.32012	26.1	31603	1.05020e-04	3.31895	25.0	31249	1.06200e-04	3.31855	26.3
67582.010	16.037	31511	1.05360e-04	3.31992	25.6	30946	1.07290e-04	3.32012	26.1	31566	1.05130e-04	3.31855	25.0	31270	1.06120e-04	3.31855	26.3
67583.198	16.037	31566	1.05170e-04	3.31992	25.6	30914	1.07400e-04	3.32012	26.1	31543	1.05210e-04	3.31875	25.0	31257	1.06160e-04	3.31836	26.3
67584.386	16.041	31488	1.05430e-04	3.31992	25.6	30899	1.07440e-04	3.31992	26.1	31512	1.05320e-04	3.31875	25.0	31189	1.06390e-04	3.31836	26.3
