Sensors: ['0x40', '0x41', '0x44', '0x45']
Die temperature enabled: 1
Time [s]	PT104 [°C]	R_0 [Ω]	I_0 [A]	V_0 [V]	T_die_0 [°C]	R_1 [Ω]	I_1 [A]	V_1 [V]	T_die_1 [°C]	R_2 [Ω]	I_2 [A]	V_2 [V]	T_die_2 [°C]	R_3 [Ω]	I_3 [A]	V_3 [V]	T_die_3 [°C]
6641.774	nan	27731	1.19450e-04	3.31230	21.4	26813	1.23570e-04	3.31328	21.1	27639	1.19820e-04	3.31172	18.1	27435	1.20710e-04	3.31172	19.1
6642.962	nan	27710	1.19540e-04	3.31230	21.4	26786	1.23690e-04	3.31309	21.1	27650	1.19770e-04	3.31152	18.1	27409	1.20820e-04	3.31152	19.1
6644.151	nan	27748	1.19380e-04	3.31270	21.4	26770	1.23770e-04	3.31328	21.1	27642	1.19810e-04	3.31191	18.1	27427	1.20750e-04	3.31172	19.1
6645.339	nan	27743	1.19400e-04	3.31250	21.4	26768	1.23790e-04	3.31367	21.1	27636	1.19840e-04	3.31191	18.1	27448	1.20670e-04	3.31211	19.1
6646.527	nan	27724	1.19470e-04	3.31230	21.4	26761	1.23820e-04	3.31348	21.1	27620	1.19910e-04	3.31191	18.1	27440	1.20700e-04	3.31191	19.1
6647.715	nan	27783	1.19210e-04	3.31211	21.4	26823	1.23520e-04	3.31309	21.1	27652	1.19760e-04	3.31172	18.2	27463	1.20590e-04	3.31172	19.1
6648.904	nan	27815	1.19080e-04	3.31230	21.4	26852	1.23380e-04	3.31309	21.1	27721	1.19460e-04	3.31152	18.2	27534	1.20280e-04	3.31172	19.1
6650.092	nan	27874	1.18840e-04	3.31250	21.4	26915	1.23100e-04	3.31328	21.1	27721	1.19460e-04	3.31172	18.2	27543	1.20230e-04	3.31152	19.1
6651.280	nan	27851	1.18930e-04	3.31230	21.4	27017	1.22640e-04	3.31328	21.1	27740	1.19390e-04	3.31191	18.1	27480	1.20520e-04	3.31191	19.1
6652.468	nan	27858	1.18910e-04	3.31250	21.4	26972	1.22830e-04	3.31309	21.1	27751	1.19340e-04	3.31172	18.1	27471	1.20550e-04	3.31172	19.1
6653.657	nan	27910	1.18680e-04	3.31230	21.4	26984	1.22800e-04	3.31348	21.1	27768	1.19270e-04	3.31191	18.2	27509	1.20390e-04	3.31191	19.1
6654.845	nan	27839	1.18980e-04	3.31230	21.4	27000	1.22710e-04	3.31309	21.1	27776	1.19230e-04	3.31172	18.2	27488	1.20480e-04	3.31172	19.1
6656.033	nan	27841	1.18970e-04	3.31230	21.4	26977	1.22820e-04	3.31328	21.1	27762	1.19290e-04	3.31172	18.2	27476	1.20530e-04	3.31172	19.1
6657.221	nan	27877	1.18820e-04	3.31250	21.4	27003	1.22690e-04	3.31309	21.1	27789	1.19170e-04	3.31172	18.2	27510	1.20380e-04	3.31152	19.1
6658.410	nan	27869	1.18850e-04	3.31230	21.4	26954	1.22920e-04	3.31328	21.1	27761	1.19300e-04	3.31191	18.2	27510	1.20380e-04	3.31152	19.1
6659.598	nan	27861	1.18880e-04	3.31211	21.4	26973	1.22840e-04	3.31328	21.1	27765	1.19280e-04	3.31172	18.2	27484	1.20500e-04	3.31191	19.1
6660.786	nan	27902	1.18710e-04	3.31230	21.4	26938	1.23000e-04	3.31328	21.1	27679	1.19650e-04	3.31172	18.2	27505	1.20400e-04	3.31152	19.1
6661.974	nan	27882	1.18790e-04	3.31211	21.4	26927	1.23040e-04	3.31309	21.1	27698	1.19570e-04	3.31172	18.2	27501	1.20430e-04	3.31191	19.1
6663.162	nan	27911	1.18670e-04	3.31230	21.4	26899	1.23170e-04	3.31328	21.1	27712	1.19500e-04	3.31152	18.2	27516	1.20360e-04	3.31172	19.1
6664.351	nan	27894	1.18740e-04	3.31211	21.4	26917	1.23080e-04	3.31289	21.1	27674	1.19660e-04	3.31152	18.2	27511	1.20360e-04	3.31133	19.1
6665.539	nan	27920	1.18640e-04	3.31230	21.4	26888	1.23230e-04	3.31348	21.1	27691	1.19590e-04	3.31172	18.2	27485	1.20490e-04	3.31172	19.1
6666.728	nan	27938	1.18540e-04	3.31191	21.4	26848	1.23400e-04	3.31309	21.1	27644	1.19800e-04	3.31172	18.2	27503	1.20410e-04	3.31152	19.1
6667.915	nan	27909	1.18670e-04	3.31191	21.4	26837	1.23440e-04	3.31270	21.1	27664	1.19700e-04	3.31133	18.2	27475	1.20510e-04	3.31113	19.1
6669.104	nan	27981	1.18360e-04	3.31191	21.3	26816	1.23550e-04	3.31309	21.1	27648	1.19770e-04	3.31133	18.2	27483	1.20490e-04	3.31133	19.1
6670.292	nan	27889	1.18740e-04	3.31152	21.3	26737	1.23900e-04	3.31270	21.1	27620	1.19890e-04	3.31133	18.2	27530	1.20280e-04	3.31133	19.1
6671.480	nan	27964	1.18450e-04	3.31230	21.3	26752	1.23820e-04	3.31230	21.1	27625	1.19850e-04	3.31094	18.2	27473	1.20510e-04	3.31074	19.1
6672.668	nan	27985	1.18380e-04	3.31270	21.3	26747	1.23900e-04	3.31406	21.1	27601	1.19990e-04	3.31191	18.2	27468	1.20590e-04	3.31250	19.1
6673.857	nan	28047	1.18090e-04	3.31191	21.3	26732	1.23940e-04	3.31328	21.1	27577	1.20100e-04	3.31191	18.2	27482	1.20510e-04	3.31172	19.1
6675.045	nan	28016	1.18200e-04	3.31152	21.3	26713	1.24020e-04	3.31289	21.1	27523	1.20320e-04	3.31152	18.2	27440	1.20670e-04	3.31133	19.1
6676.233	nan	28032	1.18160e-04	3.31211	21.3	26649	1.24290e-04	3.31230	21.1	27589	1.20010e-04	3.31094	18.3	27464	1.20560e-04	3.31094	19.1
6677.422	nan	28065	1.18010e-04	3.31211	21.3	26679	1.24190e-04	3.31328	21.2	27563	1.20150e-04	3.31172	18.3	27475	1.20540e-04	3.31172	19.1
6678.610	nan	28093	1.17880e-04	3.31172	21.3	26644	1.24340e-04	3.31289	21.2	27585	1.20040e-04	3.31133	18.3	27424	1.20740e-04	3.31133	19.1
6679.798	nan	28076	1.17960e-04	3.31191	21.3	26646	1.24330e-04	3.31289	21.2	27559	1.20150e-04	3.31113	18.3	27492	1.20450e-04	3.31133	19.1
6680.986	nan	28085	1.17910e-04	3.31152	21.3	26598	1.24540e-04	3.31250	21.2	27541	1.20240e-04	3.31152	18.3	27446	1.20640e-04	3.31113	19.1
6682.174	nan	28053	1.18030e-04	3.31113	21.3	26617	1.24450e-04	3.31250	21.2	27525	1.20280e-04	3.31074	18.3	27455	1.20600e-04	3.31113	19.1
6683.363	nan	28115	1.17790e-04	3.31172	21.3	26567	1.24680e-04	3.31230	21.2	27498	1.20400e-04	3.31074	18.3	27428	1.20720e-04	3.31094	19.1
6684.551	nan	28078	1.17960e-04	3.31211	21.3	26572	1.24680e-04	3.31289	21.2	27492	1.20450e-04	3.31133	18.3	27408	1.20820e-04	3.31133	19.1
6685.740	nan	28122	1.17780e-04	3.31230	21.3	26573	1.24670e-04	3.31270	21.2	27453	1.20620e-04	3.31152	18.3	27400	1.20850e-04	3.31133	19.1
6686.927	nan	28174	1.17550e-04	3.31172	21.3	26550	1.24800e-04	3.31348	21.2	27422	1.20770e-04	3.31172	18.3	27386	1.20920e-04	3.31152	19.2
6688.116	nan	28159	1.17620e-04	3.31211	21.3	26554	1.24760e-04	3.31289	21.3	27415	1.20780e-04	3.31113	18.3	27388	1.20900e-04	3.31113	19.2
6689.304	nan	28253	1.17220e-04	3.31172	21.3	26546	1.24790e-04	3.31270	21.3	27391	1.20890e-04	3.31113	18.3	27403	1.20830e-04	3.31113	19.2
6690.492	nan	28244	1.17250e-04	3.31152	21.2	26538	1.24810e-04	3.31211	21.3	27402	1.20840e-04	3.31113	18.3	27410	1.20780e-04	3.31055	19.2
6691.681	nan	28251	1.17210e-04	3.31133	21.2	26592	1.24570e-04	3.31250	21.3	27420	1.20740e-04	3.31074	18.3	27418	1.20750e-04	3.31074	19.2
6692.869	nan	28264	1.17160e-04	3.31133	21.2	26539	1.24830e-04	3.31289	21.3	27413	1.20770e-04	3.31074	18.3	27419	1.20770e-04	3.31133	19.2
6694.057	nan	28258	1.17190e-04	3.31172	21.2	26544	1.24790e-04	3.31250	21.3	27436	1.20690e-04	3.31113	18.3	27415	1.20770e-04	3.31094	19.2
6695.246	nan	28279	1.17070e-04	3.31074	21.2	26558	1.24710e-04	3.31211	21.3	27412	1.20780e-04	3.31094	18.3	27431	1.20680e-04	3.31035	19.2
6696.434	nan	28314	1.16980e-04	3.31211	21.2	26566	1.24680e-04	3.31230	21.3	27430	1.20690e-04	3.31055	18.3	27435	1.20680e-04	3.31094	19.2
6697.622	nan	28316	1.16940e-04	3.31133	21.2	26560	1.24710e-04	3.31230	21.3	27457	1.20600e-04	3.31133	18.3	27398	1.20840e-04	3.31074	19.2
6698.810	nan	28299	1.17010e-04	3.31133	21.2	26555	1.24740e-04	3.31250	21.4	27388	1.20880e-04	3.31074	18.3	27434	1.20690e-04	3.31094	19.2
6699.999	nan	28338	1.16840e-04	3.31094	21.2	26563	1.24690e-04	3.31211	21.4	27445	1.20630e-04	3.31074	18.3	27403	1.20820e-04	3.31074	19.2
6701.187	nan	28366	1.16740e-04	3.31133	21.2	26572	1.24640e-04	3.31191	21.4	27398	1.20830e-04	3.31035	18.4	27410	1.20770e-04	3.31035	19.2
6702.375	nan	28333	1.16860e-04	3.31094	21.2	26549	1.24740e-04	3.31172	21.4	27400	1.20820e-04	3.31055	18.4	27436	1.20650e-04	3.31016	19.2
6703.563	nan	28366	1.16740e-04	3.31133	21.2	26576	1.24630e-04	3.31211	21.4	27376	1.20930e-04	3.31055	18.4	27422	1.20730e-04	3.31055	19.2
6704.751	nan	28372	1.16710e-04	3.31113	21.2	26571	1.24660e-04	3.31230	21.4	27405	1.20800e-04	3.31055	18.4	27433	1.20690e-04	3.31074	19.2
6705.940	nan	28391	1.16630e-04	3.31133	21.2	26583	1.24590e-04	3.31191	21.4	27384	1.20900e-04	3.31055	18.4	27411	1.20770e-04	3.31035	19.2
6707.128	nan	28418	1.16510e-04	3.31094	21.2	26623	1.24420e-04	3.31250	21.4	27372	1.20950e-04	3.31074	18.4	27459	1.20580e-04	3.31113	19.2
6708.316	nan	28391	1.16640e-04	3.31172	21.2	26597	1.24510e-04	3.31152	21.4	27376	1.20910e-04	3.31016	18.4	27424	1.20700e-04	3.31016	19.2
6709.505	nan	28425	1.16490e-04	3.31133	21.2	26618	1.24450e-04	3.31250	21.4	27363	1.21010e-04	3.31113	18.4	27463	1.20570e-04	3.31113	19.2
6710.693	nan	28434	1.16440e-04	3.31094	21.2	26606	1.24470e-04	3.31172	21.4	27374	1.20930e-04	3.31035	18.4	27463	1.20540e-04	3.31035	19.2
6711.881	nan	28443	1.16410e-04	3.31094	21.2	26618	1.24440e-04	3.31230	21.5	27396	1.20840e-04	3.31055	18.4	27449	1.20610e-04	3.31074	19.2
6713.070	nan	28451	1.16360e-04	3.31055	21.1	26613	1.24440e-04	3.31172	21.5	27395	1.20840e-04	3.31055	18.4	27454	1.20570e-04	3.31016	19.2
6714.258	nan	28436	1.16450e-04	3.31133	21.1	26632	1.24340e-04	3.31152	21.5	27367	1.20950e-04	3.30996	18.4	27474	1.20480e-04	3.31016	19.2
6715.446	nan	28449	1.16400e-04	3.31133	21.1	26627	1.24410e-04	3.31250	21.5	27411	1.20780e-04	3.31074	18.4	27476	1.20490e-04	3.31055	19.2
6716.634	nan	28471	1.16290e-04	3.31074	21.1	26641	1.24330e-04	3.31211	21.5	27361	1.21000e-04	3.31055	18.4	27514	1.20320e-04	3.31055	19.2
6717.822	nan	28472	1.16300e-04	3.31133	21.1	26625	1.24380e-04	3.31152	21.5	27380	1.20900e-04	3.31035	18.4	27460	1.20540e-04	3.31016	19.2
6719.011	nan	28492	1.16210e-04	3.31113	21.1	26628	1.24400e-04	3.31250	21.5	27390	1.20880e-04	3.31074	18.4	27457	1.20590e-04	3.31113	19.1
6720.199	nan	28491	1.16220e-04	3.31113	21.1	26669	1.24180e-04	3.31172	21.5	27397	1.20830e-04	3.31035	18.3	27479	1.20460e-04	3.31016	19.1
6721.387	nan	28470	1.16300e-04	3.31094	21.1	26706	1.24020e-04	3.31211	21.5	27418	1.20750e-04	3.31074	18.3	27438	1.20660e-04	3.31055	19.1
6722.576	nan	28509	1.16140e-04	3.31113	21.1	26691	1.24080e-04	3.31191	21.5	27392	1.20840e-04	3.31016	18.3	27499	1.20390e-04	3.31055	19.1
6723.764	nan	28476	1.16270e-04	3.31094	21.1	26661	1.24210e-04	3.31152	21.5	27380	1.20910e-04	3.31055	18.3	27504	1.20350e-04	3.31016	19.1
6724.952	nan	28515	1.16120e-04	3.31113	21.1	26723	1.23950e-04	3.31230	21.5	27366	1.20970e-04	3.31055	18.3	27482	1.20460e-04	3.31055	19.1
6726.140	nan	28539	1.15990e-04	3.31016	21.1	26702	1.24030e-04	3.31191	21.5	27403	1.20810e-04	3.31055	18.3	27501	1.20370e-04	3.31035	19.1
6727.328	nan	28528	1.16080e-04	3.31152	21.1	26704	1.24000e-04	3.31133	21.6	27412	1.20750e-04	3.30996	18.3	27461	1.20530e-04	3.30977	19.1
6728.517	nan	28533	1.16030e-04	3.31074	21.0	26691	1.24090e-04	3.31211	21.6	27409	1.20780e-04	3.31055	18.3	27485	1.20450e-04	3.31055	19.1
6729.705	nan	28521	1.16090e-04	3.31113	21.0	26767	1.23740e-04	3.31211	21.6	27450	1.20600e-04	3.31035	18.3	27444	1.20630e-04	3.31055	19.1
6730.893	nan	28544	1.16010e-04	3.31133	21.0	26716	1.23990e-04	3.31250	21.6	27423	1.20740e-04	3.31094	18.3	27486	1.20450e-04	3.31074	19.1
6732.082	nan	28538	1.16010e-04	3.31074	21.0	26716	1.23950e-04	3.31133	21.6	27425	1.20710e-04	3.31055	18.3	27465	1.20510e-04	3.30977	19.1
6733.270	nan	28547	1.15980e-04	3.31094	21.0	26732	1.23890e-04	3.31191	21.6	27447	1.20600e-04	3.31016	18.3	27477	1.20480e-04	3.31035	19.1
6734.458	nan	28543	1.16000e-04	3.31094	21.0	26772	1.23700e-04	3.31172	21.6	27409	1.20780e-04	3.31055	18.3	27492	1.20410e-04	3.31035	19.1
6735.646	nan	28554	1.15960e-04	3.31113	21.0	26738	1.23860e-04	3.31191	21.6	27418	1.20740e-04	3.31035	18.3	27500	1.20380e-04	3.31035	19.1
6736.835	nan	28523	1.16070e-04	3.31074	21.0	26754	1.23790e-04	3.31191	21.6	27414	1.20760e-04	3.31055	18.3	27497	1.20390e-04	3.31035	19.1
6738.023	nan	28560	1.15940e-04	3.31113	21.0	26743	1.23860e-04	3.31250	21.6	27398	1.20830e-04	3.31055	18.3	27487	1.20450e-04	3.31094	19.1
6739.211	nan	28554	1.15950e-04	3.31074	21.0	26777	1.23670e-04	3.31152	21.6	27407	1.20780e-04	3.31035	18.3	27488	1.20420e-04	3.30996	19.1
6740.399	nan	28571	1.15880e-04	3.31074	21.0	26759	1.23770e-04	3.31211	21.6	27429	1.20690e-04	3.31035	18.3	27502	1.20370e-04	3.31055	19.1
6741.588	nan	28565	1.15920e-04	3.31113	20.9	26784	1.23620e-04	3.31113	21.6	27433	1.20660e-04	3.31016	18.3	27480	1.20430e-04	3.30957	19.1
6742.776	nan	28566	1.15920e-04	3.31133	20.9	26787	1.23650e-04	3.31230	21.6	27417	1.20760e-04	3.31074	18.3	27491	1.20440e-04	3.31094	19.1
6743.964	nan	28550	1.15960e-04	3.31055	20.9	26804	1.23570e-04	3.31211	21.6	27427	1.20700e-04	3.31055	18.3	27492	1.20420e-04	3.31055	19.1
6745.152	nan	28583	1.15850e-04	3.31133	20.9	26809	1.23530e-04	3.31172	21.6	27455	1.20570e-04	3.31016	18.3	27497	1.20390e-04	3.31035	19.1
6746.340	nan	28575	1.15870e-04	3.31113	20.9	26817	1.23520e-04	3.31250	21.6	27428	1.20710e-04	3.31094	18.3	27471	1.20520e-04	3.31094	19.1
6747.529	nan	28586	1.15830e-04	3.31113	20.9	26783	1.23650e-04	3.31172	21.6	27418	1.20740e-04	3.31055	18.3	27499	1.20370e-04	3.30996	19.1
6748.717	nan	28615	1.15710e-04	3.31094	20.9	26815	1.23520e-04	3.31211	21.6	27413	1.20770e-04	3.31074	18.3	27513	1.20330e-04	3.31074	19.1
6749.905	nan	28606	1.15770e-04	3.31172	20.9	26820	1.23500e-04	3.31211	21.6	27435	1.20660e-04	3.31035	18.3	27503	1.20370e-04	3.31055	19.1
6751.094	nan	28588	1.15820e-04	3.31113	20.9	26839	1.23420e-04	3.31230	21.6	27415	1.20770e-04	3.31094	18.3	27498	1.20400e-04	3.31074	19.1
6752.282	nan	28594	1.15790e-04	3.31094	20.9	26869	1.23270e-04	3.31211	21.6	27452	1.20590e-04	3.31035	18.3	27499	1.20390e-04	3.31055	19.1
6753.470	nan	28588	1.15800e-04	3.31055	20.9	26870	1.23260e-04	3.31211	21.6	27423	1.20710e-04	3.31035	18.3	27485	1.20450e-04	3.31055	19.1
6754.658	nan	28605	1.15760e-04	3.31133	20.9	26855	1.23300e-04	3.31133	21.6	27436	1.20650e-04	3.31016	18.3	27492	1.20400e-04	3.30996	19.1
6755.847	nan	28636	1.15630e-04	3.31113	20.8	26842	1.23400e-04	3.31230	21.6	27378	1.20930e-04	3.31094	18.3	27489	1.20450e-04	3.31094	19.1
6757.035	nan	28595	1.15800e-04	3.31133	20.8	26829	1.23450e-04	3.31211	21.6	27439	1.20650e-04	3.31055	18.3	27495	1.20400e-04	3.31035	19.1
6758.223	nan	28614	1.15710e-04	3.31094	20.8	26834	1.23440e-04	3.31250	21.6	27448	1.20620e-04	3.31074	18.3	27500	1.20410e-04	3.31113	19.1
6759.411	nan	28632	1.15660e-04	3.31152	20.8	26859	1.23300e-04	3.31172	21.6	27473	1.20490e-04	3.31016	18.3	27499	1.20370e-04	3.31016	19.1
6760.600	nan	28616	1.15720e-04	3.31133	20.8	26881	1.23230e-04	3.31250	21.6	27449	1.20630e-04	3.31113	18.3	27461	1.20580e-04	3.31113	19.1
6761.788	nan	28631	1.15630e-04	3.31055	20.8	26872	1.23230e-04	3.31152	21.6	27470	1.20510e-04	3.31055	18.3	27479	1.20460e-04	3.31016	19.1
6762.976	nan	28639	1.15600e-04	3.31074	20.8	26884	1.23190e-04	3.31172	21.6	27462	1.20540e-04	3.31035	18.3	27472	1.20490e-04	3.31016	19.1
6764.164	nan	28592	1.15810e-04	3.31113	20.8	26871	1.23270e-04	3.31230	21.6	27446	1.20620e-04	3.31035	18.3	27517	1.20310e-04	3.31074	19.1
6765.352	nan	28636	1.15620e-04	3.31094	20.8	26899	1.23140e-04	3.31230	21.6	27440	1.20650e-04	3.31074	18.3	27500	1.20380e-04	3.31055	19.1
6766.541	nan	28621	1.15690e-04	3.31113	20.8	26874	1.23230e-04	3.31172	21.6	27470	1.20520e-04	3.31055	18.3	27500	1.20370e-04	3.31016	19.1
6767.729	nan	28646	1.15600e-04	3.31152	20.8	26876	1.23250e-04	3.31230	21.6	27455	1.20570e-04	3.31035	18.2	27496	1.20410e-04	3.31074	19.1
6768.917	nan	28588	1.15790e-04	3.31016	20.8	26879	1.23200e-04	3.31152	21.6	27449	1.20620e-04	3.31074	18.2	27539	1.20190e-04	3.30996	19.1
6770.106	nan	28656	1.15550e-04	3.31113	20.8	26907	1.23080e-04	3.31172	21.6	27429	1.20660e-04	3.30957	18.2	27516	1.20300e-04	3.31016	19.1
6771.294	nan	28606	1.15750e-04	3.31113	20.8	26935	1.22970e-04	3.31211	21.6	27387	1.20880e-04	3.31055	18.2	27492	1.20420e-04	3.31055	19.1
6772.482	nan	28641	1.15620e-04	3.31133	20.8	26890	1.23170e-04	3.31211	21.6	27447	1.20620e-04	3.31074	18.2	27503	1.20370e-04	3.31055	19.1
6773.670	nan	28625	1.15650e-04	3.31055	20.8	26899	1.23110e-04	3.31172	21.6	27461	1.20560e-04	3.31055	18.2	27493	1.20410e-04	3.31035	19.1
6774.858	nan	28594	1.15780e-04	3.31074	20.7	26883	1.23190e-04	3.31172	21.6	27461	1.20530e-04	3.30996	18.2	27520	1.20290e-04	3.31035	19.1
6776.047	nan	28625	1.15640e-04	3.31035	20.7	26902	1.23100e-04	3.31152	21.6	27435	1.20650e-04	3.31016	18.2	27499	1.20370e-04	3.30996	19.1
6777.235	nan	28630	1.15630e-04	3.31055	20.7	26936	1.22950e-04	3.31172	21.6	27439	1.20640e-04	3.31016	18.2	27545	1.20180e-04	3.31035	19.1
6778.423	nan	28650	1.15580e-04	3.31133	20.7	26914	1.23030e-04	3.31133	21.6	27466	1.20520e-04	3.31016	18.2	27487	1.20410e-04	3.30977	19.1
6779.611	nan	28615	1.15710e-04	3.31094	20.7	26928	1.23000e-04	3.31211	21.6	27448	1.20610e-04	3.31055	18.2	27485	1.20450e-04	3.31055	19.1
6780.800	nan	28627	1.15640e-04	3.31035	20.7	26950	1.22890e-04	3.31191	21.6	27429	1.20690e-04	3.31035	18.2	27540	1.20200e-04	3.31035	19.1
6781.988	nan	28655	1.15540e-04	3.31074	20.7	26916	1.23020e-04	3.31113	21.6	27480	1.20440e-04	3.30977	18.2	27522	1.20250e-04	3.30957	19.1
6783.176	nan	28627	1.15660e-04	3.31094	20.7	26942	1.22940e-04	3.31230	21.6	27467	1.20520e-04	3.31035	18.2	27502	1.20390e-04	3.31094	19.1
6784.365	nan	28615	1.15720e-04	3.31133	20.7	26952	1.22880e-04	3.31191	21.6	27457	1.20560e-04	3.31035	18.2	27524	1.20270e-04	3.31035	19.1
6785.553	nan	28639	1.15600e-04	3.31055	20.7	26958	1.22850e-04	3.31172	21.6	27459	1.20570e-04	3.31074	18.2	27556	1.20120e-04	3.31016	19.1
6786.741	nan	28606	1.15750e-04	3.31113	20.7	26926	1.23000e-04	3.31191	21.6	27442	1.20620e-04	3.30996	18.2	27534	1.20240e-04	3.31055	19.1
6787.929	nan	28675	1.15490e-04	3.31152	20.7	26969	1.22790e-04	3.31152	21.6	27505	1.20350e-04	3.31035	18.2	27508	1.20330e-04	3.31016	19.1
6789.118	nan	28609	1.15730e-04	3.31094	20.7	26953	1.22910e-04	3.31270	21.6	27499	1.20390e-04	3.31074	18.2	27517	1.20330e-04	3.31113	19.1
6790.306	nan	28651	1.15560e-04	3.31074	20.7	26926	1.22980e-04	3.31152	21.6	27437	1.20650e-04	3.31035	18.2	27515	1.20290e-04	3.30996	19.1
6791.494	nan	28650	1.15570e-04	3.31113	20.7	26981	1.22760e-04	3.31230	21.6	27480	1.20470e-04	3.31055	18.2	27522	1.20290e-04	3.31074	19.1
6792.682	nan	28635	1.15640e-04	3.31133	20.7	26977	1.22770e-04	3.31191	21.6	27460	1.20550e-04	3.31016	18.2	27496	1.20390e-04	3.31035	19.1
6793.870	nan	28612	1.15710e-04	3.31074	20.7	26952	1.22860e-04	3.31133	21.6	27459	1.20570e-04	3.31074	18.2	27530	1.20220e-04	3.30977	19.1
6795.058	nan	28641	1.15610e-04	3.31133	20.6	26972	1.22810e-04	3.31250	21.6	27451	1.20590e-04	3.31035	18.2	27516	1.20340e-04	3.31113	19.1
6796.247	nan	28648	1.15590e-04	3.31133	20.6	26971	1.22790e-04	3.31172	21.6	27464	1.20530e-04	3.31035	18.2	27566	1.20080e-04	3.31016	19.1
6797.435	nan	28646	1.15560e-04	3.31035	20.6	26945	1.22900e-04	3.31152	21.6	27448	1.20600e-04	3.31035	18.2	27523	1.20260e-04	3.30996	19.1
6798.624	nan	28605	1.15750e-04	3.31094	20.6	26953	1.22850e-04	3.31113	21.6	27467	1.20500e-04	3.30977	18.2	27496	1.20370e-04	3.30957	19.1
6799.812	nan	28640	1.15610e-04	3.31094	20.6	26983	1.22760e-04	3.31230	21.6	27460	1.20550e-04	3.31035	18.2	27521	1.20300e-04	3.31074	19.1
6801.000	nan	28645	1.15600e-04	3.31133	20.6	26968	1.22810e-04	3.31191	21.6	27480	1.20460e-04	3.31035	18.2	27543	1.20200e-04	3.31055	19.1
6802.188	nan	28634	1.15620e-04	3.31074	20.6	26956	1.22870e-04	3.31191	21.6	27483	1.20470e-04	3.31074	18.2	27528	1.20260e-04	3.31035	19.1
6803.376	nan	28641	1.15620e-04	3.31152	20.6	26968	1.22820e-04	3.31211	21.6	27469	1.20510e-04	3.31035	18.2	27556	1.20140e-04	3.31055	19.1
6804.565	nan	28641	1.15630e-04	3.31172	20.6	26970	1.22820e-04	3.31250	21.6	27495	1.20410e-04	3.31074	18.2	27535	1.20240e-04	3.31094	19.1
6805.753	nan	28691	1.15390e-04	3.31055	20.6	26973	1.22790e-04	3.31191	21.6	27521	1.20310e-04	3.31113	18.2	27486	1.20440e-04	3.31035	19.1
6806.941	nan	28653	1.15580e-04	3.31172	20.6	26960	1.22850e-04	3.31211	21.6	27527	1.20250e-04	3.30996	18.2	27540	1.20210e-04	3.31055	19.1
6808.130	nan	28666	1.15510e-04	3.31133	20.6	26978	1.22780e-04	3.31230	21.6	27474	1.20520e-04	3.31113	18.2	27519	1.20310e-04	3.31094	19.1
6809.318	nan	28667	1.15510e-04	3.31133	20.6	26981	1.22770e-04	3.31250	21.6	27489	1.20440e-04	3.31094	18.2	27531	1.20270e-04	3.31113	19.1
6810.506	nan	28651	1.15550e-04	3.31055	20.6	26970	1.22780e-04	3.31133	21.6	27486	1.20450e-04	3.31074	18.2	27552	1.20130e-04	3.30996	19.1
6811.694	nan	28643	1.15600e-04	3.31113	20.6	27007	1.22630e-04	3.31191	21.6	27500	1.20360e-04	3.30996	18.2	27505	1.20360e-04	3.31035	19.1
6812.882	nan	28685	1.15430e-04	3.31113	20.6	26957	1.22870e-04	3.31211	21.6	27481	1.20470e-04	3.31055	18.2	27509	1.20350e-04	3.31055	19.1
6814.071	nan	28666	1.15490e-04	3.31055	20.6	26973	1.22780e-04	3.31172	21.6	27469	1.20520e-04	3.31055	18.2	27525	1.20270e-04	3.31035	19.1
6815.259	nan	28676	1.15470e-04	3.31113	20.6	26968	1.22810e-04	3.31191	21.6	27474	1.20480e-04	3.31016	18.2	27535	1.20210e-04	3.31016	19.1
6816.447	nan	28676	1.15480e-04	3.31133	20.6	27007	1.22630e-04	3.31191	21.6	27462	1.20550e-04	3.31055	18.2	27534	1.20230e-04	3.31035	19.1
6817.636	nan	28660	1.15520e-04	3.31094	20.6	26990	1.22730e-04	3.31250	21.6	27508	1.20350e-04	3.31074	18.2	27542	1.20210e-04	3.31094	19.1
6818.824	nan	28659	1.15530e-04	3.31113	20.6	26989	1.22710e-04	3.31172	21.6	27473	1.20490e-04	3.31035	18.2	27533	1.20220e-04	3.31016	19.1
6820.012	nan	28673	1.15490e-04	3.31133	20.6	26972	1.22800e-04	3.31211	21.6	27511	1.20330e-04	3.31055	18.2	27528	1.20280e-04	3.31094	19.1
6821.200	nan	28648	1.15590e-04	3.31133	20.6	26987	1.22740e-04	3.31230	21.6	27490	1.20430e-04	3.31074	18.2	27531	1.20260e-04	3.31074	19.1
6822.389	nan	28642	1.15590e-04	3.31074	20.6	26990	1.22720e-04	3.31211	21.6	27514	1.20330e-04	3.31074	18.2	27539	1.20210e-04	3.31055	19.1
6823.577	nan	28718	1.15310e-04	3.31133	20.6	27027	1.22520e-04	3.31152	21.6	27529	1.20240e-04	3.31016	18.2	27540	1.20190e-04	3.30996	19.1
6824.765	nan	28661	1.15510e-04	3.31074	20.6	26997	1.22660e-04	3.31152	21.6	27474	1.20500e-04	3.31055	18.2	27502	1.20350e-04	3.30996	19.1
6825.953	nan	28713	1.15310e-04	3.31094	20.6	27010	1.22620e-04	3.31191	21.6	27518	1.20290e-04	3.31016	18.2	27506	1.20350e-04	3.31035	19.1
6827.142	nan	28683	1.15430e-04	3.31074	20.6	27018	1.22570e-04	3.31172	21.6	27525	1.20280e-04	3.31055	18.2	27552	1.20140e-04	3.31016	19.1
6828.330	nan	28682	1.15440e-04	3.31094	20.6	26991	1.22710e-04	3.31211	21.6	27474	1.20490e-04	3.31035	18.2	27539	1.20210e-04	3.31055	19.1
6829.518	nan	28693	1.15410e-04	3.31133	20.6	27014	1.22610e-04	3.31211	21.6	27506	1.20340e-04	3.31016	18.2	27531	1.20240e-04	3.31035	19.1
6830.706	nan	28700	1.15360e-04	3.31074	20.6	27003	1.22620e-04	3.31113	21.6	27493	1.20420e-04	3.31074	18.2	27549	1.20140e-04	3.30977	19.1
6831.895	nan	28683	1.15440e-04	3.31133	20.6	27001	1.22680e-04	3.31250	21.6	27488	1.20430e-04	3.31035	18.2	27499	1.20400e-04	3.31094	19.1
6833.083	nan	28653	1.15560e-04	3.31113	20.6	26971	1.22800e-04	3.31191	21.6	27494	1.20410e-04	3.31074	18.2	27503	1.20370e-04	3.31055	19.1
6834.271	nan	28657	1.15530e-04	3.31074	20.6	26975	1.22780e-04	3.31191	21.6	27472	1.20500e-04	3.31035	18.2	27520	1.20280e-04	3.31016	19.1
6835.459	nan	28655	1.15520e-04	3.31016	20.6	27004	1.22610e-04	3.31094	21.6	27492	1.20400e-04	3.30996	18.2	27534	1.20190e-04	3.30938	19.1
6836.647	nan	28672	1.15470e-04	3.31074	20.6	27006	1.22630e-04	3.31172	21.6	27514	1.20290e-04	3.30977	18.2	27544	1.20180e-04	3.31035	19.1
6837.836	nan	28668	1.15500e-04	3.31113	20.6	26988	1.22720e-04	3.31191	21.6	27503	1.20360e-04	3.31035	18.2	27521	1.20290e-04	3.31035	19.1
6839.024	nan	28680	1.15440e-04	3.31094	20.6	26999	1.22650e-04	3.31133	21.6	27499	1.20390e-04	3.31055	18.2	27592	1.19960e-04	3.30996	19.1
6840.212	nan	28727	1.15280e-04	3.31152	20.6	27023	1.22590e-04	3.31270	21.6	27502	1.20360e-04	3.31016	18.2	27533	1.20260e-04	3.31113	19.1
6841.400	nan	28662	1.15520e-04	3.31113	20.6	27017	1.22590e-04	3.31191	21.6	27507	1.20370e-04	3.31094	18.2	27544	1.20190e-04	3.31055	19.1
6842.589	nan	28678	1.15420e-04	3.30996	20.6	26974	1.22750e-04	3.31113	21.6	27474	1.20500e-04	3.31074	18.2	27588	1.19970e-04	3.30957	19.1
6843.777	nan	28728	1.15280e-04	3.31172	20.6	26989	1.22730e-04	3.31230	21.6	27515	1.20280e-04	3.30957	18.2	27523	1.20290e-04	3.31074	19.1
6844.965	nan	28710	1.15310e-04	3.31055	20.5	27033	1.22510e-04	3.31172	21.6	27478	1.20490e-04	3.31074	18.2	27505	1.20350e-04	3.31016	19.1
6846.153	nan	28689	1.15420e-04	3.31113	20.5	26989	1.22720e-04	3.31211	21.6	27495	1.20400e-04	3.31035	18.2	27551	1.20170e-04	3.31074	19.1
6847.342	nan	28655	1.15520e-04	3.31016	20.5	27012	1.22570e-04	3.31094	21.6	27489	1.20420e-04	3.31035	18.2	27538	1.20180e-04	3.30957	19.1
6848.530	nan	28689	1.15390e-04	3.31055	20.5	27027	1.22540e-04	3.31191	21.6	27491	1.20400e-04	3.30996	18.2	27528	1.20260e-04	3.31055	19.1
6849.718	nan	28669	1.15490e-04	3.31094	20.5	26994	1.22680e-04	3.31152	21.6	27502	1.20360e-04	3.31016	18.2	27554	1.20130e-04	3.31016	19.1
6850.907	nan	28689	1.15400e-04	3.31074	20.5	26999	1.22660e-04	3.31172	21.6	27502	1.20370e-04	3.31035	18.2	27544	1.20170e-04	3.30996	19.1
6852.095	nan	28686	1.15440e-04	3.31152	20.5	27017	1.22590e-04	3.31191	21.6	27494	1.20390e-04	3.30996	18.2	27563	1.20100e-04	3.31035	19.1
6853.283	nan	28676	1.15460e-04	3.31094	20.5	27015	1.22600e-04	3.31191	21.6	27513	1.20330e-04	3.31074	18.2	27523	1.20280e-04	3.31035	19.1
6854.471	nan	28677	1.15450e-04	3.31074	20.5	26983	1.22750e-04	3.31211	21.6	27491	1.20420e-04	3.31055	18.2	27549	1.20180e-04	3.31074	19.1
6855.660	nan	28715	1.15320e-04	3.31133	20.5	27022	1.22560e-04	3.31172	21.6	27533	1.20220e-04	3.30996	18.2	27553	1.20130e-04	3.30996	19.1
6856.848	nan	28684	1.15440e-04	3.31133	20.5	27040	1.22500e-04	3.31230	21.6	27532	1.20250e-04	3.31074	18.2	27528	1.20280e-04	3.31094	19.1
6858.036	nan	28681	1.15430e-04	3.31055	20.5	27007	1.22620e-04	3.31152	21.6	27473	1.20500e-04	3.31055	18.2	27542	1.20190e-04	3.31016	19.1
6859.225	nan	28668	1.15470e-04	3.31016	20.5	27000	1.22650e-04	3.31152	21.6	27538	1.20190e-04	3.30996	18.2	27551	1.20140e-04	3.30996	19.1
6860.413	nan	28672	1.15500e-04	3.31152	20.5	27014	1.22610e-04	3.31211	21.6	27530	1.20220e-04	3.30977	18.2	27563	1.20100e-04	3.31035	19.1
6861.601	nan	28715	1.15290e-04	3.31055	20.5	27013	1.22570e-04	3.31113	21.6	27506	1.20360e-04	3.31055	18.2	27550	1.20140e-04	3.30977	19.1
6862.789	nan	28646	1.15570e-04	3.31074	20.5	27020	1.22580e-04	3.31211	21.6	27518	1.20290e-04	3.31016	18.2	27527	1.20260e-04	3.31035	19.1
6863.977	nan	28701	1.15370e-04	3.31113	20.5	27036	1.22490e-04	3.31172	21.6	27545	1.20170e-04	3.31016	18.2	27530	1.20250e-04	3.31035	19.1
6865.166	nan	28713	1.15310e-04	3.31094	20.5	27008	1.22630e-04	3.31191	21.6	27525	1.20270e-04	3.31055	18.2	27555	1.20140e-04	3.31055	19.1
6866.354	nan	28730	1.15250e-04	3.31113	20.5	26987	1.22730e-04	3.31211	21.6	27502	1.20360e-04	3.31016	18.2	27572	1.20070e-04	3.31055	19.1
6867.542	nan	28700	1.15340e-04	3.31016	20.5	26991	1.22670e-04	3.31113	21.6	27535	1.20230e-04	3.31055	18.2	27555	1.20110e-04	3.30957	19.1
6868.731	nan	28698	1.15390e-04	3.31152	20.5	27031	1.22550e-04	3.31250	21.6	27484	1.20430e-04	3.30996	18.2	27547	1.20200e-04	3.31113	19.1
6869.919	nan	28677	1.15460e-04	3.31113	20.5	26997	1.22670e-04	3.31172	21.6	27488	1.20440e-04	3.31055	18.2	27552	1.20130e-04	3.30996	19.1
6871.107	nan	28684	1.15430e-04	3.31094	20.5	27016	1.22600e-04	3.31211	21.6	27532	1.20240e-04	3.31055	18.2	27563	1.20110e-04	3.31055	19.1
6872.295	nan	28728	1.15240e-04	3.31055	20.5	27006	1.22610e-04	3.31133	21.6	27548	1.20170e-04	3.31055	18.2	27542	1.20170e-04	3.30977	19.1
6873.483	nan	28699	1.15350e-04	3.31035	20.5	26969	1.22790e-04	3.31152	21.6	27516	1.20290e-04	3.30996	18.2	27553	1.20130e-04	3.30996	19.1
6874.672	nan	28699	1.15360e-04	3.31074	20.5	27016	1.22580e-04	3.31172	21.6	27541	1.20180e-04	3.30996	18.2	27579	1.20020e-04	3.31016	19.1
6875.860	nan	28714	1.15290e-04	3.31035	20.5	27015	1.22570e-04	3.31113	21.6	27558	1.20110e-04	3.31016	18.2	27513	1.20300e-04	3.30977	19.1
6877.048	nan	28722	1.15300e-04	3.31172	20.5	27019	1.22600e-04	3.31250	21.6	27538	1.20180e-04	3.30957	18.2	27537	1.20230e-04	3.31074	19.1
6878.236	nan	28722	1.15280e-04	3.31113	20.5	26995	1.22690e-04	3.31191	21.6	27550	1.20180e-04	3.31094	18.2	27543	1.20190e-04	3.31035	19.1
6879.425	nan	28703	1.15320e-04	3.31016	20.5	27033	1.22490e-04	3.31133	21.6	27526	1.20270e-04	3.31055	18.2	27565	1.20070e-04	3.30977	19.1
6880.613	nan	28702	1.15370e-04	3.31133	20.5	26971	1.22800e-04	3.31191	21.6	27507	1.20320e-04	3.30957	18.2	27586	1.20000e-04	3.31035	19.1
6881.801	nan	28757	1.15130e-04	3.31094	20.5	27017	1.22590e-04	3.31211	21.6	27479	1.20480e-04	3.31074	18.2	27570	1.20080e-04	3.31055	19.1
6882.990	nan	28748	1.15190e-04	3.31152	20.5	26994	1.22700e-04	3.31211	21.6	27507	1.20350e-04	3.31035	18.2	27540	1.20210e-04	3.31074	19.1
6884.178	nan	28714	1.15290e-04	3.31055	20.5	27049	1.22430e-04	3.31172	21.6	27493	1.20420e-04	3.31074	18.2	27591	1.19970e-04	3.31016	19.1
6885.366	nan	28725	1.15260e-04	3.31094	20.5	27028	1.22530e-04	3.31172	21.6	27447	1.20590e-04	3.30977	18.2	27567	1.20080e-04	3.31016	19.1
6886.554	nan	28678	1.15420e-04	3.31016	20.5	27029	1.22510e-04	3.31133	21.6	27501	1.20370e-04	3.31035	18.2	27529	1.20240e-04	3.31016	19.1
6887.743	nan	28755	1.15130e-04	3.31055	20.5	27008	1.22600e-04	3.31133	21.6	27486	1.20420e-04	3.30977	18.2	27552	1.20130e-04	3.30996	19.1
6888.931	nan	28709	1.15320e-04	3.31074	20.5	27001	1.22640e-04	3.31133	21.6	27517	1.20280e-04	3.30977	18.2	27547	1.20140e-04	3.30957	19.1
6890.119	nan	28713	1.15300e-04	3.31074	20.5	27015	1.22580e-04	3.31152	21.6	27516	1.20310e-04	3.31035	18.2	27565	1.20090e-04	3.31016	19.1
6891.308	nan	28707	1.15340e-04	3.31094	20.5	27012	1.22630e-04	3.31250	21.6	27542	1.20180e-04	3.31016	18.2	27571	1.20090e-04	3.31094	19.1
6892.495	nan	28705	1.15320e-04	3.31035	20.5	26993	1.22660e-04	3.31094	21.6	27526	1.20260e-04	3.31035	18.2	27523	1.20240e-04	3.30938	19.1
6893.684	nan	28706	1.15370e-04	3.31172	20.5	27004	1.22660e-04	3.31230	21.6	27526	1.20240e-04	3.30977	18.2	27590	1.20000e-04	3.31074	19.1
6894.872	nan	28706	1.15340e-04	3.31094	20.5	27004	1.22650e-04	3.31211	21.6	27493	1.20430e-04	3.31113	18.2	27567	1.20100e-04	3.31074	19.1
6896.060	nan	28686	1.15410e-04	3.31055	20.5	26985	1.22720e-04	3.31172	21.6	27547	1.20170e-04	3.31035	18.2	27565	1.20080e-04	3.31016	19.1
6897.249	nan	28714	1.15310e-04	3.31113	20.5	26984	1.22720e-04	3.31152	21.6	27577	1.20020e-04	3.30977	18.2	27538	1.20190e-04	3.30996	19.1
6898.437	nan	28727	1.15260e-04	3.31094	20.5	26986	1.22730e-04	3.31191	21.6	27600	1.19950e-04	3.31055	18.2	27581	1.20030e-04	3.31055	19.1
6899.624	nan	28730	1.15220e-04	3.31035	20.5	27007	1.22620e-04	3.31152	21.6	27561	1.20100e-04	3.31016	18.2	27575	1.20030e-04	3.30996	19.1
6900.813	nan	28731	1.15220e-04	3.31035	20.5	26992	1.22660e-04	3.31094	21.6	27532	1.20220e-04	3.30996	18.2	27553	1.20120e-04	3.30957	19.1
6902.002	nan	28702	1.15360e-04	3.31094	20.5	27031	1.22520e-04	3.31191	21.6	27533	1.20220e-04	3.30996	18.2	27554	1.20150e-04	3.31055	19.1
6903.190	nan	28700	1.15370e-04	3.31113	20.5	27004	1.22640e-04	3.31191	21.6	27564	1.20090e-04	3.31016	18.2	27602	1.19930e-04	3.31035	19.1
6904.378	nan	28710	1.15300e-04	3.31016	20.5	26976	1.22740e-04	3.31113	21.6	27548	1.20170e-04	3.31055	18.2	27556	1.20110e-04	3.30977	19.1
6905.566	nan	28689	1.15430e-04	3.31152	20.5	27004	1.22660e-04	3.31230	21.6	27513	1.20310e-04	3.30996	18.2	27557	1.20140e-04	3.31074	19.1
6906.754	nan	28761	1.15110e-04	3.31074	20.5	26993	1.22680e-04	3.31152	21.6	27587	1.20010e-04	3.31074	18.2	27542	1.20180e-04	3.30996	19.1
6907.943	nan	28715	1.15300e-04	3.31094	20.5	27016	1.22590e-04	3.31191	21.6	27548	1.20160e-04	3.31016	18.2	27594	1.19960e-04	3.31016	19.1
6909.131	nan	28685	1.15410e-04	3.31035	20.5	27027	1.22520e-04	3.31133	21.6	27580	1.20030e-04	3.31035	18.2	27561	1.20090e-04	3.30977	19.1
6910.319	nan	28728	1.15230e-04	3.31035	20.5	27026	1.22520e-04	3.31133	21.6	27552	1.20140e-04	3.30996	18.2	27580	1.20010e-04	3.30996	19.1
6911.508	nan	28735	1.15210e-04	3.31055	20.5	27023	1.22540e-04	3.31133	21.6	27577	1.20020e-04	3.30977	18.2	27551	1.20130e-04	3.30977	19.1
6912.696	nan	28707	1.15310e-04	3.31035	20.5	27022	1.22540e-04	3.31113	21.6	27578	1.20020e-04	3.30996	18.2	27560	1.20100e-04	3.30977	19.1
6913.884	nan	28723	1.15280e-04	3.31133	20.5	27026	1.22550e-04	3.31211	21.6	27572	1.20050e-04	3.31016	18.2	27547	1.20180e-04	3.31055	19.1
6915.073	nan	28720	1.15270e-04	3.31055	20.5	27027	1.22530e-04	3.31152	21.6	27595	1.19960e-04	3.31035	18.2	27572	1.20050e-04	3.30996	19.1
6916.261	nan	28694	1.15360e-04	3.31016	20.5	27009	1.22600e-04	3.31133	21.6	27570	1.20070e-04	3.31035	18.2	27562	1.20090e-04	3.30996	19.2
6917.449	nan	28694	1.15410e-04	3.31152	20.5	27018	1.22590e-04	3.31211	21.6	27566	1.20070e-04	3.30977	18.2	27557	1.20130e-04	3.31055	19.2
6918.637	nan	28745	1.15170e-04	3.31055	20.5	27013	1.22600e-04	3.31172	21.6	27567	1.20100e-04	3.31074	18.2	27566	1.20080e-04	3.31016	19.2
6919.826	nan	28730	1.15250e-04	3.31113	20.5	26997	1.22670e-04	3.31191	21.6	27557	1.20110e-04	3.30996	18.2	27575	1.20060e-04	3.31055	19.2
6921.014	nan	28738	1.15190e-04	3.31035	20.5	27018	1.22550e-04	3.31113	21.6	27551	1.20150e-04	3.31035	18.2	27554	1.20110e-04	3.30957	19.2
6922.202	nan	28741	1.15190e-04	3.31074	20.5	27028	1.22520e-04	3.31152	21.6	27525	1.20240e-04	3.30957	18.2	27575	1.20030e-04	3.30996	19.2
6923.390	nan	28741	1.15170e-04	3.31016	20.5	26978	1.22730e-04	3.31094	21.6	27568	1.20070e-04	3.31016	18.2	27548	1.20140e-04	3.30977	19.2
6924.578	nan	28725	1.15260e-04	3.31074	20.5	26978	1.22750e-04	3.31152	21.6	27576	1.20020e-04	3.30977	18.2	27575	1.20030e-04	3.30996	19.2
6925.767	nan	28736	1.15210e-04	3.31074	20.5	27055	1.22410e-04	3.31172	21.6	27542	1.20180e-04	3.30996	18.2	27559	1.20110e-04	3.30996	19.2
6926.955	nan	28685	1.15400e-04	3.31016	20.5	27035	1.22480e-04	3.31113	21.6	27537	1.20220e-04	3.31035	18.2	27585	1.19980e-04	3.30977	19.2
6928.143	nan	28726	1.15250e-04	3.31074	20.5	27032	1.22510e-04	3.31172	21.6	27536	1.20200e-04	3.30977	18.2	27588	1.19980e-04	3.31016	19.2
6929.332	nan	28702	1.15360e-04	3.31113	20.5	27011	1.22610e-04	3.31191	21.6	27571	1.20050e-04	3.30996	18.2	27552	1.20150e-04	3.31035	19.2
6930.520	nan	28729	1.15250e-04	3.31094	20.5	26993	1.22690e-04	3.31191	21.6	27548	1.20180e-04	3.31055	18.2	27578	1.20040e-04	3.31055	19.2
6931.708	nan	28733	1.15250e-04	3.31152	20.5	26997	1.22700e-04	3.31250	21.6	27581	1.20030e-04	3.31055	18.2	27548	1.20180e-04	3.31074	19.2
6932.896	nan	28702	1.15340e-04	3.31055	20.5	26983	1.22730e-04	3.31152	21.6	27556	1.20150e-04	3.31074	18.2	27560	1.20100e-04	3.30996	19.2
6934.085	nan	28713	1.15290e-04	3.31035	20.5	27008	1.22600e-04	3.31133	21.6	27530	1.20220e-04	3.30977	18.2	27548	1.20140e-04	3.30957	19.2
6935.273	nan	28715	1.15280e-04	3.31035	20.5	26990	1.22690e-04	3.31133	21.6	27539	1.20190e-04	3.30996	18.2	27556	1.20110e-04	3.30977	19.2
6936.461	nan	28695	1.15390e-04	3.31113	20.5	27011	1.22620e-04	3.31211	21.6	27593	1.19950e-04	3.30977	18.2	27579	1.20040e-04	3.31055	19.2
6937.649	nan	28744	1.15170e-04	3.31035	20.5	27007	1.22620e-04	3.31152	21.6	27555	1.20140e-04	3.31055	18.2	27550	1.20150e-04	3.30996	19.2
6938.838	nan	28724	1.15260e-04	3.31055	20.5	27010	1.22590e-04	3.31113	21.6	27561	1.20090e-04	3.30977	18.2	27526	1.20240e-04	3.30977	19.2
6940.026	nan	28732	1.15240e-04	3.31094	20.5	27028	1.22520e-04	3.31152	21.6	27557	1.20100e-04	3.30957	18.2	27564	1.20080e-04	3.30977	19.2
6941.214	nan	28748	1.15160e-04	3.31055	20.5	27018	1.22570e-04	3.31152	21.6	27574	1.20050e-04	3.31035	18.2	27581	1.20020e-04	3.31035	19.2
6942.403	nan	28697	1.15390e-04	3.31133	20.5	26970	1.22810e-04	3.31211	21.6	27606	1.19910e-04	3.31035	18.2	27567	1.20100e-04	3.31074	19.2
6943.590	nan	28758	1.15140e-04	3.31113	20.5	27032	1.22510e-04	3.31172	21.6	27576	1.20050e-04	3.31055	18.2	27529	1.20230e-04	3.30996	19.2
6944.779	nan	28709	1.15330e-04	3.31094	20.5	27013	1.22610e-04	3.31211	21.6	27552	1.20150e-04	3.31035	18.2	27564	1.20110e-04	3.31074	19.2
6945.967	nan	28735	1.15220e-04	3.31074	20.5	27005	1.22630e-04	3.31152	21.6	27587	1.20000e-04	3.31035	18.2	27530	1.20220e-04	3.30977	19.2
6947.155	nan	28765	1.15090e-04	3.31055	20.5	27009	1.22600e-04	3.31133	21.6	27562	1.20110e-04	3.31035	18.2	27576	1.20040e-04	3.31016	19.2
6948.344	nan	28754	1.15150e-04	3.31113	20.5	27009	1.22630e-04	3.31211	21.6	27548	1.20140e-04	3.30977	18.2	27547	1.20170e-04	3.31016	19.2
6949.532	nan	28764	1.15090e-04	3.31035	20.5	26982	1.22720e-04	3.31113	21.6	27544	1.20180e-04	3.31035	18.2	27585	1.19980e-04	3.30977	19.2
6950.720	nan	28714	1.15330e-04	3.31152	20.5	27015	1.22610e-04	3.31230	21.6	27599	1.19940e-04	3.31016	18.2	27551	1.20170e-04	3.31074	19.2
6951.908	nan	28730	1.15220e-04	3.31035	20.5	27016	1.22570e-04	3.31133	21.6	27525	1.20270e-04	3.31035	18.2	27559	1.20100e-04	3.30977	19.2
6953.096	nan	28705	1.15350e-04	3.31113	20.5	26990	1.22710e-04	3.31211	21.6	27576	1.20030e-04	3.30996	18.2	27564	1.20100e-04	3.31055	19.2
6954.285	nan	28697	1.15420e-04	3.31211	20.5	26991	1.22750e-04	3.31309	21.6	27553	1.20160e-04	3.31074	18.2	27570	1.20110e-04	3.31133	19.2
6955.473	nan	28710	1.15300e-04	3.31035	20.5	27014	1.22590e-04	3.31152	21.6	27539	1.20240e-04	3.31133	18.2	27525	1.20260e-04	3.31016	19.2
6956.661	nan	28723	1.15290e-04	3.31152	20.5	26990	1.22730e-04	3.31250	21.6	27566	1.20070e-04	3.30996	18.2	27588	1.20010e-04	3.31094	19.2
6957.849	nan	28732	1.15230e-04	3.31074	20.5	26974	1.22770e-04	3.31152	21.6	27595	1.19980e-04	3.31094	18.2	27595	1.19940e-04	3.30977	19.2
6959.038	nan	28762	1.15120e-04	3.31113	20.5	27014	1.22590e-04	3.31172	21.6	27577	1.20030e-04	3.31016	18.2	27529	1.20250e-04	3.31035	19.2
6960.226	nan	28797	1.14960e-04	3.31035	20.5	27007	1.22600e-04	3.31113	21.6	27568	1.20080e-04	3.31035	18.2	27593	1.19950e-04	3.30977	19.2
6961.414	nan	28729	1.15250e-04	3.31094	20.5	26962	1.22820e-04	3.31152	21.6	27572	1.20040e-04	3.30977	18.2	27551	1.20150e-04	3.31016	19.2
6962.603	nan	28722	1.15280e-04	3.31113	20.5	26996	1.22690e-04	3.31211	21.6	27529	1.20240e-04	3.31016	18.2	27548	1.20170e-04	3.31035	19.2
6963.791	nan	28703	1.15330e-04	3.31035	20.5	27010	1.22600e-04	3.31152	21.6	27549	1.20170e-04	3.31055	18.2	27596	1.19950e-04	3.31016	19.2
6964.979	nan	28740	1.15200e-04	3.31094	20.5	27015	1.22600e-04	3.31191	21.6	27542	1.20190e-04	3.31035	18.2	27587	1.20000e-04	3.31035	19.2
6966.168	nan	28704	1.15370e-04	3.31152	20.5	27023	1.22570e-04	3.31230	21.6	27551	1.20160e-04	3.31035	18.2	27591	1.19990e-04	3.31055	19.2
6967.355	nan	28761	1.15110e-04	3.31074	20.5	26994	1.22680e-04	3.31152	21.6	27534	1.20250e-04	3.31094	18.2	27575	1.20050e-04	3.31035	19.2
6968.544	nan	28716	1.15310e-04	3.31133	20.5	26987	1.22730e-04	3.31211	21.6	27565	1.20080e-04	3.31016	18.2	27544	1.20190e-04	3.31055	19.2
6969.732	nan	28728	1.15270e-04	3.31152	20.5	27000	1.22680e-04	3.31230	21.6	27538	1.20230e-04	3.31094	18.2	27599	1.19950e-04	3.31055	19.2
6970.920	nan	28758	1.15140e-04	3.31113	20.5	26986	1.22730e-04	3.31211	21.6	27530	1.20250e-04	3.31055	18.2	27539	1.20210e-04	3.31055	19.2
6972.109	nan	28732	1.15240e-04	3.31094	20.5	26995	1.22690e-04	3.31211	21.6	27550	1.20170e-04	3.31074	18.2	27607	1.19920e-04	3.31074	19.2
6973.297	nan	28784	1.15020e-04	3.31074	20.5	26986	1.22710e-04	3.31152	21.6	27520	1.20290e-04	3.31035	18.2	27595	1.19940e-04	3.30977	19.2
6974.485	nan	28703	1.15340e-04	3.31074	20.5	26993	1.22690e-04	3.31191	21.6	27575	1.20040e-04	3.31016	18.2	27587	1.19990e-04	3.31016	19.2
6975.674	nan	28729	1.15250e-04	3.31094	20.5	26993	1.22700e-04	3.31191	21.6	27543	1.20180e-04	3.31016	18.2	27576	1.20040e-04	3.31035	19.2
6976.862	nan	28724	1.15260e-04	3.31074	20.5	26992	1.22690e-04	3.31152	21.6	27525	1.20270e-04	3.31035	18.2	27580	1.20010e-04	3.30996	19.2
6978.050	nan	28744	1.15200e-04	3.31133	20.5	27003	1.22660e-04	3.31211	21.6	27555	1.20140e-04	3.31055	18.2	27563	1.20120e-04	3.31074	19.2
6979.238	nan	28750	1.15160e-04	3.31074	20.5	26964	1.22810e-04	3.31152	21.6	27543	1.20190e-04	3.31035	18.2	27558	1.20120e-04	3.31035	19.2
6980.427	nan	28754	1.15130e-04	3.31035	20.5	27006	1.22610e-04	3.31113	21.6	27512	1.20310e-04	3.30996	18.2	27579	1.20000e-04	3.30938	19.2
6981.615	nan	28749	1.15190e-04	3.31152	20.5	27006	1.22660e-04	3.31250	21.6	27529	1.20230e-04	3.30996	18.2	27553	1.20170e-04	3.31094	19.2
6982.803	nan	28713	1.15320e-04	3.31133	20.5	26999	1.22670e-04	3.31211	21.5	27585	1.20010e-04	3.31055	18.2	27554	1.20150e-04	3.31074	19.2
6983.991	nan	28741	1.15200e-04	3.31094	20.5	26992	1.22700e-04	3.31191	21.6	27547	1.20180e-04	3.31074	18.2	27565	1.20090e-04	3.31035	19.2
6985.180	nan	28725	1.15240e-04	3.31035	20.5	26977	1.22750e-04	3.31133	21.5	27554	1.20130e-04	3.31016	18.2	27610	1.19870e-04	3.30957	19.2
6986.368	nan	28735	1.15210e-04	3.31055	20.5	27007	1.22610e-04	3.31133	21.5	27524	1.20260e-04	3.30996	18.2	27600	1.19930e-04	3.30996	19.2
6987.556	nan	28752	1.15160e-04	3.31094	20.5	26978	1.22760e-04	3.31172	21.6	27547	1.20160e-04	3.30996	18.2	27524	1.20270e-04	3.31035	19.2
6988.744	nan	28763	1.15110e-04	3.31094	20.5	27015	1.22590e-04	3.31172	21.6	27559	1.20110e-04	3.31016	18.2	27581	1.20020e-04	3.31016	19.2
6989.932	nan	28748	1.15170e-04	3.31074	20.5	26952	1.22880e-04	3.31172	21.5	27539	1.20200e-04	3.31035	18.2	27557	1.20130e-04	3.31035	19.2
6991.121	nan	28710	1.15320e-04	3.31094	20.5	26987	1.22720e-04	3.31191	21.5	27557	1.20120e-04	3.31016	18.2	27577	1.20030e-04	3.31016	19.2
6992.309	nan	28793	1.14960e-04	3.31016	20.5	26978	1.22740e-04	3.31113	21.5	27552	1.20150e-04	3.31035	18.2	27571	1.20030e-04	3.30938	19.2
6993.497	nan	28741	1.15200e-04	3.31113	20.5	26983	1.22740e-04	3.31191	21.5	27524	1.20240e-04	3.30957	18.2	27574	1.20050e-04	3.31035	19.2
6994.686	nan	28739	1.15200e-04	3.31074	20.5	26990	1.22700e-04	3.31172	21.5	27548	1.20180e-04	3.31074	18.2	27583	1.20000e-04	3.30996	19.2
6995.874	nan	28775	1.15080e-04	3.31133	20.5	26965	1.22840e-04	3.31230	21.5	27539	1.20200e-04	3.31016	18.2	27592	1.19980e-04	3.31055	19.2
6997.062	nan	28750	1.15140e-04	3.31035	20.5	26977	1.22740e-04	3.31113	21.5	27512	1.20320e-04	3.31035	18.2	27572	1.20040e-04	3.30977	19.2
6998.250	nan	28753	1.15140e-04	3.31055	20.5	26983	1.22710e-04	3.31113	21.5	27523	1.20270e-04	3.31016	18.2	27556	1.20130e-04	3.31035	19.2
6999.439	nan	28754	1.15130e-04	3.31055	20.5	26985	1.22720e-04	3.31152	21.5	27564	1.20080e-04	3.30996	18.2	27569	1.20050e-04	3.30977	19.2
7000.627	nan	28767	1.15080e-04	3.31055	20.5	26974	1.22770e-04	3.31152	21.5	27579	1.20030e-04	3.31016	18.2	27564	1.20090e-04	3.31016	19.2
7001.815	nan	28773	1.15060e-04	3.31074	20.5	26972	1.22770e-04	3.31133	21.5	27570	1.20050e-04	3.30977	18.2	27537	1.20200e-04	3.30996	19.2
7003.003	nan	28775	1.15050e-04	3.31055	20.5	26954	1.22860e-04	3.31152	21.5	27516	1.20300e-04	3.31016	18.2	27537	1.20190e-04	3.30957	19.2
7004.192	nan	28754	1.15140e-04	3.31074	20.5	26980	1.22740e-04	3.31152	21.5	27510	1.20310e-04	3.30977	18.2	27552	1.20130e-04	3.30996	19.2
7005.380	nan	28781	1.15050e-04	3.31133	20.5	26967	1.22800e-04	3.31172	21.5	27533	1.20230e-04	3.31035	18.2	27551	1.20170e-04	3.31074	19.2
7006.568	nan	28765	1.15080e-04	3.31035	20.5	26988	1.22720e-04	3.31211	21.5	27521	1.20300e-04	3.31074	18.2	27584	1.19990e-04	3.30977	19.2
7007.757	nan	28762	1.15140e-04	3.31152	20.5	26975	1.22760e-04	3.31133	21.5	27541	1.20170e-04	3.30957	18.2	27551	1.20170e-04	3.31074	19.2
7008.945	nan	28736	1.15210e-04	3.31074	20.5	26959	1.22870e-04	3.31250	21.5	27525	1.20290e-04	3.31094	18.2	27588	1.20000e-04	3.31055	19.2
7010.133	nan	28792	1.15000e-04	3.31113	20.5	26955	1.22860e-04	3.31172	21.5	27504	1.20360e-04	3.31035	18.2	27568	1.20080e-04	3.31035	19.2
7011.321	nan	28766	1.15080e-04	3.31055	20.5	26964	1.22830e-04	3.31211	21.5	27568	1.20080e-04	3.31035	18.2	27557	1.20110e-04	3.30996	19.2
7012.509	nan	28771	1.15070e-04	3.31074	20.5	26971	1.22780e-04	3.31152	21.5	27518	1.20290e-04	3.30996	18.2	27543	1.20170e-04	3.30996	19.2
7013.698	nan	28798	1.14960e-04	3.31055	20.5	26962	1.22820e-04	3.31152	21.5	27547	1.20170e-04	3.31035	18.2	27558	1.20110e-04	3.30996	19.2
7014.886	nan	28781	1.15030e-04	3.31074	20.5	26981	1.22730e-04	3.31133	21.5	27524	1.20260e-04	3.30996	18.2	27567	1.20070e-04	3.30996	19.2
7016.074	nan	28740	1.15210e-04	3.31113	20.5	26960	1.22830e-04	3.31152	21.5	27489	1.20410e-04	3.30996	18.2	27570	1.20080e-04	3.31055	19.2
7017.263	nan	28739	1.15210e-04	3.31094	20.5	26971	1.22800e-04	3.31211	21.5	27522	1.20290e-04	3.31074	18.2	27584	1.20020e-04	3.31055	19.2
7018.451	nan	28753	1.15140e-04	3.31055	20.5	26997	1.22670e-04	3.31172	21.5	27494	1.20400e-04	3.31035	18.2	27558	1.20100e-04	3.30977	19.2
7019.639	nan	28765	1.15100e-04	3.31074	20.5	26945	1.22900e-04	3.31152	21.5	27528	1.20250e-04	3.31016	18.2	27576	1.20030e-04	3.30996	19.2
7020.827	nan	28721	1.15290e-04	3.31133	20.5	26985	1.22720e-04	3.31172	21.5	27514	1.20320e-04	3.31035	18.2	27545	1.20200e-04	3.31094	19.3
7022.016	nan	28733	1.15250e-04	3.31152	20.5	26978	1.22780e-04	3.31230	21.5	27536	1.20240e-04	3.31094	18.2	27555	1.20150e-04	3.31074	19.3
7023.204	nan	28781	1.15040e-04	3.31094	20.5	27004	1.22660e-04	3.31230	21.5	27512	1.20350e-04	3.31094	18.2	27578	1.20040e-04	3.31035	19.3
7024.392	nan	28714	1.15290e-04	3.31055	20.5	26963	1.22830e-04	3.31172	21.5	27507	1.20330e-04	3.30996	18.2	27574	1.20030e-04	3.30977	19.3
7025.580	nan	28733	1.15230e-04	3.31094	20.5	26962	1.22810e-04	3.31133	21.5	27520	1.20290e-04	3.31035	18.2	27627	1.19820e-04	3.31035	19.3
7026.768	nan	28794	1.14960e-04	3.31016	20.4	26961	1.22830e-04	3.31172	21.5	27510	1.20330e-04	3.31016	18.2	27559	1.20090e-04	3.30957	19.3
7027.957	nan	28742	1.15200e-04	3.31113	20.4	27002	1.22630e-04	3.31113	21.5	27533	1.20210e-04	3.30977	18.2	27566	1.20100e-04	3.31074	19.3
7029.145	nan	28738	1.15200e-04	3.31055	20.4	27001	1.22660e-04	3.31191	21.5	27488	1.20430e-04	3.31035	18.2	27559	1.20100e-04	3.30996	19.3
7030.333	nan	28752	1.15160e-04	3.31113	20.4	26960	1.22840e-04	3.31172	21.5	27515	1.20310e-04	3.31035	18.2	27573	1.20060e-04	3.31055	19.3
7031.521	nan	28757	1.15110e-04	3.31016	20.4	26987	1.22720e-04	3.31191	21.5	27548	1.20160e-04	3.31016	18.2	27536	1.20190e-04	3.30957	19.3
7032.710	nan	28759	1.15140e-04	3.31133	20.4	26952	1.22850e-04	3.31113	21.5	27510	1.20320e-04	3.30996	18.2	27563	1.20120e-04	3.31074	19.3
7033.898	nan	28787	1.15010e-04	3.31094	20.4	26967	1.22820e-04	3.31211	21.5	27500	1.20390e-04	3.31055	18.2	27578	1.20030e-04	3.31035	19.3
7035.086	nan	28725	1.15260e-04	3.31094	20.4	26961	1.22840e-04	3.31191	21.5	27505	1.20350e-04	3.31035	18.2	27567	1.20080e-04	3.31035	19.3
7036.274	nan	28717	1.15290e-04	3.31094	20.4	26968	1.22810e-04	3.31191	21.5	27487	1.20430e-04	3.31035	18.2	27567	1.20080e-04	3.31016	19.3
7037.463	nan	28767	1.15100e-04	3.31094	20.4	26966	1.22810e-04	3.31172	21.5	27500	1.20390e-04	3.31055	18.2	27580	1.20030e-04	3.31035	19.3
7038.651	nan	28788	1.15010e-04	3.31094	20.4	26966	1.22810e-04	3.31172	21.5	27554	1.20140e-04	3.31035	18.2	27591	1.19980e-04	3.31035	19.3
7039.839	nan	28786	1.15020e-04	3.31094	20.4	26983	1.22740e-04	3.31191	21.5	27522	1.20280e-04	3.31035	18.2	27572	1.20050e-04	3.31016	19.3
7041.027	nan	28732	1.15240e-04	3.31113	20.4	26982	1.22740e-04	3.31172	21.5	27492	1.20410e-04	3.31035	18.2	27538	1.20210e-04	3.31035	19.3
7042.216	nan	28769	1.15080e-04	3.31055	20.4	26954	1.22870e-04	3.31191	21.5	27538	1.20200e-04	3.31016	18.2	27553	1.20140e-04	3.31016	19.3
7043.404	nan	28753	1.15150e-04	3.31074	20.4	26970	1.22790e-04	3.31152	21.5	27500	1.20370e-04	3.31016	18.2	27554	1.20140e-04	3.31035	19.3
7044.592	nan	28797	1.14970e-04	3.31074	20.4	26973	1.22780e-04	3.31172	21.5	27513	1.20320e-04	3.31035	18.2	27557	1.20110e-04	3.30977	19.3
7045.780	nan	28728	1.15240e-04	3.31074	20.4	26988	1.22710e-04	3.31172	21.5	27511	1.20330e-04	3.31035	18.2	27559	1.20120e-04	3.31035	19.3
7046.969	nan	28729	1.15260e-04	3.31133	20.4	26979	1.22750e-04	3.31172	21.5	27490	1.20410e-04	3.31016	18.2	27592	1.19990e-04	3.31074	19.3
7048.157	nan	28751	1.15170e-04	3.31133	20.4	26969	1.22820e-04	3.31230	21.5	27484	1.20460e-04	3.31074	18.2	27559	1.20120e-04	3.31055	19.3
7049.346	nan	28747	1.15190e-04	3.31133	20.4	26982	1.22750e-04	3.31211	21.5	27474	1.20500e-04	3.31074	18.2	27547	1.20180e-04	3.31055	19.3
7050.534	nan	28795	1.14960e-04	3.31016	20.4	26948	1.22900e-04	3.31191	21.5	27503	1.20360e-04	3.31035	18.2	27541	1.20170e-04	3.30957	19.3
7051.722	nan	28772	1.15090e-04	3.31133	20.4	26953	1.22860e-04	3.31133	21.5	27484	1.20430e-04	3.30996	18.2	27557	1.20140e-04	3.31055	19.3
7052.910	nan	28767	1.15080e-04	3.31055	20.4	26981	1.22760e-04	3.31211	21.5	27516	1.20310e-04	3.31055	18.2	27579	1.20010e-04	3.30977	19.3
7054.099	nan	28802	1.14950e-04	3.31074	20.4	26963	1.22810e-04	3.31133	21.5	27467	1.20510e-04	3.30996	18.2	27562	1.20100e-04	3.31035	19.3
7055.287	nan	28793	1.14980e-04	3.31074	20.4	26977	1.22750e-04	3.31152	21.5	27432	1.20660e-04	3.30996	18.2	27584	1.20000e-04	3.30996	19.3
7056.475	nan	28777	1.15040e-04	3.31055	20.4	26986	1.22720e-04	3.31172	21.5	27486	1.20440e-04	3.31035	18.2	27538	1.20190e-04	3.30977	19.3
7057.663	nan	28725	1.15280e-04	3.31133	20.4	26993	1.22680e-04	3.31152	21.5	27454	1.20560e-04	3.30977	18.2	27549	1.20170e-04	3.31055	19.3
7058.851	nan	28764	1.15100e-04	3.31074	20.4	26950	1.22900e-04	3.31211	21.5	27470	1.20520e-04	3.31074	18.2	27543	1.20180e-04	3.31016	19.3
7060.039	nan	28777	1.15050e-04	3.31094	20.4	26949	1.22890e-04	3.31172	21.5	27456	1.20570e-04	3.31035	18.2	27535	1.20220e-04	3.31035	19.3
7061.228	nan	28783	1.15040e-04	3.31133	20.4	26955	1.22880e-04	3.31211	21.5	27465	1.20540e-04	3.31055	18.2	27561	1.20120e-04	3.31074	19.3
7062.416	nan	28773	1.15080e-04	3.31113	20.4	26931	1.23000e-04	3.31250	21.5	27484	1.20470e-04	3.31094	18.2	27581	1.20030e-04	3.31055	19.3
7063.605	nan	28753	1.15170e-04	3.31152	20.4	26932	1.22970e-04	3.31191	21.5	27469	1.20520e-04	3.31055	18.2	27576	1.20070e-04	3.31094	19.3
7064.793	nan	28801	1.14960e-04	3.31094	20.4	26943	1.22940e-04	3.31230	21.5	27449	1.20610e-04	3.31074	18.2	27576	1.20040e-04	3.31035	19.3
7065.981	nan	28772	1.15070e-04	3.31074	20.4	26956	1.22860e-04	3.31191	21.5	27451	1.20590e-04	3.31035	18.2	27560	1.20110e-04	3.31016	19.3
7067.169	nan	28777	1.15040e-04	3.31035	20.4	26953	1.22860e-04	3.31152	21.5	27460	1.20540e-04	3.30996	18.2	27540	1.20180e-04	3.30977	19.3
7068.358	nan	28801	1.14940e-04	3.31035	20.4	26967	1.22790e-04	3.31133	21.5	27455	1.20550e-04	3.30977	18.2	27598	1.19930e-04	3.30977	19.3
7069.546	nan	28781	1.15020e-04	3.31055	20.4	26958	1.22830e-04	3.31113	21.5	27464	1.20510e-04	3.30957	18.2	27540	1.20180e-04	3.30977	19.3
7070.734	nan	28765	1.15080e-04	3.31016	20.4	26974	1.22770e-04	3.31152	21.5	27426	1.20690e-04	3.30996	18.2	27579	1.20010e-04	3.30977	19.3
7071.922	nan	28807	1.14930e-04	3.31094	20.4	26961	1.22810e-04	3.31113	21.5	27463	1.20520e-04	3.30977	18.2	27598	1.19950e-04	3.31035	19.3
7073.111	nan	28755	1.15170e-04	3.31172	20.4	26973	1.22790e-04	3.31191	21.5	27440	1.20650e-04	3.31055	18.2	27518	1.20330e-04	3.31113	19.3
7074.299	nan	28778	1.15040e-04	3.31055	20.4	26962	1.22860e-04	3.31250	21.5	27404	1.20820e-04	3.31094	18.2	27549	1.20150e-04	3.30996	19.3
7075.487	nan	28775	1.15070e-04	3.31113	20.4	26962	1.22820e-04	3.31152	21.5	27461	1.20530e-04	3.30996	18.2	27566	1.20090e-04	3.31035	19.3
7076.675	nan	28774	1.15070e-04	3.31094	20.4	26963	1.22840e-04	3.31211	21.5	27450	1.20610e-04	3.31074	18.2	27565	1.20090e-04	3.31035	19.3
7077.863	nan	28786	1.15020e-04	3.31094	20.4	26949	1.22900e-04	3.31191	21.5	27439	1.20640e-04	3.31016	18.2	27554	1.20150e-04	3.31055	19.3
7079.051	nan	28821	1.14870e-04	3.31055	20.4	26952	1.22870e-04	3.31172	21.5	27399	1.20820e-04	3.31035	18.2	27551	1.20140e-04	3.30996	19.3
7080.240	nan	28796	1.14970e-04	3.31074	20.4	26941	1.22930e-04	3.31172	21.5	27441	1.20630e-04	3.31016	18.2	27558	1.20120e-04	3.31016	19.3
7081.428	nan	28794	1.14970e-04	3.31035	20.4	26958	1.22850e-04	3.31172	21.5	27416	1.20740e-04	3.31016	18.2	27540	1.20180e-04	3.30977	19.3
7082.617	nan	28773	1.15060e-04	3.31074	20.4	26982	1.22720e-04	3.31113	21.5	27386	1.20850e-04	3.30977	18.2	27565	1.20080e-04	3.31016	19.3
7083.805	nan	28789	1.14990e-04	3.31055	20.4	26964	1.22820e-04	3.31172	21.5	27423	1.20710e-04	3.31016	18.2	27555	1.20120e-04	3.30996	19.3
7084.993	nan	28765	1.15100e-04	3.31074	20.4	26981	1.22740e-04	3.31152	21.5	27426	1.20690e-04	3.31016	18.2	27579	1.20030e-04	3.31016	19.3
7086.181	nan	28748	1.15160e-04	3.31074	20.4	26928	1.22990e-04	3.31191	21.5	27386	1.20880e-04	3.31035	18.2	27565	1.20090e-04	3.31016	19.3
7087.369	nan	28764	1.15100e-04	3.31074	20.4	26937	1.22930e-04	3.31133	21.5	27417	1.20720e-04	3.30996	18.2	27562	1.20100e-04	3.31016	19.3
7088.558	nan	28736	1.15220e-04	3.31094	20.4	26989	1.22700e-04	3.31172	21.5	27430	1.20690e-04	3.31035	18.2	27558	1.20120e-04	3.31035	19.3
7089.746	nan	28768	1.15100e-04	3.31113	20.4	26929	1.22980e-04	3.31172	21.5	27415	1.20750e-04	3.31035	18.2	27575	1.20060e-04	3.31055	19.3
7090.934	nan	28755	1.15140e-04	3.31094	20.4	26943	1.22940e-04	3.31230	21.5	27394	1.20860e-04	3.31074	18.2	27551	1.20160e-04	3.31035	19.3
7092.123	nan	28755	1.15130e-04	3.31074	20.4	26936	1.22950e-04	3.31191	21.5	27394	1.20840e-04	3.31016	18.2	27553	1.20140e-04	3.31016	19.3
7093.311	nan	28786	1.15010e-04	3.31074	20.4	26969	1.22790e-04	3.31152	21.5	27397	1.20820e-04	3.31016	18.2	27565	1.20080e-04	3.31016	19.3
7094.499	nan	28805	1.14920e-04	3.31035	20.4	26965	1.22800e-04	3.31133	21.5	27379	1.20890e-04	3.30977	18.2	27580	1.20000e-04	3.30977	19.3
7095.688	nan	28777	1.15030e-04	3.31035	20.4	26990	1.22700e-04	3.31172	21.5	27391	1.20850e-04	3.31016	18.2	27551	1.20130e-04	3.30977	19.3
7096.876	nan	28782	1.15030e-04	3.31074	20.4	26967	1.22780e-04	3.31113	21.5	27402	1.20790e-04	3.30977	18.2	27568	1.20070e-04	3.31016	19.3
7098.064	nan	28825	1.14860e-04	3.31074	20.4	26914	1.23050e-04	3.31172	21.5	27358	1.21000e-04	3.31016	18.2	27550	1.20160e-04	3.31035	19.3
7099.252	nan	28731	1.15220e-04	3.31055	20.4	26955	1.22860e-04	3.31172	21.5	27363	1.20980e-04	3.31035	18.2	27568	1.20070e-04	3.30996	19.3
7100.440	nan	28779	1.15050e-04	3.31113	20.4	26941	1.22920e-04	3.31152	21.5	27351	1.21030e-04	3.31016	18.2	27551	1.20160e-04	3.31035	19.3
7101.629	nan	28816	1.14870e-04	3.31016	20.4	26951	1.22870e-04	3.31152	21.5	27308	1.21210e-04	3.30996	18.2	27564	1.20070e-04	3.30957	19.3
7102.817	nan	28785	1.15040e-04	3.31152	20.4	26989	1.22700e-04	3.31152	21.5	27371	1.20930e-04	3.30996	18.2	27557	1.20140e-04	3.31074	19.3
7104.005	nan	28786	1.15010e-04	3.31055	20.4	26942	1.22920e-04	3.31172	21.5	27354	1.21030e-04	3.31055	18.2	27549	1.20150e-04	3.31016	19.3
7105.193	nan	28795	1.14980e-04	3.31094	20.4	26966	1.22830e-04	3.31211	21.5	27358	1.21000e-04	3.31035	18.2	27538	1.20210e-04	3.31035	19.3
7106.382	nan	28761	1.15130e-04	3.31113	20.4	26925	1.23010e-04	3.31191	21.5	27352	1.21030e-04	3.31035	18.2	27558	1.20130e-04	3.31055	19.3
7107.570	nan	28741	1.15190e-04	3.31074	20.4	26956	1.22870e-04	3.31191	21.5	27380	1.20910e-04	3.31055	18.2	27552	1.20140e-04	3.31016	19.3
7108.758	nan	28780	1.15050e-04	3.31113	20.4	26943	1.22910e-04	3.31152	21.5	27367	1.20950e-04	3.30996	18.2	27520	1.20300e-04	3.31055	19.3
7109.947	nan	28767	1.15100e-04	3.31113	20.4	26974	1.22800e-04	3.31230	21.5	27302	1.21260e-04	3.31074	18.2	27575	1.20060e-04	3.31055	19.3
7111.135	nan	28762	1.15120e-04	3.31113	20.4	26903	1.23110e-04	3.31211	21.5	27312	1.21210e-04	3.31055	18.2	27536	1.20230e-04	3.31055	19.3
7112.323	nan	28779	1.15030e-04	3.31035	20.4	26957	1.22870e-04	3.31211	21.5	27282	1.21340e-04	3.31055	18.2	27549	1.20170e-04	3.31055	19.3
7113.511	nan	28783	1.15050e-04	3.31152	20.4	26964	1.22810e-04	3.31152	21.5	27333	1.21100e-04	3.30996	18.2	27563	1.20080e-04	3.30977	19.3
7114.699	nan	28749	1.15180e-04	3.31113	20.4	26981	1.22760e-04	3.31230	21.5	27307	1.21250e-04	3.31094	18.2	27573	1.20080e-04	3.31094	19.3
7115.888	nan	28782	1.15020e-04	3.31055	20.4	26934	1.22950e-04	3.31152	21.5	27281	1.21340e-04	3.31035	18.2	27561	1.20110e-04	3.31035	19.3
7117.076	nan	28799	1.14980e-04	3.31133	20.4	26928	1.22990e-04	3.31191	21.5	27296	1.21270e-04	3.31016	18.2	27589	1.19970e-04	3.30996	19.3
7118.264	nan	28794	1.14990e-04	3.31113	20.4	26923	1.23020e-04	3.31211	21.5	27300	1.21280e-04	3.31094	18.2	27546	1.20190e-04	3.31074	19.3
7119.452	nan	28814	1.14910e-04	3.31113	20.4	26932	1.22980e-04	3.31211	21.5	27234	1.21550e-04	3.31035	18.2	27564	1.20100e-04	3.31055	19.3
7120.640	nan	28764	1.15080e-04	3.31016	20.4	26925	1.23000e-04	3.31191	21.5	27275	1.21370e-04	3.31035	18.2	27582	1.20020e-04	3.31035	19.3
7121.829	nan	28782	1.15040e-04	3.31113	20.4	26935	1.22940e-04	3.31133	21.5	27259	1.21410e-04	3.30957	18.2	27547	1.20140e-04	3.30957	19.3
7123.017	nan	28786	1.15000e-04	3.31035	20.4	26961	1.22830e-04	3.31152	21.5	27295	1.21280e-04	3.31035	18.2	27494	1.20400e-04	3.31035	19.3
7124.205	nan	28770	1.15070e-04	3.31055	20.4	26924	1.23000e-04	3.31152	21.5	27244	1.21490e-04	3.30977	18.2	27557	1.20110e-04	3.30977	19.3
7125.394	nan	28761	1.15130e-04	3.31113	20.4	26963	1.22830e-04	3.31172	21.5	27232	1.21550e-04	3.31016	18.2	27545	1.20170e-04	3.30996	19.3
7126.582	nan	28802	1.14930e-04	3.31016	20.4	26940	1.22930e-04	3.31172	21.5	27216	1.21630e-04	3.31035	18.2	27571	1.20070e-04	3.31035	19.3
7127.770	nan	28766	1.15120e-04	3.31152	20.4	26983	1.22710e-04	3.31113	21.5	27217	1.21600e-04	3.30957	18.2	27564	1.20070e-04	3.30957	19.3
7128.958	nan	28797	1.14960e-04	3.31055	20.4	26930	1.23000e-04	3.31230	21.5	27185	1.21790e-04	3.31074	18.2	27562	1.20120e-04	3.31074	19.3
7130.146	nan	28767	1.15090e-04	3.31094	20.4	26950	1.22890e-04	3.31191	21.5	27197	1.21720e-04	3.31035	18.2	27539	1.20190e-04	3.30996	19.3
7131.335	nan	28761	1.15130e-04	3.31133	20.4	26970	1.22790e-04	3.31152	21.5	27184	1.21770e-04	3.31016	18.2	27573	1.20060e-04	3.31035	19.3
7132.524	nan	28788	1.15020e-04	3.31113	20.4	26916	1.23080e-04	3.31270	21.5	27179	1.21810e-04	3.31074	18.2	27577	1.20060e-04	3.31074	19.3
7133.712	nan	28762	1.15140e-04	3.31152	20.4	26918	1.23050e-04	3.31211	21.5	27114	1.22110e-04	3.31074	18.2	27550	1.20170e-04	3.31055	19.3
7134.900	nan	28818	1.14880e-04	3.31055	20.4	26924	1.23020e-04	3.31211	21.5	27083	1.22240e-04	3.31074	18.2	27562	1.20130e-04	3.31094	19.3
7136.088	nan	28793	1.14980e-04	3.31055	20.4	26927	1.22990e-04	3.31172	21.5	27094	1.22170e-04	3.31016	18.2	27559	1.20100e-04	3.30996	19.3
7137.276	nan	28805	1.14920e-04	3.31016	20.4	26956	1.22840e-04	3.31133	21.5	27020	1.22500e-04	3.30996	18.2	27548	1.20150e-04	3.30996	19.3
7138.465	nan	28791	1.15000e-04	3.31094	20.4	26932	1.22950e-04	3.31133	21.5	26977	1.22690e-04	3.30977	18.2	27575	1.20020e-04	3.30957	19.3
7139.653	nan	28778	1.15060e-04	3.31113	20.4	26925	1.22990e-04	3.31152	21.5	26929	1.22920e-04	3.31016	18.2	27561	1.20110e-04	3.31035	19.3
7140.841	nan	28794	1.14970e-04	3.31035	20.4	26932	1.22980e-04	3.31191	21.5	26900	1.23060e-04	3.31035	18.2	27515	1.20310e-04	3.31035	19.3
7142.029	nan	28778	1.15060e-04	3.31133	20.4	26943	1.22910e-04	3.31152	21.5	26825	1.23390e-04	3.30996	18.2	27592	1.19960e-04	3.30996	19.3
7143.217	nan	28770	1.15070e-04	3.31055	20.4	26967	1.22830e-04	3.31230	21.5	26825	1.23420e-04	3.31074	18.2	27551	1.20170e-04	3.31074	19.3
7144.406	nan	28795	1.14980e-04	3.31094	20.4	26908	1.23080e-04	3.31191	21.5	26720	1.23880e-04	3.31016	18.2	27549	1.20160e-04	3.31016	19.3
7145.594	nan	28804	1.14960e-04	3.31113	20.4	26953	1.22870e-04	3.31172	21.5	26712	1.23930e-04	3.31035	18.2	27579	1.20030e-04	3.31035	19.3
7146.782	nan	28789	1.15030e-04	3.31152	20.4	26930	1.23000e-04	3.31230	21.5	26670	1.24140e-04	3.31074	18.2	27533	1.20240e-04	3.31055	19.3
7147.971	nan	28798	1.14980e-04	3.31113	20.4	26930	1.23000e-04	3.31230	21.5	26627	1.24340e-04	3.31074	18.2	27558	1.20140e-04	3.31074	19.3
7149.159	nan	28796	1.14950e-04	3.30996	20.4	26879	1.23220e-04	3.31191	21.5	26629	1.24330e-04	3.31074	18.2	27525	1.20280e-04	3.31055	19.3
7150.347	nan	28851	1.14770e-04	3.31113	20.4	26948	1.22870e-04	3.31113	21.5	26595	1.24440e-04	3.30957	18.2	27511	1.20290e-04	3.30938	19.3
7151.535	nan	28821	1.14870e-04	3.31055	20.4	26940	1.22920e-04	3.31152	21.5	26590	1.24500e-04	3.31035	18.2	27510	1.20330e-04	3.31035	19.3
7152.724	nan	28829	1.14850e-04	3.31094	20.4	26944	1.22920e-04	3.31191	21.5	26593	1.24470e-04	3.31016	18.2	27568	1.20070e-04	3.30996	19.3
7153.912	nan	28826	1.14870e-04	3.31113	20.4	26920	1.23010e-04	3.31152	21.5	26572	1.24580e-04	3.31035	18.2	27556	1.20130e-04	3.31035	19.3
7155.100	nan	28783	1.15020e-04	3.31055	20.4	26974	1.22780e-04	3.31191	21.5	26561	1.24630e-04	3.31035	18.2	27558	1.20120e-04	3.31035	19.3
7156.289	nan	28796	1.14980e-04	3.31094	20.4	26956	1.22860e-04	3.31172	21.5	26555	1.24640e-04	3.30996	18.2	27555	1.20130e-04	3.31016	19.3
7157.477	nan	28803	1.14950e-04	3.31094	20.4	26899	1.23110e-04	3.31152	21.5	26549	1.24670e-04	3.30996	18.2	27536	1.20210e-04	3.31016	19.3
7158.665	nan	28768	1.15090e-04	3.31094	20.4	26931	1.22980e-04	3.31191	21.5	26529	1.24780e-04	3.31035	18.2	27550	1.20160e-04	3.31035	19.3
7159.853	nan	28811	1.14910e-04	3.31074	20.4	26934	1.22980e-04	3.31230	21.5	26568	1.24610e-04	3.31055	18.2	27573	1.20060e-04	3.31035	19.3
7161.041	nan	28774	1.15100e-04	3.31191	20.4	26927	1.23000e-04	3.31191	21.5	26527	1.24790e-04	3.31035	18.2	27521	1.20280e-04	3.31016	19.3
7162.230	nan	28782	1.15020e-04	3.31055	20.4	26934	1.22960e-04	3.31191	21.5	26546	1.24720e-04	3.31074	18.2	27511	1.20360e-04	3.31113	19.3
7163.418	nan	28773	1.15050e-04	3.31035	20.4	26934	1.22940e-04	3.31133	21.5	26521	1.24800e-04	3.30996	18.2	27542	1.20180e-04	3.30996	19.3
7164.606	nan	28798	1.14970e-04	3.31094	20.4	26935	1.22950e-04	3.31172	21.5	26519	1.24810e-04	3.30977	18.2	27532	1.20220e-04	3.30977	19.3
7165.795	nan	28801	1.14970e-04	3.31113	20.4	26924	1.23000e-04	3.31152	21.5	26514	1.24850e-04	3.31035	18.2	27537	1.20210e-04	3.31035	19.3
7166.983	nan	28795	1.14980e-04	3.31074	20.4	26954	1.22870e-04	3.31172	21.5	26537	1.24750e-04	3.31035	18.2	27568	1.20080e-04	3.31035	19.3
7168.171	nan	28812	1.14920e-04	3.31094	20.4	26910	1.23080e-04	3.31211	21.5	26496	1.24940e-04	3.31035	18.2	27553	1.20140e-04	3.31016	19.3
7169.359	nan	28824	1.14850e-04	3.31055	20.4	26935	1.22950e-04	3.31172	21.5	26528	1.24790e-04	3.31035	18.2	27556	1.20140e-04	3.31055	19.3
7170.548	nan	28803	1.14950e-04	3.31094	20.4	26923	1.23010e-04	3.31191	21.5	26553	1.24670e-04	3.31035	18.2	27539	1.20190e-04	3.30996	19.3
7171.736	nan	28805	1.14920e-04	3.31016	20.4	26918	1.23020e-04	3.31152	21.5	26510	1.24870e-04	3.31016	18.2	27562	1.20100e-04	3.31016	19.3
7172.924	nan	28831	1.14870e-04	3.31172	20.4	26923	1.23000e-04	3.31152	21.5	26494	1.24920e-04	3.30977	18.2	27534	1.20200e-04	3.30957	19.3
7174.112	nan	28791	1.14980e-04	3.31055	20.4	26930	1.22990e-04	3.31211	21.5	26514	1.24860e-04	3.31055	18.2	27541	1.20210e-04	3.31074	19.3
7175.300	nan	28820	1.14910e-04	3.31172	20.4	26942	1.22930e-04	3.31211	21.5	26464	1.25090e-04	3.31035	18.2	27521	1.20280e-04	3.31016	19.3
7176.489	nan	28816	1.14890e-04	3.31055	20.4	26898	1.23130e-04	3.31191	21.5	26509	1.24890e-04	3.31074	18.2	27549	1.20180e-04	3.31074	19.3
7177.677	nan	28815	1.14890e-04	3.31055	20.4	26941	1.22920e-04	3.31152	21.5	26484	1.24990e-04	3.31016	18.2	27515	1.20290e-04	3.30996	19.3
7178.865	nan	28797	1.14950e-04	3.31035	20.4	26951	1.22870e-04	3.31133	21.5	26485	1.24980e-04	3.30996	18.2	27541	1.20180e-04	3.30996	19.3
7180.054	nan	28821	1.14870e-04	3.31055	20.4	26929	1.22960e-04	3.31113	21.5	26515	1.24820e-04	3.30957	18.2	27535	1.20190e-04	3.30957	19.3
7181.242	nan	28823	1.14850e-04	3.31035	20.4	26941	1.22910e-04	3.31133	21.5	26457	1.25120e-04	3.31016	18.2	27533	1.20230e-04	3.31016	19.3
7182.430	nan	28814	1.14910e-04	3.31113	20.4	26931	1.22960e-04	3.31133	21.5	26480	1.24980e-04	3.30957	18.2	27523	1.20260e-04	3.30977	19.3
7183.619	nan	28793	1.14980e-04	3.31055	20.4	26923	1.23010e-04	3.31191	21.5	26493	1.24960e-04	3.31055	18.2	27580	1.20030e-04	3.31035	19.3
7184.807	nan	28790	1.15010e-04	3.31113	20.4	26937	1.22940e-04	3.31152	21.5	26490	1.24950e-04	3.30996	18.2	27549	1.20150e-04	3.30996	19.3
7185.995	nan	28814	1.14890e-04	3.31055	20.4	26957	1.22850e-04	3.31172	21.5	26465	1.25080e-04	3.31035	18.2	27559	1.20120e-04	3.31055	19.3
7187.183	nan	28798	1.14980e-04	3.31113	20.4	26925	1.23010e-04	3.31211	21.5	26484	1.24980e-04	3.30996	18.2	27528	1.20240e-04	3.30996	19.3
7188.371	nan	28784	1.15020e-04	3.31074	20.4	26919	1.23010e-04	3.31133	21.5	26478	1.25020e-04	3.31035	18.2	27498	1.20380e-04	3.31016	19.3
7189.559	nan	28793	1.15000e-04	3.31113	20.4	26891	1.23170e-04	3.31211	21.5	26495	1.24940e-04	3.31035	18.2	27531	1.20240e-04	3.31035	19.3
7190.748	nan	28807	1.14920e-04	3.31055	20.4	26911	1.23070e-04	3.31191	21.5	26452	1.25140e-04	3.31035	18.2	27534	1.20230e-04	3.31035	19.3
7191.936	nan	28838	1.14800e-04	3.31055	20.4	26926	1.22980e-04	3.31133	21.5	26454	1.25120e-04	3.30977	18.2	27535	1.20200e-04	3.30977	19.3
7193.124	nan	28781	1.15020e-04	3.31035	20.4	26930	1.22950e-04	3.31113	21.5	26443	1.25180e-04	3.30996	18.2	27545	1.20170e-04	3.30996	19.3
7194.313	nan	28808	1.14920e-04	3.31055	20.4	26930	1.22950e-04	3.31113	21.5	26477	1.25000e-04	3.30957	18.2	27535	1.20190e-04	3.30957	19.3
7195.501	nan	28820	1.14900e-04	3.31133	20.4	26965	1.22820e-04	3.31191	21.5	26461	1.25090e-04	3.31016	18.2	27557	1.20110e-04	3.30996	19.3
7196.689	nan	28820	1.14860e-04	3.31035	20.4	26933	1.22970e-04	3.31191	21.5	26460	1.25120e-04	3.31074	18.2	27570	1.20080e-04	3.31055	19.3
7197.877	nan	28784	1.15010e-04	3.31035	20.4	26912	1.23060e-04	3.31172	21.5	26453	1.25120e-04	3.30977	18.2	27562	1.20080e-04	3.30977	19.3
7199.066	nan	28809	1.14960e-04	3.31172	20.4	26925	1.22980e-04	3.31133	21.5	26456	1.25110e-04	3.30996	18.2	27530	1.20220e-04	3.30977	19.3
7200.254	nan	28816	1.14890e-04	3.31055	20.4	26935	1.22980e-04	3.31230	21.5	26426	1.25290e-04	3.31094	18.2	27530	1.20270e-04	3.31094	19.3
7201.442	nan	28804	1.14950e-04	3.31113	20.4	26928	1.22980e-04	3.31172	21.5	26456	1.25120e-04	3.31016	18.2	27537	1.20210e-04	3.31016	19.3
7202.630	nan	28792	1.14970e-04	3.31035	20.4	26941	1.22910e-04	3.31133	21.5	26445	1.25170e-04	3.31016	18.2	27511	1.20320e-04	3.31016	19.3
7203.819	nan	28806	1.14940e-04	3.31094	20.4	26958	1.22850e-04	3.31172	21.5	26419	1.25290e-04	3.30996	18.2	27529	1.20230e-04	3.30977	19.3
7205.007	nan	28814	1.14890e-04	3.31055	20.4	26940	1.22930e-04	3.31172	21.5	26452	1.25140e-04	3.31035	18.2	27549	1.20160e-04	3.31035	19.3
7206.195	nan	28803	1.14940e-04	3.31055	20.4	26902	1.23110e-04	3.31191	21.5	26442	1.25190e-04	3.31016	18.2	27533	1.20220e-04	3.30996	19.3
7207.383	nan	28811	1.14930e-04	3.31133	20.4	26926	1.22990e-04	3.31152	21.5	26452	1.25140e-04	3.31016	18.2	27563	1.20090e-04	3.31016	19.3
7208.572	nan	28830	1.14830e-04	3.31055	20.4	26897	1.23130e-04	3.31191	21.5	26441	1.25200e-04	3.31035	18.2	27528	1.20260e-04	3.31035	19.3
7209.760	nan	28785	1.15010e-04	3.31055	20.4	26935	1.22940e-04	3.31133	21.5	26431	1.25230e-04	3.30996	18.2	27520	1.20270e-04	3.30996	19.3
7210.948	nan	28780	1.15060e-04	3.31133	20.4	26900	1.23110e-04	3.31172	21.5	26420	1.25280e-04	3.30996	18.2	27540	1.20190e-04	3.30996	19.3
7212.137	nan	28782	1.15030e-04	3.31094	20.4	26900	1.23120e-04	3.31191	21.5	26436	1.25220e-04	3.31035	18.2	27606	1.19910e-04	3.31035	19.3
7213.325	nan	28830	1.14840e-04	3.31074	20.4	26896	1.23140e-04	3.31191	21.5	26431	1.25250e-04	3.31035	18.2	27548	1.20170e-04	3.31035	19.3
7214.513	nan	28797	1.15000e-04	3.31152	20.4	26897	1.23140e-04	3.31211	21.5	26429	1.25260e-04	3.31055	18.2	27561	1.20110e-04	3.31035	19.3
7215.701	nan	28783	1.15040e-04	3.31113	20.4	26941	1.22940e-04	3.31211	21.5	26432	1.25250e-04	3.31074	18.2	27561	1.20120e-04	3.31055	19.3
7216.890	nan	28814	1.14910e-04	3.31094	20.4	26919	1.23020e-04	3.31152	21.5	26415	1.25330e-04	3.31055	18.2	27556	1.20140e-04	3.31055	19.3
7218.078	nan	28793	1.14980e-04	3.31055	20.4	26908	1.23090e-04	3.31211	21.5	26423	1.25290e-04	3.31035	18.2	27564	1.20090e-04	3.31016	19.3
7219.266	nan	28804	1.14950e-04	3.31094	20.4	26914	1.23040e-04	3.31152	21.5	26443	1.25170e-04	3.30996	18.2	27475	1.20470e-04	3.30996	19.3
7220.454	nan	28789	1.15010e-04	3.31094	20.4	26960	1.22840e-04	3.31172	21.5	26415	1.25310e-04	3.30996	18.2	27546	1.20160e-04	3.30996	19.3
7221.643	nan	28783	1.15020e-04	3.31055	20.4	26929	1.22980e-04	3.31172	21.5	26394	1.25420e-04	3.31035	18.2	27516	1.20300e-04	3.31016	19.3
7222.831	nan	28833	1.14820e-04	3.31055	20.4	26909	1.23070e-04	3.31152	21.5	26375	1.25490e-04	3.30977	18.2	27539	1.20190e-04	3.30996	19.3
7224.019	nan	28826	1.14860e-04	3.31094	20.4	26920	1.23030e-04	3.31191	21.5	26420	1.25290e-04	3.31016	18.2	27521	1.20280e-04	3.31016	19.3
7225.207	nan	28832	1.14830e-04	3.31074	20.4	26891	1.23150e-04	3.31172	21.5	26406	1.25360e-04	3.31035	18.2	27522	1.20280e-04	3.31035	19.3
7226.396	nan	28840	1.14820e-04	3.31133	20.4	26904	1.23090e-04	3.31172	21.5	26395	1.25410e-04	3.31035	18.2	27505	1.20360e-04	3.31035	19.3
7227.584	nan	28793	1.15000e-04	3.31113	20.4	26897	1.23140e-04	3.31211	21.5	26428	1.25260e-04	3.31035	18.2	27549	1.20160e-04	3.31035	19.3
7228.772	nan	28817	1.14890e-04	3.31074	20.4	26924	1.23020e-04	3.31211	21.5	26392	1.25450e-04	3.31074	18.2	27572	1.20080e-04	3.31074	19.3
7229.961	nan	28807	1.14930e-04	3.31094	20.4	26917	1.23020e-04	3.31133	21.5	26408	1.25340e-04	3.30996	18.2	27545	1.20170e-04	3.30996	19.3
7231.149	nan	28776	1.15040e-04	3.31055	20.4	26926	1.22980e-04	3.31133	21.5	26400	1.25380e-04	3.30996	18.2	27544	1.20160e-04	3.30977	19.3
7232.337	nan	28792	1.14980e-04	3.31055	20.4	26889	1.23160e-04	3.31152	21.5	26385	1.25450e-04	3.31016	18.2	27526	1.20250e-04	3.31016	19.3
7233.525	nan	28775	1.15040e-04	3.31035	20.4	26899	1.23100e-04	3.31133	21.5	26389	1.25430e-04	3.30996	18.2	27524	1.20250e-04	3.30977	19.3
7234.713	nan	28792	1.15000e-04	3.31094	20.4	26911	1.23050e-04	3.31152	21.5	26405	1.25350e-04	3.30996	18.2	27524	1.20260e-04	3.30996	19.3
7235.902	nan	28834	1.14810e-04	3.31035	20.4	26904	1.23090e-04	3.31172	21.5	26396	1.25410e-04	3.31016	18.2	27561	1.20100e-04	3.30996	19.3
7237.090	nan	28825	1.14850e-04	3.31055	20.4	26906	1.23060e-04	3.31113	21.5	26389	1.25420e-04	3.30977	18.2	27556	1.20110e-04	3.30977	19.3
7238.278	nan	28786	1.15030e-04	3.31133	20.4	26903	1.23100e-04	3.31172	21.5	26366	1.25530e-04	3.30977	18.2	27557	1.20110e-04	3.30977	19.3
7239.467	nan	28837	1.14810e-04	3.31094	20.4	26916	1.23050e-04	3.31191	21.5	26415	1.25330e-04	3.31074	18.2	27539	1.20220e-04	3.31074	19.3
7240.655	nan	28809	1.14920e-04	3.31074	20.4	26927	1.22980e-04	3.31152	21.5	26407	1.25350e-04	3.30996	18.2	27541	1.20180e-04	3.30996	19.3
7241.843	nan	28774	1.15070e-04	3.31113	20.4	26924	1.23020e-04	3.31230	21.5	26362	1.25560e-04	3.31016	18.2	27486	1.20440e-04	3.31035	19.3
7243.031	nan	28776	1.15060e-04	3.31094	20.4	26909	1.23070e-04	3.31172	21.5	26375	1.25520e-04	3.31055	18.2	27547	1.20170e-04	3.31035	19.3
7244.219	nan	28821	1.14860e-04	3.31035	20.4	26911	1.23050e-04	3.31133	21.5	26392	1.25430e-04	3.31035	18.2	27559	1.20110e-04	3.31016	19.3
7245.408	nan	28816	1.14910e-04	3.31113	20.4	26903	1.23110e-04	3.31191	21.5	26375	1.25500e-04	3.30996	18.2	27520	1.20280e-04	3.30996	19.3
7246.596	nan	28783	1.15030e-04	3.31094	20.4	26912	1.23070e-04	3.31191	21.5	26362	1.25570e-04	3.31035	18.2	27519	1.20290e-04	3.31016	19.3
7247.784	nan	28804	1.14920e-04	3.31016	20.4	26904	1.23090e-04	3.31152	21.5	26346	1.25650e-04	3.31035	18.2	27540	1.20200e-04	3.31035	19.3
7248.973	nan	28781	1.15040e-04	3.31094	20.4	26905	1.23080e-04	3.31152	21.5	26398	1.25370e-04	3.30957	18.2	27562	1.20080e-04	3.30957	19.3
7250.160	nan	28780	1.15060e-04	3.31133	20.4	26912	1.23060e-04	3.31172	21.5	26371	1.25530e-04	3.31035	18.2	27544	1.20180e-04	3.31035	19.3
7251.349	nan	28853	1.14750e-04	3.31074	20.4	26930	1.23000e-04	3.31250	21.5	26368	1.25570e-04	3.31094	18.2	27525	1.20290e-04	3.31094	19.3
7252.537	nan	28836	1.14830e-04	3.31113	20.4	26902	1.23090e-04	3.31133	21.5	26344	1.25650e-04	3.31016	18.2	27523	1.20260e-04	3.30996	19.3
7253.725	nan	28812	1.14910e-04	3.31094	20.4	26898	1.23130e-04	3.31211	21.5	26367	1.25560e-04	3.31055	18.2	27508	1.20360e-04	3.31074	19.3
7254.914	nan	28799	1.14980e-04	3.31133	20.4	26883	1.23210e-04	3.31230	21.5	26389	1.25450e-04	3.31035	18.2	27544	1.20180e-04	3.31035	19.3
7256.102	nan	28787	1.15000e-04	3.31055	20.4	26895	1.23140e-04	3.31191	21.5	26340	1.25680e-04	3.31055	18.2	27538	1.20210e-04	3.31035	19.3
7257.290	nan	28792	1.14980e-04	3.31055	20.4	26873	1.23220e-04	3.31133	21.5	26404	1.25360e-04	3.30996	18.2	27529	1.20230e-04	3.30996	19.3
7258.478	nan	28790	1.14970e-04	3.30996	20.4	26906	1.23060e-04	3.31094	21.5	26356	1.25580e-04	3.30977	18.2	27543	1.20170e-04	3.30977	19.3
7259.667	nan	28775	1.15060e-04	3.31094	20.4	26898	1.23110e-04	3.31133	21.5	26336	1.25670e-04	3.30957	18.2	27533	1.20200e-04	3.30957	19.3
7260.855	nan	28782	1.15030e-04	3.31094	20.4	26935	1.22950e-04	3.31152	21.5	26327	1.25730e-04	3.31016	18.2	27551	1.20150e-04	3.31016	19.3
7262.043	nan	28814	1.14890e-04	3.31055	20.4	26935	1.22950e-04	3.31172	21.5	26358	1.25590e-04	3.31035	18.2	27551	1.20150e-04	3.31035	19.3
7263.231	nan	28802	1.14950e-04	3.31074	20.4	26912	1.23060e-04	3.31172	21.5	26341	1.25670e-04	3.31035	18.2	27516	1.20300e-04	3.31016	19.3
7264.420	nan	28794	1.15000e-04	3.31133	20.4	26913	1.23070e-04	3.31211	21.5	26350	1.25620e-04	3.31016	18.2	27545	1.20170e-04	3.31016	19.3
7265.608	nan	28820	1.14880e-04	3.31094	20.4	26948	1.22900e-04	3.31191	21.5	26322	1.25770e-04	3.31035	18.2	27526	1.20250e-04	3.31016	19.3
7266.796	nan	28793	1.14990e-04	3.31094	20.4	26910	1.23060e-04	3.31152	21.5	26369	1.25540e-04	3.31035	18.2	27517	1.20300e-04	3.31035	19.3
7267.984	nan	28808	1.14970e-04	3.31211	20.4	26901	1.23130e-04	3.31250	21.5	26349	1.25640e-04	3.31055	18.2	27512	1.20320e-04	3.31035	19.3
7269.173	nan	28815	1.14900e-04	3.31094	20.4	26912	1.23090e-04	3.31250	21.5	26349	1.25670e-04	3.31133	18.2	27537	1.20240e-04	3.31113	19.3
7270.361	nan	28797	1.14970e-04	3.31074	20.4	26872	1.23230e-04	3.31133	21.5	26363	1.25570e-04	3.31035	18.2	27539	1.20200e-04	3.31035	19.3
7271.549	nan	28793	1.14970e-04	3.31016	20.4	26894	1.23130e-04	3.31133	21.5	26376	1.25510e-04	3.31035	18.2	27562	1.20100e-04	3.31016	19.3
7272.737	nan	28809	1.14960e-04	3.31172	20.4	26915	1.23050e-04	3.31191	21.5	26334	1.25680e-04	3.30957	18.2	27532	1.20210e-04	3.30957	19.3
7273.926	nan	28762	1.15110e-04	3.31094	20.4	26871	1.23270e-04	3.31230	21.5	26336	1.25720e-04	3.31094	18.2	27507	1.20370e-04	3.31094	19.3
7275.114	nan	28801	1.14930e-04	3.31016	20.4	26887	1.23160e-04	3.31133	21.5	26345	1.25660e-04	3.31035	18.2	27494	1.20390e-04	3.31016	19.3
7276.302	nan	28831	1.14840e-04	3.31094	20.4	26910	1.23070e-04	3.31172	21.5	26353	1.25600e-04	3.30996	18.2	27508	1.20320e-04	3.30977	19.3
7277.491	nan	28813	1.14920e-04	3.31113	20.4	26915	1.23050e-04	3.31191	21.5	26372	1.25530e-04	3.31055	18.2	27525	1.20270e-04	3.31055	19.3
7278.679	nan	28777	1.15060e-04	3.31094	20.4	26906	1.23090e-04	3.31191	21.5	26332	1.25720e-04	3.31055	18.2	27553	1.20150e-04	3.31035	19.3
7279.867	nan	28765	1.15120e-04	3.31133	20.4	26864	1.23290e-04	3.31191	21.5	26323	1.25760e-04	3.31035	18.2	27508	1.20340e-04	3.31035	19.3
7281.055	nan	28797	1.15000e-04	3.31152	20.4	26913	1.23070e-04	3.31230	21.5	26351	1.25630e-04	3.31055	18.2	27492	1.20420e-04	3.31055	19.3
7282.243	nan	28809	1.14920e-04	3.31074	20.4	26894	1.23160e-04	3.31230	21.5	26358	1.25610e-04	3.31094	18.2	27531	1.20270e-04	3.31113	19.3
7283.432	nan	28815	1.14900e-04	3.31094	20.4	26897	1.23130e-04	3.31172	21.5	26350	1.25620e-04	3.31016	18.2	27533	1.20230e-04	3.31016	19.3
7284.620	nan	28816	1.14890e-04	3.31074	20.4	26929	1.22980e-04	3.31172	21.5	26331	1.25710e-04	3.31016	18.2	27544	1.20180e-04	3.31016	19.3
7285.809	nan	28814	1.14910e-04	3.31113	20.4	26902	1.23090e-04	3.31133	21.5	26352	1.25610e-04	3.31016	18.2	27534	1.20220e-04	3.31016	19.3
7286.997	nan	28847	1.14760e-04	3.31035	20.4	26909	1.23070e-04	3.31152	21.5	26322	1.25760e-04	3.31016	18.2	27534	1.20210e-04	3.30996	19.3
7288.185	nan	28790	1.15000e-04	3.31074	20.4	26877	1.23220e-04	3.31191	21.5	26320	1.25760e-04	3.31016	18.2	27533	1.20220e-04	3.30996	19.3
7289.373	nan	28776	1.15060e-04	3.31094	20.4	26883	1.23200e-04	3.31191	21.5	26318	1.25780e-04	3.31035	18.2	27539	1.20200e-04	3.31016	19.3
7290.561	nan	28811	1.14920e-04	3.31094	20.4	26896	1.23150e-04	3.31211	21.5	26327	1.25740e-04	3.31035	18.2	27497	1.20390e-04	3.31035	19.3
7291.750	nan	28820	1.14900e-04	3.31152	20.4	26955	1.22860e-04	3.31172	21.5	26347	1.25640e-04	3.31035	18.2	27534	1.20230e-04	3.31035	19.3
7292.938	nan	28787	1.15020e-04	3.31113	20.4	26884	1.23210e-04	3.31250	21.5	26319	1.25790e-04	3.31055	18.2	27523	1.20290e-04	3.31055	19.3
7294.126	nan	28837	1.14820e-04	3.31113	20.4	26912	1.23060e-04	3.31172	21.5	26392	1.25440e-04	3.31055	18.2	27501	1.20370e-04	3.31035	19.3
7295.315	nan	28812	1.14890e-04	3.31035	20.4	26895	1.23140e-04	3.31172	21.5	26361	1.25580e-04	3.31035	18.2	27542	1.20190e-04	3.31035	19.3
7296.502	nan	28841	1.14790e-04	3.31074	20.4	26904	1.23090e-04	3.31152	21.5	26349	1.25630e-04	3.31016	18.2	27567	1.20080e-04	3.31035	19.3
7297.691	nan	28843	1.14800e-04	3.31113	20.4	26924	1.23000e-04	3.31172	21.5	26316	1.25780e-04	3.31016	18.2	27524	1.20260e-04	3.30996	19.3
7298.879	nan	28813	1.14910e-04	3.31074	20.4	26882	1.23210e-04	3.31211	21.5	26341	1.25670e-04	3.31035	18.2	27517	1.20310e-04	3.31055	19.3
7300.067	nan	28840	1.14780e-04	3.31035	20.4	26911	1.23030e-04	3.31094	21.5	26344	1.25650e-04	3.31016	18.2	27518	1.20290e-04	3.30996	19.3
7301.256	nan	28809	1.14930e-04	3.31113	20.4	26914	1.23050e-04	3.31172	21.5	26378	1.25480e-04	3.30996	18.2	27551	1.20140e-04	3.30996	19.3
7302.444	nan	28784	1.15020e-04	3.31074	20.4	26885	1.23200e-04	3.31230	21.5	26341	1.25680e-04	3.31055	18.2	27524	1.20270e-04	3.31035	19.3
7303.633	nan	28845	1.14770e-04	3.31055	20.4	26909	1.23060e-04	3.31152	21.5	26357	1.25580e-04	3.30996	18.2	27533	1.20210e-04	3.30977	19.3
7304.821	nan	28833	1.14840e-04	3.31133	20.4	26902	1.23100e-04	3.31172	21.5	26342	1.25660e-04	3.31016	18.2	27526	1.20270e-04	3.31055	19.3
7306.009	nan	28819	1.14900e-04	3.31133	20.4	26937	1.22950e-04	3.31191	21.5	26351	1.25630e-04	3.31055	18.2	27568	1.20080e-04	3.31035	19.3
7307.197	nan	28830	1.14840e-04	3.31074	20.4	26933	1.22970e-04	3.31191	21.5	26356	1.25620e-04	3.31094	18.2	27534	1.20240e-04	3.31074	19.3
7308.386	nan	28837	1.14830e-04	3.31133	20.4	26942	1.22950e-04	3.31250	21.5	26380	1.25480e-04	3.31016	18.2	27559	1.20120e-04	3.31035	19.3
7309.573	nan	28850	1.14770e-04	3.31113	20.4	26942	1.22930e-04	3.31191	21.5	26350	1.25640e-04	3.31055	18.2	27512	1.20330e-04	3.31055	19.3
7310.762	nan	28875	1.14670e-04	3.31113	20.4	26946	1.22920e-04	3.31211	21.5	26357	1.25600e-04	3.31035	18.2	27536	1.20220e-04	3.31035	19.3
7311.950	nan	28847	1.14760e-04	3.31055	20.4	26929	1.22980e-04	3.31172	21.5	26373	1.25530e-04	3.31055	18.2	27540	1.20190e-04	3.31016	19.3
7313.138	nan	28842	1.14800e-04	3.31094	20.4	26925	1.23000e-04	3.31172	21.5	26360	1.25570e-04	3.30996	18.2	27526	1.20260e-04	3.31016	19.3
7314.327	nan	28836	1.14820e-04	3.31094	20.4	26957	1.22870e-04	3.31211	21.5	26348	1.25650e-04	3.31055	18.2	27508	1.20360e-04	3.31094	19.3
7315.515	nan	28845	1.14770e-04	3.31055	20.4	26936	1.22930e-04	3.31113	21.5	26394	1.25410e-04	3.31016	18.2	27490	1.20410e-04	3.30996	19.2
7316.703	nan	28863	1.14730e-04	3.31133	20.4	26940	1.22940e-04	3.31211	21.5	26367	1.25530e-04	3.30977	18.2	27547	1.20160e-04	3.30996	19.2
7317.891	nan	28895	1.14570e-04	3.31055	20.4	26925	1.23010e-04	3.31191	21.5	26380	1.25500e-04	3.31074	18.2	27533	1.20240e-04	3.31055	19.2
7319.080	nan	28850	1.14760e-04	3.31074	20.4	26965	1.22810e-04	3.31172	21.5	26407	1.25350e-04	3.31016	18.2	27525	1.20270e-04	3.31035	19.2
7320.268	nan	28840	1.14820e-04	3.31152	20.4	26963	1.22800e-04	3.31113	21.5	26410	1.25330e-04	3.30996	18.2	27572	1.20040e-04	3.30977	19.2
7321.456	nan	28864	1.14700e-04	3.31074	20.4	26950	1.22920e-04	3.31270	21.5	26377	1.25510e-04	3.31074	18.2	27517	1.20320e-04	3.31094	19.2
7322.644	nan	28869	1.14700e-04	3.31113	20.4	26927	1.22990e-04	3.31172	21.5	26389	1.25450e-04	3.31055	18.2	27548	1.20170e-04	3.31055	19.2
7323.833	nan	28860	1.14710e-04	3.31055	20.4	26962	1.22830e-04	3.31172	21.5	26393	1.25420e-04	3.31035	18.2	27560	1.20110e-04	3.31035	19.2
7325.021	nan	28850	1.14760e-04	3.31074	20.4	26929	1.22970e-04	3.31152	21.5	26410	1.25340e-04	3.31016	18.2	27528	1.20230e-04	3.30977	19.2
7326.209	nan	28858	1.14730e-04	3.31094	20.4	26928	1.22980e-04	3.31172	21.5	26410	1.25340e-04	3.31016	18.2	27544	1.20180e-04	3.31016	19.2
7327.398	nan	28862	1.14720e-04	3.31094	20.4	26939	1.22940e-04	3.31172	21.5	26400	1.25390e-04	3.31035	18.1	27536	1.20230e-04	3.31055	19.2
7328.586	nan	28839	1.14830e-04	3.31172	20.4	26951	1.22890e-04	3.31191	21.5	26398	1.25390e-04	3.31016	18.1	27528	1.20240e-04	3.30996	19.2
7329.774	nan	28853	1.14760e-04	3.31113	20.3	26956	1.22880e-04	3.31230	21.5	26399	1.25420e-04	3.31094	18.1	27564	1.20120e-04	3.31113	19.2
7330.962	nan	28841	1.14810e-04	3.31133	20.3	26938	1.22960e-04	3.31230	21.5	26379	1.25490e-04	3.31035	18.1	27589	1.19990e-04	3.31035	19.2
7332.151	nan	28861	1.14710e-04	3.31074	20.3	26959	1.22870e-04	3.31230	21.5	26394	1.25440e-04	3.31094	18.1	27503	1.20380e-04	3.31094	19.2
7333.339	nan	28860	1.14720e-04	3.31074	20.3	26941	1.22900e-04	3.31113	21.5	26388	1.25440e-04	3.31016	18.1	27522	1.20270e-04	3.31016	19.2
7334.527	nan	28877	1.14660e-04	3.31094	20.3	26942	1.22940e-04	3.31211	21.5	26404	1.25370e-04	3.31035	18.1	27555	1.20120e-04	3.30996	19.2
7335.715	nan	28849	1.14760e-04	3.31055	20.3	26918	1.23010e-04	3.31113	21.5	26408	1.25350e-04	3.31016	18.1	27568	1.20070e-04	3.30996	19.2
7336.903	nan	28864	1.14710e-04	3.31094	20.3	26938	1.22940e-04	3.31191	21.5	26406	1.25340e-04	3.30977	18.1	27561	1.20100e-04	3.30996	19.2
7338.092	nan	28872	1.14670e-04	3.31074	20.3	26923	1.22990e-04	3.31133	21.5	26410	1.25340e-04	3.31035	18.1	27544	1.20180e-04	3.31016	19.2
7339.280	nan	28875	1.14650e-04	3.31055	20.3	26989	1.22730e-04	3.31230	21.5	26399	1.25400e-04	3.31035	18.1	27540	1.20210e-04	3.31074	19.2
7340.468	nan	28870	1.14680e-04	3.31074	20.3	26964	1.22800e-04	3.31113	21.5	26427	1.25240e-04	3.30977	18.1	27550	1.20130e-04	3.30957	19.2
7341.657	nan	28844	1.14800e-04	3.31133	20.3	26932	1.22990e-04	3.31230	21.4	26403	1.25370e-04	3.31016	18.1	27568	1.20080e-04	3.31055	19.2
7342.844	nan	28873	1.14650e-04	3.31035	20.3	26925	1.22980e-04	3.31133	21.4	26385	1.25480e-04	3.31074	18.1	27552	1.20150e-04	3.31035	19.2
7344.033	nan	28878	1.14660e-04	3.31113	20.3	26964	1.22840e-04	3.31211	21.4	26406	1.25350e-04	3.30996	18.1	27558	1.20110e-04	3.31016	19.2
7345.221	nan	28876	1.14650e-04	3.31074	20.3	26975	1.22750e-04	3.31113	21.4	26402	1.25380e-04	3.31035	18.1	27542	1.20180e-04	3.31016	19.1
7346.409	nan	28833	1.14830e-04	3.31074	20.3	26968	1.22810e-04	3.31191	21.4	26405	1.25360e-04	3.31016	18.1	27590	1.19980e-04	3.31016	19.1
7347.597	nan	28877	1.14630e-04	3.31016	20.3	26946	1.22900e-04	3.31152	21.4	26404	1.25360e-04	3.31016	18.1	27547	1.20170e-04	3.31016	19.1
7348.786	nan	28886	1.14610e-04	3.31055	20.3	26956	1.22860e-04	3.31172	21.4	26411	1.25310e-04	3.30957	18.1	27574	1.20030e-04	3.30977	19.1
7349.974	nan	28851	1.14730e-04	3.31016	20.3	26971	1.22760e-04	3.31094	21.4	26422	1.25270e-04	3.30996	18.1	27521	1.20270e-04	3.30996	19.1
7351.162	nan	28875	1.14680e-04	3.31133	20.3	26992	1.22690e-04	3.31172	21.4	26403	1.25350e-04	3.30957	18.1	27559	1.20090e-04	3.30957	19.1
7352.351	nan	28874	1.14670e-04	3.31094	20.3	26966	1.22820e-04	3.31191	21.4	26431	1.25250e-04	3.31055	18.1	27533	1.20250e-04	3.31074	19.1
7353.539	nan	28842	1.14800e-04	3.31094	20.3	26959	1.22850e-04	3.31191	21.4	26431	1.25250e-04	3.31055	18.1	27520	1.20280e-04	3.31016	19.1
7354.727	nan	28855	1.14750e-04	3.31113	20.3	26960	1.22830e-04	3.31152	21.4	26425	1.25270e-04	3.31016	18.1	27540	1.20190e-04	3.31016	19.1
7355.916	nan	28845	1.14790e-04	3.31113	20.3	26958	1.22880e-04	3.31250	21.4	26416	1.25320e-04	3.31055	18.1	27512	1.20340e-04	3.31074	19.1
7357.104	nan	28818	1.14920e-04	3.31172	20.3	26990	1.22720e-04	3.31230	21.4	26428	1.25280e-04	3.31074	18.1	27551	1.20170e-04	3.31074	19.1
7358.292	nan	28839	1.14800e-04	3.31074	20.3	26984	1.22740e-04	3.31191	21.4	26418	1.25330e-04	3.31094	18.1	27531	1.20250e-04	3.31074	19.1
7359.480	nan	28879	1.14640e-04	3.31074	20.3	26971	1.22770e-04	3.31133	21.4	26394	1.25410e-04	3.30996	18.1	27531	1.20210e-04	3.30957	19.1
7360.668	nan	28845	1.14780e-04	3.31094	20.3	26981	1.22750e-04	3.31191	21.4	26400	1.25380e-04	3.31016	18.0	27531	1.20240e-04	3.31035	19.1
7361.857	nan	28828	1.14850e-04	3.31074	20.3	26980	1.22750e-04	3.31191	21.4	26408	1.25360e-04	3.31055	18.0	27580	1.20020e-04	3.31016	19.1
7363.045	nan	28873	1.14660e-04	3.31055	20.3	26945	1.22900e-04	3.31152	21.4	26416	1.25310e-04	3.31035	18.0	27551	1.20160e-04	3.31035	19.1
7364.233	nan	28884	1.14630e-04	3.31094	20.2	26976	1.22770e-04	3.31191	21.4	26395	1.25400e-04	3.30996	18.0	27570	1.20070e-04	3.31016	19.1
7365.422	nan	28888	1.14610e-04	3.31094	20.2	26982	1.22740e-04	3.31172	21.4	26435	1.25220e-04	3.31016	18.0	27565	1.20080e-04	3.30996	19.1
7366.610	nan	28844	1.14780e-04	3.31074	20.2	26964	1.22830e-04	3.31191	21.4	26422	1.25290e-04	3.31055	18.0	27558	1.20140e-04	3.31094	19.1
7367.798	nan	28831	1.14850e-04	3.31113	20.2	26955	1.22870e-04	3.31191	21.4	26418	1.25300e-04	3.31016	18.0	27584	1.20000e-04	3.31016	19.1
7368.986	nan	28830	1.14850e-04	3.31113	20.2	26974	1.22790e-04	3.31211	21.4	26456	1.25130e-04	3.31035	18.0	27502	1.20370e-04	3.31035	19.1
7370.174	nan	28840	1.14780e-04	3.31035	20.2	26992	1.22690e-04	3.31152	21.4	26439	1.25210e-04	3.31035	18.0	27546	1.20170e-04	3.31016	19.1
7371.363	nan	28847	1.14770e-04	3.31094	20.2	27012	1.22590e-04	3.31133	21.4	26411	1.25330e-04	3.30996	18.0	27578	1.20020e-04	3.30996	19.1
7372.551	nan	28878	1.14650e-04	3.31094	20.2	26975	1.22780e-04	3.31191	21.4	26439	1.25210e-04	3.31035	18.0	27576	1.20030e-04	3.30996	19.1
7373.739	nan	28819	1.14880e-04	3.31074	20.2	26976	1.22750e-04	3.31133	21.4	26378	1.25490e-04	3.31016	18.0	27572	1.20060e-04	3.31016	19.1
7374.928	nan	28872	1.14660e-04	3.31035	20.2	26973	1.22760e-04	3.31133	21.4	26417	1.25290e-04	3.30977	18.0	27523	1.20250e-04	3.30957	19.1
7376.116	nan	28845	1.14790e-04	3.31113	20.2	26956	1.22870e-04	3.31191	21.4	26445	1.25160e-04	3.30977	18.0	27541	1.20200e-04	3.31035	19.1
7377.304	nan	28884	1.14620e-04	3.31074	20.2	26939	1.22930e-04	3.31172	21.4	26427	1.25280e-04	3.31074	18.0	27574	1.20070e-04	3.31074	19.1
7378.492	nan	28838	1.14780e-04	3.30996	20.2	26981	1.22720e-04	3.31113	21.4	26429	1.25250e-04	3.31016	18.0	27570	1.20060e-04	3.30996	19.1
7379.681	nan	28848	1.14780e-04	3.31113	20.2	26998	1.22660e-04	3.31152	21.4	26426	1.25230e-04	3.30938	18.0	27549	1.20120e-04	3.30918	19.1
7380.869	nan	28872	1.14680e-04	3.31113	20.2	26980	1.22750e-04	3.31191	21.4	26392	1.25440e-04	3.31055	18.0	27549	1.20180e-04	3.31074	19.1
7382.057	nan	28850	1.14770e-04	3.31113	20.2	26969	1.22820e-04	3.31230	21.4	26440	1.25210e-04	3.31055	18.0	27568	1.20080e-04	3.31055	19.1
7383.246	nan	28886	1.14610e-04	3.31055	20.2	26968	1.22810e-04	3.31191	21.4	26421	1.25300e-04	3.31055	18.0	27597	1.19960e-04	3.31055	19.1
7384.434	nan	28842	1.14770e-04	3.31016	20.2	26972	1.22760e-04	3.31094	21.4	26401	1.25370e-04	3.30977	18.0	27533	1.20200e-04	3.30938	19.1
7385.622	nan	28884	1.14640e-04	3.31113	20.2	26996	1.22680e-04	3.31191	21.4	26436	1.25200e-04	3.30977	18.0	27519	1.20290e-04	3.31016	19.1
7386.810	nan	28868	1.14670e-04	3.31035	20.2	26989	1.22690e-04	3.31133	21.4	26411	1.25350e-04	3.31055	18.0	27576	1.20050e-04	3.31055	19.1
7387.998	nan	28872	1.14680e-04	3.31113	20.2	27009	1.22620e-04	3.31191	21.4	26424	1.25260e-04	3.30996	18.0	27570	1.20040e-04	3.30957	19.1
7389.187	nan	28824	1.14860e-04	3.31074	20.2	26986	1.22720e-04	3.31172	21.4	26414	1.25330e-04	3.31055	18.0	27550	1.20170e-04	3.31074	19.1
7390.375	nan	28840	1.14800e-04	3.31074	20.2	26988	1.22700e-04	3.31152	21.4	26423	1.25280e-04	3.31016	18.0	27558	1.20120e-04	3.31016	19.1
7391.563	nan	28878	1.14650e-04	3.31074	20.2	26969	1.22780e-04	3.31133	21.4	26415	1.25310e-04	3.31016	18.0	27568	1.20070e-04	3.30996	19.1
7392.751	nan	28847	1.14760e-04	3.31055	20.2	26972	1.22780e-04	3.31172	21.4	26410	1.25320e-04	3.30977	18.0	27547	1.20160e-04	3.30996	19.1
7393.940	nan	28858	1.14730e-04	3.31074	20.2	26952	1.22880e-04	3.31172	21.3	26446	1.25170e-04	3.31016	18.0	27558	1.20120e-04	3.31016	19.1
7395.128	nan	28834	1.14800e-04	3.31016	20.2	26985	1.22710e-04	3.31133	21.3	26461	1.25090e-04	3.30996	18.0	27566	1.20070e-04	3.30996	19.1
7396.316	nan	28837	1.14790e-04	3.31016	20.2	26969	1.22750e-04	3.31055	21.3	26426	1.25240e-04	3.30957	18.0	27558	1.20090e-04	3.30938	19.1
7397.504	nan	28857	1.14720e-04	3.31055	20.2	27034	1.22500e-04	3.31172	21.3	26442	1.25170e-04	3.30977	18.0	27571	1.20040e-04	3.30977	19.1
7398.693	nan	28844	1.14780e-04	3.31074	20.2	26994	1.22670e-04	3.31133	21.3	26419	1.25270e-04	3.30957	18.0	27536	1.20180e-04	3.30938	19.1
7399.881	nan	28861	1.14710e-04	3.31055	20.2	27003	1.22630e-04	3.31152	21.3	26418	1.25310e-04	3.31035	18.0	27544	1.20180e-04	3.31035	19.1
7401.069	nan	28833	1.14800e-04	3.30996	20.2	27003	1.22630e-04	3.31152	21.3	26439	1.25180e-04	3.30977	18.0	27549	1.20150e-04	3.31016	19.1
7402.257	nan	28855	1.14740e-04	3.31074	20.2	26956	1.22840e-04	3.31133	21.3	26411	1.25300e-04	3.30938	18.0	27551	1.20130e-04	3.30957	19.1
7403.445	nan	28852	1.14750e-04	3.31074	20.2	26975	1.22770e-04	3.31172	21.3	26438	1.25210e-04	3.31016	18.0	27541	1.20180e-04	3.30996	19.1
7404.634	nan	28866	1.14710e-04	3.31133	20.2	26947	1.22910e-04	3.31211	21.3	26430	1.25250e-04	3.31035	18.0	27546	1.20200e-04	3.31094	19.1
7405.822	nan	28812	1.14920e-04	3.31094	20.2	26994	1.22690e-04	3.31191	21.3	26456	1.25140e-04	3.31074	18.0	27546	1.20160e-04	3.30996	19.1
7407.011	nan	28870	1.14700e-04	3.31133	20.2	26987	1.22730e-04	3.31211	21.3	26473	1.25040e-04	3.31016	18.0	27557	1.20120e-04	3.31016	19.1
7408.198	nan	28861	1.14710e-04	3.31074	20.2	26973	1.22790e-04	3.31191	21.3	26437	1.25220e-04	3.31055	18.0	27563	1.20120e-04	3.31094	19.1
7409.387	nan	28851	1.14750e-04	3.31055	20.2	27008	1.22620e-04	3.31172	21.3	26431	1.25240e-04	3.31016	18.0	27553	1.20140e-04	3.31016	19.1
7410.575	nan	28840	1.14810e-04	3.31113	20.2	26990	1.22690e-04	3.31133	21.3	26450	1.25160e-04	3.31035	18.0	27569	1.20060e-04	3.30996	19.1
7411.763	nan	28901	1.14540e-04	3.31035	20.2	26953	1.22870e-04	3.31172	21.3	26447	1.25160e-04	3.31016	18.0	27566	1.20080e-04	3.31016	19.1
7412.952	nan	28846	1.14770e-04	3.31055	20.2	27004	1.22630e-04	3.31152	21.3	26461	1.25090e-04	3.31016	18.0	27553	1.20140e-04	3.31016	19.1
7414.140	nan	28887	1.14600e-04	3.31055	20.2	27021	1.22560e-04	3.31152	21.3	26453	1.25130e-04	3.31016	18.0	27575	1.20030e-04	3.30996	19.1
7415.328	nan	28862	1.14720e-04	3.31113	20.2	26967	1.22810e-04	3.31172	21.3	26447	1.25160e-04	3.30996	18.0	27546	1.20150e-04	3.30977	19.1
7416.517	nan	28814	1.14890e-04	3.31035	20.2	26975	1.22770e-04	3.31172	21.3	26432	1.25240e-04	3.31035	18.0	27576	1.20040e-04	3.31016	19.1
7417.705	nan	28857	1.14730e-04	3.31074	20.2	26959	1.22830e-04	3.31152	21.3	26490	1.24960e-04	3.31016	18.0	27566	1.20080e-04	3.31016	19.1
7418.893	nan	28847	1.14800e-04	3.31152	20.2	26978	1.22760e-04	3.31172	21.3	26486	1.24970e-04	3.30996	18.0	27556	1.20120e-04	3.30996	19.1
7420.081	nan	28866	1.14700e-04	3.31094	20.2	26996	1.22700e-04	3.31250	21.3	26455	1.25150e-04	3.31094	18.0	27535	1.20240e-04	3.31094	19.1
7421.270	nan	28821	1.14890e-04	3.31113	20.2	26992	1.22700e-04	3.31191	21.3	26447	1.25180e-04	3.31055	18.0	27576	1.20050e-04	3.31055	19.1
7422.458	nan	28845	1.14770e-04	3.31035	20.2	26978	1.22740e-04	3.31113	21.3	26455	1.25130e-04	3.31035	18.0	27573	1.20060e-04	3.31035	19.1
7423.646	nan	28857	1.14740e-04	3.31113	20.2	26977	1.22770e-04	3.31191	21.3	26487	1.24970e-04	3.30996	18.0	27562	1.20090e-04	3.30996	19.1
7424.834	nan	28874	1.14660e-04	3.31074	20.2	27000	1.22670e-04	3.31191	21.3	26467	1.25080e-04	3.31035	18.0	27562	1.20100e-04	3.31035	19.1
7426.023	nan	28852	1.14740e-04	3.31055	20.2	26988	1.22700e-04	3.31152	21.3	26485	1.24990e-04	3.31035	18.0	27579	1.20010e-04	3.30977	19.1
7427.211	nan	28860	1.14730e-04	3.31094	20.2	26967	1.22800e-04	3.31172	21.3	26504	1.24890e-04	3.30996	18.0	27554	1.20130e-04	3.31016	19.1
7428.399	nan	28876	1.14650e-04	3.31055	20.2	26988	1.22700e-04	3.31152	21.3	26431	1.25250e-04	3.31055	18.0	27567	1.20080e-04	3.31016	19.1
7429.588	nan	28836	1.14800e-04	3.31035	20.2	26991	1.22670e-04	3.31113	21.3	26457	1.25100e-04	3.30977	18.0	27498	1.20360e-04	3.30957	19.1
7430.776	nan	28879	1.14630e-04	3.31055	20.2	26964	1.22810e-04	3.31133	21.3	26486	1.24970e-04	3.30996	18.0	27572	1.20060e-04	3.31016	19.1
7431.964	nan	28859	1.14740e-04	3.31133	20.2	27019	1.22590e-04	3.31211	21.3	26468	1.25060e-04	3.31016	18.0	27581	1.20030e-04	3.31055	19.1
7433.152	nan	28873	1.14680e-04	3.31113	20.2	27030	1.22530e-04	3.31191	21.3	26468	1.25080e-04	3.31074	18.0	27558	1.20130e-04	3.31055	19.1
7434.340	nan	28862	1.14720e-04	3.31113	20.2	26996	1.22690e-04	3.31230	21.3	26478	1.25030e-04	3.31055	18.0	27571	1.20060e-04	3.31016	19.1
7435.529	nan	28856	1.14720e-04	3.31035	20.2	26981	1.22740e-04	3.31172	21.3	26458	1.25120e-04	3.31035	18.0	27566	1.20090e-04	3.31035	19.1
7436.717	nan	28833	1.14830e-04	3.31074	20.2	27000	1.22650e-04	3.31152	21.3	26444	1.25160e-04	3.30977	18.0	27562	1.20080e-04	3.30977	19.1
7437.905	nan	28879	1.14670e-04	3.31152	20.2	27018	1.22590e-04	3.31211	21.3	26458	1.25110e-04	3.31016	18.0	27584	1.20010e-04	3.31035	19.1
7439.094	nan	28886	1.14610e-04	3.31055	20.2	26990	1.22710e-04	3.31211	21.3	26476	1.25050e-04	3.31074	18.0	27591	1.19990e-04	3.31074	19.1
7440.282	nan	28860	1.14720e-04	3.31094	20.2	27006	1.22640e-04	3.31191	21.3	26493	1.24940e-04	3.31016	18.0	27581	1.20020e-04	3.31035	19.1
7441.470	nan	28863	1.14710e-04	3.31074	20.2	27009	1.22600e-04	3.31133	21.3	26484	1.24990e-04	3.31035	18.0	27571	1.20070e-04	3.31035	19.1
7442.658	nan	28852	1.14730e-04	3.31016	20.2	26981	1.22720e-04	3.31113	21.3	26502	1.24900e-04	3.31016	18.0	27547	1.20140e-04	3.30957	19.1
7443.846	nan	28854	1.14750e-04	3.31113	20.2	26980	1.22770e-04	3.31230	21.3	26454	1.25110e-04	3.30977	18.0	27585	1.20010e-04	3.31055	19.1
7445.035	nan	28880	1.14630e-04	3.31055	20.2	26999	1.22640e-04	3.31113	21.3	26462	1.25090e-04	3.31016	18.0	27593	1.19940e-04	3.30957	19.1
7446.223	nan	28876	1.14660e-04	3.31094	20.2	27030	1.22550e-04	3.31250	21.3	26442	1.25190e-04	3.31035	18.0	27560	1.20130e-04	3.31074	19.1
7447.411	nan	28859	1.14730e-04	3.31113	20.2	26991	1.22710e-04	3.31211	21.3	26473	1.25050e-04	3.31055	18.0	27561	1.20100e-04	3.31016	19.1
7448.600	nan	28865	1.14710e-04	3.31094	20.2	27014	1.22590e-04	3.31152	21.3	26462	1.25100e-04	3.31055	18.0	27577	1.20050e-04	3.31055	19.1
7449.788	nan	28893	1.14570e-04	3.31016	20.2	27002	1.22630e-04	3.31133	21.3	26464	1.25070e-04	3.30996	18.0	27584	1.19980e-04	3.30957	19.1
7450.976	nan	28869	1.14690e-04	3.31094	20.2	26983	1.22720e-04	3.31133	21.3	26455	1.25110e-04	3.30996	18.0	27567	1.20060e-04	3.30977	19.1
7452.164	nan	28851	1.14750e-04	3.31074	20.2	26992	1.22700e-04	3.31191	21.3	26479	1.25020e-04	3.31035	18.0	27601	1.19940e-04	3.31035	19.1
7453.353	nan	28841	1.14770e-04	3.31016	20.2	27014	1.22570e-04	3.31094	21.3	26494	1.24940e-04	3.31016	18.0	27607	1.19900e-04	3.31016	19.1
7454.541	nan	28882	1.14630e-04	3.31074	20.2	26992	1.22710e-04	3.31211	21.3	26446	1.25150e-04	3.30977	18.0	27591	1.19970e-04	3.30996	19.1
7455.729	nan	28856	1.14740e-04	3.31094	20.2	27018	1.22570e-04	3.31152	21.3	26482	1.24990e-04	3.30996	18.0	27562	1.20100e-04	3.31016	19.1
7456.917	nan	28896	1.14550e-04	3.30996	20.2	27001	1.22620e-04	3.31094	21.3	26501	1.24900e-04	3.31016	18.0	27602	1.19910e-04	3.30977	19.1
7458.106	nan	28871	1.14690e-04	3.31113	20.2	27015	1.22600e-04	3.31191	21.3	26476	1.25000e-04	3.30957	18.0	27585	1.19990e-04	3.30996	19.1
7459.294	nan	28894	1.14580e-04	3.31074	20.2	27034	1.22500e-04	3.31172	21.3	26503	1.24900e-04	3.31035	18.0	27577	1.20030e-04	3.30996	19.1
7460.482	nan	28901	1.14560e-04	3.31094	20.2	27009	1.22610e-04	3.31152	21.3	26485	1.24980e-04	3.31016	18.0	27592	1.19980e-04	3.31035	19.1
7461.670	nan	28863	1.14700e-04	3.31055	20.2	27008	1.22620e-04	3.31172	21.3	26498	1.24940e-04	3.31055	18.0	27575	1.20060e-04	3.31055	19.1
7462.859	nan	28917	1.14510e-04	3.31133	20.2	27040	1.22480e-04	3.31191	21.3	26494	1.24930e-04	3.30996	18.0	27610	1.19890e-04	3.31016	19.1
7464.047	nan	28867	1.14680e-04	3.31055	20.2	26985	1.22710e-04	3.31133	21.3	26442	1.25200e-04	3.31055	18.0	27576	1.20030e-04	3.30996	19.1
7465.235	nan	28872	1.14660e-04	3.31035	20.2	26992	1.22700e-04	3.31191	21.3	26475	1.25010e-04	3.30977	18.0	27607	1.19900e-04	3.31016	19.1
7466.423	nan	28878	1.14650e-04	3.31094	20.2	27032	1.22500e-04	3.31152	21.3	26507	1.24870e-04	3.30996	18.0	27597	1.19930e-04	3.30977	19.1
7467.612	nan	28874	1.14640e-04	3.31016	20.2	26989	1.22680e-04	3.31113	21.3	26482	1.24990e-04	3.31016	18.0	27587	1.19980e-04	3.30996	19.1
7468.800	nan	28861	1.14700e-04	3.31035	20.2	26982	1.22710e-04	3.31094	21.3	26489	1.24940e-04	3.30957	18.0	27587	1.19960e-04	3.30938	19.1
7469.988	nan	28859	1.14720e-04	3.31074	20.2	27015	1.22590e-04	3.31172	21.3	26465	1.25080e-04	3.31016	18.0	27581	1.20000e-04	3.30977	19.1
7471.176	nan	28868	1.14680e-04	3.31055	20.2	27016	1.22570e-04	3.31152	21.3	26497	1.24930e-04	3.31035	18.0	27599	1.19950e-04	3.31055	19.1
7472.364	nan	28854	1.14770e-04	3.31152	20.2	26997	1.22690e-04	3.31211	21.3	26491	1.24950e-04	3.30996	18.0	27575	1.20030e-04	3.30977	19.1
7473.553	nan	28874	1.14670e-04	3.31094	20.2	27023	1.22570e-04	3.31211	21.3	26507	1.24910e-04	3.31094	18.0	27610	1.19900e-04	3.31055	19.1
7474.741	nan	28847	1.14790e-04	3.31133	20.2	27005	1.22650e-04	3.31211	21.3	26521	1.24820e-04	3.31035	18.0	27595	1.19970e-04	3.31055	19.1
7475.929	nan	28856	1.14710e-04	3.31016	20.2	27025	1.22530e-04	3.31133	21.3	26512	1.24880e-04	3.31074	18.0	27587	1.20010e-04	3.31074	19.1
7477.118	nan	28856	1.14750e-04	3.31133	20.2	27009	1.22640e-04	3.31230	21.3	26506	1.24860e-04	3.30957	18.0	27587	1.19980e-04	3.30996	19.1
7478.306	nan	28857	1.14740e-04	3.31094	20.2	26983	1.22730e-04	3.31152	21.3	26512	1.24880e-04	3.31074	18.0	27613	1.19880e-04	3.31016	19.1
7479.494	nan	28881	1.14640e-04	3.31074	20.2	27043	1.22460e-04	3.31172	21.3	26488	1.24970e-04	3.31016	18.0	27602	1.19940e-04	3.31055	19.1
7480.683	nan	28881	1.14630e-04	3.31074	20.2	27004	1.22630e-04	3.31152	21.3	26512	1.24860e-04	3.31035	18.0	27611	1.19890e-04	3.31016	19.1
7481.871	nan	28894	1.14580e-04	3.31055	20.2	26987	1.22700e-04	3.31133	21.3	26476	1.25030e-04	3.31016	18.0	27593	1.19950e-04	3.30977	19.1
7483.059	nan	28869	1.14660e-04	3.31016	20.2	26991	1.22680e-04	3.31133	21.3	26505	1.24870e-04	3.30977	18.0	27585	1.20000e-04	3.31016	19.1
7484.247	nan	28899	1.14560e-04	3.31074	20.2	27027	1.22540e-04	3.31172	21.3	26482	1.24980e-04	3.30957	18.0	27554	1.20110e-04	3.30938	19.1
7485.436	nan	28846	1.14770e-04	3.31074	20.2	27004	1.22640e-04	3.31172	21.3	26487	1.24980e-04	3.31035	18.0	27598	1.19960e-04	3.31074	19.1
7486.623	nan	28860	1.14730e-04	3.31113	20.2	27004	1.22640e-04	3.31172	21.3	26447	1.25150e-04	3.30996	18.0	27624	1.19830e-04	3.31016	19.1
7487.812	nan	28912	1.14530e-04	3.31133	20.2	27023	1.22570e-04	3.31230	21.3	26488	1.24990e-04	3.31074	18.0	27573	1.20070e-04	3.31055	19.1
7489.000	nan	28877	1.14680e-04	3.31152	20.2	26994	1.22710e-04	3.31250	21.3	26473	1.25050e-04	3.31055	18.0	27613	1.19910e-04	3.31113	19.1
7490.189	nan	28892	1.14590e-04	3.31074	20.2	26961	1.22840e-04	3.31191	21.3	26495	1.24960e-04	3.31074	18.0	27588	1.19990e-04	3.31035	19.1
7491.377	nan	28918	1.14450e-04	3.30977	20.2	26999	1.22630e-04	3.31074	21.3	26494	1.24930e-04	3.30996	18.0	27582	1.20000e-04	3.30996	19.1
7492.565	nan	28891	1.14600e-04	3.31094	20.2	26993	1.22690e-04	3.31191	21.3	26478	1.24980e-04	3.30918	18.0	27616	1.19840e-04	3.30957	19.1
7493.753	nan	28878	1.14640e-04	3.31055	20.2	26982	1.22720e-04	3.31133	21.3	26498	1.24940e-04	3.31055	18.0	27589	1.19970e-04	3.30996	19.1
7494.942	nan	28882	1.14630e-04	3.31074	20.2	26992	1.22690e-04	3.31152	21.3	26475	1.25010e-04	3.30977	18.0	27576	1.20020e-04	3.30977	19.1
7496.130	nan	28900	1.14560e-04	3.31074	20.2	27018	1.22570e-04	3.31172	21.3	26502	1.24910e-04	3.31035	18.0	27589	1.20000e-04	3.31055	19.1
7497.318	nan	28888	1.14590e-04	3.31016	20.2	27002	1.22620e-04	3.31113	21.3	26467	1.25070e-04	3.31016	18.0	27576	1.20020e-04	3.30977	19.1
7498.506	nan	28894	1.14580e-04	3.31074	20.2	26995	1.22670e-04	3.31152	21.3	26509	1.24850e-04	3.30977	18.0	27588	1.19970e-04	3.30977	19.1
7499.695	nan	28908	1.14510e-04	3.31035	20.2	26994	1.22670e-04	3.31152	21.3	26510	1.24860e-04	3.30996	18.0	27594	1.19970e-04	3.31035	19.1
7500.883	nan	28913	1.14530e-04	3.31133	20.2	27015	1.22600e-04	3.31191	21.3	26471	1.25030e-04	3.30977	18.0	27603	1.19910e-04	3.30977	19.1
7502.071	nan	28884	1.14620e-04	3.31074	20.2	27025	1.22540e-04	3.31172	21.3	26500	1.24930e-04	3.31055	18.0	27566	1.20080e-04	3.31016	19.1
7503.260	nan	28884	1.14610e-04	3.31055	20.2	27026	1.22530e-04	3.31152	21.3	26463	1.25080e-04	3.30996	18.0	27578	1.20030e-04	3.31016	19.1
7504.448	nan	28880	1.14620e-04	3.31016	20.2	27022	1.22540e-04	3.31113	21.3	26475	1.25020e-04	3.30996	18.0	27579	1.20010e-04	3.30977	19.1
7505.636	nan	28921	1.14460e-04	3.31035	20.2	26988	1.22690e-04	3.31133	21.3	26505	1.24870e-04	3.30957	18.0	27612	1.19870e-04	3.30977	19.1
7506.824	nan	28898	1.14570e-04	3.31094	20.2	27013	1.22600e-04	3.31172	21.3	26500	1.24910e-04	3.31016	18.0	27583	1.20000e-04	3.30996	19.1
7508.013	nan	28882	1.14630e-04	3.31074	20.2	26949	1.22880e-04	3.31152	21.3	26487	1.24980e-04	3.31035	18.0	27597	1.19950e-04	3.31016	19.1
7509.201	nan	28915	1.14490e-04	3.31055	20.2	26990	1.22690e-04	3.31133	21.3	26477	1.25010e-04	3.30996	18.0	27601	1.19900e-04	3.30938	19.1
7510.389	nan	28871	1.14670e-04	3.31074	20.2	26978	1.22760e-04	3.31172	21.3	26500	1.24900e-04	3.30996	18.0	27594	1.19950e-04	3.30996	19.1
7511.578	nan	28918	1.14470e-04	3.31035	20.2	27027	1.22520e-04	3.31133	21.3	26504	1.24890e-04	3.31016	18.0	27613	1.19870e-04	3.30996	19.1
7512.765	nan	28884	1.14610e-04	3.31035	20.2	27021	1.22550e-04	3.31133	21.3	26463	1.25070e-04	3.30977	18.0	27610	1.19880e-04	3.30996	19.1
7513.954	nan	28872	1.14670e-04	3.31074	20.2	27027	1.22540e-04	3.31172	21.3	26478	1.25010e-04	3.30996	18.0	27579	1.20020e-04	3.30996	19.1
7515.142	nan	28865	1.14720e-04	3.31133	20.2	26993	1.22690e-04	3.31191	21.3	26471	1.25040e-04	3.30996	18.0	27612	1.19880e-04	3.31016	19.1
7516.331	nan	28896	1.14570e-04	3.31074	20.2	26997	1.22670e-04	3.31172	21.3	26502	1.24920e-04	3.31074	18.0	27573	1.20060e-04	3.31055	19.1
7517.519	nan	28907	1.14520e-04	3.31055	20.2	27018	1.22560e-04	3.31133	21.3	26451	1.25140e-04	3.31016	18.0	27564	1.20080e-04	3.30977	19.1
7518.707	nan	28917	1.14470e-04	3.31016	20.2	27013	1.22570e-04	3.31094	21.3	26485	1.24980e-04	3.30996	18.0	27570	1.20060e-04	3.30996	19.1
7519.895	nan	28890	1.14580e-04	3.31035	20.2	27034	1.22500e-04	3.31172	21.3	26466	1.25040e-04	3.30938	18.0	27630	1.19780e-04	3.30957	19.1
7521.083	nan	28893	1.14590e-04	3.31074	20.2	26991	1.22690e-04	3.31152	21.3	26506	1.24880e-04	3.30996	18.0	27597	1.19930e-04	3.30977	19.1
7522.272	nan	28891	1.14570e-04	3.31016	20.2	27032	1.22500e-04	3.31133	21.3	26484	1.24980e-04	3.30996	18.0	27568	1.20070e-04	3.30996	19.1
7523.460	nan	28914	1.14480e-04	3.31016	20.2	26990	1.22670e-04	3.31094	21.3	26499	1.24900e-04	3.30977	18.0	27621	1.19820e-04	3.30957	19.1
7524.648	nan	28889	1.14620e-04	3.31133	20.2	26999	1.22680e-04	3.31230	21.3	26506	1.24860e-04	3.30957	18.0	27596	1.19960e-04	3.31035	19.1
7525.836	nan	28858	1.14710e-04	3.31035	20.2	26992	1.22680e-04	3.31133	21.3	26502	1.24930e-04	3.31074	18.0	27603	1.19930e-04	3.31035	19.1
7527.025	nan	28892	1.14560e-04	3.30977	20.2	27005	1.22600e-04	3.31094	21.3	26480	1.24990e-04	3.30977	18.0	27629	1.19790e-04	3.30957	19.1
7528.213	nan	28952	1.14370e-04	3.31113	20.2	27045	1.22450e-04	3.31172	21.3	26493	1.24920e-04	3.30938	18.0	27609	1.19870e-04	3.30957	19.1
7529.401	nan	28872	1.14660e-04	3.31035	20.2	27023	1.22540e-04	3.31133	21.3	26525	1.24800e-04	3.31035	18.0	27589	1.19980e-04	3.31016	19.1
7530.589	nan	28863	1.14730e-04	3.31152	20.2	27029	1.22550e-04	3.31230	21.3	26466	1.25070e-04	3.30996	18.0	27615	1.19870e-04	3.31035	19.1
7531.778	nan	28907	1.14510e-04	3.31016	20.2	26994	1.22660e-04	3.31113	21.3	26502	1.24930e-04	3.31074	18.0	27589	1.19980e-04	3.30996	19.1
7532.966	nan	28892	1.14560e-04	3.30996	20.2	26993	1.22670e-04	3.31113	21.3	26511	1.24850e-04	3.30977	18.0	27593	1.19960e-04	3.30996	19.1
7534.154	nan	28897	1.14570e-04	3.31074	20.2	27017	1.22570e-04	3.31133	21.3	26518	1.24810e-04	3.30957	18.0	27609	1.19860e-04	3.30918	19.1
7535.343	nan	28949	1.14370e-04	3.31094	20.2	26986	1.22730e-04	3.31191	21.3	26488	1.24960e-04	3.30996	18.0	27607	1.19920e-04	3.31055	19.1
7536.531	nan	28888	1.14600e-04	3.31055	20.2	26997	1.22660e-04	3.31152	21.3	26492	1.24970e-04	3.31055	18.0	27591	1.19970e-04	3.30996	19.1
7537.719	nan	28894	1.14560e-04	3.31016	20.2	26978	1.22730e-04	3.31113	21.3	26489	1.24950e-04	3.30977	18.0	27583	1.20000e-04	3.30996	19.1
7538.907	nan	28882	1.14620e-04	3.31035	20.2	26983	1.22720e-04	3.31133	21.3	26517	1.24820e-04	3.30977	18.0	27612	1.19880e-04	3.31016	19.1
7540.096	nan	28891	1.14590e-04	3.31074	20.2	26980	1.22750e-04	3.31172	21.3	26514	1.24840e-04	3.30996	18.0	27591	1.19970e-04	3.30996	19.1
7541.284	nan	28903	1.14550e-04	3.31074	20.2	26970	1.22790e-04	3.31152	21.3	26503	1.24900e-04	3.31035	18.0	27609	1.19870e-04	3.30957	19.1
7542.472	nan	28877	1.14670e-04	3.31113	20.2	26977	1.22780e-04	3.31211	21.3	26480	1.25000e-04	3.30996	18.0	27624	1.19840e-04	3.31055	19.1
7543.660	nan	28934	1.14420e-04	3.31055	20.2	27017	1.22570e-04	3.31133	21.3	26518	1.24840e-04	3.31055	18.0	27615	1.19860e-04	3.30996	19.1
7544.848	nan	28919	1.14500e-04	3.31133	20.2	27033	1.22520e-04	3.31211	21.3	26502	1.24900e-04	3.30996	18.0	27584	1.20020e-04	3.31055	19.1
7546.037	nan	28901	1.14540e-04	3.31016	20.2	27020	1.22550e-04	3.31133	21.3	26477	1.25040e-04	3.31074	18.0	27610	1.19890e-04	3.31035	19.1
7547.225	nan	28897	1.14560e-04	3.31055	20.2	27000	1.22640e-04	3.31133	21.3	26492	1.24940e-04	3.30977	18.0	27583	1.19990e-04	3.30977	19.1
7548.413	nan	28860	1.14720e-04	3.31094	20.2	27003	1.22640e-04	3.31152	21.3	26513	1.24830e-04	3.30957	18.0	27627	1.19800e-04	3.30957	19.1
7549.602	nan	28907	1.14520e-04	3.31035	20.2	26990	1.22690e-04	3.31133	21.3	26491	1.24960e-04	3.31035	18.0	27562	1.20110e-04	3.31035	19.1
7550.790	nan	28866	1.14670e-04	3.31016	20.2	26979	1.22740e-04	3.31133	21.3	26502	1.24870e-04	3.30938	18.0	27583	1.19980e-04	3.30938	19.1
7551.978	nan	28867	1.14670e-04	3.31016	20.2	27003	1.22610e-04	3.31094	21.3	26496	1.24930e-04	3.31016	18.0	27607	1.19890e-04	3.30996	19.1
7553.167	nan	28900	1.14540e-04	3.31016	20.2	27002	1.22620e-04	3.31113	21.3	26520	1.24800e-04	3.30977	18.0	27548	1.20140e-04	3.30977	19.1
7554.355	nan	28875	1.14670e-04	3.31113	20.2	27009	1.22610e-04	3.31172	21.3	26475	1.25010e-04	3.30977	18.0	27582	1.20000e-04	3.30977	19.1
7555.543	nan	28860	1.14700e-04	3.31016	20.2	26966	1.22790e-04	3.31113	21.3	26501	1.24900e-04	3.31016	18.0	27597	1.19950e-04	3.31016	19.1
7556.731	nan	28873	1.14670e-04	3.31074	20.2	26968	1.22800e-04	3.31152	21.3	26501	1.24890e-04	3.30977	18.0	27585	1.19980e-04	3.30977	19.1
7557.919	nan	28833	1.14800e-04	3.31016	20.2	26958	1.22820e-04	3.31094	21.3	26510	1.24860e-04	3.30996	18.0	27551	1.20130e-04	3.30977	19.1
7559.108	nan	28842	1.14790e-04	3.31074	20.2	26976	1.22760e-04	3.31152	21.3	26497	1.24910e-04	3.30977	18.0	27584	1.19990e-04	3.30977	19.1
7560.296	nan	28839	1.14790e-04	3.31035	20.2	26944	1.22900e-04	3.31133	21.3	26507	1.24870e-04	3.30996	18.0	27563	1.20070e-04	3.30957	19.1
7561.484	nan	28839	1.14790e-04	3.31035	20.2	26970	1.22770e-04	3.31113	21.3	26477	1.25000e-04	3.30977	18.0	27576	1.20030e-04	3.30996	19.1
7562.673	nan	28836	1.14810e-04	3.31074	20.2	26958	1.22840e-04	3.31152	21.3	26496	1.24920e-04	3.30996	18.0	27593	1.19960e-04	3.30996	19.1
7563.861	nan	28840	1.14790e-04	3.31055	20.2	26959	1.22830e-04	3.31133	21.3	26493	1.24940e-04	3.30996	18.0	27582	1.20000e-04	3.30996	19.1
7565.049	nan	28819	1.14870e-04	3.31035	20.2	26964	1.22800e-04	3.31133	21.3	26464	1.25070e-04	3.30977	18.0	27612	1.19870e-04	3.30977	19.1
7566.237	nan	28783	1.15010e-04	3.31035	20.2	26977	1.22750e-04	3.31133	21.3	26485	1.24960e-04	3.30957	18.0	27647	1.19720e-04	3.30977	19.1
7567.426	nan	28813	1.14890e-04	3.31035	20.3	26978	1.22740e-04	3.31133	21.3	26502	1.24900e-04	3.30996	18.0	27659	1.19660e-04	3.30977	19.1
7568.614	nan	28810	1.14900e-04	3.31016	20.3	27053	1.22400e-04	3.31113	21.3	26509	1.24860e-04	3.30996	18.0	27658	1.19660e-04	3.30957	19.1
7569.802	nan	28803	1.14940e-04	3.31055	20.3	27080	1.22280e-04	3.31152	21.3	26529	1.24760e-04	3.30977	18.0	27721	1.19410e-04	3.31016	19.1
7570.991	nan	28770	1.15060e-04	3.31035	20.3	27025	1.22530e-04	3.31133	21.3	26486	1.24970e-04	3.30996	18.0	27705	1.19470e-04	3.30996	19.1
7572.179	nan	28791	1.14970e-04	3.31016	20.3	27070	1.22320e-04	3.31113	21.3	26507	1.24860e-04	3.30957	18.0	27751	1.19270e-04	3.30977	19.1
7573.367	nan	28770	1.15080e-04	3.31074	20.3	27022	1.22560e-04	3.31172	21.3	26490	1.24950e-04	3.30977	18.0	27716	1.19430e-04	3.30996	19.1
7574.555	nan	28766	1.15080e-04	3.31035	20.3	27034	1.22490e-04	3.31133	21.3	26489	1.24960e-04	3.31016	18.0	27677	1.19590e-04	3.30996	19.1
7575.744	nan	28778	1.15050e-04	3.31074	20.3	27014	1.22590e-04	3.31172	21.3	26458	1.25100e-04	3.30996	18.0	27688	1.19540e-04	3.30996	19.1
7576.932	nan	28764	1.15080e-04	3.31016	20.3	27032	1.22490e-04	3.31133	21.3	26473	1.25040e-04	3.31016	18.0	27694	1.19520e-04	3.31016	19.1
7578.120	nan	28723	1.15270e-04	3.31074	20.3	27020	1.22550e-04	3.31133	21.3	26477	1.25010e-04	3.30977	18.0	27721	1.19400e-04	3.30977	19.1
7579.308	nan	28717	1.15280e-04	3.31055	20.3	27010	1.22600e-04	3.31152	21.3	26520	1.24820e-04	3.31016	18.0	27668	1.19620e-04	3.30977	19.1
7580.496	nan	28684	1.15410e-04	3.31055	20.3	27033	1.22500e-04	3.31152	21.3	26467	1.25060e-04	3.30996	18.0	27660	1.19670e-04	3.30996	19.1
7581.684	nan	28692	1.15390e-04	3.31074	20.3	27019	1.22560e-04	3.31152	21.3	26465	1.25070e-04	3.30996	18.0	27678	1.19580e-04	3.30977	19.1
7582.873	nan	28644	1.15580e-04	3.31074	20.3	26989	1.22700e-04	3.31152	21.3	26470	1.25050e-04	3.30996	18.0	27679	1.19590e-04	3.31016	19.1
7584.061	nan	28658	1.15510e-04	3.31035	20.4	27044	1.22450e-04	3.31152	21.3	26504	1.24890e-04	3.31016	18.0	27633	1.19780e-04	3.30996	19.1
7585.249	nan	28659	1.15520e-04	3.31074	20.4	27043	1.22450e-04	3.31133	21.3	26514	1.24840e-04	3.30996	18.0	27664	1.19640e-04	3.30977	19.1
7586.437	nan	28609	1.15720e-04	3.31074	20.4	27045	1.22440e-04	3.31152	21.3	26474	1.25030e-04	3.30996	18.0	27624	1.19810e-04	3.30977	19.1
7587.626	nan	28591	1.15800e-04	3.31074	20.4	27089	1.22250e-04	3.31152	21.3	26502	1.24900e-04	3.31016	18.0	27645	1.19740e-04	3.31016	19.1
7588.814	nan	28551	1.15960e-04	3.31094	20.4	27140	1.22020e-04	3.31152	21.3	26508	1.24870e-04	3.30996	18.0	27691	1.19540e-04	3.31016	19.1
7590.002	nan	28543	1.15990e-04	3.31074	20.4	27214	1.21690e-04	3.31172	21.3	26472	1.25040e-04	3.31016	18.0	27674	1.19620e-04	3.31035	19.1
7591.191	nan	28478	1.16250e-04	3.31074	20.4	27324	1.21200e-04	3.31172	21.3	26500	1.24900e-04	3.30996	18.0	27696	1.19510e-04	3.30996	19.1
7592.379	nan	28474	1.16270e-04	3.31074	20.4	27428	1.20740e-04	3.31172	21.3	26502	1.24910e-04	3.31035	18.0	27710	1.19460e-04	3.31016	19.1
7593.567	nan	28493	1.16190e-04	3.31074	20.4	27429	1.20740e-04	3.31172	21.3	26513	1.24850e-04	3.31016	18.0	27691	1.19530e-04	3.30996	19.1
7594.755	nan	28520	1.16090e-04	3.31074	20.4	27300	1.21310e-04	3.31172	21.3	26461	1.25100e-04	3.31016	18.0	27687	1.19570e-04	3.31035	19.1
7595.944	nan	28475	1.16270e-04	3.31074	20.4	27217	1.21680e-04	3.31191	21.3	26522	1.24820e-04	3.31035	18.0	27795	1.19100e-04	3.31035	19.1
7597.132	nan	28539	1.16020e-04	3.31094	20.4	27151	1.21970e-04	3.31152	21.2	26506	1.24880e-04	3.31016	18.0	27775	1.19180e-04	3.31016	19.1
7598.320	nan	28586	1.15820e-04	3.31094	20.4	27143	1.22010e-04	3.31172	21.2	26550	1.24680e-04	3.31035	18.0	27683	1.19570e-04	3.31016	19.1
7599.508	nan	28558	1.15940e-04	3.31094	20.4	27099	1.22210e-04	3.31172	21.2	26503	1.24900e-04	3.31035	18.0	27662	1.19670e-04	3.31016	19.1
7600.697	nan	28539	1.16020e-04	3.31094	20.4	27163	1.21920e-04	3.31172	21.2	26510	1.24870e-04	3.31035	18.0	27628	1.19820e-04	3.31035	19.1
7601.885	nan	28507	1.16140e-04	3.31094	20.4	27138	1.22040e-04	3.31191	21.2	26524	1.24800e-04	3.31016	18.0	27637	1.19770e-04	3.31016	19.1
7603.073	nan	28507	1.16140e-04	3.31074	20.5	27104	1.22190e-04	3.31172	21.2	26542	1.24720e-04	3.31035	18.0	27600	1.19930e-04	3.31016	19.1
7604.262	nan	28501	1.16170e-04	3.31094	20.5	27151	1.21970e-04	3.31172	21.2	26519	1.24820e-04	3.31016	18.0	27595	1.19960e-04	3.31016	19.1
7605.450	nan	28445	1.16410e-04	3.31113	20.5	27156	1.21950e-04	3.31172	21.2	26528	1.24790e-04	3.31035	18.0	27594	1.19960e-04	3.31016	19.1
7606.638	nan	28434	1.16440e-04	3.31094	20.5	27159	1.21950e-04	3.31191	21.2	26516	1.24850e-04	3.31035	18.0	27584	1.20010e-04	3.31035	19.1
7607.827	nan	28438	1.16430e-04	3.31113	20.5	27150	1.21990e-04	3.31191	21.2	26554	1.24670e-04	3.31035	18.0	27595	1.19970e-04	3.31055	19.1
7609.015	nan	28437	1.16430e-04	3.31094	20.5	27150	1.21990e-04	3.31191	21.2	26536	1.24760e-04	3.31055	18.0	27617	1.19870e-04	3.31055	19.1
7610.203	nan	28403	1.16560e-04	3.31074	20.5	27124	1.22100e-04	3.31191	21.2	26545	1.24720e-04	3.31055	18.0	27597	1.19950e-04	3.31035	19.1
7611.391	nan	28428	1.16470e-04	3.31113	20.5	27118	1.22120e-04	3.31172	21.2	26535	1.24750e-04	3.31016	18.0	27645	1.19740e-04	3.31035	19.1
7612.579	nan	28435	1.16450e-04	3.31113	20.5	27132	1.22080e-04	3.31211	21.2	26531	1.24770e-04	3.31035	18.0	27599	1.19950e-04	3.31035	19.1
7613.768	nan	28469	1.16310e-04	3.31113	20.5	27118	1.22130e-04	3.31191	21.2	26508	1.24890e-04	3.31055	18.0	27640	1.19770e-04	3.31055	19.1
7614.956	nan	28475	1.16280e-04	3.31094	20.5	27136	1.22060e-04	3.31211	21.2	26523	1.24810e-04	3.31035	18.0	27643	1.19760e-04	3.31055	19.1
7616.144	nan	28439	1.16420e-04	3.31094	20.5	27204	1.21740e-04	3.31191	21.2	26539	1.24740e-04	3.31055	18.0	27663	1.19670e-04	3.31035	19.1
7617.333	nan	28457	1.16350e-04	3.31113	20.5	27175	1.21870e-04	3.31191	21.2	26534	1.24760e-04	3.31035	18.0	27676	1.19610e-04	3.31035	19.1
7618.520	nan	28413	1.16540e-04	3.31113	20.5	27152	1.21980e-04	3.31191	21.2	26531	1.24770e-04	3.31035	18.0	27689	1.19560e-04	3.31055	19.1
7619.709	nan	28396	1.16600e-04	3.31113	20.5	27144	1.22020e-04	3.31211	21.2	26502	1.24920e-04	3.31055	18.0	27600	1.19950e-04	3.31055	19.1
7620.897	nan	28405	1.16580e-04	3.31133	20.5	27119	1.22130e-04	3.31211	21.2	26530	1.24780e-04	3.31055	18.0	27639	1.19780e-04	3.31055	19.1
7622.086	nan	28360	1.16750e-04	3.31113	20.5	27090	1.22260e-04	3.31191	21.2	26516	1.24850e-04	3.31055	18.0	27625	1.19850e-04	3.31074	19.1
7623.274	nan	28339	1.16840e-04	3.31113	20.6	27112	1.22160e-04	3.31191	21.2	26501	1.24920e-04	3.31055	18.0	27596	1.19970e-04	3.31055	19.1
7624.462	nan	28335	1.16850e-04	3.31094	20.6	27052	1.22430e-04	3.31211	21.2	26533	1.24770e-04	3.31055	18.0	27610	1.19900e-04	3.31055	19.1
7625.650	nan	28372	1.16720e-04	3.31152	20.6	27087	1.22270e-04	3.31191	21.2	26549	1.24700e-04	3.31055	18.0	27609	1.19900e-04	3.31035	19.1
7626.839	nan	28313	1.16950e-04	3.31133	20.6	27057	1.22420e-04	3.31230	21.2	26476	1.25050e-04	3.31094	18.0	27601	1.19950e-04	3.31074	19.1
7628.026	nan	28320	1.16920e-04	3.31113	20.6	27074	1.22340e-04	3.31230	21.2	26503	1.24910e-04	3.31055	18.0	27606	1.19930e-04	3.31074	19.1
7629.215	nan	28269	1.17130e-04	3.31113	20.6	27104	1.22210e-04	3.31230	21.2	26526	1.24810e-04	3.31074	18.0	27587	1.20000e-04	3.31055	19.1
7630.403	nan	28328	1.16890e-04	3.31113	20.6	27022	1.22560e-04	3.31191	21.2	26530	1.24790e-04	3.31055	18.0	27561	1.20120e-04	3.31055	19.1
7631.592	nan	28322	1.16920e-04	3.31133	20.6	27050	1.22450e-04	3.31230	21.2	26492	1.24980e-04	3.31094	18.1	27606	1.19920e-04	3.31055	19.1
7632.780	nan	28311	1.16960e-04	3.31133	20.6	27054	1.22420e-04	3.31211	21.2	26506	1.24900e-04	3.31055	18.1	27574	1.20070e-04	3.31074	19.1
7633.968	nan	28318	1.16930e-04	3.31133	20.6	27031	1.22540e-04	3.31230	21.2	26507	1.24900e-04	3.31074	18.1	27594	1.19980e-04	3.31074	19.1
7635.156	nan	28297	1.17020e-04	3.31133	20.6	26993	1.22700e-04	3.31211	21.2	26514	1.24870e-04	3.31074	18.1	27587	1.20010e-04	3.31074	19.1
7636.345	nan	28287	1.17050e-04	3.31113	20.6	27045	1.22470e-04	3.31211	21.2	26520	1.24840e-04	3.31074	18.1	27597	1.19970e-04	3.31074	19.1
7637.533	nan	28282	1.17070e-04	3.31113	20.6	27014	1.22610e-04	3.31211	21.2	26492	1.24960e-04	3.31055	18.1	27608	1.19910e-04	3.31055	19.1
7638.721	nan	28301	1.17000e-04	3.31133	20.6	27041	1.22490e-04	3.31230	21.2	26506	1.24900e-04	3.31074	18.1	27589	1.20000e-04	3.31055	19.1
7639.909	nan	28247	1.17230e-04	3.31133	20.6	27036	1.22520e-04	3.31250	21.2	26508	1.24900e-04	3.31074	18.1	27588	1.20000e-04	3.31074	19.1
7641.098	nan	28287	1.17050e-04	3.31113	20.6	27052	1.22440e-04	3.31230	21.2	26510	1.24890e-04	3.31094	18.1	27552	1.20160e-04	3.31074	19.1
7642.286	nan	28271	1.17130e-04	3.31133	20.6	27042	1.22490e-04	3.31230	21.2	26533	1.24780e-04	3.31074	18.1	27598	1.19960e-04	3.31074	19.1
7643.474	nan	28260	1.17180e-04	3.31133	20.6	27010	1.22630e-04	3.31230	21.2	26481	1.25030e-04	3.31094	18.1	27588	1.20000e-04	3.31074	19.1
7644.662	nan	28264	1.17160e-04	3.31133	20.6	27022	1.22580e-04	3.31230	21.2	26499	1.24940e-04	3.31074	18.1	27613	1.19890e-04	3.31055	19.1
7645.851	nan	28259	1.17180e-04	3.31133	20.6	27002	1.22670e-04	3.31230	21.2	26493	1.24970e-04	3.31094	18.1	27581	1.20040e-04	3.31094	19.1
7647.039	nan	28237	1.17270e-04	3.31133	20.7	27036	1.22510e-04	3.31230	21.2	26526	1.24820e-04	3.31094	18.1	27584	1.20020e-04	3.31074	19.1
7648.227	nan	28282	1.17080e-04	3.31133	20.7	27001	1.22670e-04	3.31230	21.2	26539	1.24750e-04	3.31074	18.1	27562	1.20120e-04	3.31074	19.1
7649.416	nan	28224	1.17330e-04	3.31152	20.7	27028	1.22540e-04	3.31211	21.2	26538	1.24760e-04	3.31074	18.1	27615	1.19890e-04	3.31074	19.1
7650.604	nan	28232	1.17290e-04	3.31133	20.7	27037	1.22510e-04	3.31230	21.1	26513	1.24880e-04	3.31094	18.1	27599	1.19960e-04	3.31074	19.1
7651.792	nan	28260	1.17180e-04	3.31152	20.7	27007	1.22650e-04	3.31230	21.1	26530	1.24800e-04	3.31094	18.1	27606	1.19920e-04	3.31055	19.1
