{
  "sensor_address": "0x44",
  "date_of_report": "260515_205827",
  "calibrated_range_T": [
    289.06764116399023,
    312.2424902754472
  ],
  "calibrated_range_R": [
    13018.0,
    31802.0
  ],
  "coeffs": [
    0.0007449065336671558,
    0.0002471789477085396,
    1.3633618715829037e-07
  ],
  "rmse": 0.029240545474146448,
  "data_sources": [
    "calibration_260514\\260514_154709_1_ramp_up.txt",
    "calibration_260514\\260514_154709_2_ramp_down.txt",
    "calibration_260514\\260514_154709_3_ramp_up.txt",
    "calibration_260514\\260514_154709_4_ramp_down.txt",
    "calibration_260514\\260514_154709_5_constant.txt"
  ]
}