Sensors: ['0x40', '0x41', '0x44', '0x45']
Die temperature enabled: 1
Time [s]	PT104 [°C]	R_0 [Ω]	I_0 [A]	V_0 [V]	T_die_0 [°C]	R_1 [Ω]	I_1 [A]	V_1 [V]	T_die_1 [°C]	R_2 [Ω]	I_2 [A]	V_2 [V]	T_die_2 [°C]	R_3 [Ω]	I_3 [A]	V_3 [V]	T_die_3 [°C]
62975.525	16.056	31562	1.05280e-04	3.32266	28.1	30937	1.07410e-04	3.32285	29.0	31629	1.05010e-04	3.32129	27.8	31353	1.05930e-04	3.32109	29.2
62976.713	16.056	31505	1.05470e-04	3.32266	28.1	30895	1.07550e-04	3.32266	29.0	31635	1.04980e-04	3.32109	27.8	31414	1.05720e-04	3.32109	29.2
62977.901	16.056	31517	1.05420e-04	3.32266	28.1	30907	1.07500e-04	3.32266	29.0	31611	1.05070e-04	3.32148	27.8	31414	1.05720e-04	3.32109	29.2
62979.089	16.050	31514	1.05430e-04	3.32246	28.1	30901	1.07530e-04	3.32266	29.0	31646	1.04950e-04	3.32129	27.8	31395	1.05790e-04	3.32109	29.2
62980.277	16.050	31551	1.05320e-04	3.32285	28.1	30915	1.07470e-04	3.32246	29.0	31654	1.04920e-04	3.32109	27.8	31326	1.06010e-04	3.32090	29.2
62981.466	16.049	31483	1.05540e-04	3.32285	28.1	30914	1.07480e-04	3.32266	29.0	31583	1.05170e-04	3.32148	27.8	31351	1.05930e-04	3.32109	29.2
62982.654	16.049	31512	1.05430e-04	3.32246	28.1	30893	1.07560e-04	3.32266	29.0	31568	1.05210e-04	3.32129	27.8	31341	1.05970e-04	3.32129	29.2
62983.842	16.041	31562	1.05280e-04	3.32285	28.1	30890	1.07560e-04	3.32266	29.0	31576	1.05180e-04	3.32129	27.8	31365	1.05880e-04	3.32090	29.2
62985.030	16.041	31535	1.05360e-04	3.32266	28.1	30935	1.07410e-04	3.32285	29.0	31639	1.04980e-04	3.32148	27.8	31326	1.06020e-04	3.32109	29.2
62986.219	16.030	31513	1.05440e-04	3.32266	28.1	30932	1.07420e-04	3.32266	29.0	31643	1.04960e-04	3.32129	27.8	31326	1.06010e-04	3.32090	29.2
62987.407	16.030	31558	1.05290e-04	3.32266	28.1	30888	1.07570e-04	3.32266	29.0	31646	1.04950e-04	3.32129	27.8	31399	1.05770e-04	3.32109	29.2
62988.595	16.030	31527	1.05390e-04	3.32266	28.1	30883	1.07580e-04	3.32246	29.0	31585	1.05150e-04	3.32129	27.8	31366	1.05880e-04	3.32109	29.2
62989.783	16.046	31587	1.05190e-04	3.32266	28.1	30918	1.07470e-04	3.32266	29.0	31640	1.04980e-04	3.32148	27.8	31360	1.05900e-04	3.32109	29.2
62990.971	16.046	31519	1.05420e-04	3.32266	28.1	30928	1.07430e-04	3.32266	29.0	31602	1.05100e-04	3.32129	27.8	31382	1.05830e-04	3.32109	29.2
62992.160	16.050	31539	1.05350e-04	3.32266	28.1	30908	1.07490e-04	3.32246	29.0	31643	1.04960e-04	3.32129	27.8	31323	1.06020e-04	3.32090	29.2
62993.348	16.050	31501	1.05480e-04	3.32266	28.1	30872	1.07620e-04	3.32246	29.0	31661	1.04900e-04	3.32109	27.8	31362	1.05890e-04	3.32090	29.2
62994.536	16.051	31493	1.05510e-04	3.32285	28.1	30863	1.07660e-04	3.32266	29.0	31638	1.04980e-04	3.32129	27.8	31341	1.05970e-04	3.32109	29.2
62995.725	16.051	31478	1.05550e-04	3.32246	28.1	30870	1.07630e-04	3.32266	29.0	31622	1.05040e-04	3.32148	27.8	31314	1.06060e-04	3.32109	29.2
62996.912	16.051	31474	1.05570e-04	3.32285	28.1	30849	1.07710e-04	3.32266	29.0	31654	1.04930e-04	3.32129	27.8	31302	1.06090e-04	3.32090	29.2
62998.101	16.052	31457	1.05620e-04	3.32266	28.1	30849	1.07710e-04	3.32285	29.0	31661	1.04900e-04	3.32129	27.8	31301	1.06100e-04	3.32109	29.2
62999.289	16.052	31516	1.05420e-04	3.32246	28.1	30859	1.07670e-04	3.32246	29.0	31623	1.05020e-04	3.32090	27.8	31313	1.06060e-04	3.32090	29.2
63000.477	16.049	31508	1.05460e-04	3.32285	28.1	30946	1.07380e-04	3.32285	29.0	31605	1.05090e-04	3.32148	27.8	31376	1.05840e-04	3.32070	29.2
63001.666	16.049	31495	1.05490e-04	3.32246	28.1	30941	1.07390e-04	3.32266	29.0	31600	1.05110e-04	3.32148	27.8	31379	1.05840e-04	3.32129	29.2
63002.854	16.050	31527	1.05400e-04	3.32285	28.1	30915	1.07470e-04	3.32246	29.0	31663	1.04890e-04	3.32129	27.8	31385	1.05810e-04	3.32090	29.2
63004.042	16.050	31492	1.05510e-04	3.32285	28.1	30894	1.07550e-04	3.32266	29.0	31571	1.05200e-04	3.32129	27.8	31345	1.05950e-04	3.32109	29.2
63005.230	16.055	31527	1.05400e-04	3.32285	28.1	30911	1.07480e-04	3.32246	29.0	31615	1.05060e-04	3.32129	27.8	31372	1.05860e-04	3.32109	29.2
63006.419	16.055	31464	1.05600e-04	3.32266	28.1	30876	1.07610e-04	3.32266	29.0	31624	1.05020e-04	3.32129	27.8	31377	1.05840e-04	3.32109	29.2
63007.607	16.045	31563	1.05270e-04	3.32266	28.1	30918	1.07470e-04	3.32266	29.0	31675	1.04860e-04	3.32129	27.8	31341	1.05970e-04	3.32129	29.2
63008.795	16.045	31556	1.05300e-04	3.32266	28.1	30952	1.07350e-04	3.32266	29.0	31689	1.04820e-04	3.32148	27.8	31372	1.05860e-04	3.32109	29.2
63009.983	16.045	31550	1.05310e-04	3.32266	28.1	30961	1.07320e-04	3.32266	29.0	31629	1.05010e-04	3.32129	27.8	31360	1.05900e-04	3.32109	29.2
63011.171	16.042	31571	1.05240e-04	3.32266	28.1	30966	1.07290e-04	3.32246	29.0	31638	1.04970e-04	3.32109	27.8	31357	1.05910e-04	3.32090	29.2
63012.360	16.042	31550	1.05310e-04	3.32266	28.1	30944	1.07380e-04	3.32266	29.0	31609	1.05090e-04	3.32168	27.8	31414	1.05710e-04	3.32090	29.2
63013.548	16.035	31548	1.05320e-04	3.32266	28.1	30934	1.07410e-04	3.32266	29.0	31692	1.04800e-04	3.32129	27.8	31413	1.05720e-04	3.32109	29.2
63014.736	16.035	31570	1.05250e-04	3.32285	28.1	30918	1.07470e-04	3.32266	29.0	31648	1.04950e-04	3.32129	27.8	31391	1.05790e-04	3.32090	29.2
63015.924	16.046	31495	1.05500e-04	3.32266	28.1	30894	1.07550e-04	3.32266	29.0	31622	1.05040e-04	3.32148	27.8	31351	1.05930e-04	3.32109	29.2
63017.113	16.046	31549	1.05320e-04	3.32285	28.1	30948	1.07360e-04	3.32266	29.0	31592	1.05130e-04	3.32129	27.8	31378	1.05840e-04	3.32090	29.2
63018.301	16.046	31500	1.05480e-04	3.32266	28.1	30901	1.07530e-04	3.32266	29.0	31574	1.05190e-04	3.32129	27.8	31394	1.05790e-04	3.32109	29.3
63019.489	16.056	31513	1.05440e-04	3.32266	28.1	30897	1.07540e-04	3.32266	29.0	31588	1.05140e-04	3.32129	27.8	31305	1.06090e-04	3.32109	29.2
63020.678	16.056	31526	1.05400e-04	3.32285	28.1	30902	1.07520e-04	3.32266	29.0	31600	1.05100e-04	3.32129	27.8	31341	1.05970e-04	3.32109	29.3
63021.866	16.045	31533	1.05380e-04	3.32285	28.1	30904	1.07520e-04	3.32266	29.0	31570	1.05210e-04	3.32148	27.8	31339	1.05970e-04	3.32109	29.2
63023.054	16.045	31559	1.05280e-04	3.32266	28.1	30905	1.07510e-04	3.32266	29.0	31629	1.05010e-04	3.32129	27.8	31395	1.05780e-04	3.32109	29.3
63024.242	16.059	31561	1.05280e-04	3.32285	28.1	30926	1.07440e-04	3.32266	29.0	31626	1.05020e-04	3.32148	27.8	31385	1.05810e-04	3.32090	29.3
63025.430	16.059	31538	1.05340e-04	3.32227	28.1	30897	1.07540e-04	3.32266	29.0	31671	1.04870e-04	3.32148	27.8	31376	1.05850e-04	3.32129	29.3
63026.619	16.040	31537	1.05360e-04	3.32285	28.1	30876	1.07610e-04	3.32266	29.0	31574	1.05190e-04	3.32129	27.8	31343	1.05950e-04	3.32090	29.3
63027.807	16.040	31538	1.05360e-04	3.32285	28.1	30925	1.07440e-04	3.32266	29.0	31596	1.05120e-04	3.32129	27.8	31336	1.05990e-04	3.32129	29.3
63028.995	16.040	31502	1.05480e-04	3.32285	28.1	30910	1.07500e-04	3.32285	29.0	31602	1.05100e-04	3.32148	27.8	31366	1.05880e-04	3.32090	29.3
63030.184	16.035	31503	1.05480e-04	3.32285	28.2	30891	1.07560e-04	3.32266	29.0	31611	1.05070e-04	3.32129	27.8	31341	1.05970e-04	3.32109	29.3
63031.372	16.035	31572	1.05240e-04	3.32266	28.2	30915	1.07480e-04	3.32266	29.0	31632	1.05000e-04	3.32129	27.8	31336	1.05980e-04	3.32109	29.3
63032.560	16.024	31531	1.05380e-04	3.32266	28.2	30955	1.07350e-04	3.32285	29.0	31634	1.05000e-04	3.32168	27.8	31382	1.05830e-04	3.32129	29.3
63033.748	16.024	31531	1.05380e-04	3.32285	28.2	30921	1.07460e-04	3.32285	29.0	31623	1.05030e-04	3.32148	27.8	31390	1.05800e-04	3.32109	29.3
63034.936	16.042	31530	1.05390e-04	3.32285	28.2	30935	1.07410e-04	3.32266	29.0	31588	1.05140e-04	3.32129	27.8	31366	1.05880e-04	3.32109	29.3
63036.125	16.042	31567	1.05260e-04	3.32266	28.2	30936	1.07410e-04	3.32285	29.0	31656	1.04920e-04	3.32129	27.8	31409	1.05730e-04	3.32090	29.3
63037.313	16.053	31556	1.05300e-04	3.32285	28.2	30874	1.07620e-04	3.32266	29.0	31602	1.05090e-04	3.32109	27.8	31351	1.05930e-04	3.32109	29.3
63038.501	16.053	31525	1.05400e-04	3.32266	28.2	30887	1.07580e-04	3.32266	29.0	31580	1.05180e-04	3.32148	27.8	31352	1.05940e-04	3.32129	29.3
63039.689	16.053	31540	1.05350e-04	3.32285	28.2	30958	1.07330e-04	3.32266	29.0	31667	1.04880e-04	3.32129	27.8	31393	1.05790e-04	3.32109	29.3
63040.877	16.052	31544	1.05350e-04	3.32305	28.2	30973	1.07280e-04	3.32266	29.0	31624	1.05030e-04	3.32148	27.8	31384	1.05820e-04	3.32109	29.3
63042.066	16.052	31531	1.05380e-04	3.32266	28.2	30884	1.07580e-04	3.32246	29.0	31652	1.04930e-04	3.32129	27.8	31345	1.05950e-04	3.32109	29.3
63043.254	16.040	31549	1.05330e-04	3.32305	28.2	30916	1.07470e-04	3.32266	29.0	31643	1.04970e-04	3.32148	27.8	31402	1.05760e-04	3.32109	29.3
63044.442	16.040	31573	1.05240e-04	3.32285	28.2	30902	1.07520e-04	3.32266	29.0	31598	1.05120e-04	3.32148	27.8	31315	1.06060e-04	3.32129	29.3
63045.631	16.045	31545	1.05330e-04	3.32266	28.2	30887	1.07580e-04	3.32285	29.0	31675	1.04860e-04	3.32129	27.8	31388	1.05810e-04	3.32109	29.3
63046.819	16.045	31574	1.05250e-04	3.32305	28.2	30949	1.07370e-04	3.32285	29.0	31602	1.05100e-04	3.32148	27.8	31356	1.05920e-04	3.32109	29.3
63048.007	16.045	31593	1.05180e-04	3.32285	28.2	30919	1.07470e-04	3.32285	29.0	31618	1.05050e-04	3.32148	27.8	31380	1.05840e-04	3.32129	29.3
63049.196	16.041	31506	1.05470e-04	3.32285	28.2	30965	1.07300e-04	3.32266	29.0	31630	1.05010e-04	3.32148	27.8	31428	1.05670e-04	3.32090	29.3
63050.383	16.041	31542	1.05350e-04	3.32285	28.2	30921	1.07460e-04	3.32266	29.0	31597	1.05120e-04	3.32148	27.8	31331	1.06010e-04	3.32148	29.3
63051.572	16.028	31571	1.05240e-04	3.32246	28.2	30946	1.07370e-04	3.32266	29.0	31642	1.04970e-04	3.32129	27.8	31383	1.05830e-04	3.32129	29.3
63052.760	16.028	31555	1.05300e-04	3.32285	28.2	30934	1.07410e-04	3.32266	29.0	31662	1.04900e-04	3.32148	27.8	31374	1.05850e-04	3.32090	29.3
63053.948	16.034	31573	1.05240e-04	3.32285	28.2	30931	1.07420e-04	3.32266	29.0	31642	1.04970e-04	3.32129	27.8	31439	1.05630e-04	3.32109	29.3
63055.137	16.034	31533	1.05370e-04	3.32266	28.2	30890	1.07560e-04	3.32246	29.0	31608	1.05080e-04	3.32129	27.8	31360	1.05900e-04	3.32109	29.3
63056.325	16.044	31451	1.05650e-04	3.32285	28.2	30937	1.07400e-04	3.32266	29.0	31611	1.05070e-04	3.32148	27.8	31327	1.06010e-04	3.32109	29.3
63057.513	16.044	31519	1.05420e-04	3.32285	28.2	30907	1.07510e-04	3.32285	29.0	31616	1.05060e-04	3.32148	27.8	31357	1.05920e-04	3.32129	29.3
63058.701	16.013	31552	1.05310e-04	3.32266	28.2	30976	1.07270e-04	3.32285	29.0	31609	1.05070e-04	3.32129	27.8	31335	1.05990e-04	3.32109	29.3
63059.890	16.013	31519	1.05430e-04	3.32305	28.2	30929	1.07440e-04	3.32285	29.0	31607	1.05090e-04	3.32148	27.8	31366	1.05880e-04	3.32090	29.3
63061.078	16.013	31535	1.05370e-04	3.32285	28.2	30858	1.07680e-04	3.32285	29.0	31559	1.05240e-04	3.32129	27.8	31309	1.06080e-04	3.32129	29.3
63062.266	16.047	31551	1.05310e-04	3.32266	28.2	30912	1.07490e-04	3.32266	29.0	31623	1.05030e-04	3.32148	27.8	31328	1.06020e-04	3.32129	29.3
63063.454	16.047	31620	1.05090e-04	3.32285	28.2	30989	1.07230e-04	3.32285	29.0	31639	1.04980e-04	3.32148	27.8	31396	1.05790e-04	3.32129	29.3
63064.643	16.036	31600	1.05150e-04	3.32285	28.2	30922	1.07460e-04	3.32285	29.0	31655	1.04920e-04	3.32129	27.8	31412	1.05730e-04	3.32109	29.3
63065.831	16.036	31530	1.05380e-04	3.32266	28.2	30931	1.07420e-04	3.32266	29.0	31647	1.04960e-04	3.32148	27.9	31373	1.05860e-04	3.32109	29.3
63067.019	16.036	31492	1.05510e-04	3.32285	28.2	30891	1.07570e-04	3.32285	29.0	31646	1.04950e-04	3.32129	27.9	31377	1.05850e-04	3.32109	29.3
63068.207	16.030	31480	1.05550e-04	3.32266	28.2	30917	1.07480e-04	3.32285	29.0	31555	1.05260e-04	3.32148	27.9	31348	1.05950e-04	3.32129	29.3
63069.396	16.030	31492	1.05510e-04	3.32285	28.2	30916	1.07480e-04	3.32285	29.1	31573	1.05200e-04	3.32129	27.9	31367	1.05880e-04	3.32109	29.3
63070.583	16.061	31536	1.05370e-04	3.32285	28.2	30859	1.07670e-04	3.32266	29.1	31560	1.05240e-04	3.32129	27.9	31301	1.06110e-04	3.32129	29.3
63071.772	16.061	31539	1.05350e-04	3.32266	28.2	30899	1.07540e-04	3.32285	29.1	31558	1.05250e-04	3.32148	27.9	31337	1.05980e-04	3.32109	29.3
63072.960	16.047	31486	1.05530e-04	3.32285	28.2	30917	1.07480e-04	3.32285	29.1	31596	1.05120e-04	3.32148	27.9	31317	1.06040e-04	3.32090	29.3
63074.149	16.047	31526	1.05400e-04	3.32285	28.2	30959	1.07320e-04	3.32266	29.1	31578	1.05180e-04	3.32148	27.9	31298	1.06120e-04	3.32148	29.3
63075.337	16.067	31534	1.05370e-04	3.32266	28.2	30901	1.07520e-04	3.32246	29.1	31613	1.05060e-04	3.32129	27.9	31315	1.06060e-04	3.32129	29.3
63076.525	16.067	31541	1.05360e-04	3.32305	28.2	30895	1.07550e-04	3.32285	29.1	31575	1.05200e-04	3.32148	27.9	31331	1.06010e-04	3.32129	29.3
63077.713	16.049	31531	1.05380e-04	3.32285	28.2	30864	1.07660e-04	3.32285	29.1	31544	1.05300e-04	3.32148	27.9	31349	1.05940e-04	3.32109	29.3
63078.901	16.049	31550	1.05310e-04	3.32266	28.2	30951	1.07350e-04	3.32266	29.1	31559	1.05250e-04	3.32148	27.9	31255	1.06260e-04	3.32109	29.3
63080.090	16.049	31549	1.05320e-04	3.32285	28.2	30932	1.07420e-04	3.32285	29.1	31639	1.04980e-04	3.32148	27.9	31387	1.05810e-04	3.32109	29.3
63081.278	16.043	31522	1.05410e-04	3.32285	28.2	30962	1.07320e-04	3.32285	29.1	31637	1.04980e-04	3.32129	27.9	31369	1.05880e-04	3.32129	29.3
63082.466	16.043	31504	1.05480e-04	3.32285	28.2	30922	1.07460e-04	3.32285	29.1	31587	1.05150e-04	3.32148	27.9	31359	1.05910e-04	3.32129	29.3
63083.655	16.037	31569	1.05250e-04	3.32266	28.2	30917	1.07470e-04	3.32266	29.1	31587	1.05150e-04	3.32129	27.9	31347	1.05950e-04	3.32109	29.3
63084.843	16.037	31532	1.05380e-04	3.32285	28.2	30916	1.07480e-04	3.32266	29.1	31600	1.05100e-04	3.32129	27.9	31393	1.05790e-04	3.32090	29.3
63086.031	16.042	31533	1.05370e-04	3.32266	28.2	30919	1.07470e-04	3.32285	29.1	31625	1.05030e-04	3.32148	27.9	31303	1.06100e-04	3.32109	29.3
63087.219	16.042	31519	1.05420e-04	3.32285	28.2	30858	1.07670e-04	3.32246	29.1	31613	1.05060e-04	3.32109	27.9	31301	1.06100e-04	3.32090	29.3
63088.407	16.032	31553	1.05310e-04	3.32285	28.2	30916	1.07470e-04	3.32266	29.1	31556	1.05260e-04	3.32148	27.9	31290	1.06140e-04	3.32129	29.3
63089.596	16.032	31581	1.05210e-04	3.32266	28.2	30967	1.07300e-04	3.32266	29.1	31618	1.05060e-04	3.32168	27.9	31380	1.05840e-04	3.32129	29.3
63090.784	16.032	31619	1.05090e-04	3.32285	28.2	31048	1.07020e-04	3.32266	29.1	31666	1.04880e-04	3.32109	27.9	31398	1.05770e-04	3.32090	29.3
63091.972	16.019	31604	1.05130e-04	3.32266	28.2	31008	1.07160e-04	3.32285	29.1	31698	1.04790e-04	3.32148	27.9	31393	1.05790e-04	3.32109	29.3
63093.160	16.019	31581	1.05210e-04	3.32266	28.2	30928	1.07440e-04	3.32285	29.1	31646	1.04960e-04	3.32148	27.9	31392	1.05790e-04	3.32109	29.3
63094.349	16.010	31574	1.05240e-04	3.32285	28.2	30957	1.07340e-04	3.32285	29.1	31653	1.04930e-04	3.32129	27.9	31396	1.05790e-04	3.32129	29.3
63095.537	16.010	31575	1.05230e-04	3.32266	28.2	30914	1.07490e-04	3.32285	29.1	31636	1.04990e-04	3.32129	27.9	31376	1.05850e-04	3.32109	29.3
63096.725	16.023	31488	1.05530e-04	3.32285	28.2	30895	1.07550e-04	3.32266	29.1	31637	1.04980e-04	3.32129	27.9	31345	1.05940e-04	3.32070	29.3
63097.913	16.023	31498	1.05490e-04	3.32266	28.3	30866	1.07660e-04	3.32285	29.1	31545	1.05290e-04	3.32148	27.9	31340	1.05980e-04	3.32129	29.3
63099.102	16.023	31517	1.05430e-04	3.32285	28.3	30833	1.07760e-04	3.32246	29.1	31536	1.05320e-04	3.32148	27.9	31326	1.06020e-04	3.32109	29.3
63100.290	16.031	31483	1.05540e-04	3.32285	28.3	30850	1.07700e-04	3.32266	29.1	31528	1.05350e-04	3.32148	27.9	31326	1.06020e-04	3.32129	29.3
63101.478	16.031	31568	1.05270e-04	3.32305	28.3	30885	1.07580e-04	3.32266	29.1	31581	1.05170e-04	3.32129	27.9	31341	1.05970e-04	3.32109	29.3
63102.667	16.037	31598	1.05160e-04	3.32285	28.3	30890	1.07570e-04	3.32285	29.1	31607	1.05090e-04	3.32148	27.9	31389	1.05810e-04	3.32129	29.3
63103.855	16.037	31511	1.05450e-04	3.32285	28.3	30934	1.07420e-04	3.32285	29.1	31602	1.05100e-04	3.32148	27.9	31364	1.05890e-04	3.32109	29.3
63105.043	16.044	31547	1.05320e-04	3.32266	28.3	30934	1.07420e-04	3.32285	29.1	31628	1.05020e-04	3.32148	27.9	31382	1.05830e-04	3.32129	29.3
63106.231	16.044	31628	1.05060e-04	3.32266	28.3	30888	1.07570e-04	3.32266	29.1	31597	1.05120e-04	3.32148	27.9	31367	1.05890e-04	3.32129	29.3
63107.420	16.040	31524	1.05410e-04	3.32305	28.3	30907	1.07510e-04	3.32285	29.1	31597	1.05110e-04	3.32129	27.9	31349	1.05940e-04	3.32109	29.3
63108.607	16.040	31620	1.05090e-04	3.32285	28.3	30920	1.07460e-04	3.32266	29.1	31612	1.05070e-04	3.32148	27.9	31400	1.05770e-04	3.32109	29.3
63109.796	16.040	31610	1.05120e-04	3.32285	28.3	30972	1.07280e-04	3.32285	29.1	31672	1.04870e-04	3.32148	27.9	31461	1.05560e-04	3.32109	29.3
63110.984	16.013	31539	1.05360e-04	3.32285	28.3	30990	1.07220e-04	3.32285	29.1	31640	1.04970e-04	3.32129	27.9	31399	1.05780e-04	3.32129	29.3
63112.172	16.013	31530	1.05380e-04	3.32266	28.3	30862	1.07660e-04	3.32266	29.1	31624	1.05030e-04	3.32148	27.9	31383	1.05830e-04	3.32129	29.3
63113.361	16.039	31582	1.05210e-04	3.32285	28.3	30911	1.07490e-04	3.32266	29.1	31607	1.05090e-04	3.32148	27.9	31341	1.05970e-04	3.32129	29.3
63114.549	16.039	31569	1.05260e-04	3.32285	28.3	30892	1.07560e-04	3.32266	29.1	31616	1.05050e-04	3.32129	27.9	31366	1.05880e-04	3.32109	29.3
63115.737	16.036	31577	1.05220e-04	3.32246	28.3	30920	1.07470e-04	3.32285	29.1	31605	1.05090e-04	3.32148	27.9	31332	1.06000e-04	3.32109	29.3
63116.925	16.036	31600	1.05160e-04	3.32305	28.3	30994	1.07210e-04	3.32285	29.1	31618	1.05050e-04	3.32148	27.9	31381	1.05820e-04	3.32090	29.3
63118.114	16.036	31522	1.05410e-04	3.32285	28.3	30904	1.07520e-04	3.32285	29.1	31614	1.05070e-04	3.32148	27.9	31361	1.05910e-04	3.32129	29.3
63119.302	16.040	31566	1.05270e-04	3.32285	28.3	30915	1.07470e-04	3.32246	29.1	31602	1.05100e-04	3.32129	27.9	31375	1.05860e-04	3.32129	29.3
63120.490	16.040	31534	1.05370e-04	3.32285	28.3	30947	1.07370e-04	3.32266	29.1	31591	1.05140e-04	3.32148	27.9	31352	1.05930e-04	3.32109	29.3
63121.678	16.039	31496	1.05500e-04	3.32285	28.3	30880	1.07600e-04	3.32285	29.1	31622	1.05030e-04	3.32129	27.9	31365	1.05890e-04	3.32109	29.3
63122.867	16.039	31521	1.05410e-04	3.32266	28.3	30842	1.07720e-04	3.32227	29.1	31590	1.05140e-04	3.32148	27.9	31340	1.05970e-04	3.32109	29.3
63124.055	16.047	31516	1.05440e-04	3.32305	28.3	30896	1.07550e-04	3.32285	29.1	31588	1.05150e-04	3.32148	27.9	31301	1.06100e-04	3.32109	29.3
63125.243	16.047	31509	1.05460e-04	3.32285	28.3	30937	1.07410e-04	3.32285	29.1	31590	1.05150e-04	3.32168	27.9	31327	1.06020e-04	3.32129	29.3
63126.432	16.061	31560	1.05290e-04	3.32285	28.3	30914	1.07490e-04	3.32285	29.1	31599	1.05110e-04	3.32148	27.9	31349	1.05950e-04	3.32129	29.3
63127.619	16.061	31540	1.05350e-04	3.32285	28.3	30939	1.07400e-04	3.32285	29.1	31583	1.05170e-04	3.32148	27.9	31301	1.06100e-04	3.32109	29.3
63128.808	16.047	31544	1.05330e-04	3.32266	28.3	30877	1.07620e-04	3.32285	29.1	31578	1.05180e-04	3.32148	27.9	31323	1.06030e-04	3.32109	29.3
63129.996	16.047	31607	1.05130e-04	3.32285	28.3	30896	1.07550e-04	3.32285	29.1	31591	1.05140e-04	3.32148	27.9	31377	1.05850e-04	3.32129	29.3
63131.184	16.047	31603	1.05140e-04	3.32285	28.3	30898	1.07530e-04	3.32246	29.1	31596	1.05120e-04	3.32129	27.9	31425	1.05690e-04	3.32129	29.3
63132.372	16.029	31546	1.05330e-04	3.32285	28.3	30874	1.07630e-04	3.32285	29.1	31659	1.04910e-04	3.32129	27.9	31334	1.05990e-04	3.32109	29.3
63133.561	16.029	31531	1.05380e-04	3.32285	28.3	30942	1.07380e-04	3.32266	29.1	31536	1.05320e-04	3.32148	27.9	31356	1.05920e-04	3.32129	29.3
63134.749	16.034	31540	1.05350e-04	3.32285	28.3	30978	1.07260e-04	3.32266	29.1	31666	1.04890e-04	3.32148	27.9	31321	1.06040e-04	3.32129	29.3
63135.937	16.034	31556	1.05290e-04	3.32266	28.3	30915	1.07470e-04	3.32246	29.1	31539	1.05310e-04	3.32148	27.9	31297	1.06120e-04	3.32109	29.3
63137.125	16.029	31469	1.05600e-04	3.32305	28.3	30934	1.07410e-04	3.32266	29.1	31565	1.05220e-04	3.32129	27.9	31297	1.06110e-04	3.32090	29.3
63138.314	16.029	31547	1.05330e-04	3.32285	28.3	30905	1.07520e-04	3.32285	29.1	31596	1.05120e-04	3.32129	27.9	31351	1.05940e-04	3.32148	29.3
63139.502	16.030	31554	1.05310e-04	3.32285	28.4	30896	1.07540e-04	3.32266	29.1	31638	1.04990e-04	3.32148	28.0	31359	1.05910e-04	3.32129	29.3
63140.690	16.030	31565	1.05270e-04	3.32285	28.4	30900	1.07540e-04	3.32305	29.1	31557	1.05250e-04	3.32148	28.0	31286	1.06150e-04	3.32090	29.3
63141.879	16.030	31570	1.05250e-04	3.32285	28.4	30891	1.07570e-04	3.32305	29.1	31585	1.05160e-04	3.32148	28.0	31352	1.05940e-04	3.32129	29.3
63143.067	16.041	31529	1.05390e-04	3.32285	28.4	30928	1.07430e-04	3.32266	29.2	31576	1.05180e-04	3.32129	28.0	31314	1.06060e-04	3.32109	29.3
63144.255	16.041	31486	1.05540e-04	3.32305	28.4	30862	1.07670e-04	3.32285	29.2	31589	1.05150e-04	3.32148	28.0	31285	1.06160e-04	3.32129	29.3
63145.443	16.030	31559	1.05280e-04	3.32266	28.4	30923	1.07450e-04	3.32266	29.2	31553	1.05260e-04	3.32129	28.0	31357	1.05920e-04	3.32129	29.3
63146.632	16.030	31622	1.05080e-04	3.32285	28.4	30950	1.07360e-04	3.32285	29.2	31555	1.05260e-04	3.32148	28.0	31359	1.05910e-04	3.32109	29.3
63147.820	16.041	31562	1.05270e-04	3.32266	28.4	30959	1.07320e-04	3.32266	29.2	31644	1.04960e-04	3.32129	28.0	31342	1.05960e-04	3.32109	29.3
63149.008	16.041	31571	1.05250e-04	3.32285	28.4	30901	1.07530e-04	3.32285	29.2	31576	1.05180e-04	3.32129	28.0	31360	1.05900e-04	3.32109	29.4
63150.196	16.041	31503	1.05480e-04	3.32285	28.4	30917	1.07480e-04	3.32285	29.2	31616	1.05060e-04	3.32168	28.0	31361	1.05910e-04	3.32129	29.4
63151.385	16.045	31567	1.05260e-04	3.32285	28.4	30883	1.07590e-04	3.32266	29.2	31586	1.05160e-04	3.32148	28.0	31335	1.05990e-04	3.32129	29.4
63152.572	16.045	31560	1.05290e-04	3.32285	28.4	30882	1.07600e-04	3.32285	29.2	31565	1.05230e-04	3.32148	28.0	31353	1.05920e-04	3.32109	29.4
63153.761	16.049	31549	1.05320e-04	3.32285	28.4	30936	1.07410e-04	3.32285	29.2	31627	1.05020e-04	3.32148	28.0	31285	1.06150e-04	3.32109	29.4
63154.949	16.049	31539	1.05360e-04	3.32285	28.4	30874	1.07630e-04	3.32285	29.2	31606	1.05090e-04	3.32148	28.0	31423	1.05700e-04	3.32129	29.4
63156.137	16.065	31551	1.05310e-04	3.32266	28.4	30864	1.07650e-04	3.32266	29.2	31518	1.05380e-04	3.32148	28.0	31393	1.05800e-04	3.32129	29.4
63157.326	16.065	31541	1.05350e-04	3.32285	28.4	30856	1.07680e-04	3.32266	29.2	31548	1.05270e-04	3.32109	28.0	31316	1.06040e-04	3.32090	29.4
63158.514	16.053	31504	1.05480e-04	3.32285	28.4	30896	1.07550e-04	3.32285	29.2	31603	1.05110e-04	3.32168	28.0	31323	1.06040e-04	3.32148	29.4
63159.702	16.053	31562	1.05270e-04	3.32266	28.4	30848	1.07710e-04	3.32266	29.2	31578	1.05180e-04	3.32148	28.0	31352	1.05930e-04	3.32109	29.4
63160.890	16.053	31571	1.05260e-04	3.32305	28.4	30862	1.07660e-04	3.32266	29.2	31582	1.05160e-04	3.32129	28.0	31299	1.06100e-04	3.32090	29.4
63162.079	16.055	31533	1.05370e-04	3.32266	28.4	30899	1.07530e-04	3.32266	29.2	31557	1.05250e-04	3.32129	28.0	31329	1.06010e-04	3.32129	29.4
63163.267	16.055	31547	1.05320e-04	3.32266	28.4	30892	1.07560e-04	3.32266	29.2	31540	1.05320e-04	3.32168	28.0	31276	1.06200e-04	3.32148	29.4
63164.455	16.063	31542	1.05350e-04	3.32305	28.4	30923	1.07460e-04	3.32285	29.2	31576	1.05190e-04	3.32148	28.0	31309	1.06070e-04	3.32090	29.4
63165.644	16.063	31620	1.05090e-04	3.32285	28.4	30958	1.07340e-04	3.32305	29.2	31656	1.04920e-04	3.32148	28.0	31382	1.05830e-04	3.32129	29.4
63166.832	16.059	31597	1.05160e-04	3.32285	28.4	30956	1.07340e-04	3.32285	29.2	31626	1.05020e-04	3.32148	28.0	31426	1.05680e-04	3.32109	29.4
63168.020	16.059	31594	1.05170e-04	3.32266	28.4	30947	1.07370e-04	3.32266	29.2	31660	1.04900e-04	3.32129	28.0	31366	1.05880e-04	3.32109	29.4
63169.208	16.059	31550	1.05330e-04	3.32305	28.4	30943	1.07390e-04	3.32305	29.2	31577	1.05190e-04	3.32148	28.0	31402	1.05770e-04	3.32129	29.4
63170.397	16.030	31586	1.05210e-04	3.32305	28.4	30916	1.07480e-04	3.32285	29.2	31602	1.05110e-04	3.32168	28.0	31343	1.05970e-04	3.32129	29.4
63171.584	16.030	31585	1.05200e-04	3.32266	28.4	30954	1.07340e-04	3.32246	29.2	31599	1.05110e-04	3.32148	28.0	31313	1.06060e-04	3.32109	29.4
63172.773	16.038	31542	1.05350e-04	3.32305	28.4	30926	1.07450e-04	3.32285	29.2	31577	1.05170e-04	3.32109	28.0	31338	1.05980e-04	3.32109	29.4
63173.961	16.038	31542	1.05350e-04	3.32305	28.4	30904	1.07530e-04	3.32305	29.2	31547	1.05300e-04	3.32188	28.0	31323	1.06030e-04	3.32129	29.4
63175.149	16.056	31518	1.05430e-04	3.32285	28.4	30945	1.07380e-04	3.32285	29.2	31577	1.05190e-04	3.32148	28.0	31368	1.05880e-04	3.32129	29.4
63176.337	16.056	31557	1.05300e-04	3.32285	28.4	30906	1.07510e-04	3.32285	29.2	31570	1.05210e-04	3.32148	28.0	31349	1.05940e-04	3.32129	29.4
63177.526	16.052	31489	1.05530e-04	3.32305	28.4	30893	1.07560e-04	3.32285	29.2	31552	1.05270e-04	3.32148	28.0	31318	1.06040e-04	3.32109	29.4
63178.714	16.052	31500	1.05490e-04	3.32285	28.4	30904	1.07520e-04	3.32285	29.2	31555	1.05260e-04	3.32148	28.0	31320	1.06040e-04	3.32129	29.4
63179.902	16.056	31563	1.05280e-04	3.32285	28.4	30904	1.07520e-04	3.32285	29.2	31565	1.05230e-04	3.32148	28.0	31365	1.05890e-04	3.32129	29.4
63181.090	16.056	31511	1.05440e-04	3.32266	28.4	30863	1.07660e-04	3.32266	29.2	31594	1.05120e-04	3.32109	28.0	31302	1.06100e-04	3.32109	29.4
63182.279	16.056	31556	1.05300e-04	3.32266	28.4	30939	1.07390e-04	3.32266	29.2	31534	1.05330e-04	3.32148	28.0	31322	1.06040e-04	3.32129	29.4
63183.467	16.051	31590	1.05190e-04	3.32305	28.4	31004	1.07170e-04	3.32285	29.2	31602	1.05100e-04	3.32148	28.0	31324	1.06020e-04	3.32109	29.4
63184.655	16.051	31577	1.05230e-04	3.32285	28.4	30994	1.07200e-04	3.32266	29.2	31636	1.04990e-04	3.32148	28.0	31373	1.05860e-04	3.32109	29.4
63185.843	16.048	31580	1.05220e-04	3.32285	28.4	30950	1.07360e-04	3.32285	29.2	31591	1.05140e-04	3.32148	28.0	31358	1.05920e-04	3.32148	29.4
63187.032	16.048	31604	1.05140e-04	3.32285	28.4	30932	1.07420e-04	3.32285	29.2	31616	1.05060e-04	3.32148	28.0	31369	1.05880e-04	3.32129	29.4
63188.220	16.048	31580	1.05220e-04	3.32285	28.4	30945	1.07380e-04	3.32285	29.2	31649	1.04950e-04	3.32148	28.0	31354	1.05920e-04	3.32109	29.4
63189.408	16.048	31534	1.05370e-04	3.32285	28.4	30980	1.07260e-04	3.32285	29.2	31573	1.05200e-04	3.32148	28.0	31383	1.05830e-04	3.32129	29.4
63190.596	16.026	31570	1.05250e-04	3.32285	28.4	30921	1.07460e-04	3.32266	29.2	31606	1.05090e-04	3.32148	28.0	31340	1.05970e-04	3.32109	29.4
63191.785	16.026	31542	1.05350e-04	3.32285	28.4	30892	1.07560e-04	3.32285	29.2	31526	1.05360e-04	3.32148	28.0	31345	1.05950e-04	3.32109	29.4
63192.973	16.026	31570	1.05250e-04	3.32285	28.4	30963	1.07320e-04	3.32285	29.2	31566	1.05220e-04	3.32148	28.0	31359	1.05910e-04	3.32129	29.4
63194.161	16.045	31522	1.05410e-04	3.32285	28.4	30902	1.07520e-04	3.32266	29.2	31557	1.05250e-04	3.32148	28.0	31345	1.05950e-04	3.32109	29.4
63195.349	16.045	31547	1.05330e-04	3.32285	28.4	30900	1.07540e-04	3.32285	29.2	31601	1.05110e-04	3.32168	28.0	31341	1.05970e-04	3.32129	29.4
63196.538	16.038	31564	1.05270e-04	3.32266	28.4	30899	1.07530e-04	3.32266	29.2	31539	1.05310e-04	3.32148	28.0	31364	1.05890e-04	3.32109	29.4
63197.726	16.038	31583	1.05220e-04	3.32305	28.4	30896	1.07540e-04	3.32266	29.2	31610	1.05070e-04	3.32129	28.0	31324	1.06010e-04	3.32070	29.4
63198.914	16.029	31517	1.05430e-04	3.32285	28.4	30882	1.07600e-04	3.32305	29.2	31580	1.05180e-04	3.32168	28.0	31329	1.06020e-04	3.32148	29.4
63200.103	16.029	31537	1.05360e-04	3.32285	28.4	30925	1.07450e-04	3.32285	29.2	31581	1.05180e-04	3.32168	28.0	31333	1.06000e-04	3.32129	29.4
63201.291	16.035	31485	1.05540e-04	3.32285	28.4	30904	1.07520e-04	3.32285	29.2	31551	1.05270e-04	3.32148	28.0	31320	1.06040e-04	3.32129	29.4
63202.479	16.035	31572	1.05250e-04	3.32305	28.4	30937	1.07410e-04	3.32285	29.2	31511	1.05410e-04	3.32148	28.0	31385	1.05820e-04	3.32129	29.4
63203.667	16.035	31555	1.05300e-04	3.32285	28.4	30947	1.07370e-04	3.32266	29.2	31554	1.05260e-04	3.32129	28.0	31375	1.05860e-04	3.32129	29.4
63204.855	16.039	31538	1.05360e-04	3.32285	28.4	30964	1.07310e-04	3.32285	29.2	31573	1.05210e-04	3.32168	28.0	31334	1.05990e-04	3.32109	29.4
63206.044	16.039	31588	1.05200e-04	3.32285	28.4	30982	1.07250e-04	3.32266	29.2	31618	1.05060e-04	3.32168	28.0	31340	1.05980e-04	3.32129	29.4
63207.232	16.027	31536	1.05370e-04	3.32285	28.4	30937	1.07400e-04	3.32266	29.2	31583	1.05170e-04	3.32168	28.0	31324	1.06040e-04	3.32148	29.4
63208.420	16.027	31577	1.05240e-04	3.32305	28.4	30926	1.07450e-04	3.32285	29.2	31598	1.05110e-04	3.32129	28.0	31335	1.05980e-04	3.32090	29.4
63209.609	16.038	31524	1.05410e-04	3.32305	28.4	30897	1.07550e-04	3.32285	29.2	31668	1.04890e-04	3.32148	28.0	31426	1.05690e-04	3.32129	29.4
63210.796	16.038	31524	1.05400e-04	3.32266	28.4	30925	1.07440e-04	3.32266	29.2	31564	1.05230e-04	3.32148	28.0	31319	1.06050e-04	3.32129	29.4
63211.985	16.038	31508	1.05460e-04	3.32285	28.4	30925	1.07460e-04	3.32305	29.2	31547	1.05290e-04	3.32148	28.0	31332	1.06000e-04	3.32129	29.4
63213.173	16.049	31544	1.05340e-04	3.32285	28.4	30905	1.07520e-04	3.32285	29.2	31534	1.05330e-04	3.32148	28.0	31336	1.05990e-04	3.32129	29.4
63214.361	16.049	31532	1.05390e-04	3.32305	28.5	30897	1.07550e-04	3.32285	29.2	31574	1.05200e-04	3.32168	28.0	31311	1.06070e-04	3.32109	29.4
63215.549	16.050	31509	1.05460e-04	3.32285	28.5	30876	1.07610e-04	3.32266	29.2	31526	1.05360e-04	3.32148	28.0	31305	1.06090e-04	3.32109	29.4
63216.738	16.050	31549	1.05330e-04	3.32305	28.5	30865	1.07660e-04	3.32285	29.2	31485	1.05490e-04	3.32148	28.0	31322	1.06030e-04	3.32109	29.4
63217.926	16.057	31556	1.05300e-04	3.32285	28.5	30898	1.07540e-04	3.32285	29.2	31548	1.05290e-04	3.32168	28.0	31305	1.06100e-04	3.32129	29.4
63219.114	16.057	31533	1.05380e-04	3.32285	28.5	30876	1.07610e-04	3.32266	29.2	31547	1.05290e-04	3.32148	28.0	31323	1.06030e-04	3.32129	29.4
63220.302	16.044	31509	1.05460e-04	3.32305	28.5	30897	1.07540e-04	3.32266	29.2	31518	1.05380e-04	3.32148	28.0	31337	1.05980e-04	3.32109	29.4
63221.491	16.044	31517	1.05430e-04	3.32285	28.5	30890	1.07570e-04	3.32285	29.2	31580	1.05180e-04	3.32148	28.0	31319	1.06040e-04	3.32109	29.4
63222.679	16.038	31573	1.05240e-04	3.32285	28.5	30915	1.07480e-04	3.32285	29.2	31534	1.05330e-04	3.32148	28.0	31361	1.05900e-04	3.32109	29.4
63223.867	16.038	31567	1.05260e-04	3.32285	28.5	30954	1.07350e-04	3.32285	29.2	31570	1.05210e-04	3.32148	28.1	31331	1.06010e-04	3.32129	29.4
63225.056	16.038	31589	1.05200e-04	3.32305	28.5	30944	1.07390e-04	3.32305	29.2	31534	1.05330e-04	3.32148	28.1	31301	1.06110e-04	3.32129	29.4
63226.244	16.021	31553	1.05310e-04	3.32285	28.5	30880	1.07610e-04	3.32285	29.3	31574	1.05200e-04	3.32148	28.1	31338	1.05980e-04	3.32129	29.4
63227.432	16.021	31548	1.05330e-04	3.32305	28.5	30912	1.07490e-04	3.32285	29.3	31572	1.05200e-04	3.32129	28.0	31341	1.05960e-04	3.32090	29.4
63228.620	16.026	31557	1.05300e-04	3.32285	28.5	30836	1.07760e-04	3.32285	29.3	31514	1.05400e-04	3.32168	28.0	31312	1.06080e-04	3.32148	29.4
63229.808	16.026	31534	1.05370e-04	3.32285	28.5	30863	1.07660e-04	3.32285	29.3	31498	1.05450e-04	3.32148	28.0	31328	1.06020e-04	3.32129	29.4
63230.996	16.041	31473	1.05580e-04	3.32285	28.5	30874	1.07630e-04	3.32285	29.3	31548	1.05280e-04	3.32148	28.0	31318	1.06050e-04	3.32129	29.4
63232.185	16.041	31537	1.05360e-04	3.32266	28.5	30913	1.07480e-04	3.32246	29.3	31531	1.05340e-04	3.32148	28.0	31306	1.06090e-04	3.32129	29.4
63233.374	16.041	31567	1.05270e-04	3.32305	28.5	30915	1.07480e-04	3.32285	29.3	31559	1.05250e-04	3.32148	28.0	31327	1.06010e-04	3.32109	29.4
63234.562	16.031	31586	1.05200e-04	3.32285	28.5	30860	1.07680e-04	3.32285	29.3	31505	1.05430e-04	3.32168	28.0	31329	1.06010e-04	3.32129	29.4
63235.750	16.031	31528	1.05390e-04	3.32285	28.5	30931	1.07430e-04	3.32285	29.3	31481	1.05510e-04	3.32168	28.0	31279	1.06180e-04	3.32129	29.4
63236.938	16.050	31451	1.05650e-04	3.32285	28.5	30872	1.07640e-04	3.32305	29.3	31518	1.05390e-04	3.32168	28.0	31303	1.06100e-04	3.32129	29.4
63238.127	16.050	31535	1.05370e-04	3.32285	28.5	30922	1.07460e-04	3.32285	29.3	31618	1.05050e-04	3.32148	28.0	31351	1.05940e-04	3.32129	29.4
63239.315	16.048	31564	1.05270e-04	3.32285	28.5	30963	1.07320e-04	3.32285	29.2	31600	1.05100e-04	3.32129	28.0	31364	1.05890e-04	3.32109	29.4
63240.503	16.048	31573	1.05240e-04	3.32266	28.5	30941	1.07390e-04	3.32266	29.3	31589	1.05150e-04	3.32148	28.0	31323	1.06030e-04	3.32129	29.4
63241.691	16.038	31519	1.05430e-04	3.32305	28.5	30935	1.07410e-04	3.32285	29.2	31572	1.05200e-04	3.32148	28.0	31366	1.05880e-04	3.32109	29.4
63242.879	16.038	31517	1.05430e-04	3.32285	28.5	30879	1.07610e-04	3.32285	29.2	31574	1.05200e-04	3.32168	28.0	31315	1.06070e-04	3.32148	29.4
63244.067	16.038	31533	1.05380e-04	3.32305	28.5	30894	1.07550e-04	3.32266	29.2	31591	1.05140e-04	3.32148	28.0	31268	1.06210e-04	3.32109	29.4
63245.256	16.058	31524	1.05410e-04	3.32285	28.5	30878	1.07610e-04	3.32285	29.2	31577	1.05190e-04	3.32148	28.0	31307	1.06090e-04	3.32129	29.4
63246.444	16.058	31577	1.05240e-04	3.32305	28.5	30896	1.07550e-04	3.32285	29.2	31551	1.05270e-04	3.32148	28.0	31284	1.06160e-04	3.32109	29.4
63247.632	16.051	31584	1.05210e-04	3.32285	28.5	30858	1.07690e-04	3.32305	29.2	31549	1.05290e-04	3.32168	28.0	31297	1.06120e-04	3.32129	29.4
63248.821	16.051	31533	1.05380e-04	3.32285	28.5	30846	1.07720e-04	3.32285	29.2	31539	1.05320e-04	3.32168	28.0	31326	1.06020e-04	3.32129	29.4
63250.009	16.036	31554	1.05310e-04	3.32285	28.5	30878	1.07620e-04	3.32305	29.2	31570	1.05210e-04	3.32148	28.0	31302	1.06110e-04	3.32129	29.4
63251.197	16.036	31592	1.05190e-04	3.32305	28.5	30888	1.07570e-04	3.32266	29.2	31584	1.05170e-04	3.32168	28.0	31209	1.06420e-04	3.32129	29.4
63252.385	16.033	31530	1.05380e-04	3.32246	28.5	30904	1.07500e-04	3.32227	29.2	31568	1.05210e-04	3.32129	28.0	31308	1.06080e-04	3.32109	29.4
63253.574	16.033	31598	1.05170e-04	3.32324	28.5	30872	1.07640e-04	3.32305	29.2	31634	1.04990e-04	3.32129	28.0	31307	1.06080e-04	3.32090	29.4
63254.762	16.033	31524	1.05410e-04	3.32305	28.5	30911	1.07500e-04	3.32285	29.2	31543	1.05310e-04	3.32188	28.0	31325	1.06030e-04	3.32148	29.4
63255.950	16.044	31560	1.05290e-04	3.32285	28.5	30870	1.07640e-04	3.32285	29.2	31599	1.05110e-04	3.32148	28.0	31331	1.06010e-04	3.32129	29.4
63257.138	16.044	31560	1.05290e-04	3.32285	28.5	30865	1.07660e-04	3.32285	29.2	31602	1.05100e-04	3.32148	28.0	31290	1.06140e-04	3.32109	29.4
63258.327	16.046	31544	1.05340e-04	3.32285	28.5	30866	1.07660e-04	3.32305	29.2	31551	1.05280e-04	3.32168	28.0	31295	1.06130e-04	3.32129	29.4
63259.515	16.046	31528	1.05400e-04	3.32285	28.5	30898	1.07540e-04	3.32266	29.2	31529	1.05350e-04	3.32148	28.0	31285	1.06160e-04	3.32129	29.4
63260.703	16.049	31551	1.05320e-04	3.32305	28.5	30910	1.07510e-04	3.32305	29.2	31522	1.05370e-04	3.32148	28.0	31307	1.06090e-04	3.32129	29.4
63261.891	16.049	31594	1.05180e-04	3.32285	28.5	30916	1.07490e-04	3.32305	29.2	31598	1.05120e-04	3.32168	28.0	31338	1.05990e-04	3.32148	29.4
63263.079	16.049	31574	1.05240e-04	3.32285	28.5	30917	1.07480e-04	3.32285	29.2	31611	1.05070e-04	3.32148	28.0	31381	1.05840e-04	3.32129	29.4
63264.267	16.045	31552	1.05310e-04	3.32285	28.5	30917	1.07470e-04	3.32266	29.2	31556	1.05260e-04	3.32148	28.0	31321	1.06040e-04	3.32129	29.4
63265.456	16.045	31590	1.05190e-04	3.32285	28.4	30928	1.07430e-04	3.32266	29.2	31591	1.05130e-04	3.32129	28.0	31351	1.05930e-04	3.32109	29.4
63266.644	16.051	31595	1.05180e-04	3.32305	28.4	30910	1.07490e-04	3.32266	29.2	31607	1.05090e-04	3.32168	28.0	31326	1.06030e-04	3.32148	29.4
63267.832	16.051	31583	1.05210e-04	3.32285	28.4	30914	1.07480e-04	3.32266	29.2	31622	1.05040e-04	3.32148	28.0	31362	1.05900e-04	3.32129	29.4
63269.020	16.044	31548	1.05330e-04	3.32285	28.4	30877	1.07620e-04	3.32285	29.2	31554	1.05260e-04	3.32148	28.0	31315	1.06060e-04	3.32129	29.4
63270.209	16.044	31498	1.05490e-04	3.32285	28.4	30849	1.07710e-04	3.32266	29.2	31595	1.05120e-04	3.32129	28.0	31274	1.06200e-04	3.32129	29.4
63271.397	16.058	31565	1.05270e-04	3.32285	28.4	30907	1.07500e-04	3.32266	29.2	31612	1.05070e-04	3.32168	28.0	31292	1.06130e-04	3.32109	29.4
63272.585	16.058	31586	1.05200e-04	3.32285	28.4	30926	1.07450e-04	3.32285	29.2	31597	1.05130e-04	3.32168	28.0	31315	1.06060e-04	3.32129	29.4
63273.774	16.037	31566	1.05260e-04	3.32266	28.4	30974	1.07280e-04	3.32285	29.2	31574	1.05190e-04	3.32129	28.0	31323	1.06030e-04	3.32129	29.4
63274.962	16.037	31562	1.05290e-04	3.32305	28.4	30972	1.07280e-04	3.32266	29.2	31587	1.05160e-04	3.32168	28.0	31390	1.05810e-04	3.32129	29.4
63276.150	16.037	31567	1.05260e-04	3.32266	28.4	30893	1.07570e-04	3.32305	29.2	31583	1.05170e-04	3.32148	28.0	31321	1.06030e-04	3.32109	29.4
63277.338	16.059	31539	1.05360e-04	3.32305	28.4	30883	1.07590e-04	3.32266	29.2	31525	1.05360e-04	3.32148	28.0	31286	1.06150e-04	3.32109	29.4
63278.526	16.059	31547	1.05330e-04	3.32285	28.4	30911	1.07500e-04	3.32285	29.2	31590	1.05150e-04	3.32168	28.0	31367	1.05890e-04	3.32148	29.4
63279.715	16.032	31564	1.05270e-04	3.32285	28.4	30919	1.07460e-04	3.32266	29.2	31589	1.05150e-04	3.32148	28.0	31321	1.06040e-04	3.32129	29.4
63280.903	16.032	31585	1.05210e-04	3.32305	28.4	30875	1.07620e-04	3.32285	29.2	31586	1.05160e-04	3.32148	28.0	31337	1.05990e-04	3.32129	29.4
63282.091	16.032	31557	1.05300e-04	3.32285	28.4	30970	1.07290e-04	3.32285	29.2	31632	1.05000e-04	3.32148	28.0	31347	1.05940e-04	3.32109	29.4
63283.279	16.037	31531	1.05380e-04	3.32285	28.4	30943	1.07380e-04	3.32285	29.2	31607	1.05080e-04	3.32129	28.0	31310	1.06070e-04	3.32109	29.4
63284.468	16.037	31544	1.05340e-04	3.32285	28.4	30875	1.07620e-04	3.32285	29.2	31607	1.05090e-04	3.32148	28.0	31351	1.05940e-04	3.32129	29.4
63285.656	16.026	31563	1.05280e-04	3.32285	28.4	30976	1.07270e-04	3.32285	29.2	31582	1.05170e-04	3.32129	28.0	31398	1.05770e-04	3.32109	29.4
63286.844	16.026	31543	1.05340e-04	3.32285	28.4	30964	1.07310e-04	3.32285	29.2	31592	1.05130e-04	3.32129	28.0	31357	1.05910e-04	3.32109	29.4
63288.033	16.043	31584	1.05210e-04	3.32285	28.4	30897	1.07540e-04	3.32266	29.2	31605	1.05090e-04	3.32148	28.0	31364	1.05890e-04	3.32109	29.4
63289.221	16.043	31591	1.05180e-04	3.32285	28.4	30885	1.07590e-04	3.32305	29.2	31632	1.05000e-04	3.32148	28.0	31311	1.06070e-04	3.32109	29.4
63290.409	16.031	31602	1.05150e-04	3.32285	28.4	30948	1.07360e-04	3.32266	29.2	31655	1.04920e-04	3.32129	28.0	31384	1.05820e-04	3.32109	29.4
63291.597	16.031	31548	1.05330e-04	3.32285	28.4	30891	1.07560e-04	3.32266	29.2	31649	1.04950e-04	3.32148	28.0	31328	1.06020e-04	3.32129	29.4
63292.786	16.052	31555	1.05300e-04	3.32285	28.4	30941	1.07390e-04	3.32266	29.2	31575	1.05190e-04	3.32148	28.0	31373	1.05860e-04	3.32129	29.4
63293.973	16.052	31515	1.05440e-04	3.32285	28.4	30899	1.07530e-04	3.32266	29.2	31638	1.04980e-04	3.32148	28.0	31293	1.06130e-04	3.32109	29.4
63295.162	16.052	31582	1.05210e-04	3.32266	28.4	30891	1.07570e-04	3.32285	29.2	31629	1.05010e-04	3.32148	28.0	31316	1.06050e-04	3.32109	29.4
63296.350	16.044	31521	1.05420e-04	3.32285	28.4	30916	1.07470e-04	3.32266	29.2	31601	1.05110e-04	3.32148	28.0	31284	1.06160e-04	3.32109	29.4
63297.539	16.044	31512	1.05450e-04	3.32285	28.4	30901	1.07530e-04	3.32285	29.2	31574	1.05200e-04	3.32148	28.0	31319	1.06050e-04	3.32129	29.4
63298.727	16.047	31495	1.05500e-04	3.32285	28.4	30912	1.07490e-04	3.32285	29.2	31605	1.05090e-04	3.32148	28.0	31301	1.06100e-04	3.32109	29.4
63299.915	16.047	31533	1.05380e-04	3.32285	28.4	30914	1.07480e-04	3.32266	29.2	31543	1.05300e-04	3.32148	28.0	31296	1.06120e-04	3.32129	29.4
63301.103	16.051	31508	1.05450e-04	3.32266	28.4	30857	1.07690e-04	3.32285	29.2	31649	1.04950e-04	3.32148	28.0	31306	1.06090e-04	3.32109	29.4
63302.292	16.051	31604	1.05140e-04	3.32285	28.4	30869	1.07640e-04	3.32266	29.2	31589	1.05150e-04	3.32148	28.0	31339	1.05980e-04	3.32129	29.4
63303.480	16.041	31597	1.05170e-04	3.32305	28.4	30950	1.07360e-04	3.32266	29.2	31653	1.04930e-04	3.32148	28.0	31367	1.05880e-04	3.32129	29.4
63304.668	16.041	31544	1.05340e-04	3.32285	28.4	30956	1.07340e-04	3.32266	29.2	31628	1.05020e-04	3.32148	28.0	31354	1.05930e-04	3.32129	29.4
63305.856	16.041	31584	1.05210e-04	3.32285	28.4	30920	1.07460e-04	3.32266	29.2	31603	1.05100e-04	3.32148	28.0	31381	1.05830e-04	3.32109	29.4
63307.045	16.036	31539	1.05360e-04	3.32285	28.4	30933	1.07420e-04	3.32266	29.2	31581	1.05170e-04	3.32129	28.0	31331	1.06010e-04	3.32129	29.4
63308.233	16.036	31544	1.05340e-04	3.32285	28.4	30913	1.07490e-04	3.32285	29.2	31613	1.05070e-04	3.32168	28.0	31374	1.05850e-04	3.32109	29.4
63309.421	16.029	31554	1.05310e-04	3.32285	28.4	30938	1.07400e-04	3.32285	29.2	31545	1.05300e-04	3.32148	28.0	31351	1.05940e-04	3.32129	29.4
63310.609	16.029	31568	1.05260e-04	3.32285	28.4	30892	1.07560e-04	3.32285	29.2	31597	1.05120e-04	3.32148	28.0	31310	1.06080e-04	3.32129	29.4
63311.798	16.043	31520	1.05420e-04	3.32285	28.4	30931	1.07430e-04	3.32285	29.2	31530	1.05340e-04	3.32148	28.0	31350	1.05940e-04	3.32109	29.4
63312.985	16.043	31542	1.05350e-04	3.32285	28.4	30894	1.07550e-04	3.32266	29.2	31583	1.05170e-04	3.32148	28.0	31285	1.06160e-04	3.32129	29.4
63314.174	16.043	31514	1.05430e-04	3.32266	28.4	30859	1.07670e-04	3.32266	29.2	31569	1.05210e-04	3.32148	28.0	31313	1.06060e-04	3.32109	29.4
63315.362	16.040	31556	1.05300e-04	3.32285	28.4	30918	1.07470e-04	3.32266	29.2	31556	1.05260e-04	3.32168	28.0	31357	1.05910e-04	3.32109	29.4
63316.550	16.040	31498	1.05500e-04	3.32285	28.4	30856	1.07690e-04	3.32285	29.2	31562	1.05240e-04	3.32148	28.0	31308	1.06080e-04	3.32129	29.4
63317.739	16.040	31555	1.05300e-04	3.32285	28.4	30862	1.07660e-04	3.32266	29.2	31508	1.05420e-04	3.32148	28.0	31274	1.06200e-04	3.32129	29.4
63318.927	16.040	31596	1.05170e-04	3.32285	28.4	30853	1.07700e-04	3.32285	29.2	31534	1.05330e-04	3.32148	28.0	31345	1.05960e-04	3.32129	29.4
63320.115	16.040	31584	1.05210e-04	3.32305	28.4	30932	1.07420e-04	3.32285	29.2	31499	1.05450e-04	3.32148	28.0	31354	1.05920e-04	3.32109	29.4
63321.304	16.038	31546	1.05330e-04	3.32285	28.4	30977	1.07270e-04	3.32285	29.2	31551	1.05270e-04	3.32148	28.0	31322	1.06030e-04	3.32109	29.4
63322.492	16.019	31634	1.05040e-04	3.32285	28.4	30924	1.07450e-04	3.32285	29.2	31586	1.05160e-04	3.32168	28.0	31309	1.06080e-04	3.32129	29.4
63323.680	16.019	31668	1.04930e-04	3.32285	28.4	31028	1.07090e-04	3.32285	29.2	31691	1.04800e-04	3.32129	28.0	31436	1.05650e-04	3.32109	29.4
63324.868	16.019	31543	1.05340e-04	3.32285	28.4	30973	1.07280e-04	3.32266	29.2	31633	1.05010e-04	3.32168	28.0	31385	1.05820e-04	3.32109	29.4
63326.056	16.034	31587	1.05200e-04	3.32285	28.4	30899	1.07540e-04	3.32285	29.2	31593	1.05130e-04	3.32148	28.0	31340	1.05980e-04	3.32129	29.4
63327.244	16.034	31515	1.05440e-04	3.32285	28.4	30918	1.07470e-04	3.32266	29.2	31644	1.04960e-04	3.32148	28.0	31363	1.05890e-04	3.32109	29.4
63328.433	16.041	31552	1.05310e-04	3.32285	28.4	30916	1.07470e-04	3.32266	29.2	31523	1.05370e-04	3.32148	28.0	31308	1.06080e-04	3.32129	29.4
63329.621	16.041	31530	1.05390e-04	3.32285	28.4	30864	1.07660e-04	3.32285	29.2	31579	1.05180e-04	3.32148	28.0	31320	1.06040e-04	3.32129	29.4
63330.809	16.058	31533	1.05380e-04	3.32285	28.4	30947	1.07370e-04	3.32266	29.2	31587	1.05150e-04	3.32129	28.0	31330	1.06000e-04	3.32109	29.4
63331.998	16.058	31563	1.05280e-04	3.32285	28.4	30877	1.07610e-04	3.32285	29.2	31605	1.05090e-04	3.32148	28.0	31323	1.06030e-04	3.32109	29.4
63333.186	16.058	31542	1.05340e-04	3.32266	28.4	30908	1.07510e-04	3.32305	29.2	31595	1.05130e-04	3.32148	28.0	31363	1.05890e-04	3.32109	29.4
63334.374	16.050	31515	1.05440e-04	3.32305	28.4	30909	1.07500e-04	3.32266	29.2	31561	1.05240e-04	3.32148	28.0	31290	1.06140e-04	3.32129	29.4
63335.562	16.050	31509	1.05460e-04	3.32285	28.4	30894	1.07560e-04	3.32285	29.2	31540	1.05320e-04	3.32168	28.0	31282	1.06170e-04	3.32129	29.4
63336.750	16.043	31511	1.05450e-04	3.32285	28.4	30859	1.07680e-04	3.32285	29.2	31578	1.05180e-04	3.32129	28.0	31366	1.05880e-04	3.32109	29.4
63337.939	16.043	31514	1.05440e-04	3.32285	28.4	30871	1.07630e-04	3.32266	29.2	31547	1.05290e-04	3.32148	28.0	31330	1.06010e-04	3.32129	29.4
63339.127	16.054	31579	1.05220e-04	3.32285	28.4	30887	1.07580e-04	3.32266	29.2	31534	1.05340e-04	3.32168	28.0	31325	1.06020e-04	3.32109	29.4
63340.315	16.054	31590	1.05190e-04	3.32305	28.4	30909	1.07500e-04	3.32285	29.2	31562	1.05230e-04	3.32129	28.0	31370	1.05870e-04	3.32129	29.4
63341.504	16.044	31553	1.05310e-04	3.32285	28.4	30904	1.07520e-04	3.32266	29.2	31545	1.05290e-04	3.32148	28.0	31298	1.06110e-04	3.32109	29.4
63342.692	16.044	31556	1.05300e-04	3.32285	28.4	30916	1.07470e-04	3.32266	29.2	31583	1.05170e-04	3.32168	28.0	31359	1.05910e-04	3.32129	29.4
63343.880	16.040	31539	1.05340e-04	3.32246	28.4	30911	1.07500e-04	3.32285	29.2	31553	1.05260e-04	3.32129	28.0	31344	1.05960e-04	3.32129	29.4
63345.068	16.040	31515	1.05440e-04	3.32305	28.4	30914	1.07480e-04	3.32266	29.2	31546	1.05290e-04	3.32129	28.0	31354	1.05920e-04	3.32090	29.4
63346.257	16.040	31540	1.05360e-04	3.32305	28.4	30941	1.07410e-04	3.32324	29.2	31568	1.05220e-04	3.32148	28.0	31350	1.05940e-04	3.32129	29.4
63347.445	16.041	31571	1.05250e-04	3.32285	28.4	30949	1.07370e-04	3.32285	29.2	31546	1.05290e-04	3.32148	28.0	31363	1.05900e-04	3.32129	29.4
63348.633	16.041	31562	1.05280e-04	3.32285	28.4	30939	1.07390e-04	3.32266	29.2	31535	1.05330e-04	3.32168	28.0	31318	1.06050e-04	3.32129	29.4
63349.821	16.032	31540	1.05350e-04	3.32285	28.4	30930	1.07430e-04	3.32266	29.2	31537	1.05320e-04	3.32148	28.0	31323	1.06030e-04	3.32129	29.4
63351.009	16.032	31580	1.05220e-04	3.32285	28.4	30929	1.07430e-04	3.32266	29.2	31515	1.05390e-04	3.32148	28.0	31351	1.05930e-04	3.32109	29.4
63352.198	16.045	31583	1.05210e-04	3.32285	28.5	30884	1.07580e-04	3.32266	29.2	31616	1.05060e-04	3.32148	28.0	31378	1.05850e-04	3.32129	29.4
63353.386	16.045	31542	1.05350e-04	3.32285	28.5	30943	1.07390e-04	3.32285	29.2	31596	1.05120e-04	3.32148	28.0	31319	1.06050e-04	3.32129	29.4
63354.575	16.043	31478	1.05550e-04	3.32266	28.5	30901	1.07530e-04	3.32266	29.2	31570	1.05200e-04	3.32129	28.0	31343	1.05960e-04	3.32109	29.4
63355.762	16.043	31526	1.05400e-04	3.32285	28.5	30861	1.07670e-04	3.32285	29.2	31523	1.05370e-04	3.32148	28.0	31327	1.06020e-04	3.32109	29.4
63356.951	16.043	31580	1.05210e-04	3.32266	28.5	30933	1.07420e-04	3.32285	29.3	31524	1.05360e-04	3.32129	28.0	31283	1.06160e-04	3.32109	29.4
63358.139	16.034	31516	1.05430e-04	3.32285	28.4	30925	1.07440e-04	3.32266	29.2	31615	1.05050e-04	3.32129	28.0	31361	1.05900e-04	3.32109	29.4
63359.327	16.034	31555	1.05300e-04	3.32285	28.5	30941	1.07390e-04	3.32285	29.2	31605	1.05100e-04	3.32168	28.0	31419	1.05710e-04	3.32129	29.4
63360.516	16.028	31595	1.05170e-04	3.32266	28.5	30936	1.07400e-04	3.32266	29.2	31523	1.05370e-04	3.32148	28.0	31387	1.05820e-04	3.32129	29.4
63361.704	16.028	31543	1.05340e-04	3.32285	28.5	30934	1.07400e-04	3.32246	29.2	31627	1.05020e-04	3.32148	28.0	31366	1.05880e-04	3.32109	29.4
63362.892	16.028	31588	1.05190e-04	3.32285	28.5	30871	1.07630e-04	3.32266	29.2	31582	1.05180e-04	3.32168	28.0	31314	1.06060e-04	3.32129	29.4
63364.081	16.034	31555	1.05300e-04	3.32285	28.4	30928	1.07430e-04	3.32266	29.2	31571	1.05200e-04	3.32129	28.0	31360	1.05900e-04	3.32090	29.4
63365.269	16.034	31539	1.05360e-04	3.32285	28.4	30932	1.07420e-04	3.32285	29.2	31618	1.05060e-04	3.32168	28.0	31376	1.05860e-04	3.32148	29.4
63366.457	16.024	31544	1.05340e-04	3.32285	28.4	30935	1.07410e-04	3.32285	29.2	31576	1.05190e-04	3.32148	28.0	31300	1.06110e-04	3.32129	29.4
63367.645	16.024	31464	1.05600e-04	3.32266	28.4	30877	1.07610e-04	3.32266	29.2	31532	1.05330e-04	3.32129	28.0	31360	1.05900e-04	3.32090	29.4
63368.833	16.027	31521	1.05420e-04	3.32285	28.4	30896	1.07550e-04	3.32285	29.2	31584	1.05170e-04	3.32168	28.0	31333	1.06000e-04	3.32129	29.4
63370.021	16.027	31564	1.05280e-04	3.32305	28.4	30947	1.07370e-04	3.32285	29.2	31537	1.05320e-04	3.32148	28.0	31403	1.05760e-04	3.32109	29.4
63371.210	16.030	31604	1.05140e-04	3.32285	28.4	30917	1.07480e-04	3.32285	29.2	31573	1.05200e-04	3.32148	28.0	31311	1.06070e-04	3.32109	29.4
63372.398	16.030	31563	1.05270e-04	3.32266	28.4	30929	1.07440e-04	3.32285	29.2	31556	1.05260e-04	3.32148	28.0	31349	1.05950e-04	3.32129	29.4
63373.586	16.015	31589	1.05200e-04	3.32305	28.4	30981	1.07250e-04	3.32266	29.2	31605	1.05090e-04	3.32129	28.0	31340	1.05970e-04	3.32109	29.4
63374.774	16.015	31599	1.05160e-04	3.32285	28.4	30925	1.07450e-04	3.32285	29.2	31663	1.04900e-04	3.32148	28.0	31353	1.05930e-04	3.32109	29.4
63375.963	16.015	31605	1.05130e-04	3.32266	28.4	30906	1.07520e-04	3.32285	29.2	31659	1.04910e-04	3.32148	28.0	31431	1.05660e-04	3.32109	29.4
63377.151	16.028	31563	1.05280e-04	3.32305	28.4	30956	1.07340e-04	3.32266	29.2	31639	1.04980e-04	3.32148	28.0	31451	1.05600e-04	3.32129	29.4
63378.339	16.028	31611	1.05100e-04	3.32246	28.4	30973	1.07280e-04	3.32285	29.2	31711	1.04740e-04	3.32148	28.0	31470	1.05540e-04	3.32129	29.4
63379.528	16.031	31585	1.05210e-04	3.32305	28.4	30958	1.07320e-04	3.32246	29.2	31590	1.05130e-04	3.32109	28.0	31406	1.05740e-04	3.32090	29.4
63380.716	16.031	31544	1.05340e-04	3.32285	28.4	30971	1.07290e-04	3.32305	29.2	31660	1.04920e-04	3.32168	28.0	31400	1.05770e-04	3.32129	29.4
63381.904	16.035	31564	1.05270e-04	3.32266	28.4	30890	1.07570e-04	3.32285	29.2	31541	1.05310e-04	3.32148	28.0	31290	1.06140e-04	3.32129	29.4
63383.092	16.035	31544	1.05350e-04	3.32305	28.4	30902	1.07520e-04	3.32266	29.2	31592	1.05130e-04	3.32129	28.0	31334	1.05990e-04	3.32109	29.4
63384.280	16.035	31557	1.05300e-04	3.32285	28.4	30921	1.07460e-04	3.32285	29.2	31599	1.05110e-04	3.32129	28.0	31382	1.05840e-04	3.32148	29.4
63385.469	16.044	31549	1.05320e-04	3.32266	28.4	30898	1.07540e-04	3.32266	29.2	31569	1.05210e-04	3.32148	28.0	31291	1.06140e-04	3.32109	29.4
63386.657	16.044	31565	1.05270e-04	3.32285	28.4	30880	1.07600e-04	3.32266	29.2	31591	1.05140e-04	3.32148	28.0	31345	1.05950e-04	3.32109	29.4
63387.845	16.052	31539	1.05360e-04	3.32285	28.4	30899	1.07530e-04	3.32266	29.2	31614	1.05070e-04	3.32148	28.0	31341	1.05970e-04	3.32109	29.4
63389.034	16.052	31573	1.05240e-04	3.32285	28.4	30954	1.07350e-04	3.32285	29.2	31653	1.04930e-04	3.32148	28.0	31364	1.05890e-04	3.32109	29.4
63390.222	16.059	31565	1.05270e-04	3.32285	28.4	30935	1.07410e-04	3.32266	29.2	31671	1.04870e-04	3.32129	28.0	31393	1.05790e-04	3.32109	29.4
63391.410	16.059	31547	1.05330e-04	3.32285	28.4	31006	1.07170e-04	3.32285	29.2	31694	1.04800e-04	3.32148	28.0	31437	1.05640e-04	3.32109	29.4
63392.598	16.052	31504	1.05470e-04	3.32266	28.4	30974	1.07270e-04	3.32266	29.2	31633	1.05000e-04	3.32148	28.0	31360	1.05900e-04	3.32109	29.4
63393.786	16.052	31504	1.05470e-04	3.32285	28.4	30896	1.07550e-04	3.32285	29.2	31630	1.05000e-04	3.32109	28.0	31340	1.05970e-04	3.32109	29.4
63394.975	16.052	31578	1.05230e-04	3.32285	28.4	30932	1.07420e-04	3.32266	29.2	31627	1.05020e-04	3.32148	28.0	31333	1.06000e-04	3.32129	29.4
63396.163	16.052	31584	1.05200e-04	3.32266	28.4	30898	1.07540e-04	3.32285	29.2	31607	1.05090e-04	3.32148	28.0	31371	1.05870e-04	3.32129	29.4
63397.351	16.052	31529	1.05390e-04	3.32285	28.4	30981	1.07250e-04	3.32266	29.2	31683	1.04820e-04	3.32109	28.0	31348	1.05940e-04	3.32090	29.4
63398.539	16.050	31554	1.05310e-04	3.32285	28.4	30958	1.07330e-04	3.32266	29.2	31637	1.04990e-04	3.32148	28.0	31370	1.05880e-04	3.32129	29.4
63399.728	16.050	31496	1.05500e-04	3.32266	28.4	30906	1.07510e-04	3.32266	29.2	31611	1.05070e-04	3.32148	28.0	31291	1.06130e-04	3.32109	29.4
63400.916	16.053	31501	1.05480e-04	3.32285	28.4	30917	1.07460e-04	3.32246	29.2	31607	1.05070e-04	3.32109	28.0	31362	1.05890e-04	3.32090	29.4
63402.104	16.053	31573	1.05240e-04	3.32266	28.4	30913	1.07490e-04	3.32285	29.2	31611	1.05070e-04	3.32148	28.0	31385	1.05820e-04	3.32129	29.4
63403.293	16.058	31527	1.05390e-04	3.32266	28.4	30906	1.07510e-04	3.32285	29.2	31641	1.04970e-04	3.32148	28.0	31312	1.06070e-04	3.32129	29.4
63404.481	16.058	31505	1.05470e-04	3.32285	28.4	30928	1.07430e-04	3.32266	29.2	31654	1.04930e-04	3.32129	28.0	31338	1.05980e-04	3.32109	29.4
63405.669	16.050	31561	1.05280e-04	3.32266	28.4	30949	1.07370e-04	3.32305	29.2	31622	1.05040e-04	3.32148	28.0	31363	1.05890e-04	3.32109	29.4
63406.857	16.050	31555	1.05300e-04	3.32285	28.4	30960	1.07330e-04	3.32285	29.2	31652	1.04930e-04	3.32129	28.0	31456	1.05580e-04	3.32109	29.4
63408.046	16.050	31542	1.05340e-04	3.32266	28.4	30952	1.07340e-04	3.32246	29.2	31636	1.04990e-04	3.32129	28.0	31287	1.06150e-04	3.32109	29.4
63409.234	16.050	31501	1.05480e-04	3.32285	28.4	30914	1.07480e-04	3.32266	29.2	31636	1.04990e-04	3.32148	28.0	31354	1.05930e-04	3.32129	29.4
63410.422	16.050	31522	1.05410e-04	3.32285	28.4	30887	1.07580e-04	3.32266	29.2	31655	1.04930e-04	3.32148	28.0	31353	1.05930e-04	3.32129	29.4
63411.610	16.051	31568	1.05250e-04	3.32246	28.4	30925	1.07440e-04	3.32266	29.2	31592	1.05130e-04	3.32129	28.0	31391	1.05790e-04	3.32090	29.4
63412.798	16.051	31556	1.05310e-04	3.32305	28.4	30893	1.07550e-04	3.32246	29.2	31623	1.05030e-04	3.32129	28.0	31395	1.05780e-04	3.32109	29.4
63413.987	16.031	31615	1.05100e-04	3.32285	28.4	30876	1.07610e-04	3.32266	29.2	31601	1.05100e-04	3.32129	28.0	31319	1.06040e-04	3.32109	29.4
63415.175	16.031	31545	1.05340e-04	3.32285	28.4	30955	1.07350e-04	3.32285	29.2	31657	1.04920e-04	3.32148	28.0	31351	1.05940e-04	3.32129	29.4
63416.363	16.029	31541	1.05350e-04	3.32285	28.4	30902	1.07530e-04	3.32305	29.2	31602	1.05100e-04	3.32148	28.0	31345	1.05950e-04	3.32109	29.4
63417.551	16.029	31592	1.05180e-04	3.32285	28.4	30922	1.07460e-04	3.32285	29.2	31617	1.05050e-04	3.32129	28.0	31373	1.05860e-04	3.32109	29.4
63418.740	16.029	31577	1.05220e-04	3.32266	28.4	30942	1.07390e-04	3.32285	29.2	31703	1.04770e-04	3.32148	28.0	31397	1.05780e-04	3.32109	29.4
63419.928	16.039	31609	1.05120e-04	3.32285	28.4	30992	1.07210e-04	3.32266	29.2	31650	1.04940e-04	3.32148	28.0	31327	1.06010e-04	3.32109	29.4
63421.116	16.039	31562	1.05280e-04	3.32285	28.4	30955	1.07340e-04	3.32266	29.2	31628	1.05020e-04	3.32148	28.0	31369	1.05870e-04	3.32109	29.4
63422.304	16.032	31622	1.05070e-04	3.32266	28.4	30890	1.07570e-04	3.32285	29.2	31649	1.04950e-04	3.32148	28.0	31343	1.05960e-04	3.32109	29.4
63423.493	16.032	31553	1.05320e-04	3.32305	28.4	30961	1.07320e-04	3.32266	29.2	31623	1.05030e-04	3.32129	28.0	31364	1.05900e-04	3.32129	29.4
63424.681	16.046	31545	1.05340e-04	3.32285	28.4	30907	1.07510e-04	3.32285	29.2	31633	1.05000e-04	3.32148	28.0	31344	1.05960e-04	3.32129	29.4
63425.869	16.046	31539	1.05350e-04	3.32266	28.4	30893	1.07560e-04	3.32266	29.2	31605	1.05090e-04	3.32129	28.0	31396	1.05780e-04	3.32109	29.4
63427.058	16.046	31527	1.05400e-04	3.32305	28.4	30911	1.07500e-04	3.32285	29.2	31600	1.05110e-04	3.32148	28.0	31356	1.05920e-04	3.32129	29.4
63428.246	16.046	31585	1.05200e-04	3.32266	28.4	30975	1.07280e-04	3.32285	29.2	31607	1.05090e-04	3.32148	28.0	31376	1.05850e-04	3.32109	29.4
63429.434	16.046	31550	1.05320e-04	3.32285	28.4	30934	1.07410e-04	3.32266	29.2	31702	1.04760e-04	3.32129	28.0	31392	1.05800e-04	3.32109	29.4
63430.622	16.052	31587	1.05200e-04	3.32305	28.4	30957	1.07340e-04	3.32285	29.2	31642	1.04970e-04	3.32148	28.0	31366	1.05880e-04	3.32109	29.4
63431.810	16.052	31524	1.05410e-04	3.32285	28.4	30936	1.07400e-04	3.32266	29.2	31605	1.05090e-04	3.32129	28.0	31333	1.06000e-04	3.32129	29.4
63432.998	16.048	31554	1.05300e-04	3.32266	28.4	30866	1.07640e-04	3.32246	29.2	31581	1.05170e-04	3.32129	28.0	31329	1.06010e-04	3.32109	29.4
63434.187	16.048	31476	1.05570e-04	3.32285	28.4	30856	1.07690e-04	3.32285	29.2	31630	1.05010e-04	3.32148	28.0	31384	1.05830e-04	3.32129	29.4
63435.375	16.052	31476	1.05560e-04	3.32266	28.4	30886	1.07580e-04	3.32285	29.2	31586	1.05160e-04	3.32148	28.0	31366	1.05880e-04	3.32109	29.4
63436.564	16.052	31538	1.05360e-04	3.32285	28.4	30890	1.07560e-04	3.32266	29.2	31573	1.05200e-04	3.32148	28.0	31374	1.05850e-04	3.32090	29.4
63437.751	16.052	31503	1.05480e-04	3.32285	28.4	30873	1.07630e-04	3.32285	29.2	31614	1.05070e-04	3.32148	28.0	31365	1.05890e-04	3.32129	29.4
63438.940	16.052	31520	1.05410e-04	3.32266	28.4	30913	1.07490e-04	3.32285	29.2	31591	1.05140e-04	3.32148	28.0	31378	1.05840e-04	3.32109	29.4
63440.128	16.052	31506	1.05470e-04	3.32305	28.4	30918	1.07470e-04	3.32285	29.2	31576	1.05200e-04	3.32168	28.0	31394	1.05790e-04	3.32129	29.4
63441.317	16.044	31501	1.05480e-04	3.32285	28.4	30917	1.07480e-04	3.32285	29.2	31571	1.05210e-04	3.32148	28.0	31375	1.05860e-04	3.32129	29.4
63442.504	16.044	31505	1.05460e-04	3.32266	28.4	30924	1.07450e-04	3.32285	29.2	31604	1.05100e-04	3.32148	28.0	31383	1.05820e-04	3.32090	29.4
63443.693	16.037	31513	1.05450e-04	3.32305	28.4	30923	1.07450e-04	3.32266	29.2	31563	1.05230e-04	3.32148	28.0	31369	1.05880e-04	3.32129	29.4
63444.881	16.037	31555	1.05300e-04	3.32266	28.4	30901	1.07530e-04	3.32285	29.2	31581	1.05180e-04	3.32148	28.0	31385	1.05820e-04	3.32129	29.4
63446.069	16.037	31551	1.05310e-04	3.32266	28.4	30898	1.07530e-04	3.32246	29.2	31599	1.05100e-04	3.32109	28.0	31341	1.05960e-04	3.32090	29.4
63447.258	16.044	31573	1.05250e-04	3.32305	28.4	30888	1.07570e-04	3.32266	29.2	31593	1.05150e-04	3.32188	28.0	31401	1.05780e-04	3.32148	29.4
63448.446	16.044	31481	1.05560e-04	3.32305	28.4	30904	1.07520e-04	3.32285	29.2	31590	1.05140e-04	3.32148	28.0	31385	1.05820e-04	3.32109	29.4
63449.634	16.040	31484	1.05540e-04	3.32285	28.4	30899	1.07530e-04	3.32266	29.2	31606	1.05090e-04	3.32148	28.0	31319	1.06040e-04	3.32109	29.4
63450.822	16.040	31484	1.05540e-04	3.32285	28.4	30874	1.07630e-04	3.32305	29.2	31559	1.05250e-04	3.32148	28.0	31328	1.06020e-04	3.32129	29.4
63452.010	16.041	31555	1.05300e-04	3.32285	28.4	30862	1.07670e-04	3.32285	29.2	31588	1.05150e-04	3.32148	28.0	31377	1.05850e-04	3.32129	29.4
63453.199	16.041	31541	1.05350e-04	3.32285	28.4	30883	1.07590e-04	3.32285	29.2	31638	1.04990e-04	3.32168	28.0	31335	1.05990e-04	3.32129	29.4
63454.387	16.052	31573	1.05240e-04	3.32285	28.4	30903	1.07530e-04	3.32285	29.2	31594	1.05130e-04	3.32148	28.0	31356	1.05920e-04	3.32109	29.4
63455.576	16.052	31584	1.05210e-04	3.32285	28.4	30950	1.07360e-04	3.32285	29.2	31663	1.04900e-04	3.32148	28.0	31403	1.05760e-04	3.32109	29.4
63456.764	16.041	31586	1.05200e-04	3.32285	28.4	30930	1.07430e-04	3.32266	29.2	31673	1.04870e-04	3.32148	28.0	31401	1.05770e-04	3.32129	29.4
63457.952	16.041	31567	1.05260e-04	3.32285	28.4	30970	1.07290e-04	3.32266	29.2	31593	1.05130e-04	3.32148	28.0	31385	1.05820e-04	3.32129	29.4
63459.140	16.041	31554	1.05310e-04	3.32285	28.4	30906	1.07510e-04	3.32266	29.2	31539	1.05310e-04	3.32148	28.0	31321	1.06030e-04	3.32109	29.4
63460.328	16.044	31505	1.05480e-04	3.32305	28.4	30892	1.07560e-04	3.32285	29.2	31608	1.05080e-04	3.32129	28.0	31370	1.05870e-04	3.32109	29.4
63461.516	16.044	31586	1.05200e-04	3.32285	28.4	30890	1.07570e-04	3.32285	29.2	31612	1.05070e-04	3.32168	28.0	31373	1.05860e-04	3.32129	29.4
63462.705	16.053	31530	1.05390e-04	3.32285	28.4	30920	1.07460e-04	3.32285	29.2	31566	1.05230e-04	3.32168	28.0	31378	1.05850e-04	3.32129	29.4
63463.893	16.053	31557	1.05300e-04	3.32285	28.4	30871	1.07640e-04	3.32285	29.2	31601	1.05110e-04	3.32148	28.0	31380	1.05840e-04	3.32129	29.4
63465.081	16.050	31521	1.05410e-04	3.32266	28.4	30944	1.07380e-04	3.32266	29.2	31610	1.05080e-04	3.32148	28.0	31336	1.05980e-04	3.32109	29.4
63466.269	16.050	31537	1.05360e-04	3.32285	28.4	30901	1.07530e-04	3.32285	29.2	31583	1.05170e-04	3.32148	28.0	31334	1.06000e-04	3.32129	29.4
63467.458	16.034	31521	1.05420e-04	3.32285	28.4	30879	1.07610e-04	3.32285	29.2	31549	1.05280e-04	3.32148	28.0	31364	1.05900e-04	3.32129	29.4
63468.646	16.034	31513	1.05440e-04	3.32285	28.4	30899	1.07540e-04	3.32285	29.2	31509	1.05410e-04	3.32148	28.0	31315	1.06060e-04	3.32129	29.4
63469.834	16.034	31601	1.05150e-04	3.32285	28.4	30937	1.07400e-04	3.32266	29.2	31583	1.05170e-04	3.32148	28.0	31352	1.05930e-04	3.32129	29.4
63471.023	16.032	31554	1.05310e-04	3.32285	28.4	30921	1.07460e-04	3.32266	29.2	31621	1.05040e-04	3.32148	28.0	31373	1.05860e-04	3.32129	29.4
63472.210	16.032	31528	1.05390e-04	3.32285	28.4	30934	1.07410e-04	3.32266	29.2	31537	1.05320e-04	3.32148	28.0	31321	1.06040e-04	3.32129	29.4
63473.399	16.021	31583	1.05210e-04	3.32285	28.4	30883	1.07590e-04	3.32266	29.2	31578	1.05180e-04	3.32148	28.0	31309	1.06070e-04	3.32109	29.4
63474.587	16.021	31504	1.05480e-04	3.32285	28.4	30894	1.07550e-04	3.32266	29.2	31562	1.05230e-04	3.32129	28.0	31302	1.06100e-04	3.32109	29.4
63475.775	16.051	31491	1.05520e-04	3.32285	28.4	30894	1.07560e-04	3.32305	29.2	31539	1.05310e-04	3.32148	28.0	31314	1.06070e-04	3.32148	29.4
63476.964	16.051	31516	1.05440e-04	3.32305	28.4	30853	1.07700e-04	3.32285	29.2	31560	1.05250e-04	3.32168	28.0	31285	1.06160e-04	3.32129	29.4
63478.152	16.051	31559	1.05300e-04	3.32305	28.5	30936	1.07410e-04	3.32285	29.2	31567	1.05220e-04	3.32148	28.0	31352	1.05930e-04	3.32129	29.4
63479.341	16.057	31509	1.05460e-04	3.32285	28.5	30904	1.07520e-04	3.32285	29.2	31539	1.05310e-04	3.32148	28.0	31342	1.05960e-04	3.32109	29.4
63480.529	16.057	31522	1.05410e-04	3.32285	28.5	30894	1.07560e-04	3.32285	29.2	31561	1.05240e-04	3.32148	28.0	31368	1.05880e-04	3.32109	29.4
63481.717	16.060	31551	1.05320e-04	3.32305	28.5	30865	1.07650e-04	3.32266	29.2	31582	1.05160e-04	3.32129	28.0	31277	1.06190e-04	3.32129	29.4
63482.905	16.060	31500	1.05490e-04	3.32285	28.4	30887	1.07580e-04	3.32285	29.2	31503	1.05440e-04	3.32168	28.0	31304	1.06100e-04	3.32148	29.4
63484.093	16.061	31498	1.05500e-04	3.32285	28.4	30901	1.07530e-04	3.32266	29.2	31565	1.05230e-04	3.32148	28.0	31300	1.06110e-04	3.32129	29.4
63485.282	16.061	31523	1.05420e-04	3.32305	28.4	30927	1.07440e-04	3.32266	29.2	31553	1.05270e-04	3.32148	28.0	31298	1.06110e-04	3.32109	29.4
63486.470	16.059	31539	1.05360e-04	3.32285	28.5	30938	1.07410e-04	3.32305	29.2	31544	1.05300e-04	3.32148	28.0	31303	1.06090e-04	3.32109	29.4
63487.658	16.059	31537	1.05360e-04	3.32285	28.5	30902	1.07530e-04	3.32285	29.2	31553	1.05270e-04	3.32148	28.0	31281	1.06180e-04	3.32129	29.4
63488.846	16.059	31573	1.05240e-04	3.32285	28.5	30944	1.07380e-04	3.32266	29.2	31580	1.05170e-04	3.32129	28.0	31364	1.05890e-04	3.32109	29.4
63490.035	16.058	31608	1.05130e-04	3.32285	28.5	30919	1.07480e-04	3.32305	29.2	31609	1.05090e-04	3.32168	28.0	31305	1.06090e-04	3.32129	29.4
63491.223	16.058	31516	1.05430e-04	3.32285	28.5	30892	1.07560e-04	3.32285	29.2	31611	1.05070e-04	3.32148	28.0	31301	1.06100e-04	3.32109	29.4
63492.411	16.047	31512	1.05450e-04	3.32285	28.5	30889	1.07570e-04	3.32266	29.2	31598	1.05110e-04	3.32129	28.0	31311	1.06070e-04	3.32109	29.4
63493.600	16.047	31517	1.05430e-04	3.32285	28.5	30882	1.07600e-04	3.32285	29.2	31602	1.05110e-04	3.32168	28.0	31370	1.05870e-04	3.32129	29.4
63494.788	16.048	31557	1.05290e-04	3.32266	28.4	30906	1.07510e-04	3.32266	29.2	31592	1.05140e-04	3.32148	28.0	31326	1.06020e-04	3.32129	29.4
63495.976	16.048	31561	1.05290e-04	3.32305	28.4	30916	1.07480e-04	3.32266	29.2	31576	1.05190e-04	3.32148	28.0	31299	1.06120e-04	3.32129	29.4
63497.164	16.048	31603	1.05150e-04	3.32305	28.4	30979	1.07260e-04	3.32285	29.2	31637	1.04990e-04	3.32168	28.0	31347	1.05950e-04	3.32109	29.4
63498.352	16.062	31546	1.05330e-04	3.32285	28.4	30912	1.07490e-04	3.32266	29.2	31602	1.05100e-04	3.32129	28.0	31351	1.05930e-04	3.32109	29.4
63499.541	16.062	31517	1.05430e-04	3.32285	28.4	30922	1.07460e-04	3.32305	29.2	31655	1.04930e-04	3.32148	28.0	31357	1.05920e-04	3.32129	29.4
63500.729	16.043	31506	1.05460e-04	3.32266	28.4	30882	1.07600e-04	3.32285	29.2	31604	1.05100e-04	3.32168	28.0	31350	1.05940e-04	3.32129	29.4
63501.917	16.043	31524	1.05410e-04	3.32305	28.4	30922	1.07450e-04	3.32266	29.2	31590	1.05140e-04	3.32129	28.0	31346	1.05950e-04	3.32129	29.4
63503.105	16.054	31550	1.05330e-04	3.32305	28.4	30899	1.07540e-04	3.32285	29.2	31629	1.05020e-04	3.32168	28.0	31342	1.05960e-04	3.32109	29.4
63504.294	16.054	31537	1.05360e-04	3.32266	28.4	30896	1.07550e-04	3.32285	29.2	31557	1.05250e-04	3.32129	28.0	31314	1.06060e-04	3.32109	29.4
63505.481	16.056	31584	1.05210e-04	3.32285	28.4	30848	1.07710e-04	3.32266	29.2	31585	1.05160e-04	3.32148	28.0	31313	1.06070e-04	3.32129	29.4
63506.670	16.056	31522	1.05410e-04	3.32285	28.4	30867	1.07650e-04	3.32266	29.2	31591	1.05140e-04	3.32148	28.0	31367	1.05880e-04	3.32129	29.4
63507.858	16.065	31584	1.05210e-04	3.32285	28.4	30906	1.07510e-04	3.32266	29.2	31572	1.05200e-04	3.32148	28.0	31365	1.05890e-04	3.32129	29.4
63509.046	16.065	31550	1.05320e-04	3.32285	28.4	30895	1.07550e-04	3.32266	29.2	31608	1.05080e-04	3.32129	28.0	31340	1.05970e-04	3.32109	29.4
63510.235	16.065	31524	1.05410e-04	3.32285	28.4	30891	1.07570e-04	3.32285	29.2	31571	1.05210e-04	3.32148	28.0	31339	1.05970e-04	3.32090	29.4
63511.423	16.041	31532	1.05380e-04	3.32285	28.4	30921	1.07460e-04	3.32266	29.2	31589	1.05150e-04	3.32148	28.0	31358	1.05920e-04	3.32129	29.4
63512.611	16.041	31511	1.05450e-04	3.32266	28.4	30912	1.07490e-04	3.32285	29.2	31543	1.05300e-04	3.32148	28.0	31319	1.06050e-04	3.32129	29.4
63513.800	16.057	31510	1.05450e-04	3.32285	28.4	30916	1.07470e-04	3.32266	29.2	31574	1.05200e-04	3.32148	28.0	31365	1.05890e-04	3.32109	29.4
63514.988	16.057	31529	1.05390e-04	3.32285	28.4	30884	1.07590e-04	3.32285	29.2	31582	1.05170e-04	3.32148	28.0	31314	1.06060e-04	3.32109	29.4
63516.176	16.051	31585	1.05200e-04	3.32266	28.4	30923	1.07450e-04	3.32266	29.2	31589	1.05150e-04	3.32148	28.0	31291	1.06130e-04	3.32109	29.4
63517.364	16.051	31626	1.05070e-04	3.32285	28.4	30952	1.07350e-04	3.32266	29.2	31645	1.04960e-04	3.32148	28.0	31348	1.05940e-04	3.32090	29.4
63518.553	16.047	31540	1.05360e-04	3.32305	28.4	30956	1.07330e-04	3.32266	29.2	31619	1.05050e-04	3.32148	28.0	31400	1.05780e-04	3.32148	29.4
63519.741	16.047	31534	1.05370e-04	3.32285	28.4	30928	1.07430e-04	3.32266	29.2	31662	1.04900e-04	3.32148	28.0	31352	1.05940e-04	3.32129	29.4
63520.929	16.047	31556	1.05310e-04	3.32305	28.4	30907	1.07510e-04	3.32285	29.2	31550	1.05280e-04	3.32148	28.0	31307	1.06090e-04	3.32129	29.4
63522.117	16.041	31519	1.05420e-04	3.32285	28.4	30901	1.07530e-04	3.32285	29.2	31559	1.05250e-04	3.32148	28.0	31345	1.05950e-04	3.32109	29.4
63523.306	16.041	31531	1.05380e-04	3.32285	28.4	30897	1.07540e-04	3.32266	29.2	31552	1.05270e-04	3.32148	28.0	31322	1.06030e-04	3.32109	29.4
63524.494	16.062	31568	1.05260e-04	3.32285	28.4	30894	1.07560e-04	3.32285	29.2	31613	1.05070e-04	3.32148	28.0	31357	1.05920e-04	3.32129	29.4
63525.682	16.062	31591	1.05180e-04	3.32285	28.4	30910	1.07500e-04	3.32285	29.2	31570	1.05210e-04	3.32148	28.0	31334	1.06000e-04	3.32148	29.4
63526.870	16.050	31573	1.05240e-04	3.32285	28.4	30910	1.07500e-04	3.32285	29.2	31603	1.05100e-04	3.32148	28.0	31314	1.06060e-04	3.32129	29.4
63528.058	16.050	31535	1.05370e-04	3.32285	28.4	30844	1.07720e-04	3.32266	29.2	31565	1.05220e-04	3.32129	28.0	31347	1.05940e-04	3.32109	29.4
63529.246	16.050	31530	1.05390e-04	3.32285	28.4	30882	1.07600e-04	3.32285	29.2	31579	1.05180e-04	3.32148	28.0	31322	1.06040e-04	3.32129	29.4
63530.435	16.059	31623	1.05080e-04	3.32285	28.4	30935	1.07410e-04	3.32266	29.2	31608	1.05080e-04	3.32148	28.0	31292	1.06140e-04	3.32129	29.4
63531.623	16.059	31559	1.05290e-04	3.32285	28.4	30946	1.07370e-04	3.32266	29.2	31607	1.05080e-04	3.32129	28.0	31360	1.05910e-04	3.32129	29.4
63532.811	16.026	31570	1.05250e-04	3.32285	28.4	30938	1.07400e-04	3.32285	29.2	31571	1.05210e-04	3.32168	28.0	31362	1.05900e-04	3.32129	29.4
63534.000	16.026	31473	1.05570e-04	3.32266	28.4	30958	1.07330e-04	3.32266	29.2	31618	1.05050e-04	3.32148	28.0	31319	1.06030e-04	3.32090	29.4
63535.188	16.042	31561	1.05280e-04	3.32285	28.4	30941	1.07390e-04	3.32285	29.2	31655	1.04930e-04	3.32148	28.0	31368	1.05880e-04	3.32129	29.4
63536.376	16.042	31547	1.05330e-04	3.32285	28.4	30987	1.07230e-04	3.32285	29.2	31710	1.04750e-04	3.32148	28.0	31368	1.05880e-04	3.32129	29.4
63537.564	16.041	31549	1.05320e-04	3.32266	28.4	30941	1.07390e-04	3.32266	29.2	31598	1.05110e-04	3.32129	28.0	31361	1.05890e-04	3.32090	29.4
63538.752	16.041	31509	1.05460e-04	3.32285	28.4	30910	1.07500e-04	3.32285	29.2	31586	1.05160e-04	3.32168	28.0	31371	1.05880e-04	3.32148	29.4
63539.941	16.041	31540	1.05360e-04	3.32305	28.4	30879	1.07610e-04	3.32285	29.2	31606	1.05090e-04	3.32148	28.0	31321	1.06040e-04	3.32129	29.4
63541.129	16.041	31553	1.05300e-04	3.32246	28.4	30933	1.07420e-04	3.32266	29.2	31603	1.05090e-04	3.32129	28.0	31373	1.05860e-04	3.32109	29.4
63542.317	16.041	31477	1.05570e-04	3.32305	28.4	30928	1.07430e-04	3.32266	29.2	31586	1.05160e-04	3.32148	28.0	31286	1.06150e-04	3.32109	29.4
63543.506	16.052	31567	1.05250e-04	3.32246	28.4	30899	1.07550e-04	3.32305	29.2	31577	1.05190e-04	3.32168	28.0	31318	1.06050e-04	3.32129	29.4
63544.694	16.052	31579	1.05240e-04	3.32324	28.4	30859	1.07670e-04	3.32266	29.2	31589	1.05140e-04	3.32129	28.0	31337	1.05990e-04	3.32129	29.4
63545.882	16.046	31600	1.05150e-04	3.32266	28.4	30934	1.07420e-04	3.32305	29.2	31627	1.05030e-04	3.32168	28.0	31381	1.05840e-04	3.32129	29.4
63547.071	16.046	31587	1.05200e-04	3.32305	28.4	30925	1.07440e-04	3.32266	29.2	31679	1.04850e-04	3.32148	28.0	31337	1.05980e-04	3.32109	29.4
63548.259	16.046	31525	1.05410e-04	3.32305	28.4	30956	1.07350e-04	3.32305	29.2	31640	1.04980e-04	3.32168	28.0	31331	1.06010e-04	3.32129	29.4
63549.447	16.031	31509	1.05460e-04	3.32285	28.4	30880	1.07610e-04	3.32305	29.2	31599	1.05120e-04	3.32168	28.0	31294	1.06130e-04	3.32129	29.4
63550.635	16.031	31525	1.05410e-04	3.32305	28.4	30895	1.07550e-04	3.32285	29.2	31539	1.05310e-04	3.32148	28.0	31341	1.05970e-04	3.32129	29.4
63551.823	16.057	31516	1.05430e-04	3.32285	28.4	30927	1.07440e-04	3.32266	29.2	31630	1.05010e-04	3.32148	28.0	31325	1.06030e-04	3.32129	29.4
63553.011	16.057	31615	1.05100e-04	3.32285	28.4	30906	1.07520e-04	3.32285	29.2	31622	1.05040e-04	3.32148	28.0	31365	1.05890e-04	3.32129	29.4
63554.200	16.029	31520	1.05420e-04	3.32285	28.4	30909	1.07500e-04	3.32266	29.2	31580	1.05180e-04	3.32148	28.0	31337	1.05980e-04	3.32109	29.4
63555.388	16.029	31546	1.05330e-04	3.32285	28.4	30904	1.07520e-04	3.32285	29.2	31691	1.04810e-04	3.32148	28.0	31344	1.05960e-04	3.32129	29.4
63556.576	16.010	31527	1.05400e-04	3.32285	28.4	30950	1.07360e-04	3.32285	29.2	31658	1.04920e-04	3.32148	28.0	31384	1.05830e-04	3.32148	29.4
63557.765	16.010	31542	1.05350e-04	3.32305	28.4	30937	1.07410e-04	3.32285	29.2	31639	1.04980e-04	3.32148	28.0	31311	1.06070e-04	3.32109	29.4
63558.953	16.023	31604	1.05140e-04	3.32285	28.4	30907	1.07510e-04	3.32285	29.2	31600	1.05100e-04	3.32129	28.0	31337	1.05980e-04	3.32109	29.4
63560.141	16.023	31527	1.05390e-04	3.32266	28.4	30849	1.07710e-04	3.32285	29.2	31588	1.05150e-04	3.32148	28.0	31315	1.06050e-04	3.32109	29.4
63561.330	16.023	31521	1.05420e-04	3.32305	28.4	30878	1.07610e-04	3.32266	29.2	31573	1.05200e-04	3.32129	28.0	31399	1.05780e-04	3.32129	29.4
63562.518	16.037	31535	1.05370e-04	3.32285	28.4	30889	1.07580e-04	3.32285	29.2	31552	1.05270e-04	3.32148	28.0	31356	1.05920e-04	3.32129	29.4
63563.706	16.037	31518	1.05420e-04	3.32266	28.4	30931	1.07430e-04	3.32285	29.2	31611	1.05070e-04	3.32148	28.0	31315	1.06050e-04	3.32109	29.4
63564.894	16.049	31519	1.05420e-04	3.32285	28.4	30878	1.07610e-04	3.32285	29.2	31589	1.05150e-04	3.32148	28.0	31357	1.05920e-04	3.32129	29.4
63566.082	16.049	31544	1.05330e-04	3.32266	28.4	30875	1.07620e-04	3.32285	29.2	31601	1.05110e-04	3.32148	28.0	31346	1.05950e-04	3.32129	29.4
63567.270	16.059	31537	1.05360e-04	3.32285	28.4	30921	1.07450e-04	3.32246	29.2	31582	1.05170e-04	3.32129	28.0	31331	1.06000e-04	3.32090	29.4
63568.459	16.059	31516	1.05440e-04	3.32305	28.4	30907	1.07520e-04	3.32305	29.2	31624	1.05040e-04	3.32168	28.0	31328	1.06020e-04	3.32148	29.4
63569.647	16.046	31560	1.05290e-04	3.32285	28.4	30906	1.07510e-04	3.32266	29.2	31604	1.05090e-04	3.32129	28.0	31362	1.05900e-04	3.32129	29.4
63570.836	16.046	31614	1.05110e-04	3.32305	28.4	30969	1.07300e-04	3.32285	29.2	31672	1.04870e-04	3.32148	28.0	31377	1.05850e-04	3.32109	29.4
63572.024	16.046	31523	1.05400e-04	3.32266	28.4	30869	1.07640e-04	3.32285	29.2	31620	1.05040e-04	3.32148	28.0	31283	1.06160e-04	3.32109	29.4
63573.212	16.056	31531	1.05380e-04	3.32285	28.4	30890	1.07560e-04	3.32266	29.2	31611	1.05070e-04	3.32148	28.0	31297	1.06120e-04	3.32109	29.4
63574.400	16.056	31561	1.05280e-04	3.32285	28.4	30885	1.07590e-04	3.32285	29.2	31662	1.04910e-04	3.32168	28.0	31308	1.06090e-04	3.32129	29.4
63575.588	16.033	31538	1.05360e-04	3.32285	28.4	30908	1.07510e-04	3.32285	29.2	31623	1.05030e-04	3.32148	28.0	31370	1.05870e-04	3.32129	29.4
63576.777	16.033	31546	1.05330e-04	3.32285	28.3	30915	1.07480e-04	3.32266	29.2	31623	1.05030e-04	3.32129	28.0	31352	1.05930e-04	3.32109	29.4
63577.965	16.042	31522	1.05410e-04	3.32285	28.3	30968	1.07300e-04	3.32285	29.2	31626	1.05030e-04	3.32168	28.0	31368	1.05880e-04	3.32129	29.4
63579.153	16.042	31551	1.05310e-04	3.32266	28.3	30928	1.07430e-04	3.32266	29.2	31666	1.04890e-04	3.32148	28.0	31393	1.05790e-04	3.32109	29.4
63580.341	16.042	31520	1.05430e-04	3.32305	28.3	30848	1.07710e-04	3.32266	29.2	31605	1.05090e-04	3.32148	28.0	31345	1.05960e-04	3.32129	29.4
63581.529	16.040	31525	1.05400e-04	3.32285	28.3	30910	1.07500e-04	3.32285	29.2	31583	1.05170e-04	3.32168	28.0	31345	1.05960e-04	3.32148	29.4
63582.718	16.040	31514	1.05440e-04	3.32285	28.3	30863	1.07660e-04	3.32266	29.2	31615	1.05050e-04	3.32129	28.0	31332	1.06000e-04	3.32109	29.4
63583.906	16.049	31538	1.05360e-04	3.32285	28.3	30935	1.07410e-04	3.32285	29.2	31566	1.05220e-04	3.32148	28.0	31372	1.05860e-04	3.32109	29.4
63585.094	16.049	31553	1.05310e-04	3.32285	28.3	30885	1.07590e-04	3.32285	29.2	31657	1.04920e-04	3.32148	28.0	31339	1.05970e-04	3.32109	29.4
63586.282	16.052	31564	1.05270e-04	3.32266	28.3	30960	1.07330e-04	3.32285	29.2	31696	1.04790e-04	3.32148	28.0	31391	1.05800e-04	3.32129	29.4
63587.471	16.052	31564	1.05280e-04	3.32305	28.3	30918	1.07470e-04	3.32266	29.2	31700	1.04770e-04	3.32129	28.0	31401	1.05770e-04	3.32129	29.4
63588.659	16.052	31514	1.05440e-04	3.32285	28.3	30875	1.07620e-04	3.32285	29.2	31638	1.04990e-04	3.32148	28.0	31385	1.05820e-04	3.32109	29.4
63589.847	16.052	31560	1.05280e-04	3.32266	28.3	30931	1.07420e-04	3.32266	29.2	31591	1.05130e-04	3.32129	28.0	31350	1.05930e-04	3.32090	29.4
63591.035	16.052	31551	1.05320e-04	3.32305	28.3	30929	1.07430e-04	3.32266	29.2	31670	1.04880e-04	3.32148	28.0	31380	1.05840e-04	3.32129	29.4
63592.224	16.068	31506	1.05460e-04	3.32266	28.3	30918	1.07470e-04	3.32266	29.2	31610	1.05080e-04	3.32148	28.0	31354	1.05930e-04	3.32129	29.4
63593.412	16.068	31471	1.05580e-04	3.32285	28.3	30896	1.07550e-04	3.32285	29.2	31628	1.05020e-04	3.32148	28.0	31391	1.05800e-04	3.32129	29.4
63594.601	16.045	31521	1.05410e-04	3.32266	28.3	30896	1.07550e-04	3.32285	29.2	31584	1.05160e-04	3.32148	28.0	31420	1.05710e-04	3.32129	29.4
63595.788	16.045	31518	1.05430e-04	3.32305	28.3	30951	1.07350e-04	3.32266	29.2	31608	1.05080e-04	3.32129	28.0	31382	1.05830e-04	3.32109	29.4
63596.977	16.043	31503	1.05480e-04	3.32285	28.3	30914	1.07490e-04	3.32285	29.2	31622	1.05040e-04	3.32148	28.0	31346	1.05950e-04	3.32109	29.4
63598.165	16.043	31529	1.05380e-04	3.32266	28.3	30948	1.07370e-04	3.32285	29.2	31632	1.05000e-04	3.32148	28.0	31358	1.05910e-04	3.32109	29.4
63599.353	16.056	31539	1.05360e-04	3.32305	28.3	30922	1.07450e-04	3.32266	29.2	31602	1.05100e-04	3.32129	28.0	31362	1.05900e-04	3.32129	29.4
63600.541	16.056	31562	1.05280e-04	3.32285	28.3	30900	1.07530e-04	3.32266	29.2	31693	1.04800e-04	3.32148	28.0	31324	1.06020e-04	3.32109	29.4
63601.730	16.056	31547	1.05320e-04	3.32266	28.3	30938	1.07390e-04	3.32246	29.2	31625	1.05020e-04	3.32129	28.0	31388	1.05810e-04	3.32109	29.4
63602.918	16.042	31526	1.05410e-04	3.32305	28.3	30896	1.07550e-04	3.32285	29.2	31621	1.05040e-04	3.32148	28.0	31360	1.05900e-04	3.32109	29.4
63604.106	16.042	31548	1.05330e-04	3.32285	28.3	30876	1.07610e-04	3.32266	29.2	31620	1.05040e-04	3.32129	28.0	31347	1.05940e-04	3.32109	29.4
63605.294	16.038	31496	1.05500e-04	3.32285	28.3	30876	1.07620e-04	3.32285	29.2	31607	1.05090e-04	3.32148	28.0	31326	1.06020e-04	3.32129	29.4
63606.483	16.038	31601	1.05150e-04	3.32285	28.3	30927	1.07440e-04	3.32285	29.2	31593	1.05130e-04	3.32148	28.0	31354	1.05930e-04	3.32129	29.4
63607.671	16.058	31592	1.05180e-04	3.32266	28.3	30995	1.07210e-04	3.32305	29.2	31731	1.04680e-04	3.32148	28.0	31439	1.05630e-04	3.32109	29.4
63608.859	16.058	31596	1.05170e-04	3.32285	28.3	30891	1.07560e-04	3.32266	29.2	31676	1.04850e-04	3.32129	28.0	31359	1.05910e-04	3.32109	29.4
63610.048	16.069	31543	1.05340e-04	3.32285	28.3	30927	1.07440e-04	3.32285	29.2	31678	1.04850e-04	3.32148	28.0	31408	1.05740e-04	3.32109	29.4
63611.236	16.069	31564	1.05270e-04	3.32266	28.3	30920	1.07460e-04	3.32266	29.2	31616	1.05060e-04	3.32148	28.0	31408	1.05740e-04	3.32109	29.4
63612.424	16.069	31529	1.05390e-04	3.32285	28.3	30901	1.07530e-04	3.32266	29.2	31627	1.05010e-04	3.32129	28.0	31410	1.05740e-04	3.32129	29.4
63613.612	16.037	31534	1.05370e-04	3.32285	28.3	30888	1.07570e-04	3.32266	29.2	31592	1.05140e-04	3.32148	28.0	31346	1.05950e-04	3.32109	29.4
63614.800	16.037	31523	1.05400e-04	3.32266	28.3	30911	1.07490e-04	3.32266	29.2	31595	1.05130e-04	3.32148	28.0	31382	1.05820e-04	3.32090	29.4
63615.989	16.026	31496	1.05500e-04	3.32285	28.3	30884	1.07580e-04	3.32266	29.2	31586	1.05160e-04	3.32148	28.0	31379	1.05840e-04	3.32109	29.4
63617.177	16.026	31548	1.05330e-04	3.32285	28.3	30954	1.07340e-04	3.32266	29.2	31617	1.05050e-04	3.32129	28.0	31383	1.05820e-04	3.32109	29.4
63618.365	16.042	31562	1.05270e-04	3.32266	28.3	30904	1.07520e-04	3.32285	29.2	31607	1.05090e-04	3.32148	28.0	31396	1.05790e-04	3.32129	29.4
63619.553	16.042	31597	1.05160e-04	3.32266	28.3	31018	1.07120e-04	3.32266	29.2	31705	1.04760e-04	3.32129	28.0	31449	1.05600e-04	3.32090	29.4
63620.742	16.038	31579	1.05230e-04	3.32305	28.3	30998	1.07200e-04	3.32285	29.2	31699	1.04780e-04	3.32148	28.0	31406	1.05750e-04	3.32109	29.4
63621.930	16.038	31564	1.05270e-04	3.32285	28.3	30918	1.07470e-04	3.32285	29.2	31676	1.04860e-04	3.32148	28.0	31433	1.05660e-04	3.32109	29.4
63623.118	16.038	31489	1.05520e-04	3.32285	28.3	30934	1.07410e-04	3.32266	29.2	31631	1.05000e-04	3.32129	28.0	31342	1.05960e-04	3.32109	29.4
63624.307	16.034	31563	1.05280e-04	3.32285	28.3	30921	1.07460e-04	3.32266	29.2	31660	1.04910e-04	3.32148	28.0	31361	1.05910e-04	3.32148	29.4
63625.495	16.034	31545	1.05340e-04	3.32285	28.3	30905	1.07510e-04	3.32266	29.2	31595	1.05130e-04	3.32148	28.0	31354	1.05930e-04	3.32129	29.4
63626.683	16.036	31619	1.05090e-04	3.32285	28.3	30961	1.07320e-04	3.32285	29.2	31656	1.04920e-04	3.32148	28.0	31402	1.05760e-04	3.32109	29.4
63627.871	16.036	31524	1.05400e-04	3.32266	28.3	30880	1.07600e-04	3.32266	29.2	31644	1.04970e-04	3.32148	28.0	31390	1.05800e-04	3.32109	29.4
63629.059	16.041	31555	1.05300e-04	3.32266	28.3	30891	1.07570e-04	3.32285	29.2	31586	1.05160e-04	3.32148	28.0	31397	1.05780e-04	3.32109	29.4
63630.248	16.041	31529	1.05400e-04	3.32305	28.3	30882	1.07590e-04	3.32266	29.2	31580	1.05160e-04	3.32109	28.0	31360	1.05910e-04	3.32129	29.4
63631.436	16.039	31560	1.05280e-04	3.32266	28.3	30917	1.07470e-04	3.32266	29.2	31583	1.05170e-04	3.32148	28.0	31397	1.05780e-04	3.32109	29.4
63632.624	16.039	31566	1.05260e-04	3.32266	28.3	30917	1.07480e-04	3.32285	29.2	31633	1.04990e-04	3.32129	28.0	31380	1.05830e-04	3.32109	29.4
63633.812	16.039	31492	1.05520e-04	3.32305	28.3	30932	1.07430e-04	3.32305	29.2	31636	1.04990e-04	3.32148	28.0	31392	1.05800e-04	3.32109	29.4
63635.000	16.041	31511	1.05450e-04	3.32285	28.3	30845	1.07730e-04	3.32285	29.2	31623	1.05040e-04	3.32168	28.0	31363	1.05890e-04	3.32109	29.4
63636.189	16.041	31501	1.05480e-04	3.32266	28.3	30850	1.07700e-04	3.32266	29.2	31613	1.05060e-04	3.32129	28.0	31371	1.05860e-04	3.32109	29.4
63637.377	16.046	31514	1.05450e-04	3.32305	28.3	30840	1.07750e-04	3.32285	29.2	31609	1.05090e-04	3.32168	28.0	31351	1.05950e-04	3.32148	29.4
63638.565	16.046	31499	1.05480e-04	3.32266	28.3	30930	1.07420e-04	3.32266	29.2	31579	1.05190e-04	3.32168	28.0	31361	1.05900e-04	3.32109	29.4
63639.754	16.060	31554	1.05310e-04	3.32305	28.3	30909	1.07500e-04	3.32266	29.2	31634	1.04990e-04	3.32129	28.0	31388	1.05800e-04	3.32090	29.4
63640.942	16.060	31506	1.05470e-04	3.32305	28.3	30866	1.07660e-04	3.32285	29.2	31593	1.05130e-04	3.32148	28.0	31378	1.05840e-04	3.32109	29.4
63642.130	16.060	31542	1.05340e-04	3.32266	28.3	30931	1.07430e-04	3.32285	29.2	31622	1.05040e-04	3.32148	28.0	31366	1.05880e-04	3.32109	29.4
63643.318	16.059	31551	1.05320e-04	3.32305	28.3	30874	1.07620e-04	3.32266	29.2	31603	1.05090e-04	3.32109	28.0	31362	1.05900e-04	3.32129	29.4
63644.507	16.059	31489	1.05520e-04	3.32285	28.3	30875	1.07620e-04	3.32285	29.2	31543	1.05300e-04	3.32148	28.0	31381	1.05830e-04	3.32109	29.4
63645.695	16.043	31531	1.05380e-04	3.32285	28.3	30866	1.07660e-04	3.32305	29.2	31594	1.05130e-04	3.32148	28.0	31364	1.05890e-04	3.32109	29.4
63646.883	16.043	31591	1.05180e-04	3.32285	28.3	30866	1.07650e-04	3.32266	29.2	31656	1.04920e-04	3.32148	28.0	31409	1.05740e-04	3.32109	29.4
63648.071	16.043	31536	1.05360e-04	3.32266	28.3	30941	1.07390e-04	3.32266	29.2	31659	1.04910e-04	3.32129	28.0	31421	1.05700e-04	3.32109	29.4
63649.259	16.043	31595	1.05170e-04	3.32285	28.3	30973	1.07280e-04	3.32266	29.2	31636	1.04990e-04	3.32148	28.0	31403	1.05760e-04	3.32129	29.4
63650.448	16.027	31514	1.05440e-04	3.32285	28.3	31004	1.07170e-04	3.32266	29.2	31647	1.04950e-04	3.32148	28.0	31377	1.05850e-04	3.32109	29.4
63651.636	16.027	31539	1.05350e-04	3.32266	28.3	30891	1.07560e-04	3.32246	29.2	31645	1.04960e-04	3.32129	28.0	31365	1.05880e-04	3.32090	29.4
63652.824	16.030	31517	1.05440e-04	3.32305	28.3	30909	1.07500e-04	3.32285	29.2	31641	1.04970e-04	3.32148	28.0	31393	1.05790e-04	3.32109	29.4
63654.012	16.030	31508	1.05450e-04	3.32266	28.3	30883	1.07590e-04	3.32266	29.2	31621	1.05040e-04	3.32148	28.0	31382	1.05830e-04	3.32109	29.4
63655.201	16.030	31492	1.05510e-04	3.32266	28.3	30914	1.07490e-04	3.32285	29.2	31567	1.05220e-04	3.32148	28.0	31323	1.06030e-04	3.32129	29.4
63656.389	16.042	31531	1.05380e-04	3.32285	28.3	30982	1.07250e-04	3.32285	29.2	31667	1.04880e-04	3.32129	28.0	31363	1.05890e-04	3.32109	29.4
63657.577	16.042	31537	1.05360e-04	3.32285	28.3	30930	1.07420e-04	3.32266	29.2	31621	1.05040e-04	3.32129	28.0	31380	1.05830e-04	3.32109	29.4
63658.765	16.045	31545	1.05330e-04	3.32266	28.3	30872	1.07630e-04	3.32266	29.2	31611	1.05070e-04	3.32148	28.0	31340	1.05970e-04	3.32109	29.4
63659.954	16.045	31490	1.05520e-04	3.32285	28.3	30881	1.07590e-04	3.32266	29.2	31618	1.05040e-04	3.32109	28.0	31389	1.05810e-04	3.32109	29.4
63661.142	16.040	31483	1.05540e-04	3.32285	28.3	30916	1.07470e-04	3.32266	29.2	31605	1.05090e-04	3.32148	28.0	31395	1.05790e-04	3.32129	29.4
63662.330	16.040	31547	1.05320e-04	3.32266	28.3	30915	1.07470e-04	3.32246	29.2	31616	1.05060e-04	3.32148	28.0	31355	1.05920e-04	3.32109	29.4
63663.518	16.040	31532	1.05380e-04	3.32305	28.3	30907	1.07510e-04	3.32285	29.2	31547	1.05290e-04	3.32148	28.0	31291	1.06130e-04	3.32109	29.4
63664.707	16.055	31535	1.05370e-04	3.32285	28.3	30892	1.07560e-04	3.32285	29.2	31675	1.04860e-04	3.32148	28.0	31384	1.05820e-04	3.32109	29.4
63665.895	16.055	31513	1.05440e-04	3.32266	28.3	30922	1.07450e-04	3.32266	29.2	31629	1.05010e-04	3.32129	28.0	31387	1.05810e-04	3.32109	29.4
63667.083	16.061	31496	1.05500e-04	3.32285	28.3	30856	1.07690e-04	3.32285	29.2	31603	1.05100e-04	3.32148	28.0	31390	1.05810e-04	3.32129	29.4
63668.271	16.061	31522	1.05410e-04	3.32285	28.3	30905	1.07520e-04	3.32285	29.2	31632	1.05010e-04	3.32168	28.0	31361	1.05910e-04	3.32129	29.4
63669.459	16.050	31475	1.05570e-04	3.32266	28.3	30897	1.07540e-04	3.32266	29.2	31657	1.04920e-04	3.32148	28.0	31327	1.06010e-04	3.32109	29.4
63670.648	16.050	31561	1.05290e-04	3.32305	28.3	30909	1.07500e-04	3.32266	29.2	31584	1.05160e-04	3.32129	28.0	31387	1.05810e-04	3.32109	29.4
63671.836	16.038	31535	1.05360e-04	3.32266	28.3	30955	1.07350e-04	3.32285	29.2	31650	1.04940e-04	3.32148	28.0	31438	1.05640e-04	3.32109	29.4
63673.024	16.038	31583	1.05210e-04	3.32285	28.3	30916	1.07470e-04	3.32266	29.2	31646	1.04950e-04	3.32129	28.0	31347	1.05940e-04	3.32109	29.4
63674.213	16.038	31559	1.05290e-04	3.32285	28.3	30975	1.07270e-04	3.32266	29.2	31657	1.04910e-04	3.32129	28.0	31375	1.05860e-04	3.32129	29.4
63675.401	16.049	31564	1.05270e-04	3.32266	28.3	30983	1.07240e-04	3.32246	29.2	31626	1.05020e-04	3.32148	28.0	31402	1.05760e-04	3.32109	29.4
63676.589	16.049	31562	1.05290e-04	3.32305	28.4	30949	1.07370e-04	3.32285	29.2	31629	1.05010e-04	3.32129	28.0	31443	1.05620e-04	3.32109	29.4
63677.777	16.034	31540	1.05350e-04	3.32266	28.4	30905	1.07510e-04	3.32266	29.2	31640	1.04970e-04	3.32109	28.0	31367	1.05880e-04	3.32109	29.4
63678.965	16.034	31513	1.05440e-04	3.32266	28.4	30854	1.07700e-04	3.32285	29.2	31567	1.05220e-04	3.32148	28.0	31343	1.05960e-04	3.32109	29.4
63680.154	16.043	31507	1.05470e-04	3.32305	28.4	30921	1.07470e-04	3.32305	29.2	31633	1.05000e-04	3.32148	28.0	31315	1.06070e-04	3.32148	29.4
63681.342	16.043	31468	1.05590e-04	3.32266	28.4	30894	1.07560e-04	3.32285	29.2	31606	1.05090e-04	3.32148	28.0	31363	1.05900e-04	3.32129	29.4
63682.530	16.045	31478	1.05560e-04	3.32285	28.4	30903	1.07520e-04	3.32266	29.2	31557	1.05250e-04	3.32148	28.0	31350	1.05940e-04	3.32109	29.4
63683.719	16.045	31520	1.05420e-04	3.32285	28.4	30877	1.07620e-04	3.32285	29.2	31538	1.05310e-04	3.32129	28.0	31356	1.05920e-04	3.32129	29.4
63684.907	16.045	31552	1.05310e-04	3.32266	28.4	30909	1.07500e-04	3.32266	29.2	31605	1.05090e-04	3.32148	28.0	31363	1.05890e-04	3.32109	29.4
63686.095	16.048	31542	1.05350e-04	3.32305	28.4	30901	1.07520e-04	3.32246	29.2	31592	1.05140e-04	3.32148	28.0	31352	1.05930e-04	3.32129	29.4
63687.283	16.048	31563	1.05280e-04	3.32285	28.4	30881	1.07590e-04	3.32266	29.2	31590	1.05140e-04	3.32148	28.0	31336	1.05990e-04	3.32129	29.4
63688.471	16.047	31585	1.05200e-04	3.32266	28.4	30913	1.07480e-04	3.32266	29.2	31564	1.05230e-04	3.32148	28.0	31372	1.05860e-04	3.32109	29.4
63689.659	16.047	31527	1.05400e-04	3.32285	28.4	30972	1.07280e-04	3.32285	29.2	31640	1.04970e-04	3.32129	28.0	31366	1.05880e-04	3.32109	29.4
63690.848	16.028	31535	1.05360e-04	3.32266	28.4	30977	1.07280e-04	3.32305	29.2	31610	1.05080e-04	3.32148	28.0	31433	1.05660e-04	3.32129	29.4
63692.036	16.028	31602	1.05140e-04	3.32266	28.4	30984	1.07240e-04	3.32266	29.2	31586	1.05160e-04	3.32148	28.0	31399	1.05770e-04	3.32109	29.4
63693.225	16.028	31520	1.05430e-04	3.32305	28.4	30947	1.07370e-04	3.32266	29.2	31605	1.05090e-04	3.32148	28.0	31349	1.05950e-04	3.32129	29.4
63694.413	16.022	31539	1.05360e-04	3.32285	28.4	30915	1.07480e-04	3.32285	29.2	31577	1.05190e-04	3.32148	28.0	31368	1.05880e-04	3.32129	29.4
63695.601	16.022	31490	1.05520e-04	3.32285	28.4	30919	1.07460e-04	3.32266	29.2	31550	1.05280e-04	3.32148	28.0	31347	1.05940e-04	3.32109	29.4
63696.789	16.036	31556	1.05290e-04	3.32266	28.4	30902	1.07520e-04	3.32266	29.2	31569	1.05210e-04	3.32148	28.0	31340	1.05960e-04	3.32090	29.4
63697.977	16.036	31569	1.05260e-04	3.32285	28.4	30928	1.07430e-04	3.32266	29.2	31597	1.05110e-04	3.32129	28.0	31374	1.05870e-04	3.32148	29.4
63699.166	16.044	31580	1.05220e-04	3.32285	28.4	30901	1.07530e-04	3.32285	29.2	31604	1.05100e-04	3.32168	28.0	31334	1.06000e-04	3.32129	29.4
63700.354	16.044	31535	1.05370e-04	3.32285	28.4	30947	1.07370e-04	3.32266	29.2	31545	1.05290e-04	3.32129	28.0	31371	1.05870e-04	3.32109	29.4
63701.542	16.034	31519	1.05420e-04	3.32266	28.4	30910	1.07500e-04	3.32285	29.2	31583	1.05170e-04	3.32148	28.0	31346	1.05950e-04	3.32109	29.4
63702.731	16.034	31532	1.05380e-04	3.32305	28.4	30905	1.07520e-04	3.32285	29.2	31559	1.05250e-04	3.32148	28.0	31342	1.05970e-04	3.32129	29.4
63703.918	16.031	31575	1.05230e-04	3.32266	28.4	30929	1.07430e-04	3.32266	29.2	31562	1.05230e-04	3.32129	28.0	31391	1.05800e-04	3.32109	29.4
63705.107	16.031	31556	1.05300e-04	3.32285	28.4	30903	1.07530e-04	3.32285	29.2	31564	1.05240e-04	3.32168	28.0	31326	1.06030e-04	3.32148	29.4
63706.295	16.031	31541	1.05350e-04	3.32285	28.4	30978	1.07270e-04	3.32285	29.2	31656	1.04920e-04	3.32148	28.0	31422	1.05700e-04	3.32129	29.4
63707.483	16.029	31551	1.05320e-04	3.32285	28.4	30841	1.07730e-04	3.32266	29.2	31591	1.05130e-04	3.32129	28.0	31337	1.05980e-04	3.32109	29.4
63708.672	16.029	31608	1.05120e-04	3.32266	28.4	30932	1.07410e-04	3.32246	29.2	31594	1.05130e-04	3.32148	28.0	31423	1.05690e-04	3.32109	29.4
63709.860	16.033	31567	1.05270e-04	3.32305	28.4	30957	1.07340e-04	3.32285	29.2	31629	1.05010e-04	3.32148	28.0	31370	1.05880e-04	3.32129	29.4
63711.048	16.033	31563	1.05270e-04	3.32266	28.4	30944	1.07380e-04	3.32266	29.2	31575	1.05190e-04	3.32148	28.0	31389	1.05810e-04	3.32129	29.4
63712.237	16.033	31577	1.05230e-04	3.32285	28.4	30936	1.07410e-04	3.32285	29.2	31607	1.05090e-04	3.32148	28.0	31378	1.05850e-04	3.32129	29.4
63713.424	16.042	31583	1.05220e-04	3.32305	28.4	30887	1.07580e-04	3.32285	29.2	31593	1.05130e-04	3.32129	28.0	31367	1.05880e-04	3.32129	29.4
63714.613	16.042	31550	1.05310e-04	3.32266	28.4	30924	1.07450e-04	3.32285	29.2	31593	1.05130e-04	3.32148	28.0	31359	1.05910e-04	3.32109	29.4
63715.801	16.034	31570	1.05260e-04	3.32305	28.4	30875	1.07620e-04	3.32285	29.2	31605	1.05100e-04	3.32168	28.0	31412	1.05730e-04	3.32129	29.4
63716.989	16.034	31595	1.05170e-04	3.32285	28.4	30904	1.07520e-04	3.32285	29.2	31579	1.05180e-04	3.32148	28.0	31381	1.05840e-04	3.32129	29.4
63718.178	16.046	31560	1.05290e-04	3.32285	28.4	30944	1.07380e-04	3.32266	29.2	31578	1.05180e-04	3.32129	28.0	31319	1.06040e-04	3.32109	29.4
63719.366	16.046	31502	1.05480e-04	3.32285	28.4	30871	1.07640e-04	3.32285	29.2	31561	1.05240e-04	3.32148	28.0	31344	1.05960e-04	3.32129	29.4
63720.554	16.036	31582	1.05200e-04	3.32246	28.4	30879	1.07600e-04	3.32246	29.2	31600	1.05100e-04	3.32109	28.0	31349	1.05930e-04	3.32090	29.4
63721.742	16.036	31563	1.05280e-04	3.32305	28.4	30897	1.07540e-04	3.32266	29.2	31637	1.04980e-04	3.32129	28.0	31385	1.05820e-04	3.32129	29.4
63722.931	16.037	31582	1.05220e-04	3.32305	28.4	30901	1.07530e-04	3.32285	29.2	31595	1.05140e-04	3.32188	28.0	31343	1.05970e-04	3.32148	29.4
63724.119	16.037	31547	1.05340e-04	3.32305	28.4	30894	1.07560e-04	3.32285	29.2	31595	1.05130e-04	3.32168	28.0	31312	1.06070e-04	3.32129	29.4
63725.307	16.037	31480	1.05560e-04	3.32305	28.4	30872	1.07640e-04	3.32305	29.2	31534	1.05330e-04	3.32148	28.0	31360	1.05910e-04	3.32129	29.4
63726.495	16.040	31602	1.05150e-04	3.32285	28.4	30930	1.07430e-04	3.32285	29.2	31586	1.05160e-04	3.32148	28.0	31335	1.05990e-04	3.32109	29.4
63727.684	16.040	31517	1.05430e-04	3.32285	28.4	30924	1.07450e-04	3.32285	29.2	31606	1.05090e-04	3.32129	28.0	31356	1.05920e-04	3.32109	29.4
63728.872	16.046	31558	1.05290e-04	3.32285	28.4	30945	1.07380e-04	3.32305	29.2	31637	1.04990e-04	3.32168	28.0	31352	1.05930e-04	3.32129	29.4
63730.060	16.046	31543	1.05340e-04	3.32285	28.4	30887	1.07580e-04	3.32266	29.2	31590	1.05140e-04	3.32148	28.0	31359	1.05910e-04	3.32129	29.4
63731.248	16.037	31526	1.05400e-04	3.32285	28.4	30931	1.07420e-04	3.32266	29.2	31604	1.05090e-04	3.32129	28.0	31351	1.05940e-04	3.32129	29.4
63732.436	16.037	31503	1.05480e-04	3.32285	28.4	30912	1.07490e-04	3.32266	29.2	31630	1.05010e-04	3.32148	28.0	31348	1.05940e-04	3.32109	29.4
63733.625	16.047	31475	1.05570e-04	3.32266	28.4	30859	1.07670e-04	3.32266	29.2	31573	1.05200e-04	3.32148	28.0	31319	1.06040e-04	3.32109	29.4
63734.813	16.047	31528	1.05400e-04	3.32285	28.4	30923	1.07460e-04	3.32285	29.2	31575	1.05200e-04	3.32148	28.0	31307	1.06100e-04	3.32148	29.4
63736.001	16.047	31535	1.05370e-04	3.32285	28.4	30916	1.07480e-04	3.32285	29.2	31580	1.05180e-04	3.32168	28.0	31383	1.05830e-04	3.32129	29.4
63737.189	16.048	31555	1.05300e-04	3.32285	28.4	30914	1.07480e-04	3.32266	29.2	31629	1.05000e-04	3.32109	28.0	31335	1.05990e-04	3.32109	29.4
63738.378	16.048	31519	1.05420e-04	3.32285	28.4	30941	1.07400e-04	3.32305	29.2	31598	1.05130e-04	3.32188	28.0	31333	1.06000e-04	3.32129	29.4
63739.566	16.062	31504	1.05480e-04	3.32305	28.4	30896	1.07550e-04	3.32285	29.2	31580	1.05180e-04	3.32168	28.0	31341	1.05970e-04	3.32109	29.4
63740.754	16.062	31524	1.05410e-04	3.32305	28.4	30933	1.07420e-04	3.32285	29.2	31586	1.05160e-04	3.32148	28.0	31341	1.05970e-04	3.32129	29.4
63741.943	16.052	31504	1.05480e-04	3.32285	28.4	30870	1.07650e-04	3.32305	29.2	31577	1.05190e-04	3.32168	28.0	31327	1.06020e-04	3.32129	29.4
63743.131	16.052	31512	1.05450e-04	3.32305	28.4	30886	1.07580e-04	3.32285	29.2	31607	1.05090e-04	3.32148	28.0	31313	1.06070e-04	3.32129	29.4
63744.319	16.052	31493	1.05510e-04	3.32285	28.4	30883	1.07590e-04	3.32266	29.2	31562	1.05230e-04	3.32129	28.0	31359	1.05910e-04	3.32109	29.4
63745.507	16.047	31473	1.05580e-04	3.32285	28.4	30953	1.07340e-04	3.32266	29.2	31583	1.05170e-04	3.32148	28.0	31319	1.06040e-04	3.32109	29.4
63746.696	16.047	31527	1.05400e-04	3.32305	28.4	30926	1.07450e-04	3.32285	29.2	31566	1.05230e-04	3.32168	28.0	31396	1.05790e-04	3.32129	29.4
63747.884	16.049	31520	1.05410e-04	3.32266	28.4	30885	1.07580e-04	3.32266	29.2	31531	1.05330e-04	3.32129	28.0	31333	1.05990e-04	3.32109	29.4
63749.072	16.049	31544	1.05350e-04	3.32305	28.4	30900	1.07540e-04	3.32305	29.2	31576	1.05200e-04	3.32168	28.0	31348	1.05950e-04	3.32148	29.4
63750.260	16.041	31590	1.05190e-04	3.32305	28.4	30913	1.07490e-04	3.32285	29.2	31600	1.05120e-04	3.32168	28.0	31339	1.05980e-04	3.32129	29.4
63751.448	16.041	31557	1.05290e-04	3.32266	28.4	30935	1.07410e-04	3.32266	29.2	31655	1.04930e-04	3.32148	28.0	31388	1.05800e-04	3.32090	29.4
63752.637	16.035	31623	1.05080e-04	3.32305	28.4	30997	1.07210e-04	3.32305	29.2	31644	1.04970e-04	3.32148	28.0	31387	1.05820e-04	3.32148	29.4
63753.825	16.035	31554	1.05310e-04	3.32305	28.4	30955	1.07350e-04	3.32285	29.2	31711	1.04740e-04	3.32148	28.0	31415	1.05720e-04	3.32129	29.4
63755.013	16.035	31546	1.05330e-04	3.32285	28.4	30924	1.07450e-04	3.32285	29.2	31647	1.04960e-04	3.32148	28.0	31375	1.05860e-04	3.32129	29.4
63756.201	16.045	31564	1.05270e-04	3.32285	28.4	30916	1.07480e-04	3.32266	29.2	31582	1.05180e-04	3.32168	28.0	31364	1.05900e-04	3.32129	29.4
63757.390	16.045	31526	1.05400e-04	3.32285	28.4	30949	1.07360e-04	3.32266	29.2	31614	1.05070e-04	3.32148	28.0	31340	1.05970e-04	3.32109	29.4
63758.578	16.050	31537	1.05370e-04	3.32305	28.4	30936	1.07410e-04	3.32285	29.2	31653	1.04930e-04	3.32148	28.0	31367	1.05880e-04	3.32129	29.4
63759.766	16.050	31554	1.05310e-04	3.32305	28.4	30929	1.07440e-04	3.32285	29.2	31579	1.05190e-04	3.32168	28.0	31417	1.05720e-04	3.32148	29.4
63760.954	16.053	31545	1.05330e-04	3.32266	28.4	30877	1.07610e-04	3.32285	29.2	31617	1.05050e-04	3.32129	28.0	31347	1.05950e-04	3.32109	29.4
63762.143	16.053	31487	1.05540e-04	3.32305	28.4	30909	1.07510e-04	3.32305	29.2	31597	1.05120e-04	3.32148	28.0	31364	1.05900e-04	3.32148	29.4
63763.331	16.053	31529	1.05400e-04	3.32305	28.4	30955	1.07350e-04	3.32285	29.2	31580	1.05180e-04	3.32168	28.0	31338	1.05980e-04	3.32109	29.4
63764.519	16.044	31619	1.05090e-04	3.32266	28.4	30942	1.07380e-04	3.32266	29.2	31584	1.05160e-04	3.32148	28.0	31388	1.05810e-04	3.32109	29.4
63765.707	16.044	31589	1.05200e-04	3.32305	28.4	30950	1.07370e-04	3.32305	29.2	31632	1.05000e-04	3.32148	28.0	31387	1.05820e-04	3.32148	29.4
63766.895	16.024	31502	1.05490e-04	3.32305	28.4	30885	1.07590e-04	3.32285	29.2	31572	1.05210e-04	3.32168	28.0	31355	1.05920e-04	3.32129	29.4
63768.084	16.024	31532	1.05370e-04	3.32266	28.4	30877	1.07610e-04	3.32266	29.2	31597	1.05120e-04	3.32148	28.0	31380	1.05840e-04	3.32129	29.4
63769.272	16.037	31540	1.05360e-04	3.32305	28.4	30904	1.07520e-04	3.32285	29.2	31641	1.04970e-04	3.32148	28.0	31404	1.05760e-04	3.32129	29.4
63770.460	16.037	31543	1.05350e-04	3.32305	28.4	30923	1.07460e-04	3.32285	29.2	31630	1.05010e-04	3.32148	28.0	31347	1.05950e-04	3.32129	29.4
63771.649	16.045	31537	1.05360e-04	3.32285	28.4	30909	1.07500e-04	3.32266	29.2	31612	1.05060e-04	3.32129	28.0	31351	1.05930e-04	3.32109	29.4
63772.837	16.045	31497	1.05500e-04	3.32305	28.4	30877	1.07620e-04	3.32305	29.2	31565	1.05230e-04	3.32168	28.0	31341	1.05980e-04	3.32148	29.4
63774.025	16.025	31499	1.05490e-04	3.32285	28.4	30903	1.07530e-04	3.32305	29.2	31542	1.05300e-04	3.32148	28.0	31387	1.05820e-04	3.32129	29.4
63775.213	16.025	31522	1.05410e-04	3.32285	28.4	30922	1.07460e-04	3.32285	29.2	31563	1.05230e-04	3.32148	28.0	31302	1.06100e-04	3.32109	29.4
63776.402	16.025	31528	1.05400e-04	3.32305	28.4	30917	1.07480e-04	3.32285	29.2	31562	1.05240e-04	3.32168	28.0	31300	1.06110e-04	3.32109	29.4
63777.589	16.046	31474	1.05570e-04	3.32285	28.4	30931	1.07430e-04	3.32285	29.2	31619	1.05050e-04	3.32148	28.0	31394	1.05790e-04	3.32129	29.5
63778.778	16.046	31539	1.05360e-04	3.32305	28.4	30925	1.07450e-04	3.32285	29.2	31601	1.05110e-04	3.32148	28.0	31378	1.05850e-04	3.32148	29.5
63779.966	16.041	31592	1.05190e-04	3.32305	28.4	30980	1.07260e-04	3.32285	29.2	31606	1.05090e-04	3.32168	28.0	31412	1.05730e-04	3.32129	29.5
63781.154	16.041	31591	1.05180e-04	3.32266	28.4	30933	1.07410e-04	3.32266	29.2	31627	1.05020e-04	3.32148	28.0	31373	1.05860e-04	3.32129	29.4
63782.342	16.044	31572	1.05240e-04	3.32266	28.4	30911	1.07490e-04	3.32266	29.2	31654	1.04940e-04	3.32168	28.0	31381	1.05830e-04	3.32109	29.4
63783.531	16.044	31497	1.05510e-04	3.32324	28.4	30917	1.07470e-04	3.32266	29.2	31602	1.05100e-04	3.32148	28.0	31344	1.05960e-04	3.32129	29.4
63784.719	16.035	31570	1.05260e-04	3.32305	28.4	30912	1.07490e-04	3.32285	29.2	31648	1.04950e-04	3.32148	28.0	31425	1.05700e-04	3.32148	29.5
63785.907	16.035	31556	1.05300e-04	3.32285	28.4	30860	1.07680e-04	3.32285	29.2	31586	1.05160e-04	3.32148	28.0	31316	1.06060e-04	3.32129	29.5
63787.095	16.035	31511	1.05460e-04	3.32305	28.4	30914	1.07490e-04	3.32305	29.2	31570	1.05210e-04	3.32148	28.0	31337	1.05990e-04	3.32148	29.5
63788.284	16.037	31477	1.05560e-04	3.32285	28.4	30895	1.07550e-04	3.32285	29.2	31584	1.05160e-04	3.32148	28.0	31358	1.05910e-04	3.32109	29.5
63789.472	16.037	31481	1.05550e-04	3.32285	28.4	30910	1.07490e-04	3.32266	29.2	31566	1.05230e-04	3.32168	28.0	31392	1.05800e-04	3.32109	29.5
63790.660	16.050	31536	1.05370e-04	3.32305	28.4	30871	1.07640e-04	3.32285	29.2	31548	1.05280e-04	3.32148	28.0	31325	1.06030e-04	3.32148	29.4
63791.849	16.050	31531	1.05380e-04	3.32285	28.4	30896	1.07550e-04	3.32285	29.2	31569	1.05210e-04	3.32148	28.0	31320	1.06040e-04	3.32129	29.4
63793.037	16.051	31560	1.05290e-04	3.32285	28.4	30925	1.07440e-04	3.32266	29.2	31640	1.04970e-04	3.32129	28.0	31417	1.05720e-04	3.32129	29.5
63794.225	16.051	31563	1.05280e-04	3.32305	28.4	30906	1.07520e-04	3.32285	29.2	31718	1.04720e-04	3.32148	28.0	31382	1.05830e-04	3.32129	29.5
63795.413	16.051	31525	1.05400e-04	3.32285	28.4	30930	1.07420e-04	3.32266	29.2	31672	1.04880e-04	3.32168	28.0	31378	1.05840e-04	3.32109	29.4
63796.601	16.047	31525	1.05410e-04	3.32305	28.4	30914	1.07490e-04	3.32305	29.2	31605	1.05090e-04	3.32148	28.0	31427	1.05680e-04	3.32129	29.4
63797.790	16.047	31529	1.05390e-04	3.32285	28.4	30885	1.07580e-04	3.32266	29.2	31626	1.05020e-04	3.32148	28.0	31392	1.05800e-04	3.32129	29.4
63798.978	16.049	31498	1.05480e-04	3.32246	28.4	30873	1.07630e-04	3.32285	29.2	31616	1.05060e-04	3.32148	28.0	31271	1.06200e-04	3.32109	29.4
63800.166	16.049	31468	1.05610e-04	3.32324	28.4	30879	1.07620e-04	3.32305	29.2	31536	1.05320e-04	3.32129	28.0	31328	1.06020e-04	3.32129	29.5
63801.354	16.041	31560	1.05290e-04	3.32285	28.4	30895	1.07560e-04	3.32305	29.2	31589	1.05160e-04	3.32188	28.0	31404	1.05760e-04	3.32129	29.4
63802.543	16.041	31506	1.05470e-04	3.32285	28.4	30894	1.07550e-04	3.32266	29.2	31590	1.05140e-04	3.32148	28.0	31348	1.05940e-04	3.32109	29.5
63803.731	16.046	31544	1.05340e-04	3.32285	28.4	30921	1.07460e-04	3.32285	29.2	31570	1.05210e-04	3.32148	28.0	31376	1.05850e-04	3.32129	29.5
63804.920	16.046	31551	1.05320e-04	3.32285	28.4	30906	1.07510e-04	3.32285	29.2	31596	1.05120e-04	3.32129	28.0	31308	1.06090e-04	3.32129	29.5
63806.108	16.046	31562	1.05290e-04	3.32305	28.4	30894	1.07560e-04	3.32285	29.2	31632	1.05000e-04	3.32148	28.0	31383	1.05830e-04	3.32129	29.5
63807.296	16.041	31511	1.05460e-04	3.32305	28.4	30889	1.07580e-04	3.32285	29.2	31593	1.05140e-04	3.32168	28.0	31380	1.05840e-04	3.32129	29.5
63808.484	16.041	31498	1.05490e-04	3.32266	28.4	30866	1.07650e-04	3.32285	29.2	31559	1.05250e-04	3.32148	28.0	31332	1.06000e-04	3.32109	29.5
63809.673	16.051	31557	1.05300e-04	3.32285	28.4	30891	1.07570e-04	3.32285	29.2	31632	1.05000e-04	3.32148	28.0	31318	1.06050e-04	3.32129	29.5
63810.861	16.051	31533	1.05380e-04	3.32285	28.4	30887	1.07580e-04	3.32285	29.2	31571	1.05210e-04	3.32148	28.0	31403	1.05760e-04	3.32129	29.4
63812.049	16.043	31561	1.05280e-04	3.32285	28.4	30941	1.07390e-04	3.32285	29.2	31595	1.05120e-04	3.32129	28.0	31385	1.05820e-04	3.32129	29.4
63813.237	16.043	31628	1.05070e-04	3.32305	28.4	31015	1.07140e-04	3.32285	29.2	31637	1.04990e-04	3.32168	28.0	31400	1.05770e-04	3.32109	29.5
63814.425	16.043	31594	1.05170e-04	3.32285	28.4	30989	1.07230e-04	3.32285	29.2	31661	1.04910e-04	3.32148	28.0	31393	1.05800e-04	3.32129	29.5
63815.613	16.024	31577	1.05230e-04	3.32285	28.4	30975	1.07270e-04	3.32266	29.2	31643	1.04960e-04	3.32129	28.0	31392	1.05800e-04	3.32129	29.5
63816.802	16.019	31546	1.05330e-04	3.32285	28.4	30947	1.07370e-04	3.32266	29.2	31621	1.05040e-04	3.32148	28.0	31417	1.05720e-04	3.32129	29.5
63817.990	16.019	31573	1.05240e-04	3.32285	28.4	30968	1.07290e-04	3.32266	29.2	31641	1.04970e-04	3.32148	28.0	31366	1.05890e-04	3.32129	29.5
63819.178	16.019	31541	1.05360e-04	3.32305	28.4	30945	1.07370e-04	3.32266	29.2	31609	1.05080e-04	3.32148	28.0	31377	1.05850e-04	3.32109	29.4
63820.366	16.023	31542	1.05350e-04	3.32305	28.4	30975	1.07280e-04	3.32285	29.2	31609	1.05090e-04	3.32168	28.0	31345	1.05960e-04	3.32129	29.5
63821.555	16.023	31591	1.05180e-04	3.32285	28.4	30949	1.07370e-04	3.32285	29.2	31640	1.04980e-04	3.32148	28.0	31395	1.05790e-04	3.32129	29.5
63822.743	16.036	31592	1.05190e-04	3.32305	28.4	30926	1.07450e-04	3.32285	29.2	31726	1.04690e-04	3.32148	28.0	31391	1.05810e-04	3.32129	29.5
63823.931	16.036	31587	1.05200e-04	3.32305	28.4	30907	1.07510e-04	3.32285	29.2	31632	1.05000e-04	3.32148	28.0	31397	1.05780e-04	3.32129	29.5
63825.119	16.029	31519	1.05420e-04	3.32266	28.4	30891	1.07560e-04	3.32266	29.2	31623	1.05030e-04	3.32129	28.0	31376	1.05850e-04	3.32109	29.5
63826.308	16.029	31533	1.05380e-04	3.32305	28.4	30874	1.07630e-04	3.32285	29.2	31607	1.05090e-04	3.32148	28.0	31325	1.06020e-04	3.32109	29.5
63827.496	16.029	31584	1.05210e-04	3.32285	28.4	30920	1.07460e-04	3.32266	29.2	31617	1.05050e-04	3.32148	28.0	31318	1.06050e-04	3.32129	29.5
63828.684	16.014	31533	1.05380e-04	3.32285	28.4	30923	1.07450e-04	3.32266	29.2	31630	1.05010e-04	3.32148	28.0	31354	1.05930e-04	3.32129	29.5
63829.872	16.014	31536	1.05370e-04	3.32285	28.4	30939	1.07390e-04	3.32266	29.2	31586	1.05160e-04	3.32148	28.0	31376	1.05850e-04	3.32129	29.5
63831.061	16.014	31507	1.05460e-04	3.32266	28.4	30909	1.07500e-04	3.32266	29.2	31625	1.05030e-04	3.32148	28.0	31318	1.06040e-04	3.32109	29.5
63832.249	16.014	31524	1.05410e-04	3.32305	28.4	30862	1.07670e-04	3.32285	29.2	31626	1.05020e-04	3.32129	28.0	31360	1.05900e-04	3.32109	29.5
63833.437	16.026	31531	1.05390e-04	3.32305	28.4	30925	1.07450e-04	3.32285	29.2	31612	1.05070e-04	3.32168	28.0	31322	1.06040e-04	3.32129	29.5
63834.626	16.026	31556	1.05290e-04	3.32266	28.4	30909	1.07500e-04	3.32285	29.2	31647	1.04960e-04	3.32148	28.0	31376	1.05850e-04	3.32109	29.5
63835.814	16.024	31569	1.05260e-04	3.32285	28.4	30903	1.07520e-04	3.32285	29.2	31570	1.05210e-04	3.32148	28.0	31417	1.05710e-04	3.32129	29.5
63837.002	16.024	31670	1.04920e-04	3.32285	28.4	31033	1.07070e-04	3.32266	29.2	31665	1.04890e-04	3.32148	28.0	31421	1.05700e-04	3.32109	29.5
63838.190	16.024	31575	1.05230e-04	3.32266	28.4	30949	1.07370e-04	3.32285	29.2	31689	1.04810e-04	3.32148	28.0	31363	1.05890e-04	3.32109	29.5
63839.378	16.020	31508	1.05470e-04	3.32305	28.4	30874	1.07630e-04	3.32285	29.2	31617	1.05050e-04	3.32148	28.0	31310	1.06080e-04	3.32129	29.5
63840.567	16.020	31499	1.05480e-04	3.32246	28.4	30896	1.07540e-04	3.32246	29.2	31568	1.05220e-04	3.32168	28.0	31366	1.05880e-04	3.32109	29.5
63841.755	16.022	31499	1.05500e-04	3.32305	28.4	30892	1.07560e-04	3.32285	29.2	31572	1.05200e-04	3.32129	28.0	31355	1.05920e-04	3.32129	29.5
63842.943	16.022	31449	1.05670e-04	3.32305	28.4	30936	1.07410e-04	3.32285	29.2	31568	1.05220e-04	3.32168	28.0	31342	1.05980e-04	3.32148	29.5
63844.131	16.041	31489	1.05520e-04	3.32266	28.4	30866	1.07660e-04	3.32285	29.2	31599	1.05110e-04	3.32148	28.0	31350	1.05940e-04	3.32109	29.5
63845.320	16.041	31527	1.05400e-04	3.32305	28.4	30925	1.07450e-04	3.32305	29.2	31603	1.05090e-04	3.32129	28.0	31384	1.05830e-04	3.32129	29.5
63846.508	16.045	31575	1.05240e-04	3.32285	28.4	30900	1.07540e-04	3.32285	29.2	31590	1.05140e-04	3.32148	28.0	31385	1.05820e-04	3.32129	29.5
63847.696	16.045	31603	1.05140e-04	3.32285	28.4	30895	1.07550e-04	3.32285	29.2	31620	1.05040e-04	3.32148	28.0	31331	1.06010e-04	3.32129	29.5
63848.884	16.045	31556	1.05300e-04	3.32285	28.4	30908	1.07510e-04	3.32285	29.2	31674	1.04860e-04	3.32148	28.0	31324	1.06030e-04	3.32129	29.5
63850.073	16.044	31571	1.05250e-04	3.32285	28.4	30896	1.07550e-04	3.32285	29.2	31661	1.04910e-04	3.32148	28.0	31349	1.05940e-04	3.32109	29.5
63851.261	16.044	31552	1.05310e-04	3.32285	28.4	30917	1.07470e-04	3.32266	29.2	31648	1.04950e-04	3.32148	28.0	31360	1.05900e-04	3.32109	29.5
63852.449	16.054	31514	1.05440e-04	3.32285	28.4	30883	1.07590e-04	3.32266	29.2	31611	1.05060e-04	3.32109	28.0	31411	1.05740e-04	3.32129	29.5
63853.637	16.054	31557	1.05300e-04	3.32305	28.4	30907	1.07510e-04	3.32285	29.2	31623	1.05040e-04	3.32168	28.0	31391	1.05810e-04	3.32129	29.5
63854.825	16.047	31495	1.05500e-04	3.32266	28.4	30930	1.07420e-04	3.32266	29.2	31614	1.05070e-04	3.32148	28.0	31371	1.05870e-04	3.32109	29.5
63856.014	16.047	31552	1.05310e-04	3.32285	28.4	30922	1.07460e-04	3.32285	29.2	31583	1.05170e-04	3.32148	28.0	31316	1.06050e-04	3.32109	29.5
63857.202	16.047	31565	1.05260e-04	3.32266	28.4	30927	1.07430e-04	3.32246	29.2	31598	1.05120e-04	3.32148	28.0	31400	1.05760e-04	3.32090	29.5
63858.391	16.047	31544	1.05340e-04	3.32285	28.4	30981	1.07250e-04	3.32285	29.2	31702	1.04760e-04	3.32129	28.0	31384	1.05830e-04	3.32148	29.5
63859.578	16.047	31492	1.05510e-04	3.32285	28.4	30943	1.07390e-04	3.32285	29.2	31681	1.04840e-04	3.32148	28.0	31378	1.05850e-04	3.32129	29.5
63860.767	16.037	31555	1.05300e-04	3.32285	28.4	30933	1.07420e-04	3.32285	29.2	31671	1.04870e-04	3.32148	28.0	31373	1.05860e-04	3.32109	29.5
63861.955	16.037	31528	1.05380e-04	3.32246	28.4	30909	1.07490e-04	3.32246	29.2	31622	1.05040e-04	3.32148	28.0	31389	1.05800e-04	3.32090	29.5
63863.143	16.038	31572	1.05250e-04	3.32285	28.4	30915	1.07470e-04	3.32246	29.2	31639	1.04970e-04	3.32129	28.0	31370	1.05870e-04	3.32109	29.5
63864.331	16.038	31588	1.05200e-04	3.32305	28.4	30949	1.07370e-04	3.32285	29.2	31672	1.04870e-04	3.32148	28.0	31344	1.05960e-04	3.32129	29.5
63865.520	16.046	31555	1.05300e-04	3.32285	28.4	30949	1.07370e-04	3.32285	29.2	31607	1.05090e-04	3.32148	28.0	31348	1.05950e-04	3.32129	29.5
63866.708	16.046	31521	1.05410e-04	3.32266	28.4	30928	1.07430e-04	3.32266	29.2	31617	1.05050e-04	3.32129	28.0	31341	1.05970e-04	3.32109	29.5
63867.896	16.046	31528	1.05390e-04	3.32285	28.4	30933	1.07410e-04	3.32266	29.2	31657	1.04930e-04	3.32168	28.0	31375	1.05860e-04	3.32129	29.5
63869.084	16.046	31556	1.05310e-04	3.32305	28.4	30913	1.07490e-04	3.32285	29.2	31673	1.04870e-04	3.32148	28.0	31431	1.05660e-04	3.32109	29.5
63870.273	16.046	31496	1.05500e-04	3.32285	28.4	30902	1.07530e-04	3.32285	29.2	31615	1.05060e-04	3.32148	28.0	31390	1.05800e-04	3.32109	29.5
63871.461	16.050	31527	1.05390e-04	3.32266	28.4	30866	1.07660e-04	3.32285	29.2	31576	1.05180e-04	3.32129	28.0	31368	1.05880e-04	3.32129	29.4
63872.649	16.050	31476	1.05570e-04	3.32285	28.4	30901	1.07530e-04	3.32285	29.2	31576	1.05190e-04	3.32148	28.0	31353	1.05930e-04	3.32129	29.4
63873.838	16.060	31516	1.05430e-04	3.32285	28.4	30893	1.07550e-04	3.32266	29.2	31580	1.05180e-04	3.32148	28.0	31328	1.06010e-04	3.32109	29.5
63875.026	16.060	31508	1.05460e-04	3.32285	28.4	30868	1.07640e-04	3.32266	29.2	31565	1.05220e-04	3.32129	28.0	31398	1.05770e-04	3.32109	29.5
63876.214	16.044	31548	1.05330e-04	3.32305	28.4	30914	1.07480e-04	3.32266	29.2	31529	1.05350e-04	3.32148	28.0	31343	1.05970e-04	3.32129	29.5
63877.402	16.044	31538	1.05360e-04	3.32285	28.4	30897	1.07540e-04	3.32266	29.2	31669	1.04880e-04	3.32148	28.0	31367	1.05890e-04	3.32129	29.5
63878.591	16.044	31544	1.05330e-04	3.32246	28.4	30970	1.07290e-04	3.32266	29.2	31591	1.05130e-04	3.32129	28.0	31351	1.05930e-04	3.32090	29.5
63879.779	16.048	31512	1.05450e-04	3.32305	28.4	30893	1.07550e-04	3.32246	29.2	31602	1.05100e-04	3.32148	28.0	31376	1.05860e-04	3.32148	29.5
63880.967	16.048	31573	1.05240e-04	3.32285	28.4	30894	1.07560e-04	3.32285	29.2	31554	1.05270e-04	3.32168	28.0	31393	1.05790e-04	3.32109	29.5
63882.155	16.058	31493	1.05500e-04	3.32266	28.4	30866	1.07660e-04	3.32285	29.2	31549	1.05280e-04	3.32129	28.0	31365	1.05880e-04	3.32090	29.5
63883.343	16.058	31513	1.05450e-04	3.32305	28.4	30925	1.07450e-04	3.32285	29.2	31590	1.05140e-04	3.32148	28.0	31387	1.05820e-04	3.32148	29.5
63884.532	16.042	31497	1.05490e-04	3.32266	28.4	30917	1.07480e-04	3.32285	29.2	31576	1.05200e-04	3.32168	28.0	31392	1.05790e-04	3.32109	29.5
63885.720	16.042	31572	1.05250e-04	3.32285	28.4	30971	1.07280e-04	3.32266	29.2	31629	1.05010e-04	3.32129	28.0	31351	1.05930e-04	3.32109	29.5
63886.908	16.019	31594	1.05190e-04	3.32324	28.4	30925	1.07440e-04	3.32266	29.2	31636	1.04990e-04	3.32148	28.0	31389	1.05810e-04	3.32129	29.5
63888.096	16.019	31501	1.05480e-04	3.32285	28.4	30927	1.07440e-04	3.32285	29.2	31653	1.04940e-04	3.32148	28.0	31396	1.05780e-04	3.32109	29.5
63889.285	16.019	31538	1.05350e-04	3.32266	28.4	30888	1.07580e-04	3.32285	29.2	31576	1.05180e-04	3.32129	28.0	31387	1.05810e-04	3.32109	29.5
63890.473	16.040	31570	1.05250e-04	3.32285	28.4	30922	1.07450e-04	3.32266	29.2	31575	1.05190e-04	3.32148	28.0	31375	1.05860e-04	3.32129	29.5
63891.661	16.040	31532	1.05380e-04	3.32285	28.4	30865	1.07660e-04	3.32285	29.2	31554	1.05260e-04	3.32148	28.0	31409	1.05740e-04	3.32129	29.5
63892.849	16.043	31622	1.05080e-04	3.32285	28.4	30915	1.07480e-04	3.32285	29.2	31633	1.04990e-04	3.32109	28.0	31390	1.05800e-04	3.32109	29.5
63894.038	16.043	31575	1.05240e-04	3.32285	28.4	30917	1.07470e-04	3.32266	29.2	31649	1.04950e-04	3.32148	28.0	31387	1.05810e-04	3.32109	29.5
63895.226	16.040	31543	1.05340e-04	3.32285	28.4	30923	1.07460e-04	3.32285	29.2	31571	1.05210e-04	3.32168	28.0	31385	1.05820e-04	3.32109	29.5
63896.414	16.040	31534	1.05380e-04	3.32305	28.4	30945	1.07380e-04	3.32285	29.2	31640	1.04970e-04	3.32129	28.0	31333	1.06000e-04	3.32129	29.5
63897.602	16.029	31569	1.05250e-04	3.32266	28.4	30907	1.07510e-04	3.32285	29.2	31614	1.05070e-04	3.32168	28.0	31366	1.05890e-04	3.32129	29.5
63898.791	16.029	31592	1.05180e-04	3.32285	28.4	30902	1.07520e-04	3.32266	29.2	31653	1.04930e-04	3.32148	28.0	31341	1.05970e-04	3.32109	29.5
63899.979	16.029	31598	1.05170e-04	3.32305	28.4	30923	1.07450e-04	3.32266	29.2	31639	1.04980e-04	3.32148	28.0	31378	1.05850e-04	3.32129	29.5
63901.167	16.042	31537	1.05360e-04	3.32266	28.4	30926	1.07450e-04	3.32285	29.2	31651	1.04930e-04	3.32129	28.0	31363	1.05900e-04	3.32129	29.5
63902.355	16.042	31503	1.05480e-04	3.32305	28.4	30920	1.07470e-04	3.32285	29.2	31583	1.05170e-04	3.32168	28.0	31361	1.05900e-04	3.32109	29.5
63903.543	16.033	31503	1.05480e-04	3.32305	28.4	30873	1.07630e-04	3.32285	29.2	31590	1.05140e-04	3.32148	28.0	31348	1.05950e-04	3.32129	29.5
63904.732	16.033	31528	1.05400e-04	3.32285	28.4	30919	1.07460e-04	3.32266	29.2	31592	1.05140e-04	3.32148	28.0	31385	1.05820e-04	3.32129	29.5
63905.920	16.044	31522	1.05410e-04	3.32285	28.4	30948	1.07370e-04	3.32285	29.2	31602	1.05100e-04	3.32148	28.0	31402	1.05770e-04	3.32129	29.5
63907.108	16.044	31541	1.05350e-04	3.32285	28.4	30913	1.07490e-04	3.32285	29.2	31595	1.05130e-04	3.32148	28.0	31377	1.05850e-04	3.32129	29.5
63908.297	16.044	31511	1.05450e-04	3.32285	28.4	30899	1.07540e-04	3.32285	29.2	31647	1.04950e-04	3.32148	28.0	31350	1.05940e-04	3.32129	29.5
63909.485	16.037	31570	1.05260e-04	3.32305	28.4	30894	1.07560e-04	3.32285	29.2	31550	1.05280e-04	3.32148	28.0	31352	1.05940e-04	3.32148	29.5
63910.673	16.037	31606	1.05140e-04	3.32305	28.4	30911	1.07490e-04	3.32266	29.2	31665	1.04890e-04	3.32148	28.0	31396	1.05790e-04	3.32129	29.5
63911.861	16.048	31616	1.05100e-04	3.32285	28.4	30941	1.07390e-04	3.32285	29.2	31658	1.04920e-04	3.32148	28.0	31459	1.05570e-04	3.32129	29.5
63913.050	16.048	31526	1.05400e-04	3.32285	28.4	30916	1.07470e-04	3.32266	29.2	31634	1.05000e-04	3.32148	28.0	31378	1.05840e-04	3.32109	29.5
63914.238	16.062	31518	1.05430e-04	3.32285	28.4	30883	1.07590e-04	3.32266	29.2	31545	1.05300e-04	3.32168	28.0	31344	1.05960e-04	3.32129	29.5
63915.426	16.062	31539	1.05360e-04	3.32285	28.4	30910	1.07500e-04	3.32285	29.2	31568	1.05220e-04	3.32148	28.1	31312	1.06070e-04	3.32129	29.5
63916.614	16.043	31511	1.05460e-04	3.32324	28.4	30864	1.07650e-04	3.32266	29.2	31537	1.05320e-04	3.32148	28.1	31337	1.05980e-04	3.32109	29.5
63917.802	16.043	31471	1.05580e-04	3.32285	28.4	30909	1.07510e-04	3.32305	29.2	31574	1.05200e-04	3.32168	28.0	31359	1.05910e-04	3.32129	29.5
63918.991	16.043	31506	1.05470e-04	3.32285	28.4	30847	1.07720e-04	3.32285	29.2	31534	1.05320e-04	3.32129	28.0	31340	1.05980e-04	3.32129	29.5
63920.179	16.043	31574	1.05250e-04	3.32305	28.4	30882	1.07600e-04	3.32285	29.2	31583	1.05170e-04	3.32148	28.1	31346	1.05950e-04	3.32109	29.5
63921.367	16.043	31525	1.05400e-04	3.32266	28.4	30909	1.07510e-04	3.32305	29.2	31604	1.05100e-04	3.32168	28.1	31343	1.05970e-04	3.32148	29.5
63922.556	16.032	31509	1.05460e-04	3.32285	28.4	30923	1.07440e-04	3.32246	29.2	31592	1.05130e-04	3.32129	28.1	31400	1.05770e-04	3.32109	29.5
63923.743	16.032	31513	1.05450e-04	3.32305	28.4	30880	1.07600e-04	3.32266	29.2	31573	1.05200e-04	3.32148	28.1	31398	1.05780e-04	3.32129	29.5
63924.932	16.029	31554	1.05300e-04	3.32246	28.4	30844	1.07730e-04	3.32285	29.2	31616	1.05060e-04	3.32148	28.1	31292	1.06140e-04	3.32129	29.5
63926.120	16.029	31508	1.05470e-04	3.32305	28.4	30950	1.07350e-04	3.32246	29.2	31594	1.05120e-04	3.32109	28.1	31358	1.05900e-04	3.32090	29.5
63927.308	16.029	31602	1.05150e-04	3.32305	28.4	30878	1.07610e-04	3.32285	29.2	31569	1.05220e-04	3.32168	28.1	31429	1.05680e-04	3.32148	29.5
63928.497	16.028	31547	1.05330e-04	3.32285	28.4	30952	1.07360e-04	3.32305	29.2	31583	1.05170e-04	3.32168	28.1	31371	1.05880e-04	3.32148	29.5
63929.685	16.028	31527	1.05400e-04	3.32305	28.4	30949	1.07370e-04	3.32285	29.2	31617	1.05050e-04	3.32129	28.1	31388	1.05810e-04	3.32109	29.5
63930.873	16.035	31581	1.05220e-04	3.32285	28.4	30945	1.07380e-04	3.32305	29.2	31663	1.04910e-04	3.32168	28.1	31370	1.05870e-04	3.32129	29.5
63932.061	16.035	31583	1.05210e-04	3.32285	28.4	30978	1.07270e-04	3.32285	29.2	31660	1.04910e-04	3.32148	28.0	31481	1.05500e-04	3.32129	29.5
63933.250	16.029	31536	1.05370e-04	3.32285	28.4	30942	1.07380e-04	3.32266	29.2	31599	1.05110e-04	3.32148	28.0	31381	1.05830e-04	3.32109	29.5
63934.438	16.029	31554	1.05310e-04	3.32305	28.4	30920	1.07460e-04	3.32266	29.2	31622	1.05040e-04	3.32148	28.1	31406	1.05750e-04	3.32109	29.5
63935.626	16.028	31478	1.05560e-04	3.32285	28.4	30942	1.07390e-04	3.32285	29.2	31560	1.05240e-04	3.32148	28.1	31336	1.05990e-04	3.32129	29.5
63936.814	16.028	31534	1.05370e-04	3.32285	28.4	30875	1.07620e-04	3.32285	29.2	31575	1.05200e-04	3.32148	28.0	31354	1.05930e-04	3.32129	29.5
63938.003	16.020	31517	1.05430e-04	3.32285	28.4	30863	1.07660e-04	3.32285	29.2	31554	1.05270e-04	3.32168	28.0	31368	1.05880e-04	3.32129	29.5
63939.191	16.020	31531	1.05390e-04	3.32305	28.4	30902	1.07520e-04	3.32266	29.2	31579	1.05180e-04	3.32129	28.0	31362	1.05900e-04	3.32129	29.5
63940.379	16.020	31559	1.05290e-04	3.32285	28.4	30909	1.07500e-04	3.32285	29.2	31649	1.04950e-04	3.32168	28.0	31308	1.06080e-04	3.32129	29.5
63941.567	16.030	31505	1.05470e-04	3.32285	28.4	30932	1.07420e-04	3.32285	29.2	31599	1.05110e-04	3.32148	28.0	31359	1.05910e-04	3.32129	29.5
63942.756	16.030	31537	1.05370e-04	3.32305	28.4	30890	1.07580e-04	3.32305	29.2	31634	1.04990e-04	3.32129	28.0	31354	1.05930e-04	3.32129	29.5
63943.944	16.038	31520	1.05420e-04	3.32285	28.4	30924	1.07460e-04	3.32305	29.2	31563	1.05240e-04	3.32168	28.0	31359	1.05910e-04	3.32129	29.5
63945.132	16.038	31513	1.05440e-04	3.32266	28.4	30869	1.07640e-04	3.32285	29.2	31591	1.05140e-04	3.32148	28.0	31336	1.05990e-04	3.32129	29.5
63946.320	16.049	31494	1.05510e-04	3.32305	28.4	30905	1.07520e-04	3.32285	29.2	31592	1.05130e-04	3.32129	28.0	31327	1.06020e-04	3.32109	29.5
63947.509	16.049	31496	1.05500e-04	3.32285	28.4	30875	1.07620e-04	3.32285	29.2	31593	1.05140e-04	3.32168	28.0	31359	1.05910e-04	3.32129	29.5
63948.697	16.055	31553	1.05300e-04	3.32266	28.4	30906	1.07510e-04	3.32266	29.2	31673	1.04860e-04	3.32129	28.0	31413	1.05730e-04	3.32129	29.5
63949.885	16.055	31557	1.05300e-04	3.32305	28.4	30870	1.07630e-04	3.32246	29.2	31535	1.05320e-04	3.32129	28.0	31358	1.05900e-04	3.32090	29.5
63951.073	16.055	31481	1.05560e-04	3.32305	28.4	30857	1.07690e-04	3.32285	29.2	31558	1.05260e-04	3.32168	28.0	31317	1.06050e-04	3.32129	29.5
63952.261	16.052	31584	1.05210e-04	3.32305	28.4	30898	1.07550e-04	3.32305	29.2	31655	1.04930e-04	3.32148	28.0	31372	1.05870e-04	3.32148	29.5
63953.450	16.052	31514	1.05450e-04	3.32305	28.4	30933	1.07430e-04	3.32305	29.2	31609	1.05090e-04	3.32168	28.0	31311	1.06070e-04	3.32129	29.5
63954.638	16.056	31531	1.05380e-04	3.32266	28.4	30874	1.07630e-04	3.32305	29.2	31586	1.05160e-04	3.32148	28.0	31361	1.05910e-04	3.32148	29.5
63955.826	16.056	31589	1.05200e-04	3.32305	28.4	30939	1.07400e-04	3.32285	29.2	31607	1.05090e-04	3.32148	28.0	31332	1.06000e-04	3.32109	29.5
63957.014	16.058	31492	1.05510e-04	3.32285	28.4	30882	1.07600e-04	3.32305	29.2	31584	1.05170e-04	3.32168	28.0	31314	1.06060e-04	3.32129	29.5
63958.202	16.058	31528	1.05390e-04	3.32285	28.4	30880	1.07600e-04	3.32266	29.2	31558	1.05250e-04	3.32148	28.0	31287	1.06160e-04	3.32129	29.5
63959.391	16.058	31535	1.05380e-04	3.32305	28.4	30850	1.07700e-04	3.32266	29.2	31546	1.05280e-04	3.32129	28.0	31328	1.06020e-04	3.32129	29.5
63960.579	16.070	31509	1.05460e-04	3.32285	28.4	30853	1.07700e-04	3.32285	29.2	31544	1.05300e-04	3.32148	28.0	31307	1.06090e-04	3.32129	29.5
63961.767	16.070	31529	1.05390e-04	3.32285	28.4	30941	1.07390e-04	3.32266	29.2	31583	1.05170e-04	3.32148	28.0	31352	1.05930e-04	3.32109	29.5
63962.955	16.054	31537	1.05360e-04	3.32285	28.4	30887	1.07580e-04	3.32285	29.2	31630	1.05010e-04	3.32148	28.0	31350	1.05940e-04	3.32109	29.5
63964.144	16.054	31523	1.05420e-04	3.32305	28.4	30914	1.07490e-04	3.32285	29.2	31568	1.05220e-04	3.32168	28.0	31398	1.05780e-04	3.32129	29.5
63965.332	16.054	31558	1.05290e-04	3.32285	28.4	30915	1.07480e-04	3.32285	29.2	31591	1.05140e-04	3.32148	28.0	31405	1.05760e-04	3.32129	29.5
63966.521	16.043	31579	1.05230e-04	3.32305	28.4	30893	1.07570e-04	3.32305	29.2	31591	1.05140e-04	3.32148	28.0	31328	1.06020e-04	3.32129	29.5
63967.709	16.046	31541	1.05360e-04	3.32305	28.4	30898	1.07550e-04	3.32305	29.2	31605	1.05100e-04	3.32168	28.0	31388	1.05820e-04	3.32148	29.5
63968.897	16.046	31533	1.05380e-04	3.32285	28.4	30909	1.07510e-04	3.32305	29.2	31626	1.05030e-04	3.32168	28.0	31371	1.05880e-04	3.32148	29.5
63970.085	16.046	31532	1.05390e-04	3.32305	28.4	30921	1.07460e-04	3.32266	29.2	31591	1.05140e-04	3.32148	28.0	31367	1.05880e-04	3.32109	29.5
63971.273	16.050	31557	1.05300e-04	3.32285	28.4	30873	1.07630e-04	3.32285	29.2	31592	1.05140e-04	3.32168	28.0	31369	1.05880e-04	3.32148	29.5
63972.462	16.050	31473	1.05590e-04	3.32305	28.4	30913	1.07490e-04	3.32285	29.2	31606	1.05090e-04	3.32129	28.0	31353	1.05930e-04	3.32129	29.5
63973.650	16.044	31508	1.05470e-04	3.32305	28.4	30919	1.07470e-04	3.32285	29.2	31559	1.05250e-04	3.32148	28.0	31358	1.05920e-04	3.32129	29.5
63974.838	16.044	31569	1.05260e-04	3.32285	28.4	30862	1.07670e-04	3.32305	29.2	31608	1.05080e-04	3.32148	28.0	31337	1.05990e-04	3.32148	29.5
63976.026	16.030	31539	1.05360e-04	3.32305	28.4	30906	1.07510e-04	3.32285	29.2	31592	1.05140e-04	3.32168	28.0	31384	1.05830e-04	3.32129	29.5
63977.214	16.030	31548	1.05330e-04	3.32305	28.4	30911	1.07500e-04	3.32305	29.2	31612	1.05070e-04	3.32168	28.0	31335	1.05990e-04	3.32129	29.5
63978.403	16.030	31559	1.05280e-04	3.32266	28.4	30900	1.07540e-04	3.32285	29.2	31611	1.05080e-04	3.32168	28.0	31353	1.05930e-04	3.32129	29.5
63979.591	16.016	31606	1.05140e-04	3.32305	28.4	30909	1.07500e-04	3.32266	29.2	31609	1.05070e-04	3.32129	28.0	31426	1.05680e-04	3.32109	29.5
63980.780	16.016	31608	1.05130e-04	3.32285	28.4	30960	1.07330e-04	3.32285	29.2	31639	1.04980e-04	3.32148	28.0	31395	1.05790e-04	3.32129	29.5
63981.967	16.018	31564	1.05270e-04	3.32266	28.4	30929	1.07440e-04	3.32285	29.2	31657	1.04920e-04	3.32148	28.0	31385	1.05820e-04	3.32129	29.5
63983.156	16.018	31564	1.05290e-04	3.32324	28.4	30930	1.07430e-04	3.32266	29.2	31634	1.05000e-04	3.32148	28.0	31360	1.05900e-04	3.32109	29.5
63984.344	16.042	31489	1.05520e-04	3.32285	28.4	30912	1.07490e-04	3.32285	29.2	31585	1.05160e-04	3.32148	28.0	31369	1.05880e-04	3.32129	29.5
63985.532	16.042	31507	1.05460e-04	3.32285	28.4	30928	1.07430e-04	3.32266	29.2	31609	1.05070e-04	3.32129	28.1	31329	1.06010e-04	3.32109	29.5
63986.720	16.061	31512	1.05450e-04	3.32285	28.4	30954	1.07340e-04	3.32266	29.2	31654	1.04930e-04	3.32148	28.1	31351	1.05930e-04	3.32109	29.5
63987.909	16.061	31526	1.05400e-04	3.32285	28.4	30890	1.07570e-04	3.32285	29.2	31580	1.05180e-04	3.32168	28.1	31322	1.06040e-04	3.32129	29.5
63989.097	16.059	31491	1.05520e-04	3.32305	28.4	30873	1.07630e-04	3.32285	29.2	31542	1.05300e-04	3.32148	28.1	31345	1.05960e-04	3.32129	29.5
63990.285	16.059	31569	1.05260e-04	3.32285	28.4	30914	1.07490e-04	3.32285	29.2	31578	1.05180e-04	3.32129	28.1	31323	1.06030e-04	3.32129	29.5
63991.474	16.059	31545	1.05340e-04	3.32285	28.4	30882	1.07600e-04	3.32285	29.2	31601	1.05120e-04	3.32188	28.1	31342	1.05960e-04	3.32109	29.5
63992.662	16.043	31481	1.05550e-04	3.32285	28.4	30932	1.07420e-04	3.32285	29.2	31554	1.05270e-04	3.32168	28.1	31315	1.06060e-04	3.32129	29.5
63993.850	16.043	31563	1.05280e-04	3.32305	28.4	30890	1.07560e-04	3.32266	29.3	31548	1.05280e-04	3.32148	28.1	31315	1.06050e-04	3.32109	29.5
63995.038	16.067	31549	1.05330e-04	3.32305	28.4	30886	1.07580e-04	3.32285	29.3	31572	1.05210e-04	3.32168	28.1	31354	1.05930e-04	3.32129	29.5
63996.227	16.067	31502	1.05490e-04	3.32305	28.4	30907	1.07510e-04	3.32285	29.3	31617	1.05050e-04	3.32148	28.1	31379	1.05850e-04	3.32148	29.5
63997.415	16.059	31531	1.05380e-04	3.32285	28.4	30970	1.07290e-04	3.32285	29.2	31605	1.05090e-04	3.32148	28.1	31366	1.05890e-04	3.32129	29.5
63998.603	16.059	31552	1.05310e-04	3.32285	28.4	30940	1.07390e-04	3.32266	29.3	31577	1.05190e-04	3.32148	28.1	31391	1.05800e-04	3.32109	29.5
63999.791	16.056	31614	1.05110e-04	3.32305	28.4	30950	1.07370e-04	3.32305	29.3	31578	1.05190e-04	3.32168	28.1	31387	1.05820e-04	3.32148	29.5
64000.979	16.056	31517	1.05430e-04	3.32285	28.5	30887	1.07580e-04	3.32285	29.3	31607	1.05090e-04	3.32148	28.1	31373	1.05860e-04	3.32129	29.5
64002.168	16.056	31539	1.05360e-04	3.32285	28.5	30962	1.07320e-04	3.32285	29.3	31651	1.04940e-04	3.32148	28.1	31396	1.05790e-04	3.32129	29.5
64003.356	16.049	31532	1.05390e-04	3.32305	28.5	30909	1.07500e-04	3.32285	29.3	31653	1.04940e-04	3.32148	28.1	31373	1.05870e-04	3.32148	29.5
64004.544	16.049	31525	1.05400e-04	3.32285	28.5	30951	1.07370e-04	3.32305	29.3	31600	1.05120e-04	3.32168	28.1	31374	1.05870e-04	3.32148	29.5
64005.733	16.060	31548	1.05330e-04	3.32305	28.5	30915	1.07480e-04	3.32285	29.3	31609	1.05090e-04	3.32168	28.1	31339	1.05970e-04	3.32109	29.5
64006.921	16.060	31559	1.05300e-04	3.32305	28.5	30969	1.07290e-04	3.32266	29.3	31553	1.05270e-04	3.32148	28.1	31401	1.05770e-04	3.32129	29.5
64008.109	16.060	31493	1.05510e-04	3.32285	28.4	30929	1.07430e-04	3.32285	29.3	31631	1.05010e-04	3.32168	28.1	31404	1.05760e-04	3.32129	29.5
64009.297	16.041	31513	1.05450e-04	3.32305	28.4	30923	1.07460e-04	3.32285	29.3	31530	1.05340e-04	3.32148	28.1	31388	1.05810e-04	3.32129	29.5
64010.485	16.041	31566	1.05270e-04	3.32285	28.4	30897	1.07550e-04	3.32285	29.3	31611	1.05070e-04	3.32148	28.1	31380	1.05840e-04	3.32129	29.5
64011.673	16.051	31508	1.05460e-04	3.32285	28.4	30966	1.07310e-04	3.32285	29.3	31605	1.05100e-04	3.32168	28.1	31317	1.06050e-04	3.32109	29.5
64012.862	16.051	31572	1.05250e-04	3.32305	28.4	30925	1.07450e-04	3.32285	29.2	31647	1.04960e-04	3.32148	28.1	31331	1.06000e-04	3.32109	29.5
64014.050	16.037	31578	1.05230e-04	3.32285	28.4	30948	1.07370e-04	3.32285	29.3	31553	1.05270e-04	3.32148	28.1	31328	1.06020e-04	3.32129	29.5
64015.238	16.037	31595	1.05170e-04	3.32285	28.4	30933	1.07420e-04	3.32285	29.3	31695	1.04790e-04	3.32148	28.1	31425	1.05690e-04	3.32129	29.5
64016.426	16.006	31550	1.05330e-04	3.32305	28.4	30938	1.07400e-04	3.32285	29.2	31616	1.05060e-04	3.32148	28.0	31386	1.05820e-04	3.32129	29.5
64017.615	16.006	31565	1.05260e-04	3.32266	28.4	30922	1.07460e-04	3.32285	29.2	31591	1.05140e-04	3.32148	28.0	31383	1.05820e-04	3.32109	29.5
64018.803	16.033	31537	1.05360e-04	3.32285	28.4	30907	1.07500e-04	3.32266	29.2	31633	1.05000e-04	3.32148	28.0	31389	1.05810e-04	3.32129	29.5
64019.991	16.033	31563	1.05280e-04	3.32305	28.4	30916	1.07470e-04	3.32246	29.2	31629	1.05010e-04	3.32129	28.0	31326	1.06020e-04	3.32109	29.5
64021.179	16.033	31619	1.05080e-04	3.32266	28.4	30953	1.07340e-04	3.32266	29.2	31624	1.05020e-04	3.32129	28.0	31342	1.05970e-04	3.32129	29.5
64022.368	16.026	31532	1.05380e-04	3.32285	28.4	30956	1.07340e-04	3.32266	29.2	31638	1.04980e-04	3.32129	28.0	31413	1.05720e-04	3.32109	29.5
64023.556	16.026	31544	1.05350e-04	3.32305	28.4	30891	1.07570e-04	3.32305	29.2	31621	1.05050e-04	3.32168	28.0	31363	1.05900e-04	3.32129	29.5
64024.745	16.018	31522	1.05410e-04	3.32285	28.4	30911	1.07500e-04	3.32305	29.2	31611	1.05070e-04	3.32148	28.0	31325	1.06030e-04	3.32129	29.5
64025.933	16.018	31542	1.05340e-04	3.32266	28.4	30903	1.07530e-04	3.32285	29.2	31596	1.05120e-04	3.32129	28.0	31379	1.05840e-04	3.32109	29.5
64027.121	16.044	31550	1.05320e-04	3.32285	28.4	30896	1.07550e-04	3.32285	29.2	31624	1.05030e-04	3.32148	28.0	31368	1.05890e-04	3.32148	29.5
64028.309	16.044	31526	1.05390e-04	3.32246	28.4	30847	1.07720e-04	3.32285	29.2	31672	1.04870e-04	3.32148	28.0	31369	1.05880e-04	3.32129	29.5
64029.497	16.044	31527	1.05400e-04	3.32305	28.4	30859	1.07670e-04	3.32266	29.2	31602	1.05100e-04	3.32129	28.0	31380	1.05830e-04	3.32090	29.5
64030.686	16.033	31527	1.05400e-04	3.32305	28.4	30912	1.07490e-04	3.32285	29.2	31628	1.05020e-04	3.32148	28.0	31354	1.05930e-04	3.32129	29.5
64031.873	16.037	31513	1.05440e-04	3.32266	28.4	30975	1.07280e-04	3.32285	29.2	31681	1.04840e-04	3.32148	28.0	31362	1.05900e-04	3.32129	29.5
64033.062	16.037	31482	1.05550e-04	3.32285	28.4	30964	1.07300e-04	3.32246	29.2	31668	1.04880e-04	3.32129	28.0	31361	1.05890e-04	3.32090	29.5
64034.250	16.037	31530	1.05390e-04	3.32285	28.4	30925	1.07450e-04	3.32285	29.2	31646	1.04960e-04	3.32148	28.0	31395	1.05800e-04	3.32148	29.5
64035.438	16.048	31579	1.05220e-04	3.32266	28.4	30942	1.07390e-04	3.32285	29.2	31629	1.05020e-04	3.32168	28.0	31406	1.05750e-04	3.32109	29.5
64036.626	16.048	31547	1.05340e-04	3.32324	28.4	30947	1.07370e-04	3.32285	29.2	31688	1.04810e-04	3.32129	28.0	31434	1.05650e-04	3.32109	29.5
64037.815	16.026	31533	1.05380e-04	3.32285	28.3	30924	1.07460e-04	3.32305	29.2	31629	1.05010e-04	3.32148	28.0	31421	1.05700e-04	3.32129	29.5
64039.003	16.026	31518	1.05430e-04	3.32285	28.3	30916	1.07480e-04	3.32285	29.2	31622	1.05030e-04	3.32129	28.0	31402	1.05770e-04	3.32129	29.5
64040.192	16.042	31513	1.05440e-04	3.32285	28.3	30885	1.07590e-04	3.32285	29.2	31608	1.05080e-04	3.32148	28.0	31348	1.05940e-04	3.32109	29.5
64041.380	16.042	31548	1.05320e-04	3.32266	28.3	30960	1.07330e-04	3.32285	29.2	31693	1.04800e-04	3.32148	28.0	31387	1.05810e-04	3.32109	29.5
64042.568	16.042	31534	1.05370e-04	3.32285	28.3	30916	1.07470e-04	3.32266	29.2	31648	1.04940e-04	3.32129	28.0	31400	1.05770e-04	3.32109	29.5
64043.756	16.046	31512	1.05450e-04	3.32285	28.3	30955	1.07340e-04	3.32266	29.2	31657	1.04910e-04	3.32129	28.0	31362	1.05900e-04	3.32129	29.5
64044.945	16.046	31507	1.05460e-04	3.32266	28.3	30890	1.07560e-04	3.32266	29.2	31634	1.05000e-04	3.32148	28.0	31390	1.05800e-04	3.32109	29.5
64046.133	16.040	31592	1.05180e-04	3.32285	28.3	30912	1.07490e-04	3.32266	29.2	31663	1.04900e-04	3.32129	28.0	31346	1.05950e-04	3.32109	29.5
64047.321	16.040	31505	1.05460e-04	3.32266	28.3	31001	1.07180e-04	3.32285	29.2	31655	1.04930e-04	3.32148	28.0	31362	1.05900e-04	3.32129	29.5
64048.509	16.038	31537	1.05360e-04	3.32266	28.3	30911	1.07490e-04	3.32266	29.2	31656	1.04920e-04	3.32148	28.0	31442	1.05630e-04	3.32109	29.5
64049.697	16.038	31496	1.05510e-04	3.32305	28.3	30939	1.07400e-04	3.32285	29.2	31659	1.04910e-04	3.32148	28.0	31410	1.05730e-04	3.32109	29.5
64050.885	16.035	31571	1.05240e-04	3.32266	28.3	30884	1.07590e-04	3.32285	29.2	31676	1.04850e-04	3.32129	28.0	31371	1.05870e-04	3.32129	29.4
64052.074	16.035	31479	1.05550e-04	3.32266	28.3	30921	1.07460e-04	3.32266	29.2	31656	1.04920e-04	3.32148	28.0	31375	1.05860e-04	3.32129	29.4
64053.262	16.035	31503	1.05480e-04	3.32305	28.3	30888	1.07570e-04	3.32266	29.2	31621	1.05050e-04	3.32168	28.0	31391	1.05800e-04	3.32109	29.4
64054.451	16.036	31514	1.05440e-04	3.32285	28.3	30838	1.07750e-04	3.32266	29.2	31644	1.04960e-04	3.32129	28.0	31374	1.05850e-04	3.32109	29.5
64055.638	16.036	31528	1.05390e-04	3.32266	28.3	31005	1.07170e-04	3.32266	29.2	31651	1.04940e-04	3.32129	28.0	31429	1.05670e-04	3.32109	29.4
64056.827	16.026	31547	1.05330e-04	3.32285	28.3	30970	1.07280e-04	3.32266	29.2	31722	1.04710e-04	3.32148	28.0	31448	1.05610e-04	3.32109	29.4
64058.015	16.026	31513	1.05430e-04	3.32246	28.3	30934	1.07410e-04	3.32266	29.2	31691	1.04810e-04	3.32148	28.0	31382	1.05830e-04	3.32129	29.4
64059.203	16.029	31575	1.05240e-04	3.32285	28.3	30900	1.07530e-04	3.32266	29.2	31618	1.05050e-04	3.32148	28.0	31345	1.05950e-04	3.32109	29.4
64060.391	16.029	31517	1.05430e-04	3.32285	28.3	30921	1.07460e-04	3.32285	29.2	31644	1.04960e-04	3.32148	28.0	31428	1.05680e-04	3.32129	29.4
64061.580	16.026	31476	1.05560e-04	3.32266	28.3	30904	1.07530e-04	3.32305	29.2	31627	1.05020e-04	3.32148	28.0	31394	1.05790e-04	3.32109	29.4
64062.768	16.026	31483	1.05550e-04	3.32305	28.3	30903	1.07520e-04	3.32266	29.2	31592	1.05140e-04	3.32148	28.0	31371	1.05870e-04	3.32109	29.4
64063.956	16.026	31490	1.05520e-04	3.32285	28.3	30890	1.07570e-04	3.32285	29.2	31639	1.04970e-04	3.32129	28.0	31392	1.05800e-04	3.32129	29.4
64065.145	16.032	31540	1.05350e-04	3.32266	28.3	30916	1.07470e-04	3.32246	29.2	31654	1.04920e-04	3.32129	28.0	31368	1.05880e-04	3.32109	29.4
64066.333	16.032	31535	1.05370e-04	3.32285	28.3	30876	1.07610e-04	3.32266	29.2	31643	1.04970e-04	3.32148	28.0	31406	1.05750e-04	3.32109	29.4
64067.521	16.040	31499	1.05480e-04	3.32266	28.3	30937	1.07400e-04	3.32266	29.2	31626	1.05020e-04	3.32129	28.0	31384	1.05820e-04	3.32109	29.4
64068.709	16.040	31554	1.05300e-04	3.32266	28.3	30933	1.07410e-04	3.32246	29.2	31631	1.05000e-04	3.32129	28.0	31398	1.05770e-04	3.32109	29.4
64069.897	16.033	31502	1.05470e-04	3.32266	28.3	30918	1.07470e-04	3.32285	29.2	31642	1.04970e-04	3.32148	28.0	31399	1.05770e-04	3.32109	29.4
64071.086	16.033	31506	1.05470e-04	3.32285	28.3	30923	1.07450e-04	3.32266	29.2	31667	1.04880e-04	3.32129	28.0	31337	1.05980e-04	3.32109	29.4
64072.274	16.033	31564	1.05270e-04	3.32285	28.3	30899	1.07540e-04	3.32285	29.2	31672	1.04870e-04	3.32148	28.0	31410	1.05740e-04	3.32129	29.4
64073.462	16.032	31525	1.05400e-04	3.32285	28.3	30902	1.07520e-04	3.32266	29.2	31634	1.04990e-04	3.32129	28.0	31359	1.05910e-04	3.32109	29.4
64074.651	16.032	31492	1.05510e-04	3.32285	28.3	30898	1.07540e-04	3.32285	29.2	31586	1.05160e-04	3.32148	28.0	31353	1.05930e-04	3.32109	29.4
64075.839	16.039	31548	1.05320e-04	3.32266	28.3	30897	1.07540e-04	3.32266	29.2	31638	1.04980e-04	3.32148	28.0	31322	1.06030e-04	3.32109	29.4
64077.027	16.039	31494	1.05510e-04	3.32285	28.3	30926	1.07430e-04	3.32246	29.2	31629	1.05010e-04	3.32129	28.0	31397	1.05780e-04	3.32109	29.4
64078.215	16.031	31544	1.05330e-04	3.32266	28.3	30930	1.07430e-04	3.32266	29.2	31674	1.04870e-04	3.32148	28.0	31344	1.05960e-04	3.32129	29.4
64079.403	16.031	31525	1.05400e-04	3.32285	28.3	30930	1.07420e-04	3.32266	29.2	31636	1.04990e-04	3.32148	28.0	31389	1.05810e-04	3.32109	29.4
64080.591	16.048	31554	1.05300e-04	3.32266	28.3	30896	1.07540e-04	3.32266	29.2	31626	1.05020e-04	3.32129	28.0	31387	1.05810e-04	3.32109	29.4
64081.780	16.048	31525	1.05400e-04	3.32266	28.3	30907	1.07500e-04	3.32266	29.2	31614	1.05060e-04	3.32129	28.0	31411	1.05730e-04	3.32109	29.4
64082.968	16.036	31513	1.05440e-04	3.32285	28.3	30906	1.07510e-04	3.32266	29.2	31641	1.04970e-04	3.32148	28.0	31429	1.05670e-04	3.32109	29.4
64084.156	16.036	31542	1.05350e-04	3.32285	28.3	30946	1.07380e-04	3.32285	29.2	31657	1.04910e-04	3.32129	28.0	31429	1.05670e-04	3.32109	29.4
64085.345	16.036	31577	1.05230e-04	3.32285	28.3	30936	1.07400e-04	3.32266	29.2	31705	1.04760e-04	3.32129	28.0	31396	1.05770e-04	3.32090	29.4
64086.533	16.041	31629	1.05060e-04	3.32285	28.3	30943	1.07380e-04	3.32285	29.2	31646	1.04960e-04	3.32148	28.0	31383	1.05820e-04	3.32109	29.4
64087.721	16.041	31534	1.05370e-04	3.32266	28.3	30896	1.07540e-04	3.32266	29.2	31666	1.04890e-04	3.32129	28.0	31371	1.05870e-04	3.32109	29.4
64088.909	16.033	31543	1.05340e-04	3.32285	28.3	30945	1.07370e-04	3.32246	29.2	31649	1.04940e-04	3.32129	28.0	31363	1.05890e-04	3.32109	29.4
64090.097	16.033	31509	1.05460e-04	3.32285	28.3	30844	1.07720e-04	3.32266	29.2	31590	1.05140e-04	3.32148	28.0	31384	1.05830e-04	3.32129	29.4
64091.286	16.038	31579	1.05220e-04	3.32266	28.3	30932	1.07420e-04	3.32266	29.2	31691	1.04810e-04	3.32148	28.0	31347	1.05950e-04	3.32109	29.4
64092.474	16.038	31666	1.04940e-04	3.32305	28.3	30971	1.07280e-04	3.32246	29.2	31690	1.04800e-04	3.32129	28.0	31328	1.06010e-04	3.32090	29.4
64093.662	16.038	31591	1.05180e-04	3.32285	28.3	31061	1.06980e-04	3.32285	29.2	31703	1.04770e-04	3.32148	28.0	31468	1.05540e-04	3.32129	29.4
64094.851	16.011	31503	1.05470e-04	3.32266	28.3	30942	1.07390e-04	3.32285	29.2	31644	1.04960e-04	3.32148	28.0	31443	1.05620e-04	3.32109	29.4
64096.039	16.011	31512	1.05450e-04	3.32285	28.3	30902	1.07520e-04	3.32266	29.2	31644	1.04960e-04	3.32148	28.0	31361	1.05900e-04	3.32109	29.4
64097.227	16.021	31555	1.05300e-04	3.32285	28.3	30871	1.07640e-04	3.32285	29.2	31690	1.04810e-04	3.32148	28.0	31379	1.05840e-04	3.32109	29.4
64098.415	16.021	31505	1.05470e-04	3.32266	28.3	30970	1.07290e-04	3.32266	29.2	31690	1.04810e-04	3.32129	28.0	31353	1.05920e-04	3.32070	29.4
64099.603	16.028	31517	1.05440e-04	3.32305	28.3	30915	1.07480e-04	3.32266	29.2	31682	1.04830e-04	3.32129	28.0	31385	1.05820e-04	3.32109	29.4
64100.792	16.028	31503	1.05470e-04	3.32266	28.3	30919	1.07470e-04	3.32285	29.2	31656	1.04920e-04	3.32148	28.0	31343	1.05970e-04	3.32129	29.4
64101.980	16.030	31491	1.05510e-04	3.32266	28.3	30928	1.07430e-04	3.32266	29.2	31653	1.04940e-04	3.32148	28.0	31408	1.05740e-04	3.32109	29.4
64103.168	16.030	31513	1.05450e-04	3.32305	28.3	30906	1.07510e-04	3.32266	29.2	31647	1.04950e-04	3.32129	28.0	31398	1.05770e-04	3.32109	29.4
64104.357	16.030	31533	1.05370e-04	3.32266	28.3	30949	1.07360e-04	3.32266	29.2	31615	1.05050e-04	3.32129	28.0	31379	1.05840e-04	3.32109	29.4
64105.545	16.037	31500	1.05480e-04	3.32266	28.3	30879	1.07600e-04	3.32266	29.2	31654	1.04930e-04	3.32129	28.0	31404	1.05750e-04	3.32090	29.4
64106.733	16.037	31598	1.05160e-04	3.32285	28.3	30953	1.07350e-04	3.32285	29.2	31647	1.04950e-04	3.32148	28.0	31400	1.05770e-04	3.32109	29.4
64107.921	16.045	31612	1.05110e-04	3.32266	28.3	30966	1.07310e-04	3.32285	29.2	31647	1.04950e-04	3.32148	28.0	31451	1.05600e-04	3.32129	29.4
64109.110	16.045	31526	1.05410e-04	3.32305	28.3	30995	1.07200e-04	3.32266	29.2	31681	1.04840e-04	3.32129	28.0	31406	1.05750e-04	3.32109	29.5
64110.298	16.029	31517	1.05430e-04	3.32285	28.3	30933	1.07420e-04	3.32285	29.2	31664	1.04900e-04	3.32148	28.0	31386	1.05810e-04	3.32109	29.5
64111.486	16.029	31556	1.05290e-04	3.32266	28.3	30944	1.07380e-04	3.32285	29.2	31621	1.05030e-04	3.32129	28.0	31424	1.05690e-04	3.32109	29.5
64112.674	16.033	31528	1.05400e-04	3.32305	28.3	30970	1.07280e-04	3.32266	29.2	31684	1.04830e-04	3.32129	28.0	31404	1.05750e-04	3.32109	29.5
64113.862	16.033	31500	1.05490e-04	3.32285	28.3	30924	1.07450e-04	3.32285	29.2	31665	1.04900e-04	3.32168	28.0	31409	1.05740e-04	3.32129	29.5
64115.050	16.033	31537	1.05360e-04	3.32266	28.3	30916	1.07480e-04	3.32266	29.2	31630	1.05010e-04	3.32148	28.0	31407	1.05750e-04	3.32129	29.5
64116.239	16.041	31551	1.05320e-04	3.32285	28.3	30897	1.07540e-04	3.32266	29.2	31635	1.04990e-04	3.32129	28.0	31303	1.06090e-04	3.32090	29.5
64117.427	16.041	31499	1.05480e-04	3.32266	28.4	30937	1.07400e-04	3.32266	29.2	31664	1.04900e-04	3.32148	28.0	31357	1.05910e-04	3.32109	29.5
64118.615	16.023	31532	1.05380e-04	3.32266	28.3	30895	1.07550e-04	3.32285	29.2	31608	1.05080e-04	3.32148	28.0	31355	1.05920e-04	3.32109	29.5
64119.804	16.023	31585	1.05200e-04	3.32285	28.3	30915	1.07480e-04	3.32285	29.2	31665	1.04890e-04	3.32148	28.0	31356	1.05920e-04	3.32109	29.5
64120.992	16.044	31546	1.05330e-04	3.32285	28.3	30945	1.07380e-04	3.32285	29.2	31669	1.04880e-04	3.32148	28.0	31380	1.05840e-04	3.32129	29.5
64122.180	16.044	31541	1.05340e-04	3.32266	28.3	30892	1.07560e-04	3.32266	29.2	31642	1.04960e-04	3.32129	28.0	31386	1.05810e-04	3.32090	29.5
64123.368	16.044	31530	1.05390e-04	3.32285	28.3	30924	1.07450e-04	3.32285	29.2	31618	1.05060e-04	3.32168	28.0	31405	1.05750e-04	3.32109	29.5
64124.556	16.065	31515	1.05430e-04	3.32266	28.3	30925	1.07440e-04	3.32266	29.2	31617	1.05040e-04	3.32109	28.0	31367	1.05880e-04	3.32129	29.4
64125.745	16.065	31500	1.05490e-04	3.32285	28.3	30899	1.07540e-04	3.32285	29.2	31596	1.05130e-04	3.32168	28.0	31341	1.05970e-04	3.32129	29.5
64126.933	16.051	31535	1.05370e-04	3.32285	28.3	30914	1.07480e-04	3.32246	29.2	31664	1.04890e-04	3.32129	28.0	31387	1.05810e-04	3.32109	29.4
64128.121	16.051	31535	1.05360e-04	3.32266	28.3	30944	1.07380e-04	3.32285	29.2	31659	1.04910e-04	3.32148	28.0	31332	1.06000e-04	3.32129	29.5
64129.310	16.036	31569	1.05260e-04	3.32285	28.4	30938	1.07400e-04	3.32266	29.2	31624	1.05030e-04	3.32148	28.0	31343	1.05960e-04	3.32109	29.5
64130.498	16.036	31570	1.05250e-04	3.32266	28.4	30965	1.07300e-04	3.32266	29.2	31668	1.04880e-04	3.32129	28.0	31419	1.05700e-04	3.32090	29.5
64131.686	16.036	31520	1.05420e-04	3.32285	28.4	30968	1.07300e-04	3.32285	29.2	31654	1.04930e-04	3.32148	28.0	31428	1.05680e-04	3.32129	29.5
64132.874	16.036	31495	1.05510e-04	3.32305	28.4	30920	1.07470e-04	3.32285	29.2	31642	1.04980e-04	3.32168	28.0	31393	1.05800e-04	3.32129	29.4
64134.063	16.035	31504	1.05470e-04	3.32266	28.4	30927	1.07440e-04	3.32285	29.2	31607	1.05090e-04	3.32148	28.0	31387	1.05810e-04	3.32109	29.5
64135.251	16.035	31529	1.05390e-04	3.32285	28.4	30889	1.07560e-04	3.32246	29.2	31619	1.05040e-04	3.32109	28.0	31357	1.05910e-04	3.32090	29.5
64136.439	16.035	31543	1.05340e-04	3.32285	28.4	30965	1.07310e-04	3.32285	29.2	31617	1.05060e-04	3.32168	28.0	31350	1.05940e-04	3.32129	29.5
64137.627	16.056	31502	1.05470e-04	3.32266	28.4	30920	1.07460e-04	3.32266	29.2	31617	1.05050e-04	3.32148	28.0	31399	1.05780e-04	3.32129	29.5
64138.815	16.056	31520	1.05420e-04	3.32285	28.4	30925	1.07440e-04	3.32266	29.2	31597	1.05120e-04	3.32148	28.0	31403	1.05760e-04	3.32109	29.5
64140.004	16.037	31550	1.05330e-04	3.32305	28.4	30892	1.07560e-04	3.32266	29.2	31592	1.05140e-04	3.32148	28.0	31357	1.05920e-04	3.32129	29.5
64141.192	16.037	31483	1.05540e-04	3.32266	28.4	30888	1.07570e-04	3.32266	29.2	31627	1.05010e-04	3.32129	28.0	31360	1.05900e-04	3.32109	29.5
64142.380	16.046	31472	1.05590e-04	3.32305	28.4	30894	1.07560e-04	3.32285	29.2	31628	1.05020e-04	3.32148	28.0	31309	1.06080e-04	3.32109	29.5
64143.568	16.046	31477	1.05570e-04	3.32285	28.4	30874	1.07630e-04	3.32285	29.2	31579	1.05190e-04	3.32168	28.0	31297	1.06120e-04	3.32129	29.5
64144.757	16.046	31539	1.05360e-04	3.32285	28.4	30903	1.07530e-04	3.32305	29.2	31575	1.05190e-04	3.32148	28.0	31335	1.05990e-04	3.32129	29.5
64145.945	16.039	31565	1.05270e-04	3.32285	28.4	30924	1.07450e-04	3.32266	29.2	31645	1.04960e-04	3.32129	28.0	31384	1.05820e-04	3.32109	29.5
64147.133	16.039	31575	1.05240e-04	3.32305	28.4	30984	1.07240e-04	3.32285	29.2	31641	1.04970e-04	3.32148	28.0	31432	1.05660e-04	3.32109	29.5
64148.322	16.028	31528	1.05390e-04	3.32285	28.4	30957	1.07330e-04	3.32266	29.2	31599	1.05110e-04	3.32129	28.0	31427	1.05680e-04	3.32109	29.5
64149.510	16.028	31499	1.05500e-04	3.32305	28.4	30911	1.07500e-04	3.32305	29.2	31625	1.05030e-04	3.32168	28.0	31382	1.05830e-04	3.32129	29.5
64150.698	16.030	31531	1.05380e-04	3.32285	28.4	30934	1.07420e-04	3.32285	29.2	31630	1.05010e-04	3.32148	28.0	31386	1.05830e-04	3.32148	29.5
64151.886	16.030	31531	1.05380e-04	3.32285	28.4	30877	1.07610e-04	3.32266	29.2	31585	1.05150e-04	3.32129	28.0	31386	1.05810e-04	3.32109	29.5
64153.074	16.048	31550	1.05330e-04	3.32305	28.4	30917	1.07480e-04	3.32285	29.2	31606	1.05090e-04	3.32168	28.0	31391	1.05810e-04	3.32129	29.5
64154.263	16.048	31499	1.05480e-04	3.32266	28.4	30904	1.07520e-04	3.32266	29.2	31596	1.05120e-04	3.32129	28.0	31363	1.05890e-04	3.32109	29.5
64155.451	16.048	31479	1.05560e-04	3.32285	28.4	30857	1.07690e-04	3.32285	29.2	31579	1.05180e-04	3.32148	28.0	31352	1.05940e-04	3.32129	29.5
64156.639	16.044	31550	1.05330e-04	3.32305	28.4	30917	1.07480e-04	3.32285	29.2	31624	1.05040e-04	3.32168	28.0	31339	1.05980e-04	3.32129	29.5
64157.827	16.044	31532	1.05380e-04	3.32285	28.4	30938	1.07400e-04	3.32285	29.2	31616	1.05060e-04	3.32148	28.0	31347	1.05950e-04	3.32109	29.5
64159.015	16.046	31592	1.05190e-04	3.32305	28.4	30991	1.07220e-04	3.32285	29.2	31648	1.04950e-04	3.32148	28.0	31392	1.05790e-04	3.32109	29.5
64160.204	16.046	31592	1.05170e-04	3.32266	28.4	30954	1.07340e-04	3.32266	29.2	31628	1.05020e-04	3.32148	28.0	31390	1.05800e-04	3.32109	29.5
64161.392	16.033	31552	1.05310e-04	3.32285	28.4	30864	1.07650e-04	3.32266	29.2	31648	1.04950e-04	3.32148	28.0	31397	1.05780e-04	3.32109	29.5
64162.581	16.033	31576	1.05240e-04	3.32305	28.4	30950	1.07360e-04	3.32266	29.2	31636	1.04990e-04	3.32148	28.0	31396	1.05790e-04	3.32129	29.5
64163.769	16.034	31523	1.05400e-04	3.32246	28.4	30892	1.07560e-04	3.32285	29.2	31630	1.05010e-04	3.32148	28.0	31437	1.05650e-04	3.32129	29.5
64164.957	16.034	31508	1.05470e-04	3.32305	28.4	30885	1.07580e-04	3.32266	29.2	31588	1.05140e-04	3.32129	28.0	31354	1.05920e-04	3.32109	29.5
64166.145	16.034	31525	1.05410e-04	3.32305	28.4	30937	1.07410e-04	3.32285	29.2	31595	1.05130e-04	3.32168	28.0	31398	1.05780e-04	3.32129	29.5
64167.334	16.036	31540	1.05350e-04	3.32266	28.4	30914	1.07490e-04	3.32285	29.2	31601	1.05110e-04	3.32168	28.0	31385	1.05820e-04	3.32129	29.5
64168.522	16.036	31517	1.05430e-04	3.32285	28.4	30916	1.07480e-04	3.32285	29.2	31656	1.04920e-04	3.32129	28.0	31355	1.05920e-04	3.32129	29.5
64169.710	16.036	31536	1.05370e-04	3.32305	28.4	30887	1.07580e-04	3.32285	29.2	31592	1.05140e-04	3.32148	28.0	31378	1.05850e-04	3.32129	29.5
64170.898	16.036	31558	1.05290e-04	3.32285	28.4	30864	1.07660e-04	3.32285	29.2	31617	1.05050e-04	3.32148	28.0	31396	1.05790e-04	3.32129	29.5
64172.086	16.020	31514	1.05440e-04	3.32285	28.4	30945	1.07380e-04	3.32285	29.2	31612	1.05070e-04	3.32148	28.0	31445	1.05610e-04	3.32109	29.5
64173.275	16.020	31536	1.05370e-04	3.32305	28.4	30939	1.07390e-04	3.32266	29.2	31682	1.04840e-04	3.32148	28.0	31401	1.05760e-04	3.32090	29.5
64174.463	16.020	31514	1.05440e-04	3.32285	28.4	30918	1.07470e-04	3.32285	29.2	31590	1.05150e-04	3.32168	28.0	31386	1.05820e-04	3.32129	29.5
64175.651	16.027	31599	1.05160e-04	3.32285	28.4	30938	1.07400e-04	3.32266	29.2	31663	1.04890e-04	3.32129	28.0	31382	1.05830e-04	3.32129	29.5
64176.840	16.027	31595	1.05170e-04	3.32285	28.4	30967	1.07300e-04	3.32285	29.2	31682	1.04840e-04	3.32168	28.0	31360	1.05910e-04	3.32129	29.5
64178.027	16.033	31552	1.05310e-04	3.32266	28.4	30933	1.07420e-04	3.32285	29.2	31689	1.04820e-04	3.32148	28.0	31427	1.05680e-04	3.32109	29.5
64179.216	16.033	31499	1.05500e-04	3.32305	28.4	30958	1.07330e-04	3.32285	29.2	31652	1.04940e-04	3.32148	28.0	31324	1.06020e-04	3.32109	29.5
64180.404	16.039	31524	1.05410e-04	3.32305	28.4	30837	1.07750e-04	3.32285	29.2	31595	1.05130e-04	3.32148	28.0	31328	1.06020e-04	3.32129	29.5
64181.592	16.039	31528	1.05390e-04	3.32266	28.4	30952	1.07360e-04	3.32285	29.2	31654	1.04920e-04	3.32129	28.0	31310	1.06080e-04	3.32129	29.5
64182.780	16.052	31490	1.05530e-04	3.32305	28.4	30893	1.07560e-04	3.32285	29.2	31578	1.05180e-04	3.32148	28.0	31325	1.06020e-04	3.32109	29.5
64183.969	16.052	31505	1.05470e-04	3.32285	28.4	30903	1.07520e-04	3.32285	29.2	31573	1.05200e-04	3.32148	28.0	31356	1.05920e-04	3.32109	29.5
64185.157	16.052	31550	1.05310e-04	3.32266	28.4	30956	1.07330e-04	3.32266	29.2	31538	1.05310e-04	3.32129	28.0	31376	1.05840e-04	3.32090	29.5
64186.345	16.041	31528	1.05400e-04	3.32305	28.4	30921	1.07460e-04	3.32266	29.2	31608	1.05080e-04	3.32148	28.0	31315	1.06060e-04	3.32129	29.5
64187.534	16.041	31540	1.05350e-04	3.32266	28.4	30883	1.07590e-04	3.32266	29.2	31603	1.05100e-04	3.32148	28.0	31365	1.05890e-04	3.32129	29.5
64188.722	16.050	31554	1.05310e-04	3.32305	28.4	30928	1.07430e-04	3.32266	29.2	31620	1.05040e-04	3.32129	28.0	31351	1.05930e-04	3.32109	29.5
64189.910	16.050	31509	1.05460e-04	3.32285	28.4	30916	1.07490e-04	3.32305	29.2	31612	1.05070e-04	3.32148	28.0	31355	1.05920e-04	3.32129	29.5
64191.098	16.046	31488	1.05520e-04	3.32266	28.4	30837	1.07750e-04	3.32266	29.2	31584	1.05160e-04	3.32129	28.0	31306	1.06080e-04	3.32090	29.5
64192.286	16.046	31471	1.05590e-04	3.32305	28.4	30877	1.07620e-04	3.32305	29.2	31570	1.05210e-04	3.32148	28.0	31378	1.05850e-04	3.32129	29.5
64193.475	16.046	31471	1.05580e-04	3.32285	28.4	30889	1.07580e-04	3.32305	29.2	31543	1.05300e-04	3.32148	28.0	31385	1.05830e-04	3.32148	29.5
64194.663	16.036	31534	1.05370e-04	3.32266	28.4	30947	1.07360e-04	3.32246	29.2	31637	1.04980e-04	3.32129	28.0	31410	1.05740e-04	3.32129	29.5
64195.851	16.036	31545	1.05340e-04	3.32305	28.4	30898	1.07540e-04	3.32285	29.2	31637	1.04990e-04	3.32148	28.0	31322	1.06030e-04	3.32109	29.5
64197.040	16.035	31546	1.05330e-04	3.32266	28.4	30915	1.07480e-04	3.32266	29.2	31622	1.05040e-04	3.32148	28.0	31358	1.05910e-04	3.32109	29.5
64198.228	16.035	31514	1.05440e-04	3.32285	28.4	30942	1.07380e-04	3.32246	29.2	31655	1.04920e-04	3.32129	28.0	31419	1.05700e-04	3.32109	29.5
64199.416	16.044	31592	1.05190e-04	3.32305	28.4	30934	1.07420e-04	3.32285	29.2	31631	1.05010e-04	3.32148	28.0	31375	1.05860e-04	3.32129	29.5
64200.604	16.044	31515	1.05430e-04	3.32266	28.4	30988	1.07220e-04	3.32266	29.2	31690	1.04820e-04	3.32168	28.0	31412	1.05730e-04	3.32129	29.5
64201.793	16.031	31547	1.05320e-04	3.32266	28.4	30909	1.07500e-04	3.32266	29.2	31605	1.05080e-04	3.32109	28.0	31355	1.05920e-04	3.32109	29.5
64202.981	16.031	31518	1.05430e-04	3.32285	28.4	30963	1.07320e-04	3.32285	29.2	31591	1.05140e-04	3.32148	28.0	31356	1.05910e-04	3.32090	29.5
64204.169	16.037	31497	1.05500e-04	3.32285	28.4	30896	1.07550e-04	3.32285	29.2	31623	1.05030e-04	3.32148	28.0	31415	1.05720e-04	3.32109	29.5
64205.357	16.037	31525	1.05400e-04	3.32285	28.4	30935	1.07410e-04	3.32266	29.2	31633	1.04990e-04	3.32109	28.0	31343	1.05970e-04	3.32129	29.5
64206.546	16.037	31527	1.05400e-04	3.32285	28.4	30903	1.07520e-04	3.32266	29.2	31614	1.05060e-04	3.32148	28.0	31381	1.05840e-04	3.32129	29.5
64207.734	16.057	31560	1.05280e-04	3.32266	28.4	30853	1.07690e-04	3.32266	29.2	31607	1.05090e-04	3.32148	28.0	31347	1.05950e-04	3.32129	29.5
64208.922	16.057	31546	1.05330e-04	3.32285	28.4	30924	1.07450e-04	3.32266	29.2	31609	1.05070e-04	3.32129	28.0	31365	1.05880e-04	3.32090	29.5
64210.110	16.046	31541	1.05350e-04	3.32285	28.4	30891	1.07570e-04	3.32285	29.2	31629	1.05020e-04	3.32168	28.0	31339	1.05980e-04	3.32129	29.5
64211.299	16.046	31544	1.05330e-04	3.32266	28.4	30914	1.07480e-04	3.32266	29.2	31660	1.04910e-04	3.32148	28.0	31339	1.05980e-04	3.32129	29.5
64212.487	16.052	31547	1.05340e-04	3.32305	28.4	30894	1.07550e-04	3.32266	29.2	31660	1.04900e-04	3.32129	28.0	31405	1.05750e-04	3.32109	29.5
64213.675	16.052	31535	1.05370e-04	3.32285	28.4	30927	1.07440e-04	3.32285	29.2	31644	1.04970e-04	3.32148	28.0	31383	1.05830e-04	3.32129	29.5
64214.863	16.066	31587	1.05190e-04	3.32266	28.4	30939	1.07400e-04	3.32285	29.2	31613	1.05060e-04	3.32129	28.0	31351	1.05930e-04	3.32109	29.5
64216.052	16.066	31586	1.05200e-04	3.32285	28.4	30911	1.07500e-04	3.32285	29.2	31643	1.04970e-04	3.32148	28.0	31408	1.05740e-04	3.32109	29.5
64217.240	16.066	31549	1.05330e-04	3.32305	28.4	30885	1.07580e-04	3.32266	29.2	31605	1.05090e-04	3.32148	28.0	31388	1.05810e-04	3.32109	29.5
64218.428	16.061	31486	1.05530e-04	3.32266	28.4	30911	1.07490e-04	3.32266	29.2	31631	1.04990e-04	3.32109	28.0	31354	1.05930e-04	3.32129	29.5
64219.616	16.061	31548	1.05330e-04	3.32285	28.3	30879	1.07610e-04	3.32285	29.2	31599	1.05120e-04	3.32168	28.0	31336	1.05990e-04	3.32129	29.5
64220.804	16.033	31575	1.05240e-04	3.32285	28.3	30902	1.07520e-04	3.32266	29.2	31638	1.04990e-04	3.32148	28.0	31343	1.05960e-04	3.32109	29.5
64221.993	16.033	31510	1.05460e-04	3.32305	28.3	30825	1.07790e-04	3.32266	29.2	31605	1.05090e-04	3.32148	28.0	31337	1.05980e-04	3.32109	29.5
64223.181	16.041	31552	1.05320e-04	3.32305	28.3	30938	1.07400e-04	3.32285	29.2	31633	1.05010e-04	3.32168	28.0	31360	1.05910e-04	3.32129	29.5
64224.369	16.041	31539	1.05360e-04	3.32285	28.3	30885	1.07580e-04	3.32266	29.2	31655	1.04930e-04	3.32148	28.0	31413	1.05730e-04	3.32148	29.5
64225.558	16.041	31549	1.05320e-04	3.32285	28.3	30884	1.07580e-04	3.32266	29.2	31597	1.05120e-04	3.32148	28.0	31379	1.05840e-04	3.32129	29.5
64226.746	16.058	31512	1.05450e-04	3.32285	28.3	30858	1.07680e-04	3.32285	29.2	31583	1.05170e-04	3.32148	28.0	31375	1.05850e-04	3.32109	29.5
64227.934	16.058	31633	1.05040e-04	3.32285	28.3	30966	1.07310e-04	3.32305	29.2	31664	1.04900e-04	3.32148	28.0	31409	1.05740e-04	3.32109	29.5
64229.122	16.049	31553	1.05310e-04	3.32285	28.3	30938	1.07400e-04	3.32285	29.2	31710	1.04740e-04	3.32129	28.0	31445	1.05620e-04	3.32109	29.5
64230.311	16.049	31473	1.05580e-04	3.32285	28.3	30903	1.07530e-04	3.32285	29.2	31578	1.05180e-04	3.32148	28.0	31344	1.05960e-04	3.32129	29.5
64231.499	16.049	31566	1.05270e-04	3.32285	28.3	30944	1.07380e-04	3.32266	29.2	31627	1.05020e-04	3.32148	28.0	31329	1.06010e-04	3.32109	29.5
64232.687	16.049	31549	1.05320e-04	3.32285	28.3	30911	1.07490e-04	3.32266	29.2	31614	1.05070e-04	3.32148	28.0	31371	1.05860e-04	3.32109	29.5
64233.875	16.047	31524	1.05400e-04	3.32266	28.3	30941	1.07390e-04	3.32285	29.2	31641	1.04970e-04	3.32148	28.0	31312	1.06060e-04	3.32090	29.5
64235.063	16.047	31453	1.05650e-04	3.32285	28.3	30936	1.07400e-04	3.32266	29.2	31621	1.05040e-04	3.32129	28.0	31354	1.05920e-04	3.32109	29.5
64236.252	16.047	31503	1.05470e-04	3.32266	28.3	30921	1.07450e-04	3.32246	29.2	31650	1.04930e-04	3.32109	28.0	31426	1.05680e-04	3.32109	29.5
64237.440	16.073	31516	1.05430e-04	3.32266	28.3	30887	1.07580e-04	3.32266	29.2	31648	1.04950e-04	3.32129	28.0	31398	1.05780e-04	3.32129	29.5
64238.628	16.073	31533	1.05370e-04	3.32266	28.3	30892	1.07560e-04	3.32285	29.2	31623	1.05030e-04	3.32129	28.0	31368	1.05880e-04	3.32129	29.5
64239.817	16.051	31534	1.05380e-04	3.32305	28.3	30907	1.07510e-04	3.32285	29.2	31609	1.05070e-04	3.32129	28.0	31356	1.05920e-04	3.32109	29.5
64241.005	16.051	31501	1.05480e-04	3.32285	28.3	30918	1.07470e-04	3.32285	29.2	31632	1.05000e-04	3.32148	28.0	31337	1.05980e-04	3.32109	29.5
64242.193	16.060	31559	1.05280e-04	3.32266	28.3	30853	1.07690e-04	3.32266	29.2	31587	1.05150e-04	3.32129	28.0	31384	1.05820e-04	3.32109	29.5
64243.381	16.060	31574	1.05240e-04	3.32285	28.3	30923	1.07450e-04	3.32266	29.2	31660	1.04910e-04	3.32148	28.0	31404	1.05760e-04	3.32129	29.5
64244.569	16.060	31580	1.05220e-04	3.32285	28.3	30945	1.07370e-04	3.32266	29.2	31743	1.04640e-04	3.32148	28.0	31453	1.05600e-04	3.32129	29.5
64245.758	16.035	31563	1.05280e-04	3.32285	28.3	30936	1.07400e-04	3.32246	29.2	31681	1.04840e-04	3.32129	28.0	31404	1.05750e-04	3.32109	29.5
64246.946	16.058	31515	1.05430e-04	3.32266	28.3	30911	1.07490e-04	3.32266	29.2	31638	1.04990e-04	3.32148	28.0	31400	1.05770e-04	3.32109	29.5
64248.134	16.058	31507	1.05460e-04	3.32266	28.3	30911	1.07490e-04	3.32266	29.2	31630	1.05000e-04	3.32129	28.0	31358	1.05910e-04	3.32109	29.5
64249.322	16.058	31510	1.05460e-04	3.32305	28.3	30888	1.07570e-04	3.32266	29.2	31587	1.05150e-04	3.32129	28.0	31356	1.05920e-04	3.32109	29.5
64250.511	16.054	31469	1.05590e-04	3.32285	28.3	30931	1.07430e-04	3.32285	29.2	31624	1.05030e-04	3.32148	28.0	31356	1.05920e-04	3.32129	29.5
64251.699	16.054	31477	1.05560e-04	3.32266	28.3	30897	1.07540e-04	3.32266	29.2	31641	1.04970e-04	3.32148	28.0	31323	1.06030e-04	3.32109	29.5
64252.887	16.060	31508	1.05470e-04	3.32305	28.3	30921	1.07460e-04	3.32285	29.2	31634	1.04990e-04	3.32129	28.0	31360	1.05900e-04	3.32090	29.5
64254.076	16.060	31488	1.05530e-04	3.32285	28.3	30902	1.07530e-04	3.32285	29.2	31632	1.05000e-04	3.32148	28.0	31363	1.05900e-04	3.32129	29.5
64255.263	16.053	31517	1.05420e-04	3.32266	28.3	30851	1.07700e-04	3.32266	29.2	31669	1.04870e-04	3.32129	28.0	31397	1.05780e-04	3.32129	29.5
64256.452	16.053	31478	1.05560e-04	3.32285	28.3	30864	1.07650e-04	3.32266	29.1	31639	1.04980e-04	3.32148	28.0	31387	1.05820e-04	3.32129	29.4
64257.640	16.053	31554	1.05300e-04	3.32266	28.3	30908	1.07510e-04	3.32285	29.1	31657	1.04920e-04	3.32148	28.0	31367	1.05880e-04	3.32129	29.4
64258.829	16.047	31537	1.05360e-04	3.32285	28.3	30940	1.07380e-04	3.32246	29.1	31732	1.04660e-04	3.32109	28.0	31416	1.05710e-04	3.32090	29.4
64260.017	16.047	31550	1.05320e-04	3.32285	28.3	30930	1.07430e-04	3.32285	29.1	31704	1.04760e-04	3.32148	28.0	31376	1.05850e-04	3.32129	29.4
64261.205	16.057	31550	1.05310e-04	3.32266	28.3	30921	1.07460e-04	3.32266	29.1	31689	1.04810e-04	3.32148	28.0	31369	1.05870e-04	3.32109	29.4
64262.393	16.057	31556	1.05310e-04	3.32305	28.3	30932	1.07420e-04	3.32266	29.1	31686	1.04820e-04	3.32129	28.0	31401	1.05770e-04	3.32129	29.4
64263.581	16.032	31533	1.05380e-04	3.32285	28.3	30940	1.07400e-04	3.32305	29.1	31678	1.04860e-04	3.32168	28.0	31382	1.05830e-04	3.32129	29.4
64264.770	16.032	31515	1.05430e-04	3.32266	28.3	30848	1.07710e-04	3.32266	29.1	31690	1.04800e-04	3.32129	28.0	31391	1.05790e-04	3.32090	29.4
64265.958	16.057	31532	1.05380e-04	3.32305	28.3	30901	1.07530e-04	3.32285	29.1	31654	1.04920e-04	3.32129	28.0	31367	1.05880e-04	3.32109	29.4
64267.146	16.057	31538	1.05360e-04	3.32285	28.3	30938	1.07400e-04	3.32285	29.1	31655	1.04930e-04	3.32148	27.9	31408	1.05750e-04	3.32148	29.4
64268.334	16.057	31549	1.05310e-04	3.32246	28.3	30963	1.07300e-04	3.32246	29.1	31717	1.04720e-04	3.32148	27.9	31369	1.05880e-04	3.32129	29.4
64269.523	16.039	31594	1.05180e-04	3.32305	28.3	30893	1.07550e-04	3.32246	29.1	31696	1.04790e-04	3.32129	28.0	31503	1.05420e-04	3.32109	29.4
64270.711	16.039	31577	1.05230e-04	3.32285	28.3	30957	1.07330e-04	3.32266	29.1	31706	1.04760e-04	3.32168	28.0	31432	1.05660e-04	3.32109	29.4
64271.899	16.020	31624	1.05070e-04	3.32285	28.3	31020	1.07110e-04	3.32266	29.1	31677	1.04850e-04	3.32129	28.0	31428	1.05670e-04	3.32090	29.4
64273.087	16.020	31603	1.05150e-04	3.32305	28.3	30992	1.07220e-04	3.32285	29.1	31741	1.04640e-04	3.32148	28.0	31507	1.05410e-04	3.32129	29.4
64274.275	16.022	31494	1.05500e-04	3.32266	28.3	30964	1.07310e-04	3.32285	29.1	31664	1.04900e-04	3.32148	28.0	31393	1.05800e-04	3.32129	29.4
64275.464	16.022	31517	1.05430e-04	3.32285	28.3	30939	1.07390e-04	3.32266	29.1	31695	1.04790e-04	3.32148	28.0	31363	1.05890e-04	3.32109	29.4
64276.652	16.016	31591	1.05180e-04	3.32285	28.2	30924	1.07450e-04	3.32266	29.1	31648	1.04950e-04	3.32129	27.9	31434	1.05650e-04	3.32109	29.4
64277.840	16.016	31515	1.05430e-04	3.32266	28.2	30992	1.07210e-04	3.32266	29.1	31718	1.04710e-04	3.32129	27.9	31420	1.05690e-04	3.32090	29.4
64279.029	16.016	31604	1.05140e-04	3.32285	28.2	30996	1.07200e-04	3.32285	29.1	31717	1.04720e-04	3.32148	27.9	31502	1.05420e-04	3.32109	29.4
64280.217	16.029	31585	1.05200e-04	3.32266	28.3	30996	1.07200e-04	3.32266	29.1	31721	1.04700e-04	3.32129	27.9	31483	1.05500e-04	3.32129	29.4
64281.405	16.029	31501	1.05480e-04	3.32285	28.3	30969	1.07280e-04	3.32246	29.1	31679	1.04840e-04	3.32129	28.0	31360	1.05900e-04	3.32109	29.4
64282.593	16.015	31524	1.05410e-04	3.32285	28.3	30903	1.07530e-04	3.32285	29.1	31615	1.05060e-04	3.32148	27.9	31397	1.05780e-04	3.32109	29.4
64283.782	16.015	31501	1.05480e-04	3.32285	28.3	30938	1.07400e-04	3.32266	29.1	31705	1.04760e-04	3.32148	28.0	31360	1.05900e-04	3.32109	29.4
64284.970	16.042	31527	1.05400e-04	3.32285	28.3	30894	1.07560e-04	3.32285	29.1	31633	1.04990e-04	3.32129	28.0	31424	1.05690e-04	3.32109	29.4
64286.158	16.042	31488	1.05530e-04	3.32285	28.2	30912	1.07490e-04	3.32285	29.1	31679	1.04850e-04	3.32148	27.9	31417	1.05710e-04	3.32129	29.4
64287.346	16.042	31500	1.05470e-04	3.32246	28.2	30927	1.07440e-04	3.32266	29.1	31594	1.05130e-04	3.32148	27.9	31395	1.05790e-04	3.32129	29.4
64288.535	16.043	31542	1.05350e-04	3.32285	28.2	30903	1.07530e-04	3.32285	29.1	31631	1.05000e-04	3.32129	27.9	31385	1.05810e-04	3.32090	29.4
64289.723	16.043	31584	1.05200e-04	3.32266	28.2	30975	1.07280e-04	3.32285	29.1	31656	1.04920e-04	3.32148	27.9	31426	1.05680e-04	3.32109	29.4
64290.911	16.049	31574	1.05230e-04	3.32266	28.2	30934	1.07410e-04	3.32266	29.1	31716	1.04720e-04	3.32129	27.9	31431	1.05660e-04	3.32090	29.4
64292.099	16.049	31523	1.05410e-04	3.32285	28.2	30920	1.07470e-04	3.32285	29.1	31678	1.04850e-04	3.32148	27.9	31465	1.05560e-04	3.32129	29.4
64293.288	16.046	31535	1.05360e-04	3.32266	28.2	30952	1.07350e-04	3.32266	29.1	31674	1.04860e-04	3.32148	27.9	31370	1.05880e-04	3.32129	29.4
64294.476	16.046	31536	1.05360e-04	3.32266	28.2	30934	1.07410e-04	3.32266	29.1	31669	1.04870e-04	3.32129	27.9	31400	1.05770e-04	3.32109	29.4
64295.664	16.054	31542	1.05350e-04	3.32285	28.2	30906	1.07510e-04	3.32266	29.1	31696	1.04790e-04	3.32148	27.9	31384	1.05820e-04	3.32109	29.4
64296.852	16.054	31534	1.05370e-04	3.32285	28.2	30910	1.07500e-04	3.32285	29.1	31656	1.04920e-04	3.32129	27.9	31368	1.05880e-04	3.32109	29.4
64298.041	16.035	31527	1.05390e-04	3.32266	28.2	30930	1.07430e-04	3.32285	29.1	31698	1.04780e-04	3.32148	27.9	31400	1.05780e-04	3.32148	29.4
64299.229	16.035	31596	1.05160e-04	3.32266	28.2	30883	1.07590e-04	3.32285	29.1	31737	1.04660e-04	3.32148	27.9	31413	1.05720e-04	3.32109	29.4
64300.417	16.035	31538	1.05350e-04	3.32266	28.2	30897	1.07540e-04	3.32266	29.1	31706	1.04750e-04	3.32129	27.9	31417	1.05710e-04	3.32109	29.4
64301.605	16.015	31501	1.05490e-04	3.32305	28.2	30885	1.07580e-04	3.32266	29.1	31678	1.04850e-04	3.32129	27.9	31461	1.05560e-04	3.32109	29.4
64302.793	16.015	31548	1.05320e-04	3.32266	28.2	30920	1.07460e-04	3.32266	29.1	31775	1.04530e-04	3.32129	27.9	31431	1.05660e-04	3.32109	29.4
64303.982	16.021	31555	1.05300e-04	3.32285	28.2	30902	1.07530e-04	3.32285	29.1	31777	1.04520e-04	3.32148	27.9	31392	1.05790e-04	3.32109	29.4
64305.170	16.021	31583	1.05200e-04	3.32266	28.2	30913	1.07480e-04	3.32246	29.1	31710	1.04740e-04	3.32129	27.9	31433	1.05660e-04	3.32109	29.4
64306.359	16.025	31533	1.05380e-04	3.32285	28.2	30904	1.07520e-04	3.32266	29.1	31757	1.04580e-04	3.32129	27.9	31352	1.05930e-04	3.32129	29.4
64307.547	16.025	31594	1.05170e-04	3.32285	28.2	30969	1.07300e-04	3.32285	29.1	31780	1.04520e-04	3.32148	27.9	31417	1.05710e-04	3.32109	29.4
64308.735	16.025	31528	1.05390e-04	3.32266	28.2	30920	1.07450e-04	3.32246	29.1	31684	1.04830e-04	3.32148	27.9	31431	1.05660e-04	3.32109	29.4
64309.923	16.020	31543	1.05340e-04	3.32285	28.2	30910	1.07510e-04	3.32305	29.1	31677	1.04840e-04	3.32109	27.9	31396	1.05780e-04	3.32109	29.4
64311.111	16.020	31545	1.05330e-04	3.32266	28.2	30938	1.07400e-04	3.32285	29.1	31681	1.04850e-04	3.32168	27.9	31379	1.05850e-04	3.32148	29.4
64312.299	16.043	31595	1.05170e-04	3.32285	28.2	30880	1.07600e-04	3.32266	29.1	31720	1.04710e-04	3.32148	27.9	31369	1.05870e-04	3.32109	29.4
64313.488	16.043	31522	1.05410e-04	3.32285	28.2	30921	1.07460e-04	3.32266	29.1	31663	1.04890e-04	3.32129	27.9	31400	1.05770e-04	3.32109	29.4
64314.676	16.022	31557	1.05290e-04	3.32266	28.2	30879	1.07600e-04	3.32266	29.1	31699	1.04780e-04	3.32148	27.9	31380	1.05830e-04	3.32090	29.4
64315.864	16.022	31499	1.05480e-04	3.32266	28.2	30917	1.07470e-04	3.32266	29.1	31711	1.04750e-04	3.32168	27.9	31416	1.05720e-04	3.32129	29.4
64317.053	16.042	31530	1.05390e-04	3.32285	28.2	30911	1.07490e-04	3.32266	29.1	31698	1.04780e-04	3.32129	27.9	31365	1.05890e-04	3.32109	29.4
64318.241	16.042	31511	1.05450e-04	3.32285	28.2	30888	1.07580e-04	3.32285	29.1	31726	1.04700e-04	3.32168	27.9	31456	1.05590e-04	3.32148	29.4
64319.429	16.042	31537	1.05360e-04	3.32266	28.2	30892	1.07560e-04	3.32266	29.1	31709	1.04750e-04	3.32148	27.9	31399	1.05770e-04	3.32109	29.4
64320.617	16.052	31553	1.05310e-04	3.32285	28.2	30947	1.07370e-04	3.32266	29.1	31675	1.04860e-04	3.32129	27.9	31379	1.05830e-04	3.32090	29.4
64321.805	16.052	31486	1.05530e-04	3.32285	28.2	30906	1.07520e-04	3.32285	29.1	31667	1.04890e-04	3.32148	27.9	31397	1.05780e-04	3.32109	29.4
64322.993	16.053	31515	1.05430e-04	3.32266	28.2	30929	1.07440e-04	3.32285	29.1	31705	1.04760e-04	3.32148	27.9	31368	1.05880e-04	3.32109	29.4
64324.182	16.053	31512	1.05450e-04	3.32285	28.2	30924	1.07450e-04	3.32285	29.1	31673	1.04860e-04	3.32129	27.9	31387	1.05810e-04	3.32109	29.4
64325.370	16.051	31472	1.05590e-04	3.32305	28.2	30882	1.07600e-04	3.32285	29.1	31726	1.04690e-04	3.32148	27.9	31414	1.05730e-04	3.32129	29.4
64326.559	16.051	31470	1.05580e-04	3.32246	28.2	30911	1.07480e-04	3.32246	29.1	31654	1.04920e-04	3.32129	27.9	31392	1.05790e-04	3.32109	29.4
64327.747	16.049	31513	1.05450e-04	3.32305	28.2	30925	1.07440e-04	3.32266	29.1	31712	1.04720e-04	3.32090	27.9	31422	1.05680e-04	3.32070	29.4
64328.935	16.049	31483	1.05550e-04	3.32305	28.2	30984	1.07240e-04	3.32285	29.1	31679	1.04850e-04	3.32168	27.9	31388	1.05820e-04	3.32148	29.4
64330.123	16.049	31510	1.05450e-04	3.32266	28.2	30879	1.07600e-04	3.32266	29.1	31693	1.04800e-04	3.32148	27.9	31417	1.05710e-04	3.32129	29.4
64331.312	16.048	31535	1.05370e-04	3.32285	28.2	30915	1.07480e-04	3.32285	29.1	31695	1.04790e-04	3.32129	27.9	31437	1.05640e-04	3.32109	29.4
64332.500	16.048	31529	1.05390e-04	3.32285	28.2	30952	1.07350e-04	3.32266	29.1	31726	1.04690e-04	3.32129	27.9	31366	1.05880e-04	3.32109	29.4
64333.688	16.035	31536	1.05360e-04	3.32266	28.2	30933	1.07420e-04	3.32266	29.1	31687	1.04810e-04	3.32109	27.9	31380	1.05830e-04	3.32090	29.4
64334.876	16.035	31535	1.05370e-04	3.32285	28.2	30926	1.07450e-04	3.32285	29.1	31688	1.04830e-04	3.32168	27.9	31433	1.05660e-04	3.32129	29.4
64336.065	16.028	31497	1.05500e-04	3.32285	28.2	30924	1.07450e-04	3.32285	29.1	31686	1.04820e-04	3.32148	27.9	31353	1.05920e-04	3.32109	29.4
64337.253	16.028	31529	1.05380e-04	3.32266	28.2	30950	1.07350e-04	3.32246	29.1	31716	1.04710e-04	3.32109	27.9	31400	1.05770e-04	3.32109	29.4
64338.441	16.028	31569	1.05260e-04	3.32285	28.2	30952	1.07350e-04	3.32266	29.1	31722	1.04710e-04	3.32148	27.9	31439	1.05630e-04	3.32109	29.4
64339.629	16.030	31561	1.05280e-04	3.32266	28.2	30946	1.07360e-04	3.32246	29.1	31720	1.04710e-04	3.32129	27.9	31448	1.05610e-04	3.32109	29.4
64340.818	16.030	31541	1.05340e-04	3.32266	28.2	30971	1.07280e-04	3.32246	29.1	31777	1.04510e-04	3.32109	27.9	31453	1.05590e-04	3.32109	29.4
64342.006	16.038	31529	1.05390e-04	3.32285	28.2	30891	1.07570e-04	3.32285	29.1	31708	1.04750e-04	3.32148	27.9	31413	1.05720e-04	3.32109	29.4
64343.194	16.038	31540	1.05350e-04	3.32266	28.2	30899	1.07530e-04	3.32266	29.1	31636	1.04990e-04	3.32129	27.9	31453	1.05600e-04	3.32129	29.4
64344.382	16.043	31556	1.05300e-04	3.32266	28.2	30933	1.07410e-04	3.32266	29.1	31733	1.04660e-04	3.32129	27.9	31423	1.05680e-04	3.32090	29.4
64345.570	16.043	31568	1.05260e-04	3.32285	28.2	30946	1.07380e-04	3.32285	29.1	31715	1.04730e-04	3.32148	27.9	31405	1.05750e-04	3.32109	29.4
64346.759	16.038	31492	1.05500e-04	3.32246	28.2	30973	1.07280e-04	3.32266	29.1	31747	1.04620e-04	3.32129	27.9	31416	1.05710e-04	3.32109	29.4
64347.947	16.038	31523	1.05410e-04	3.32285	28.2	30915	1.07480e-04	3.32285	29.1	31653	1.04930e-04	3.32129	27.9	31341	1.05970e-04	3.32129	29.4
64349.135	16.035	31517	1.05420e-04	3.32266	28.2	30885	1.07580e-04	3.32266	29.1	31674	1.04860e-04	3.32129	27.9	31420	1.05700e-04	3.32109	29.4
64350.323	16.035	31526	1.05400e-04	3.32266	28.2	30880	1.07600e-04	3.32266	29.1	31644	1.04960e-04	3.32129	27.9	31408	1.05730e-04	3.32090	29.4
64351.512	16.035	31541	1.05340e-04	3.32266	28.2	30939	1.07390e-04	3.32266	29.1	31695	1.04790e-04	3.32148	27.9	31401	1.05760e-04	3.32109	29.4
64352.700	16.048	31528	1.05400e-04	3.32285	28.2	30930	1.07420e-04	3.32246	29.1	31682	1.04830e-04	3.32129	27.9	31364	1.05880e-04	3.32090	29.4
64353.888	16.048	31520	1.05410e-04	3.32266	28.2	30952	1.07350e-04	3.32266	29.1	31682	1.04830e-04	3.32129	27.9	31355	1.05920e-04	3.32109	29.4
64355.076	16.048	31578	1.05230e-04	3.32285	28.2	30893	1.07560e-04	3.32266	29.1	31716	1.04730e-04	3.32148	27.9	31393	1.05800e-04	3.32129	29.4
64356.264	16.048	31549	1.05320e-04	3.32285	28.2	30909	1.07500e-04	3.32266	29.1	31673	1.04860e-04	3.32129	27.9	31395	1.05790e-04	3.32109	29.4
64357.453	16.048	31505	1.05470e-04	3.32266	28.2	30890	1.07570e-04	3.32285	29.1	31738	1.04640e-04	3.32109	27.9	31362	1.05900e-04	3.32109	29.4
64358.641	16.041	31493	1.05510e-04	3.32285	28.2	30970	1.07290e-04	3.32266	29.1	31693	1.04810e-04	3.32168	27.9	31403	1.05760e-04	3.32129	29.4
64359.830	16.041	31568	1.05260e-04	3.32285	28.2	30923	1.07460e-04	3.32285	29.1	31686	1.04820e-04	3.32129	27.9	31443	1.05620e-04	3.32090	29.4
64361.017	16.044	31481	1.05550e-04	3.32285	28.2	30888	1.07580e-04	3.32285	29.1	31663	1.04900e-04	3.32148	27.9	31434	1.05650e-04	3.32109	29.4
64362.206	16.044	31551	1.05310e-04	3.32266	28.2	30876	1.07610e-04	3.32246	29.1	31690	1.04810e-04	3.32148	27.9	31448	1.05610e-04	3.32109	29.4
64363.394	16.045	31529	1.05390e-04	3.32285	28.2	30987	1.07230e-04	3.32266	29.1	31725	1.04690e-04	3.32129	27.9	31382	1.05820e-04	3.32090	29.4
64364.582	16.045	31502	1.05470e-04	3.32266	28.2	30903	1.07520e-04	3.32266	29.1	31782	1.04510e-04	3.32148	27.9	31465	1.05550e-04	3.32109	29.4
64365.770	16.040	31573	1.05240e-04	3.32266	28.2	30886	1.07580e-04	3.32266	29.1	31692	1.04800e-04	3.32129	27.9	31384	1.05810e-04	3.32090	29.4
64366.958	16.040	31547	1.05330e-04	3.32285	28.2	30902	1.07520e-04	3.32266	29.1	31708	1.04750e-04	3.32148	27.9	31394	1.05790e-04	3.32129	29.4
64368.147	16.045	31531	1.05380e-04	3.32266	28.2	30916	1.07480e-04	3.32285	29.1	31727	1.04680e-04	3.32129	27.9	31429	1.05670e-04	3.32109	29.4
64369.335	16.045	31516	1.05430e-04	3.32285	28.2	30958	1.07330e-04	3.32266	29.1	31665	1.04890e-04	3.32129	27.9	31407	1.05740e-04	3.32090	29.4
64370.524	16.045	31520	1.05420e-04	3.32285	28.2	30865	1.07660e-04	3.32285	29.1	31672	1.04870e-04	3.32148	27.9	31358	1.05910e-04	3.32109	29.4
64371.712	16.044	31477	1.05560e-04	3.32266	28.2	30868	1.07640e-04	3.32266	29.1	31692	1.04800e-04	3.32148	27.9	31390	1.05810e-04	3.32129	29.4
64372.900	16.044	31532	1.05390e-04	3.32305	28.2	30934	1.07420e-04	3.32285	29.1	31666	1.04890e-04	3.32129	27.9	31406	1.05750e-04	3.32109	29.4
64374.088	16.026	31519	1.05420e-04	3.32266	28.2	30888	1.07570e-04	3.32266	29.1	31677	1.04850e-04	3.32129	27.9	31403	1.05760e-04	3.32109	29.4
64375.276	16.026	31551	1.05300e-04	3.32246	28.2	30915	1.07470e-04	3.32227	29.1	31700	1.04770e-04	3.32109	27.9	31423	1.05680e-04	3.32070	29.4
64376.465	16.043	31519	1.05420e-04	3.32285	28.2	30862	1.07660e-04	3.32266	29.1	31636	1.04990e-04	3.32148	27.9	31413	1.05730e-04	3.32129	29.4
64377.653	16.043	31520	1.05410e-04	3.32246	28.2	30869	1.07640e-04	3.32266	29.1	31682	1.04840e-04	3.32148	27.9	31339	1.05980e-04	3.32129	29.4
64378.841	16.043	31554	1.05310e-04	3.32285	28.2	30897	1.07540e-04	3.32266	29.1	31737	1.04660e-04	3.32148	27.9	31439	1.05640e-04	3.32129	29.4
64380.029	16.043	31520	1.05410e-04	3.32266	28.2	30890	1.07560e-04	3.32246	29.1	31646	1.04950e-04	3.32129	27.9	31416	1.05710e-04	3.32109	29.4
64381.218	16.043	31524	1.05400e-04	3.32266	28.2	30901	1.07530e-04	3.32266	29.1	31648	1.04950e-04	3.32129	27.9	31391	1.05790e-04	3.32090	29.4
64382.406	16.040	31566	1.05260e-04	3.32266	28.2	30907	1.07510e-04	3.32285	29.1	31649	1.04950e-04	3.32148	27.9	31376	1.05840e-04	3.32090	29.4
64383.594	16.040	31510	1.05440e-04	3.32246	28.2	30887	1.07570e-04	3.32246	29.1	31656	1.04920e-04	3.32129	27.9	31423	1.05680e-04	3.32090	29.4
64384.783	16.050	31496	1.05500e-04	3.32285	28.2	30954	1.07350e-04	3.32285	29.1	31664	1.04890e-04	3.32109	27.9	31444	1.05630e-04	3.32129	29.4
64385.971	16.050	31550	1.05320e-04	3.32285	28.2	30978	1.07260e-04	3.32266	29.1	31687	1.04820e-04	3.32148	27.9	31485	1.05480e-04	3.32109	29.4
64387.159	16.025	31546	1.05320e-04	3.32246	28.2	30965	1.07300e-04	3.32246	29.1	31704	1.04750e-04	3.32109	27.9	31498	1.05430e-04	3.32090	29.4
64388.347	16.025	31514	1.05430e-04	3.32266	28.2	30923	1.07450e-04	3.32266	29.1	31730	1.04680e-04	3.32148	27.9	31451	1.05590e-04	3.32090	29.4
64389.536	16.025	31489	1.05520e-04	3.32266	28.2	30889	1.07560e-04	3.32246	29.1	31727	1.04690e-04	3.32148	27.9	31379	1.05830e-04	3.32090	29.4
64390.723	16.023	31532	1.05380e-04	3.32266	28.2	30906	1.07510e-04	3.32266	29.1	31668	1.04870e-04	3.32109	27.9	31425	1.05690e-04	3.32129	29.4
64391.912	16.023	31510	1.05450e-04	3.32285	28.2	30862	1.07660e-04	3.32266	29.1	31674	1.04860e-04	3.32148	27.9	31461	1.05560e-04	3.32109	29.4
64393.100	16.033	31544	1.05330e-04	3.32266	28.2	30920	1.07460e-04	3.32266	29.1	31656	1.04920e-04	3.32148	27.9	31429	1.05670e-04	3.32109	29.4
64394.288	16.033	31571	1.05240e-04	3.32266	28.2	30971	1.07280e-04	3.32246	29.1	31658	1.04900e-04	3.32090	27.9	31450	1.05590e-04	3.32070	29.4
64395.476	16.019	31525	1.05400e-04	3.32266	28.2	30950	1.07350e-04	3.32246	29.1	31713	1.04740e-04	3.32148	27.9	31467	1.05550e-04	3.32129	29.4
64396.665	16.019	31530	1.05390e-04	3.32305	28.2	30930	1.07430e-04	3.32285	29.1	31652	1.04930e-04	3.32129	27.9	31413	1.05720e-04	3.32109	29.4
64397.853	16.030	31502	1.05480e-04	3.32266	28.2	30917	1.07460e-04	3.32246	29.1	31627	1.05010e-04	3.32129	27.9	31442	1.05630e-04	3.32109	29.4
64399.041	16.030	31546	1.05330e-04	3.32285	28.2	30890	1.07560e-04	3.32266	29.1	31693	1.04790e-04	3.32129	27.9	31455	1.05580e-04	3.32090	29.4
64400.230	16.030	31543	1.05340e-04	3.32266	28.2	30915	1.07480e-04	3.32266	29.1	31660	1.04900e-04	3.32129	27.9	31429	1.05670e-04	3.32109	29.4
64401.417	16.030	31537	1.05350e-04	3.32246	28.2	30902	1.07520e-04	3.32246	29.1	31687	1.04820e-04	3.32148	27.9	31424	1.05680e-04	3.32090	29.4
64402.606	16.030	31562	1.05290e-04	3.32305	28.2	30923	1.07450e-04	3.32266	29.1	31693	1.04790e-04	3.32129	27.9	31399	1.05770e-04	3.32109	29.4
64403.794	16.037	31514	1.05430e-04	3.32266	28.2	30902	1.07520e-04	3.32266	29.1	31680	1.04840e-04	3.32129	27.9	31395	1.05790e-04	3.32109	29.4
64404.982	16.037	31522	1.05410e-04	3.32266	28.2	30902	1.07520e-04	3.32266	29.1	31630	1.05000e-04	3.32109	27.9	31401	1.05760e-04	3.32090	29.4
64406.171	16.046	31527	1.05390e-04	3.32266	28.2	30912	1.07490e-04	3.32285	29.1	31700	1.04780e-04	3.32148	27.9	31403	1.05760e-04	3.32109	29.4
64407.359	16.046	31552	1.05300e-04	3.32246	28.2	30886	1.07580e-04	3.32266	29.1	31666	1.04890e-04	3.32129	27.9	31383	1.05820e-04	3.32090	29.4
64408.547	16.046	31532	1.05380e-04	3.32285	28.2	30966	1.07300e-04	3.32266	29.1	31697	1.04780e-04	3.32129	27.9	31415	1.05710e-04	3.32090	29.4
64409.735	16.041	31568	1.05260e-04	3.32285	28.2	30953	1.07350e-04	3.32266	29.1	31668	1.04890e-04	3.32148	27.9	31474	1.05520e-04	3.32109	29.4
64410.924	16.041	31529	1.05380e-04	3.32266	28.2	30969	1.07280e-04	3.32246	29.1	31718	1.04710e-04	3.32129	27.9	31426	1.05670e-04	3.32070	29.4
64412.112	16.050	31531	1.05380e-04	3.32285	28.2	30943	1.07380e-04	3.32285	29.1	31674	1.04860e-04	3.32129	27.9	31418	1.05710e-04	3.32129	29.4
64413.300	16.050	31534	1.05370e-04	3.32266	28.2	30988	1.07220e-04	3.32266	29.1	31672	1.04870e-04	3.32148	27.9	31347	1.05940e-04	3.32109	29.4
64414.488	16.056	31636	1.05030e-04	3.32266	28.2	30986	1.07230e-04	3.32266	29.1	31727	1.04680e-04	3.32129	27.9	31396	1.05780e-04	3.32090	29.4
64415.677	16.056	31571	1.05250e-04	3.32285	28.2	30953	1.07350e-04	3.32285	29.1	31711	1.04740e-04	3.32148	27.9	31423	1.05700e-04	3.32129	29.4
64416.865	16.022	31559	1.05280e-04	3.32266	28.2	30966	1.07300e-04	3.32266	29.1	31678	1.04850e-04	3.32148	27.9	31379	1.05840e-04	3.32109	29.4
64418.053	16.022	31575	1.05230e-04	3.32266	28.2	30964	1.07310e-04	3.32285	29.1	31646	1.04950e-04	3.32129	27.9	31446	1.05610e-04	3.32109	29.4
64419.241	16.024	31471	1.05580e-04	3.32266	28.2	30921	1.07460e-04	3.32266	29.1	31689	1.04820e-04	3.32148	27.9	31365	1.05880e-04	3.32090	29.4
64420.430	16.024	31525	1.05400e-04	3.32285	28.2	30863	1.07670e-04	3.32285	29.1	31624	1.05030e-04	3.32148	27.9	31340	1.05970e-04	3.32109	29.4
64421.618	16.024	31598	1.05160e-04	3.32285	28.2	30952	1.07350e-04	3.32266	29.1	31691	1.04810e-04	3.32148	27.9	31427	1.05680e-04	3.32129	29.4
64422.806	16.009	31616	1.05090e-04	3.32266	28.2	31014	1.07130e-04	3.32246	29.1	31745	1.04620e-04	3.32129	27.9	31467	1.05540e-04	3.32109	29.4
64423.994	16.009	31553	1.05300e-04	3.32266	28.2	30899	1.07530e-04	3.32266	29.1	31686	1.04820e-04	3.32129	27.9	31444	1.05620e-04	3.32109	29.4
64425.182	16.034	31604	1.05140e-04	3.32285	28.2	30975	1.07270e-04	3.32266	29.1	31684	1.04820e-04	3.32129	27.9	31438	1.05630e-04	3.32090	29.4
64426.371	16.034	31533	1.05370e-04	3.32266	28.2	30914	1.07480e-04	3.32266	29.1	31682	1.04830e-04	3.32129	27.9	31391	1.05800e-04	3.32109	29.4
64427.559	16.037	31521	1.05420e-04	3.32285	28.2	30894	1.07550e-04	3.32266	29.1	31625	1.05020e-04	3.32129	27.9	31356	1.05920e-04	3.32129	29.4
64428.748	16.037	31542	1.05340e-04	3.32266	28.2	30912	1.07480e-04	3.32246	29.1	31695	1.04790e-04	3.32148	27.9	31438	1.05640e-04	3.32109	29.4
64429.936	16.037	31604	1.05140e-04	3.32285	28.2	30955	1.07340e-04	3.32285	29.1	31665	1.04890e-04	3.32129	27.9	31381	1.05830e-04	3.32109	29.4
64431.124	16.037	31556	1.05290e-04	3.32266	28.2	30914	1.07490e-04	3.32285	29.1	31683	1.04840e-04	3.32148	27.9	31426	1.05680e-04	3.32109	29.4
64432.312	16.037	31537	1.05360e-04	3.32285	28.2	30904	1.07520e-04	3.32266	29.1	31677	1.04860e-04	3.32148	27.9	31342	1.05970e-04	3.32129	29.4
64433.501	16.054	31581	1.05210e-04	3.32266	28.2	30907	1.07500e-04	3.32266	29.1	31655	1.04920e-04	3.32129	27.9	31379	1.05840e-04	3.32109	29.4
64434.689	16.054	31568	1.05250e-04	3.32266	28.2	30920	1.07460e-04	3.32266	29.1	31636	1.04980e-04	3.32109	27.9	31461	1.05560e-04	3.32109	29.4
64435.877	16.041	31542	1.05340e-04	3.32266	28.2	30866	1.07640e-04	3.32246	29.1	31664	1.04890e-04	3.32129	27.9	31410	1.05730e-04	3.32090	29.4
64437.065	16.041	31513	1.05440e-04	3.32266	28.2	30865	1.07650e-04	3.32246	29.1	31642	1.04960e-04	3.32129	27.9	31461	1.05570e-04	3.32129	29.4
64438.254	16.019	31569	1.05250e-04	3.32266	28.2	30916	1.07480e-04	3.32266	29.1	31653	1.04940e-04	3.32148	27.9	31418	1.05700e-04	3.32090	29.4
64439.441	16.019	31488	1.05530e-04	3.32285	28.2	30885	1.07580e-04	3.32266	29.1	31623	1.05030e-04	3.32129	27.9	31424	1.05690e-04	3.32109	29.4
64440.630	16.019	31540	1.05350e-04	3.32266	28.2	30908	1.07500e-04	3.32266	29.1	31632	1.05000e-04	3.32129	27.9	31391	1.05790e-04	3.32090	29.4
64441.818	16.044	31597	1.05160e-04	3.32266	28.2	30906	1.07510e-04	3.32266	29.1	31604	1.05090e-04	3.32129	27.9	31349	1.05940e-04	3.32109	29.4
64443.006	16.044	31550	1.05320e-04	3.32285	28.2	30924	1.07450e-04	3.32285	29.1	31662	1.04900e-04	3.32129	27.9	31423	1.05680e-04	3.32090	29.4
64444.195	16.036	31551	1.05310e-04	3.32266	28.2	30994	1.07210e-04	3.32285	29.1	31706	1.04750e-04	3.32129	27.9	31411	1.05730e-04	3.32109	29.4
64445.383	16.036	31519	1.05420e-04	3.32266	28.2	30877	1.07600e-04	3.32246	29.1	31679	1.04840e-04	3.32129	27.9	31401	1.05760e-04	3.32090	29.4
64446.571	16.035	31556	1.05290e-04	3.32266	28.2	30917	1.07470e-04	3.32266	29.1	31678	1.04850e-04	3.32129	27.9	31411	1.05730e-04	3.32109	29.4
64447.759	16.035	31477	1.05560e-04	3.32266	28.2	30947	1.07370e-04	3.32266	29.1	31646	1.04950e-04	3.32129	27.9	31382	1.05830e-04	3.32109	29.4
64448.948	16.042	31532	1.05370e-04	3.32266	28.1	30845	1.07710e-04	3.32246	29.0	31676	1.04850e-04	3.32129	27.9	31414	1.05720e-04	3.32109	29.4
64450.136	16.042	31483	1.05530e-04	3.32246	28.1	30910	1.07490e-04	3.32246	29.0	31627	1.05010e-04	3.32129	27.9	31340	1.05960e-04	3.32070	29.4
64451.324	16.042	31489	1.05520e-04	3.32285	28.1	30892	1.07560e-04	3.32285	29.0	31686	1.04820e-04	3.32129	27.9	31431	1.05670e-04	3.32129	29.4
64452.513	16.045	31550	1.05310e-04	3.32266	28.1	30870	1.07630e-04	3.32266	29.0	31695	1.04790e-04	3.32148	27.9	31402	1.05770e-04	3.32129	29.4
64453.701	16.045	31546	1.05330e-04	3.32266	28.1	30902	1.07520e-04	3.32266	29.0	31696	1.04780e-04	3.32109	27.9	31443	1.05620e-04	3.32090	29.4
64454.889	16.035	31537	1.05360e-04	3.32266	28.1	30881	1.07600e-04	3.32285	29.0	31736	1.04660e-04	3.32129	27.9	31491	1.05460e-04	3.32109	29.4
64456.077	16.035	31561	1.05280e-04	3.32266	28.1	30978	1.07260e-04	3.32266	29.0	31704	1.04760e-04	3.32148	27.9	31436	1.05640e-04	3.32090	29.4
64457.265	16.038	31511	1.05440e-04	3.32246	28.1	30976	1.07260e-04	3.32246	29.0	31660	1.04900e-04	3.32109	27.9	31449	1.05600e-04	3.32090	29.4
64458.454	16.038	31566	1.05270e-04	3.32285	28.1	30939	1.07390e-04	3.32266	29.0	31712	1.04730e-04	3.32109	27.9	31455	1.05580e-04	3.32109	29.4
64459.642	16.038	31530	1.05380e-04	3.32266	28.1	30955	1.07340e-04	3.32266	29.0	31726	1.04690e-04	3.32129	27.9	31408	1.05740e-04	3.32109	29.4
64460.830	16.020	31545	1.05330e-04	3.32266	28.1	30907	1.07500e-04	3.32246	29.0	31673	1.04860e-04	3.32129	27.9	31410	1.05730e-04	3.32090	29.4
64462.018	16.029	31527	1.05390e-04	3.32266	28.1	30901	1.07520e-04	3.32246	29.0	31713	1.04730e-04	3.32129	27.9	31451	1.05590e-04	3.32090	29.4
64463.207	16.029	31655	1.04960e-04	3.32266	28.1	30907	1.07500e-04	3.32246	29.0	31711	1.04740e-04	3.32129	27.9	31496	1.05440e-04	3.32090	29.4
64464.395	16.029	31534	1.05370e-04	3.32266	28.1	31043	1.07040e-04	3.32266	29.0	31749	1.04600e-04	3.32109	27.9	31467	1.05540e-04	3.32109	29.4
64465.583	16.025	31564	1.05270e-04	3.32266	28.1	30897	1.07540e-04	3.32266	29.0	31662	1.04900e-04	3.32129	27.9	31410	1.05730e-04	3.32109	29.4
64466.771	16.025	31554	1.05300e-04	3.32266	28.1	30918	1.07470e-04	3.32266	29.0	31694	1.04780e-04	3.32109	27.9	31373	1.05860e-04	3.32109	29.4
64467.960	16.029	31566	1.05260e-04	3.32266	28.1	30937	1.07400e-04	3.32266	29.0	31651	1.04930e-04	3.32129	27.9	31449	1.05600e-04	3.32090	29.4
64469.147	16.029	31534	1.05370e-04	3.32266	28.1	30939	1.07390e-04	3.32266	29.0	31745	1.04620e-04	3.32109	27.9	31437	1.05630e-04	3.32070	29.4
64470.336	16.036	31545	1.05340e-04	3.32285	28.1	30891	1.07550e-04	3.32246	29.0	31669	1.04880e-04	3.32129	27.9	31431	1.05670e-04	3.32129	29.4
64471.524	16.036	31498	1.05490e-04	3.32266	28.1	30970	1.07290e-04	3.32266	29.0	31676	1.04850e-04	3.32129	27.9	31433	1.05660e-04	3.32109	29.4
64472.713	16.036	31500	1.05490e-04	3.32285	28.1	30944	1.07370e-04	3.32246	29.0	31685	1.04820e-04	3.32129	27.9	31467	1.05530e-04	3.32090	29.4
64473.901	16.026	31574	1.05230e-04	3.32266	28.1	30897	1.07540e-04	3.32266	29.0	31643	1.04970e-04	3.32148	27.9	31414	1.05720e-04	3.32109	29.4
64475.089	16.026	31532	1.05370e-04	3.32266	28.1	30889	1.07570e-04	3.32266	29.0	31704	1.04760e-04	3.32129	27.9	31407	1.05740e-04	3.32090	29.4
64476.277	16.031	31502	1.05480e-04	3.32285	28.1	30915	1.07470e-04	3.32246	29.0	31696	1.04790e-04	3.32129	27.9	31416	1.05710e-04	3.32109	29.4
64477.465	16.031	31527	1.05390e-04	3.32266	28.1	30886	1.07580e-04	3.32285	29.0	31622	1.05030e-04	3.32129	27.9	31382	1.05830e-04	3.32109	29.4
64478.654	16.043	31556	1.05290e-04	3.32246	28.1	30896	1.07540e-04	3.32266	29.1	31634	1.04990e-04	3.32129	27.9	31376	1.05830e-04	3.32070	29.4
64479.842	16.043	31486	1.05530e-04	3.32285	28.1	30961	1.07310e-04	3.32246	29.0	31676	1.04850e-04	3.32129	27.9	31395	1.05780e-04	3.32109	29.4
64481.030	16.042	31487	1.05520e-04	3.32266	28.1	30898	1.07540e-04	3.32285	29.0	31663	1.04890e-04	3.32129	27.9	31447	1.05610e-04	3.32109	29.4
64482.218	16.042	31461	1.05610e-04	3.32266	28.1	30913	1.07480e-04	3.32266	29.0	31682	1.04830e-04	3.32129	27.9	31426	1.05680e-04	3.32109	29.4
64483.407	16.042	31543	1.05340e-04	3.32266	28.1	30888	1.07570e-04	3.32266	29.0	31753	1.04600e-04	3.32129	27.9	31429	1.05670e-04	3.32109	29.4
64484.595	16.044	31513	1.05440e-04	3.32266	28.1	30973	1.07280e-04	3.32266	29.0	31678	1.04850e-04	3.32129	27.9	31439	1.05630e-04	3.32109	29.4
64485.783	16.044	31494	1.05500e-04	3.32266	28.1	30928	1.07430e-04	3.32266	29.0	31732	1.04670e-04	3.32148	27.9	31419	1.05700e-04	3.32109	29.4
64486.971	16.036	31566	1.05260e-04	3.32266	28.1	30922	1.07450e-04	3.32266	29.0	31714	1.04730e-04	3.32129	27.9	31424	1.05670e-04	3.32070	29.4
64488.160	16.036	31607	1.05120e-04	3.32246	28.1	30939	1.07390e-04	3.32266	29.0	31804	1.04420e-04	3.32109	27.9	31473	1.05530e-04	3.32129	29.4
64489.348	16.036	31600	1.05150e-04	3.32285	28.1	30985	1.07230e-04	3.32246	29.0	31776	1.04520e-04	3.32129	27.9	31485	1.05480e-04	3.32109	29.4
64490.536	16.025	31539	1.05360e-04	3.32285	28.1	30927	1.07440e-04	3.32285	29.0	31716	1.04720e-04	3.32129	27.9	31447	1.05610e-04	3.32109	29.4
64491.724	16.028	31577	1.05230e-04	3.32285	28.1	30958	1.07330e-04	3.32266	29.0	31648	1.04950e-04	3.32148	27.9	31404	1.05750e-04	3.32109	29.4
64492.913	16.028	31521	1.05410e-04	3.32266	28.1	30895	1.07550e-04	3.32266	29.0	31710	1.04740e-04	3.32129	27.9	31452	1.05590e-04	3.32109	29.4
64494.101	16.028	31503	1.05470e-04	3.32266	28.1	30935	1.07390e-04	3.32227	29.0	31687	1.04820e-04	3.32129	27.9	31401	1.05760e-04	3.32109	29.4
64495.289	16.049	31502	1.05480e-04	3.32266	28.1	30937	1.07400e-04	3.32266	29.0	31665	1.04890e-04	3.32129	27.8	31410	1.05730e-04	3.32109	29.4
64496.477	16.049	31564	1.05270e-04	3.32266	28.1	30920	1.07460e-04	3.32266	29.0	31695	1.04790e-04	3.32129	27.8	31418	1.05700e-04	3.32090	29.4
64497.665	16.043	31521	1.05410e-04	3.32266	28.1	30879	1.07590e-04	3.32246	29.0	31666	1.04890e-04	3.32129	27.8	31415	1.05720e-04	3.32109	29.4
64498.854	16.043	31498	1.05480e-04	3.32246	28.1	30914	1.07480e-04	3.32266	29.0	31648	1.04940e-04	3.32129	27.8	31418	1.05710e-04	3.32109	29.4
64500.042	16.038	31497	1.05500e-04	3.32285	28.1	30895	1.07530e-04	3.32227	29.0	31634	1.04980e-04	3.32090	27.8	31362	1.05880e-04	3.32070	29.4
64501.231	16.038	31476	1.05560e-04	3.32266	28.1	30882	1.07600e-04	3.32285	29.0	31681	1.04840e-04	3.32129	27.8	31424	1.05690e-04	3.32109	29.4
64502.418	16.038	31507	1.05460e-04	3.32266	28.1	30866	1.07650e-04	3.32266	29.0	31726	1.04690e-04	3.32148	27.8	31436	1.05650e-04	3.32109	29.4
64503.607	16.048	31491	1.05510e-04	3.32266	28.1	30909	1.07500e-04	3.32266	29.0	31707	1.04750e-04	3.32129	27.8	31410	1.05730e-04	3.32090	29.4
64504.795	16.048	31569	1.05260e-04	3.32285	28.0	30860	1.07670e-04	3.32266	29.0	31692	1.04800e-04	3.32129	27.8	31387	1.05810e-04	3.32109	29.4
64505.984	16.054	31502	1.05470e-04	3.32246	28.0	30904	1.07510e-04	3.32266	29.0	31690	1.04800e-04	3.32109	27.8	31405	1.05750e-04	3.32109	29.4
64507.171	16.054	31533	1.05380e-04	3.32285	28.0	30906	1.07500e-04	3.32227	29.0	31753	1.04600e-04	3.32129	27.8	31414	1.05720e-04	3.32109	29.4
64508.360	16.046	31519	1.05420e-04	3.32285	28.0	30899	1.07530e-04	3.32266	29.0	31658	1.04910e-04	3.32129	27.8	31404	1.05750e-04	3.32109	29.4
64509.548	16.046	31544	1.05330e-04	3.32246	28.0	30904	1.07510e-04	3.32266	29.0	31761	1.04570e-04	3.32129	27.8	31413	1.05720e-04	3.32090	29.4
64510.736	16.037	31555	1.05300e-04	3.32285	28.0	30929	1.07420e-04	3.32246	29.0	31653	1.04930e-04	3.32129	27.8	31477	1.05500e-04	3.32090	29.4
64511.924	16.037	31520	1.05410e-04	3.32266	28.0	30911	1.07490e-04	3.32266	29.0	31706	1.04750e-04	3.32129	27.8	31431	1.05660e-04	3.32109	29.4
64513.113	16.047	31553	1.05300e-04	3.32266	28.0	30901	1.07530e-04	3.32266	29.0	31690	1.04800e-04	3.32129	27.8	31416	1.05710e-04	3.32090	29.4
64514.301	16.047	31510	1.05440e-04	3.32246	28.0	30946	1.07370e-04	3.32266	29.0	31671	1.04870e-04	3.32129	27.8	31378	1.05840e-04	3.32109	29.4
64515.489	16.047	31483	1.05540e-04	3.32266	28.0	30873	1.07620e-04	3.32266	29.0	31703	1.04760e-04	3.32129	27.8	31400	1.05770e-04	3.32109	29.4
64516.678	16.045	31483	1.05540e-04	3.32266	28.0	30905	1.07510e-04	3.32266	29.0	31682	1.04830e-04	3.32129	27.8	31427	1.05670e-04	3.32090	29.4
64517.866	16.045	31518	1.05420e-04	3.32266	28.0	30913	1.07480e-04	3.32246	29.0	31713	1.04730e-04	3.32129	27.8	31409	1.05730e-04	3.32090	29.4
64519.054	16.044	31522	1.05410e-04	3.32266	28.0	30881	1.07590e-04	3.32246	29.0	31667	1.04870e-04	3.32109	27.8	31457	1.05570e-04	3.32090	29.4
64520.242	16.044	31504	1.05470e-04	3.32266	28.0	30874	1.07610e-04	3.32246	29.0	31694	1.04790e-04	3.32129	27.8	31400	1.05760e-04	3.32090	29.4
64521.431	16.039	31545	1.05330e-04	3.32266	28.1	30936	1.07400e-04	3.32246	29.0	31654	1.04920e-04	3.32129	27.8	31447	1.05610e-04	3.32109	29.4
64522.619	16.039	31509	1.05460e-04	3.32285	28.1	30968	1.07290e-04	3.32246	29.0	31640	1.04970e-04	3.32129	27.8	31406	1.05740e-04	3.32090	29.4
64523.807	16.039	31500	1.05480e-04	3.32246	28.1	30877	1.07610e-04	3.32266	29.0	31656	1.04920e-04	3.32129	27.8	31416	1.05710e-04	3.32109	29.4
64524.995	16.042	31528	1.05390e-04	3.32285	28.1	30938	1.07400e-04	3.32266	29.0	31714	1.04720e-04	3.32109	27.8	31371	1.05870e-04	3.32109	29.4
64526.184	16.042	31544	1.05330e-04	3.32266	28.1	30937	1.07400e-04	3.32266	29.0	31659	1.04910e-04	3.32129	27.8	31460	1.05570e-04	3.32109	29.4
64527.372	16.038	31509	1.05450e-04	3.32246	28.1	30913	1.07480e-04	3.32266	29.0	31634	1.04990e-04	3.32129	27.8	31432	1.05650e-04	3.32090	29.4
64528.560	16.038	31513	1.05440e-04	3.32285	28.1	30934	1.07410e-04	3.32266	29.0	31671	1.04860e-04	3.32109	27.8	31441	1.05620e-04	3.32090	29.4
64529.748	16.057	31542	1.05340e-04	3.32266	28.1	30894	1.07550e-04	3.32266	29.0	31663	1.04900e-04	3.32148	27.8	31430	1.05660e-04	3.32090	29.4
64530.936	16.057	31498	1.05480e-04	3.32246	28.1	30869	1.07640e-04	3.32266	29.0	31694	1.04780e-04	3.32109	27.8	31418	1.05700e-04	3.32090	29.4
64532.125	16.057	31508	1.05460e-04	3.32285	28.1	30856	1.07670e-04	3.32227	29.0	31626	1.05010e-04	3.32109	27.8	31426	1.05680e-04	3.32109	29.4
64533.313	16.042	31487	1.05520e-04	3.32266	28.0	30864	1.07660e-04	3.32266	29.0	31653	1.04930e-04	3.32148	27.8	31438	1.05640e-04	3.32109	29.4
64534.501	16.042	31526	1.05400e-04	3.32266	28.1	30930	1.07430e-04	3.32266	29.0	31634	1.04990e-04	3.32129	27.8	31367	1.05870e-04	3.32090	29.4
64535.689	16.041	31543	1.05340e-04	3.32266	28.1	30847	1.07720e-04	3.32285	29.0	31646	1.04950e-04	3.32129	27.8	31414	1.05710e-04	3.32090	29.4
64536.878	16.041	31512	1.05440e-04	3.32246	28.1	30907	1.07500e-04	3.32246	29.0	31692	1.04800e-04	3.32129	27.8	31392	1.05790e-04	3.32109	29.4
64538.066	16.037	31539	1.05340e-04	3.32246	28.1	30949	1.07360e-04	3.32266	29.0	31710	1.04740e-04	3.32129	27.8	31402	1.05760e-04	3.32109	29.4
64539.254	16.037	31524	1.05410e-04	3.32285	28.1	30952	1.07340e-04	3.32246	29.0	31731	1.04660e-04	3.32109	27.8	31425	1.05680e-04	3.32090	29.4
64540.442	16.050	31548	1.05320e-04	3.32266	28.1	30920	1.07460e-04	3.32266	29.0	31736	1.04660e-04	3.32148	27.8	31467	1.05540e-04	3.32109	29.4
64541.631	16.050	31510	1.05440e-04	3.32246	28.1	30909	1.07500e-04	3.32266	29.0	31689	1.04810e-04	3.32129	27.8	31449	1.05600e-04	3.32090	29.4
64542.819	16.045	31520	1.05420e-04	3.32285	28.1	30949	1.07350e-04	3.32246	29.0	31650	1.04940e-04	3.32129	27.8	31401	1.05760e-04	3.32109	29.4
64544.007	16.045	31511	1.05450e-04	3.32266	28.1	30877	1.07600e-04	3.32246	29.0	31623	1.05030e-04	3.32148	27.8	31428	1.05670e-04	3.32109	29.4
64545.195	16.045	31538	1.05350e-04	3.32266	28.1	30906	1.07510e-04	3.32266	29.0	31674	1.04860e-04	3.32129	27.8	31423	1.05680e-04	3.32090	29.4
64546.384	16.046	31495	1.05500e-04	3.32285	28.1	30951	1.07340e-04	3.32227	29.0	31716	1.04710e-04	3.32109	27.8	31447	1.05600e-04	3.32090	29.4
64547.572	16.046	31485	1.05530e-04	3.32266	28.1	30914	1.07490e-04	3.32285	29.0	31703	1.04770e-04	3.32148	27.8	31403	1.05760e-04	3.32109	29.4
64548.760	16.042	31517	1.05430e-04	3.32285	28.1	30902	1.07520e-04	3.32246	29.0	31682	1.04830e-04	3.32109	27.8	31471	1.05520e-04	3.32090	29.4
64549.949	16.042	31489	1.05510e-04	3.32246	28.1	30856	1.07690e-04	3.32285	29.0	31653	1.04930e-04	3.32129	27.8	31418	1.05700e-04	3.32090	29.4
64551.137	16.026	31561	1.05280e-04	3.32266	28.1	30908	1.07490e-04	3.32246	29.0	31676	1.04850e-04	3.32129	27.8	31415	1.05720e-04	3.32129	29.4
64552.325	16.026	31514	1.05440e-04	3.32285	28.1	30966	1.07300e-04	3.32266	29.0	31665	1.04890e-04	3.32129	27.8	31429	1.05670e-04	3.32109	29.4
64553.513	16.026	31516	1.05430e-04	3.32266	28.1	30947	1.07370e-04	3.32285	29.0	31733	1.04670e-04	3.32148	27.8	31418	1.05700e-04	3.32090	29.4
64554.701	16.053	31547	1.05320e-04	3.32266	28.1	30943	1.07370e-04	3.32246	29.0	31654	1.04930e-04	3.32129	27.8	31441	1.05630e-04	3.32109	29.4
64555.890	16.053	31512	1.05440e-04	3.32246	28.1	30913	1.07480e-04	3.32246	29.0	31663	1.04890e-04	3.32129	27.8	31436	1.05650e-04	3.32109	29.4
64557.078	16.054	31507	1.05460e-04	3.32266	28.1	30865	1.07640e-04	3.32227	29.0	31622	1.05030e-04	3.32109	27.8	31357	1.05910e-04	3.32090	29.4
64558.266	16.054	31492	1.05510e-04	3.32266	28.1	30917	1.07460e-04	3.32246	29.0	31642	1.04960e-04	3.32129	27.8	31393	1.05780e-04	3.32090	29.4
64559.454	16.045	31515	1.05440e-04	3.32285	28.1	30886	1.07580e-04	3.32266	29.0	31701	1.04770e-04	3.32129	27.8	31379	1.05840e-04	3.32109	29.4
64560.643	16.045	31496	1.05500e-04	3.32266	28.1	30938	1.07400e-04	3.32285	29.0	31726	1.04690e-04	3.32148	27.8	31412	1.05720e-04	3.32090	29.4
64561.831	16.055	31532	1.05370e-04	3.32246	28.1	30960	1.07310e-04	3.32246	29.0	31687	1.04810e-04	3.32109	27.8	31437	1.05640e-04	3.32109	29.4
64563.019	16.055	31517	1.05420e-04	3.32266	28.1	30928	1.07430e-04	3.32266	29.0	31645	1.04960e-04	3.32148	27.8	31416	1.05710e-04	3.32109	29.4
64564.207	16.052	31506	1.05450e-04	3.32246	28.1	30893	1.07560e-04	3.32266	29.0	31668	1.04890e-04	3.32148	27.8	31390	1.05800e-04	3.32109	29.4
64565.396	16.052	31527	1.05400e-04	3.32285	28.1	30940	1.07380e-04	3.32246	29.0	31671	1.04870e-04	3.32129	27.8	31436	1.05640e-04	3.32090	29.4
64566.584	16.052	31506	1.05460e-04	3.32266	28.1	30897	1.07540e-04	3.32266	29.0	31690	1.04810e-04	3.32129	27.8	31442	1.05620e-04	3.32090	29.4
64567.772	16.047	31499	1.05480e-04	3.32246	28.1	30899	1.07530e-04	3.32246	29.0	31651	1.04930e-04	3.32129	27.8	31445	1.05610e-04	3.32090	29.4
64568.960	16.047	31486	1.05530e-04	3.32266	28.1	30910	1.07490e-04	3.32246	29.0	31722	1.04700e-04	3.32129	27.8	31410	1.05730e-04	3.32109	29.4
64570.148	16.048	31556	1.05300e-04	3.32266	28.1	30905	1.07500e-04	3.32246	29.0	31687	1.04820e-04	3.32129	27.8	31439	1.05640e-04	3.32109	29.4
64571.337	16.048	31498	1.05490e-04	3.32266	28.1	30884	1.07580e-04	3.32246	29.0	31667	1.04870e-04	3.32109	27.8	31467	1.05530e-04	3.32090	29.4
64572.525	16.040	31547	1.05330e-04	3.32285	28.1	30924	1.07450e-04	3.32266	29.0	31671	1.04860e-04	3.32109	27.8	31384	1.05820e-04	3.32109	29.4
64573.713	16.040	31534	1.05370e-04	3.32266	28.1	30912	1.07490e-04	3.32285	29.0	31704	1.04760e-04	3.32129	27.8	31408	1.05740e-04	3.32109	29.4
64574.901	16.040	31532	1.05370e-04	3.32246	28.1	30869	1.07640e-04	3.32266	29.0	31694	1.04790e-04	3.32129	27.8	31396	1.05780e-04	3.32109	29.4
64576.090	16.019	31521	1.05410e-04	3.32266	28.0	30885	1.07570e-04	3.32227	29.0	31712	1.04730e-04	3.32129	27.8	31399	1.05760e-04	3.32090	29.4
64577.278	16.019	31507	1.05460e-04	3.32266	28.0	30941	1.07390e-04	3.32266	29.0	31649	1.04940e-04	3.32129	27.8	31392	1.05800e-04	3.32109	29.3
64578.466	16.026	31533	1.05370e-04	3.32266	28.0	30893	1.07550e-04	3.32246	29.0	31676	1.04850e-04	3.32129	27.8	31431	1.05650e-04	3.32070	29.3
64579.654	16.026	31522	1.05400e-04	3.32246	28.0	30933	1.07410e-04	3.32246	29.0	31714	1.04720e-04	3.32109	27.8	31380	1.05830e-04	3.32090	29.3
64580.843	16.015	31548	1.05310e-04	3.32246	28.0	30929	1.07410e-04	3.32227	29.0	31685	1.04820e-04	3.32129	27.8	31398	1.05770e-04	3.32090	29.3
64582.031	16.015	31564	1.05270e-04	3.32266	28.0	30880	1.07580e-04	3.32227	29.0	31647	1.04940e-04	3.32109	27.8	31364	1.05880e-04	3.32090	29.3
64583.219	16.030	31499	1.05480e-04	3.32266	28.0	30933	1.07420e-04	3.32266	29.0	31676	1.04850e-04	3.32129	27.8	31433	1.05650e-04	3.32090	29.3
64584.407	16.030	31525	1.05390e-04	3.32246	28.0	30928	1.07430e-04	3.32266	29.0	31704	1.04760e-04	3.32129	27.8	31452	1.05580e-04	3.32070	29.3
64585.596	16.030	31469	1.05590e-04	3.32266	28.0	30898	1.07540e-04	3.32266	29.0	31652	1.04930e-04	3.32109	27.8	31417	1.05710e-04	3.32090	29.3
64586.784	16.032	31501	1.05480e-04	3.32266	28.0	30867	1.07640e-04	3.32266	29.0	31654	1.04920e-04	3.32129	27.8	31431	1.05660e-04	3.32109	29.3
64587.972	16.032	31517	1.05420e-04	3.32246	28.0	30920	1.07460e-04	3.32266	29.0	31731	1.04670e-04	3.32129	27.8	31451	1.05600e-04	3.32109	29.3
64589.160	16.044	31531	1.05380e-04	3.32266	28.0	30952	1.07340e-04	3.32246	29.0	31735	1.04660e-04	3.32129	27.8	31394	1.05780e-04	3.32090	29.3
64590.349	16.044	31516	1.05420e-04	3.32246	28.0	30943	1.07370e-04	3.32246	29.0	31685	1.04820e-04	3.32129	27.8	31392	1.05790e-04	3.32090	29.3
64591.537	16.054	31505	1.05470e-04	3.32266	28.0	30872	1.07620e-04	3.32246	29.0	31697	1.04780e-04	3.32109	27.8	31398	1.05770e-04	3.32090	29.3
64592.725	16.054	31562	1.05280e-04	3.32266	28.0	30941	1.07380e-04	3.32246	29.0	31702	1.04760e-04	3.32109	27.8	31389	1.05810e-04	3.32109	29.3
64593.913	16.052	31518	1.05410e-04	3.32246	28.0	30905	1.07500e-04	3.32246	29.0	31678	1.04850e-04	3.32148	27.8	31417	1.05710e-04	3.32109	29.3
64595.102	16.052	31575	1.05230e-04	3.32266	28.0	30924	1.07440e-04	3.32246	29.0	31748	1.04610e-04	3.32109	27.8	31400	1.05760e-04	3.32090	29.3
64596.290	16.052	31534	1.05370e-04	3.32266	28.0	30913	1.07480e-04	3.32246	29.0	31683	1.04830e-04	3.32129	27.8	31482	1.05490e-04	3.32109	29.3
64597.478	16.067	31529	1.05380e-04	3.32246	28.0	30943	1.07380e-04	3.32266	29.0	31744	1.04630e-04	3.32129	27.8	31444	1.05610e-04	3.32090	29.3
64598.667	16.067	31530	1.05390e-04	3.32285	28.0	30985	1.07230e-04	3.32266	29.0	31718	1.04710e-04	3.32109	27.8	31395	1.05780e-04	3.32109	29.3
64599.855	16.058	31507	1.05460e-04	3.32266	28.0	30921	1.07460e-04	3.32266	29.0	31716	1.04720e-04	3.32129	27.8	31451	1.05600e-04	3.32109	29.3
64601.043	16.058	31535	1.05350e-04	3.32227	28.0	30879	1.07600e-04	3.32246	29.0	31627	1.05010e-04	3.32129	27.8	31404	1.05740e-04	3.32070	29.3
64602.231	16.056	31540	1.05360e-04	3.32305	28.0	30919	1.07460e-04	3.32246	29.0	31704	1.04750e-04	3.32109	27.8	31446	1.05620e-04	3.32129	29.3
64603.420	16.056	31494	1.05500e-04	3.32266	28.0	30920	1.07460e-04	3.32266	29.0	31669	1.04880e-04	3.32148	27.8	31466	1.05540e-04	3.32090	29.3
64604.608	16.056	31558	1.05290e-04	3.32266	28.0	30916	1.07470e-04	3.32246	29.0	31681	1.04830e-04	3.32109	27.8	31438	1.05640e-04	3.32109	29.3
64605.796	16.050	31509	1.05460e-04	3.32285	28.0	30948	1.07360e-04	3.32266	29.0	31646	1.04960e-04	3.32148	27.8	31430	1.05670e-04	3.32109	29.3
64606.984	16.050	31484	1.05530e-04	3.32266	28.0	30890	1.07560e-04	3.32266	29.0	31599	1.05110e-04	3.32148	27.8	31442	1.05630e-04	3.32109	29.3
64608.172	16.052	31522	1.05400e-04	3.32246	28.0	30853	1.07690e-04	3.32266	29.0	31696	1.04780e-04	3.32109	27.8	31461	1.05560e-04	3.32090	29.3
64609.361	16.052	31557	1.05300e-04	3.32285	28.0	30904	1.07510e-04	3.32266	29.0	31632	1.05000e-04	3.32148	27.8	31420	1.05700e-04	3.32109	29.3
64610.549	16.034	31599	1.05140e-04	3.32246	28.0	30932	1.07420e-04	3.32266	29.0	31711	1.04740e-04	3.32129	27.8	31495	1.05440e-04	3.32090	29.3
64611.737	16.034	31527	1.05400e-04	3.32285	28.0	30925	1.07440e-04	3.32266	29.0	31677	1.04850e-04	3.32129	27.8	31492	1.05460e-04	3.32129	29.3
64612.925	16.021	31518	1.05430e-04	3.32285	28.0	30897	1.07540e-04	3.32266	29.0	31671	1.04870e-04	3.32129	27.8	31456	1.05580e-04	3.32109	29.3
64614.114	16.021	31535	1.05360e-04	3.32266	28.0	30908	1.07490e-04	3.32246	29.0	31779	1.04510e-04	3.32129	27.8	31477	1.05500e-04	3.32090	29.3
64615.302	16.026	31492	1.05510e-04	3.32285	28.0	30902	1.07520e-04	3.32266	29.0	31675	1.04860e-04	3.32129	27.8	31429	1.05670e-04	3.32109	29.3
64616.490	16.026	31541	1.05340e-04	3.32266	28.0	30932	1.07420e-04	3.32266	29.0	31656	1.04920e-04	3.32129	27.8	31469	1.05530e-04	3.32090	29.3
64617.678	16.026	31488	1.05520e-04	3.32266	28.0	30924	1.07440e-04	3.32246	29.0	31649	1.04950e-04	3.32148	27.8	31417	1.05710e-04	3.32109	29.3
64618.867	16.027	31582	1.05210e-04	3.32285	28.0	30873	1.07620e-04	3.32266	29.0	31674	1.04860e-04	3.32129	27.8	31391	1.05800e-04	3.32109	29.3
64620.055	16.027	31519	1.05410e-04	3.32246	28.0	30952	1.07350e-04	3.32266	29.0	31742	1.04630e-04	3.32129	27.8	31444	1.05610e-04	3.32090	29.3
64621.243	16.026	31508	1.05450e-04	3.32266	28.0	30922	1.07450e-04	3.32246	29.0	31707	1.04740e-04	3.32109	27.8	31395	1.05780e-04	3.32090	29.3
64622.431	16.026	31505	1.05460e-04	3.32266	28.1	30871	1.07630e-04	3.32266	29.0	31666	1.04890e-04	3.32148	27.8	31332	1.06000e-04	3.32109	29.3
64623.620	16.026	31506	1.05460e-04	3.32246	28.1	30918	1.07470e-04	3.32266	29.0	31638	1.04980e-04	3.32129	27.8	31391	1.05790e-04	3.32090	29.3
64624.808	16.021	31492	1.05510e-04	3.32285	28.1	30897	1.07540e-04	3.32266	29.0	31629	1.05010e-04	3.32129	27.8	31475	1.05520e-04	3.32129	29.3
64625.996	16.023	31552	1.05310e-04	3.32266	28.1	30904	1.07520e-04	3.32266	29.0	31566	1.05220e-04	3.32129	27.8	31449	1.05600e-04	3.32109	29.3
64627.184	16.023	31491	1.05500e-04	3.32246	28.1	30911	1.07490e-04	3.32266	29.0	31695	1.04790e-04	3.32129	27.8	31429	1.05660e-04	3.32070	29.4
64628.372	16.023	31586	1.05200e-04	3.32266	28.1	30904	1.07510e-04	3.32266	29.0	31678	1.04850e-04	3.32148	27.8	31450	1.05600e-04	3.32109	29.4
64629.561	16.039	31586	1.05200e-04	3.32285	28.1	30960	1.07320e-04	3.32266	29.0	31686	1.04820e-04	3.32129	27.8	31457	1.05570e-04	3.32090	29.4
64630.749	16.039	31527	1.05400e-04	3.32285	28.1	30910	1.07490e-04	3.32266	29.0	31666	1.04890e-04	3.32148	27.8	31487	1.05480e-04	3.32129	29.4
64631.937	16.049	31523	1.05400e-04	3.32266	28.1	30897	1.07540e-04	3.32266	29.0	31642	1.04970e-04	3.32129	27.8	31452	1.05590e-04	3.32109	29.4
64633.125	16.049	31545	1.05330e-04	3.32266	28.1	30941	1.07390e-04	3.32266	29.0	31722	1.04700e-04	3.32129	27.8	31482	1.05480e-04	3.32090	29.4
64634.313	16.051	31552	1.05310e-04	3.32266	28.1	30955	1.07340e-04	3.32266	29.0	31638	1.04990e-04	3.32148	27.8	31415	1.05710e-04	3.32090	29.4
64635.502	16.051	31520	1.05410e-04	3.32266	28.1	30862	1.07660e-04	3.32266	29.0	31669	1.04870e-04	3.32129	27.9	31350	1.05940e-04	3.32109	29.4
64636.690	16.051	31539	1.05350e-04	3.32266	28.1	30934	1.07410e-04	3.32266	29.0	31664	1.04890e-04	3.32109	27.9	31403	1.05760e-04	3.32109	29.4
64637.879	16.045	31546	1.05330e-04	3.32285	28.1	30955	1.07340e-04	3.32266	29.0	31610	1.05080e-04	3.32148	27.9	31412	1.05730e-04	3.32109	29.4
64639.067	16.045	31519	1.05420e-04	3.32285	28.1	30875	1.07620e-04	3.32266	29.0	31609	1.05070e-04	3.32129	27.9	31387	1.05810e-04	3.32090	29.4
64640.255	16.063	31552	1.05310e-04	3.32285	28.1	30873	1.07620e-04	3.32246	29.0	31598	1.05100e-04	3.32109	27.9	31353	1.05920e-04	3.32109	29.4
64641.443	16.063	31565	1.05260e-04	3.32266	28.2	30920	1.07460e-04	3.32266	29.0	31674	1.04860e-04	3.32148	27.9	31421	1.05700e-04	3.32109	29.4
64642.631	16.049	31528	1.05390e-04	3.32285	28.2	30933	1.07420e-04	3.32266	29.0	31650	1.04940e-04	3.32129	27.9	31456	1.05580e-04	3.32109	29.4
64643.819	16.049	31535	1.05370e-04	3.32285	28.2	30945	1.07370e-04	3.32266	29.0	31664	1.04900e-04	3.32148	27.9	31424	1.05690e-04	3.32129	29.4
64645.008	16.054	31537	1.05360e-04	3.32285	28.2	30892	1.07560e-04	3.32285	29.0	31623	1.05030e-04	3.32148	27.9	31363	1.05900e-04	3.32129	29.4
64646.196	16.054	31474	1.05570e-04	3.32285	28.2	30893	1.07550e-04	3.32266	29.0	31612	1.05060e-04	3.32109	27.9	31381	1.05820e-04	3.32090	29.4
64647.384	16.054	31565	1.05260e-04	3.32266	28.2	30948	1.07360e-04	3.32266	29.0	31637	1.04990e-04	3.32148	27.9	31437	1.05640e-04	3.32109	29.4
64648.573	16.039	31528	1.05400e-04	3.32285	28.2	30935	1.07410e-04	3.32285	29.0	31636	1.04990e-04	3.32148	27.9	31425	1.05690e-04	3.32129	29.4
64649.761	16.039	31508	1.05450e-04	3.32266	28.2	30908	1.07510e-04	3.32285	29.0	31657	1.04910e-04	3.32129	27.9	31370	1.05870e-04	3.32109	29.4
64650.949	16.053	31561	1.05280e-04	3.32266	28.2	30920	1.07450e-04	3.32246	29.0	31696	1.04780e-04	3.32109	27.9	31400	1.05770e-04	3.32109	29.4
64652.137	16.053	31516	1.05430e-04	3.32285	28.2	30889	1.07580e-04	3.32285	29.1	31605	1.05090e-04	3.32148	27.9	31430	1.05670e-04	3.32109	29.4
64653.325	16.036	31506	1.05460e-04	3.32266	28.2	30876	1.07610e-04	3.32266	29.1	31681	1.04840e-04	3.32148	27.9	31369	1.05870e-04	3.32090	29.4
64654.514	16.036	31510	1.05450e-04	3.32285	28.2	30920	1.07450e-04	3.32246	29.1	31652	1.04930e-04	3.32129	27.9	31411	1.05730e-04	3.32129	29.4
64655.702	16.036	31532	1.05380e-04	3.32285	28.2	30941	1.07390e-04	3.32285	29.1	31640	1.04980e-04	3.32148	27.9	31453	1.05600e-04	3.32129	29.4
64656.891	16.035	31577	1.05220e-04	3.32246	28.2	30930	1.07430e-04	3.32266	29.1	31659	1.04910e-04	3.32129	27.9	31379	1.05830e-04	3.32090	29.4
64658.078	16.035	31573	1.05240e-04	3.32285	28.2	30945	1.07380e-04	3.32285	29.1	31665	1.04890e-04	3.32129	27.9	31365	1.05890e-04	3.32129	29.4
64659.267	16.039	31502	1.05480e-04	3.32285	28.2	30939	1.07400e-04	3.32285	29.1	31663	1.04900e-04	3.32148	27.9	31385	1.05820e-04	3.32129	29.4
64660.455	16.039	31538	1.05350e-04	3.32266	28.2	30890	1.07560e-04	3.32266	29.1	31564	1.05220e-04	3.32129	27.9	31352	1.05920e-04	3.32090	29.4
64661.643	16.039	31538	1.05370e-04	3.32305	28.2	30919	1.07460e-04	3.32266	29.1	31650	1.04940e-04	3.32148	27.9	31395	1.05800e-04	3.32148	29.4
64662.831	16.038	31588	1.05200e-04	3.32285	28.2	30943	1.07390e-04	3.32285	29.1	31639	1.04980e-04	3.32148	27.9	31385	1.05820e-04	3.32129	29.4
64664.020	16.037	31619	1.05090e-04	3.32266	28.2	30951	1.07350e-04	3.32246	29.1	31714	1.04730e-04	3.32129	27.9	31423	1.05680e-04	3.32090	29.4
64665.208	16.037	31598	1.05150e-04	3.32266	28.2	30930	1.07430e-04	3.32266	29.1	31693	1.04810e-04	3.32168	27.9	31408	1.05740e-04	3.32109	29.4
64666.396	16.037	31586	1.05210e-04	3.32305	28.2	30973	1.07280e-04	3.32266	29.1	31701	1.04770e-04	3.32129	27.9	31430	1.05670e-04	3.32129	29.4
64667.585	16.021	31560	1.05290e-04	3.32285	28.2	30968	1.07290e-04	3.32266	29.1	31696	1.04790e-04	3.32129	27.9	31417	1.05710e-04	3.32109	29.4
64668.773	16.021	31603	1.05150e-04	3.32305	28.2	30992	1.07220e-04	3.32305	29.1	31719	1.04720e-04	3.32168	27.9	31518	1.05380e-04	3.32129	29.4
64669.961	16.023	31606	1.05130e-04	3.32266	28.2	30962	1.07320e-04	3.32285	29.1	31686	1.04830e-04	3.32148	27.9	31489	1.05470e-04	3.32109	29.4
64671.149	16.023	31534	1.05370e-04	3.32285	28.2	30944	1.07380e-04	3.32266	29.1	31615	1.05050e-04	3.32129	27.9	31399	1.05770e-04	3.32109	29.4
64672.338	16.024	31483	1.05550e-04	3.32305	28.2	30938	1.07410e-04	3.32305	29.1	31677	1.04860e-04	3.32168	27.9	31351	1.05930e-04	3.32109	29.4
64673.526	16.024	31507	1.05460e-04	3.32266	28.2	30911	1.07490e-04	3.32266	29.1	31642	1.04960e-04	3.32129	27.9	31411	1.05730e-04	3.32129	29.4
64674.714	16.024	31539	1.05360e-04	3.32285	28.2	30932	1.07420e-04	3.32266	29.1	31610	1.05080e-04	3.32148	27.9	31402	1.05770e-04	3.32129	29.4
64675.902	16.024	31525	1.05400e-04	3.32285	28.2	30888	1.07570e-04	3.32266	29.1	31580	1.05180e-04	3.32148	27.9	31412	1.05730e-04	3.32109	29.4
64677.090	16.050	31536	1.05360e-04	3.32266	28.2	30919	1.07460e-04	3.32266	29.1	31643	1.04960e-04	3.32129	27.9	31399	1.05770e-04	3.32109	29.4
64678.279	16.050	31543	1.05340e-04	3.32285	28.2	30929	1.07430e-04	3.32266	29.1	31625	1.05030e-04	3.32148	27.9	31390	1.05800e-04	3.32109	29.4
64679.467	16.050	31535	1.05370e-04	3.32285	28.2	30958	1.07330e-04	3.32285	29.1	31656	1.04920e-04	3.32148	27.9	31427	1.05680e-04	3.32129	29.4
64680.655	16.026	31574	1.05230e-04	3.32266	28.2	30989	1.07230e-04	3.32285	29.1	31649	1.04950e-04	3.32148	27.9	31401	1.05770e-04	3.32129	29.4
64681.843	16.026	31563	1.05280e-04	3.32285	28.2	30945	1.07380e-04	3.32285	29.1	31677	1.04860e-04	3.32148	27.9	31366	1.05890e-04	3.32129	29.4
64683.032	16.024	31604	1.05140e-04	3.32285	28.2	30943	1.07380e-04	3.32285	29.1	31690	1.04810e-04	3.32129	27.9	31432	1.05660e-04	3.32109	29.4
64684.220	16.024	31617	1.05090e-04	3.32266	28.2	30946	1.07380e-04	3.32285	29.1	31717	1.04720e-04	3.32148	27.9	31467	1.05540e-04	3.32109	29.4
64685.408	16.041	31534	1.05370e-04	3.32266	28.2	30956	1.07340e-04	3.32266	29.1	31656	1.04920e-04	3.32129	27.9	31456	1.05570e-04	3.32090	29.4
64686.596	16.041	31598	1.05160e-04	3.32285	28.2	30918	1.07460e-04	3.32246	29.1	31663	1.04900e-04	3.32129	27.9	31418	1.05710e-04	3.32129	29.4
64687.784	16.041	31596	1.05160e-04	3.32266	28.2	30983	1.07240e-04	3.32266	29.1	31687	1.04820e-04	3.32148	27.9	31426	1.05680e-04	3.32109	29.4
64688.973	16.042	31540	1.05340e-04	3.32246	28.2	30976	1.07270e-04	3.32266	29.1	31716	1.04720e-04	3.32129	27.9	31442	1.05610e-04	3.32070	29.4
64690.161	16.042	31496	1.05500e-04	3.32285	28.2	30929	1.07420e-04	3.32246	29.1	31698	1.04780e-04	3.32129	27.9	31413	1.05720e-04	3.32109	29.4
64691.349	16.041	31578	1.05230e-04	3.32305	28.2	30930	1.07440e-04	3.32305	29.1	31692	1.04810e-04	3.32168	27.9	31402	1.05770e-04	3.32129	29.4
64692.537	16.041	31505	1.05470e-04	3.32285	28.2	30845	1.07730e-04	3.32285	29.1	31650	1.04940e-04	3.32148	27.9	31375	1.05850e-04	3.32109	29.4
64693.726	16.041	31459	1.05620e-04	3.32266	28.2	30871	1.07630e-04	3.32266	29.1	31611	1.05060e-04	3.32109	27.9	31378	1.05850e-04	3.32129	29.4
64694.914	16.041	31475	1.05570e-04	3.32285	28.2	30899	1.07550e-04	3.32305	29.1	31601	1.05110e-04	3.32148	27.9	31402	1.05760e-04	3.32109	29.4
64696.102	16.053	31528	1.05390e-04	3.32266	28.2	30921	1.07460e-04	3.32266	29.1	31618	1.05040e-04	3.32129	27.9	31435	1.05640e-04	3.32090	29.4
64697.291	16.053	31477	1.05560e-04	3.32285	28.2	30877	1.07610e-04	3.32266	29.1	31632	1.05000e-04	3.32129	27.9	31428	1.05680e-04	3.32129	29.4
64698.479	16.053	31521	1.05420e-04	3.32285	28.2	30850	1.07700e-04	3.32266	29.1	31614	1.05070e-04	3.32148	27.9	31394	1.05790e-04	3.32129	29.4
64699.667	16.029	31532	1.05380e-04	3.32266	28.2	30900	1.07520e-04	3.32246	29.1	31613	1.05060e-04	3.32109	27.9	31385	1.05820e-04	3.32109	29.4
64700.855	16.029	31547	1.05320e-04	3.32266	28.2	30959	1.07320e-04	3.32266	29.1	31653	1.04930e-04	3.32148	27.9	31374	1.05860e-04	3.32109	29.4
64702.043	16.023	31577	1.05230e-04	3.32285	28.2	30903	1.07520e-04	3.32266	29.1	31677	1.04860e-04	3.32148	27.9	31411	1.05730e-04	3.32109	29.4
64703.231	16.023	31592	1.05180e-04	3.32285	28.2	30903	1.07520e-04	3.32266	29.1	31655	1.04920e-04	3.32129	27.9	31383	1.05820e-04	3.32109	29.4
64704.420	16.027	31538	1.05350e-04	3.32246	28.2	30973	1.07280e-04	3.32266	29.1	31628	1.05010e-04	3.32129	27.9	31384	1.05820e-04	3.32109	29.4
64705.608	16.027	31633	1.05050e-04	3.32305	28.2	30953	1.07350e-04	3.32285	29.1	31636	1.04990e-04	3.32148	27.9	31402	1.05770e-04	3.32129	29.4
64706.796	16.001	31539	1.05350e-04	3.32266	28.2	30975	1.07280e-04	3.32285	29.1	31674	1.04860e-04	3.32129	27.9	31418	1.05710e-04	3.32109	29.4
64707.985	16.001	31564	1.05270e-04	3.32266	28.2	30907	1.07510e-04	3.32285	29.1	31672	1.04870e-04	3.32148	27.9	31433	1.05660e-04	3.32109	29.4
64709.173	16.001	31568	1.05260e-04	3.32285	28.2	30943	1.07380e-04	3.32266	29.1	31691	1.04800e-04	3.32129	27.9	31452	1.05590e-04	3.32109	29.4
64710.361	16.013	31552	1.05300e-04	3.32246	28.2	30949	1.07360e-04	3.32266	29.1	31682	1.04830e-04	3.32129	27.9	31387	1.05810e-04	3.32090	29.4
64711.549	16.013	31557	1.05300e-04	3.32285	28.2	30932	1.07410e-04	3.32246	29.1	31669	1.04870e-04	3.32129	27.9	31410	1.05740e-04	3.32129	29.4
64712.738	16.030	31532	1.05380e-04	3.32285	28.2	30949	1.07360e-04	3.32266	29.1	31703	1.04760e-04	3.32129	27.9	31431	1.05660e-04	3.32109	29.4
64713.926	16.030	31509	1.05450e-04	3.32266	28.2	30917	1.07470e-04	3.32266	29.1	31682	1.04830e-04	3.32129	27.9	31430	1.05670e-04	3.32109	29.4
64715.114	16.032	31529	1.05390e-04	3.32285	28.2	30974	1.07270e-04	3.32246	29.1	31681	1.04840e-04	3.32129	27.9	31384	1.05810e-04	3.32090	29.4
64716.302	16.032	31549	1.05320e-04	3.32285	28.2	30929	1.07430e-04	3.32266	29.1	31691	1.04800e-04	3.32129	27.9	31420	1.05710e-04	3.32129	29.4
64717.491	16.032	31616	1.05090e-04	3.32266	28.2	30928	1.07440e-04	3.32285	29.1	31705	1.04760e-04	3.32129	27.9	31420	1.05710e-04	3.32129	29.4
64718.679	16.034	31575	1.05230e-04	3.32266	28.2	30939	1.07390e-04	3.32266	29.1	31666	1.04890e-04	3.32129	27.9	31363	1.05890e-04	3.32109	29.4
64719.867	16.034	31524	1.05400e-04	3.32266	28.2	30909	1.07500e-04	3.32266	29.1	31633	1.05000e-04	3.32148	27.9	31447	1.05600e-04	3.32090	29.4
64721.055	16.035	31510	1.05450e-04	3.32285	28.2	30888	1.07560e-04	3.32246	29.1	31667	1.04880e-04	3.32129	27.9	31420	1.05700e-04	3.32109	29.4
64722.243	16.035	31548	1.05320e-04	3.32266	28.2	30902	1.07520e-04	3.32266	29.1	31638	1.04980e-04	3.32129	27.9	31380	1.05830e-04	3.32109	29.4
64723.432	16.035	31562	1.05270e-04	3.32266	28.2	30929	1.07430e-04	3.32266	29.1	31692	1.04800e-04	3.32129	27.9	31427	1.05680e-04	3.32129	29.4
64724.620	16.035	31598	1.05150e-04	3.32266	28.2	30947	1.07360e-04	3.32246	29.1	31698	1.04780e-04	3.32129	27.9	31445	1.05620e-04	3.32109	29.4
64725.808	16.026	31604	1.05130e-04	3.32266	28.2	30975	1.07270e-04	3.32266	29.1	31734	1.04670e-04	3.32148	27.9	31405	1.05740e-04	3.32090	29.4
64726.996	16.026	31552	1.05310e-04	3.32285	28.2	31000	1.07180e-04	3.32266	29.1	31736	1.04650e-04	3.32129	27.9	31421	1.05690e-04	3.32090	29.4
64728.184	16.032	31543	1.05340e-04	3.32285	28.2	30985	1.07240e-04	3.32266	29.1	31724	1.04700e-04	3.32148	27.9	31374	1.05850e-04	3.32109	29.4
64729.373	16.032	31504	1.05470e-04	3.32285	28.2	30908	1.07500e-04	3.32266	29.1	31716	1.04720e-04	3.32129	27.9	31388	1.05810e-04	3.32129	29.4
64730.561	16.032	31489	1.05520e-04	3.32266	28.2	30929	1.07430e-04	3.32266	29.1	31692	1.04800e-04	3.32129	27.9	31414	1.05720e-04	3.32109	29.4
64731.749	16.030	31561	1.05280e-04	3.32266	28.2	30883	1.07590e-04	3.32266	29.1	31719	1.04710e-04	3.32148	27.9	31431	1.05660e-04	3.32090	29.4
64732.938	16.030	31556	1.05290e-04	3.32266	28.2	30897	1.07540e-04	3.32266	29.1	31644	1.04960e-04	3.32129	27.9	31416	1.05710e-04	3.32090	29.4
64734.126	16.035	31531	1.05380e-04	3.32266	28.2	30958	1.07320e-04	3.32246	29.1	31698	1.04770e-04	3.32090	27.9	31429	1.05670e-04	3.32109	29.4
64735.314	16.035	31531	1.05380e-04	3.32285	28.2	30930	1.07420e-04	3.32266	29.1	31711	1.04750e-04	3.32168	27.9	31455	1.05590e-04	3.32129	29.4
64736.502	16.055	31600	1.05150e-04	3.32266	28.2	30909	1.07500e-04	3.32266	29.1	31721	1.04700e-04	3.32129	27.9	31376	1.05850e-04	3.32109	29.4
64737.690	16.055	31545	1.05330e-04	3.32266	28.2	30941	1.07380e-04	3.32246	29.1	31683	1.04830e-04	3.32129	27.9	31431	1.05660e-04	3.32109	29.4
64738.879	16.055	31577	1.05220e-04	3.32266	28.2	30875	1.07620e-04	3.32285	29.1	31681	1.04840e-04	3.32148	27.9	31408	1.05730e-04	3.32090	29.4
64740.067	16.059	31522	1.05410e-04	3.32266	28.2	30951	1.07350e-04	3.32246	29.1	31688	1.04810e-04	3.32109	27.9	31445	1.05620e-04	3.32109	29.4
64741.255	16.059	31573	1.05240e-04	3.32266	28.2	30952	1.07360e-04	3.32285	29.1	31692	1.04800e-04	3.32129	27.9	31446	1.05620e-04	3.32129	29.4
64742.443	16.040	31512	1.05450e-04	3.32285	28.2	30924	1.07450e-04	3.32266	29.1	31699	1.04780e-04	3.32129	27.9	31379	1.05840e-04	3.32109	29.4
64743.632	16.040	31536	1.05360e-04	3.32266	28.2	30962	1.07320e-04	3.32285	29.1	31644	1.04960e-04	3.32148	27.9	31396	1.05780e-04	3.32109	29.4
64744.820	16.054	31555	1.05300e-04	3.32285	28.2	30892	1.07560e-04	3.32266	29.1	31627	1.05020e-04	3.32148	27.9	31392	1.05790e-04	3.32109	29.4
64746.008	16.054	31564	1.05270e-04	3.32266	28.2	30888	1.07570e-04	3.32266	29.1	31681	1.04840e-04	3.32129	27.9	31372	1.05860e-04	3.32090	29.4
64747.196	16.040	31577	1.05220e-04	3.32266	28.2	30888	1.07570e-04	3.32246	29.1	31643	1.04960e-04	3.32129	27.9	31387	1.05820e-04	3.32129	29.4
64748.385	16.040	31516	1.05430e-04	3.32285	28.2	30888	1.07570e-04	3.32266	29.1	31681	1.04840e-04	3.32148	27.9	31378	1.05850e-04	3.32129	29.4
64749.573	16.040	31562	1.05280e-04	3.32266	28.2	30937	1.07400e-04	3.32266	29.1	31642	1.04960e-04	3.32129	27.9	31396	1.05780e-04	3.32109	29.4
64750.761	16.054	31516	1.05430e-04	3.32285	28.2	30930	1.07420e-04	3.32246	29.1	31663	1.04900e-04	3.32129	27.9	31412	1.05720e-04	3.32090	29.4
64751.950	16.054	31548	1.05330e-04	3.32285	28.2	30945	1.07370e-04	3.32266	29.1	31707	1.04750e-04	3.32129	27.9	31430	1.05660e-04	3.32090	29.4
64753.137	16.042	31508	1.05450e-04	3.32266	28.2	30992	1.07220e-04	3.32285	29.1	31721	1.04700e-04	3.32129	27.9	31377	1.05840e-04	3.32109	29.4
64754.326	16.042	31562	1.05280e-04	3.32266	28.2	30884	1.07590e-04	3.32285	29.1	31615	1.05060e-04	3.32129	27.9	31391	1.05800e-04	3.32109	29.4
64755.514	16.052	31475	1.05570e-04	3.32266	28.2	30844	1.07720e-04	3.32266	29.1	31628	1.05020e-04	3.32148	27.9	31388	1.05810e-04	3.32109	29.4
64756.703	16.052	31551	1.05310e-04	3.32266	28.2	30939	1.07390e-04	3.32266	29.1	31611	1.05070e-04	3.32129	27.9	31403	1.05750e-04	3.32090	29.4
64757.890	16.036	31493	1.05500e-04	3.32266	28.2	30906	1.07510e-04	3.32266	29.1	31671	1.04870e-04	3.32129	27.9	31400	1.05760e-04	3.32090	29.4
64759.079	16.036	31519	1.05420e-04	3.32285	28.2	30893	1.07550e-04	3.32246	29.1	31650	1.04940e-04	3.32129	27.9	31408	1.05740e-04	3.32109	29.4
64760.267	16.036	31543	1.05340e-04	3.32266	28.2	30902	1.07510e-04	3.32246	29.1	31663	1.04890e-04	3.32129	27.9	31411	1.05740e-04	3.32129	29.4
64761.456	16.042	31547	1.05320e-04	3.32266	28.2	30928	1.07430e-04	3.32246	29.1	31640	1.04980e-04	3.32148	27.9	31376	1.05850e-04	3.32109	29.4
64762.643	16.042	31570	1.05250e-04	3.32266	28.2	30936	1.07400e-04	3.32266	29.1	31666	1.04890e-04	3.32148	27.9	31335	1.05980e-04	3.32090	29.4
64763.832	16.040	31488	1.05530e-04	3.32285	28.2	30907	1.07500e-04	3.32266	29.1	31655	1.04910e-04	3.32109	27.9	31364	1.05890e-04	3.32109	29.4
64765.020	16.040	31540	1.05340e-04	3.32246	28.2	30934	1.07410e-04	3.32266	29.1	31630	1.05000e-04	3.32129	27.9	31371	1.05870e-04	3.32109	29.4
64766.209	16.044	31535	1.05370e-04	3.32285	28.2	30918	1.07470e-04	3.32266	29.1	31720	1.04710e-04	3.32129	27.9	31403	1.05760e-04	3.32109	29.4
64767.397	16.044	31530	1.05390e-04	3.32285	28.2	30911	1.07490e-04	3.32266	29.1	31646	1.04950e-04	3.32129	27.9	31420	1.05710e-04	3.32129	29.4
64768.585	16.044	31532	1.05380e-04	3.32285	28.2	30871	1.07630e-04	3.32266	29.1	31610	1.05080e-04	3.32148	27.9	31358	1.05910e-04	3.32109	29.4
64769.773	16.032	31409	1.05790e-04	3.32266	28.2	30926	1.07440e-04	3.32266	29.1	31609	1.05070e-04	3.32129	27.9	31405	1.05750e-04	3.32109	29.4
64770.961	16.032	31618	1.05080e-04	3.32246	28.2	30918	1.07470e-04	3.32266	29.1	31620	1.05040e-04	3.32129	27.9	31463	1.05540e-04	3.32070	29.4
64772.150	16.023	31519	1.05430e-04	3.32305	28.2	30963	1.07300e-04	3.32246	29.1	31642	1.04960e-04	3.32109	27.9	31379	1.05840e-04	3.32129	29.4
64773.338	16.023	31535	1.05360e-04	3.32266	28.2	30881	1.07590e-04	3.32266	29.1	31625	1.05030e-04	3.32148	27.9	31356	1.05920e-04	3.32129	29.4
64774.526	16.006	31486	1.05530e-04	3.32285	28.2	30908	1.07500e-04	3.32266	29.1	31681	1.04840e-04	3.32148	27.9	31433	1.05660e-04	3.32109	29.4
64775.714	16.006	31542	1.05350e-04	3.32285	28.2	30902	1.07520e-04	3.32266	29.1	31630	1.05010e-04	3.32148	27.9	31439	1.05630e-04	3.32109	29.4
64776.902	16.022	31506	1.05460e-04	3.32266	28.2	30936	1.07410e-04	3.32285	29.1	31622	1.05030e-04	3.32129	27.9	31416	1.05710e-04	3.32109	29.4
64778.091	16.022	31529	1.05390e-04	3.32285	28.2	30914	1.07490e-04	3.32285	29.1	31672	1.04870e-04	3.32129	27.9	31400	1.05770e-04	3.32109	29.4
64779.279	16.033	31515	1.05430e-04	3.32266	28.2	30949	1.07360e-04	3.32266	29.1	31627	1.05020e-04	3.32148	27.9	31403	1.05760e-04	3.32129	29.4
64780.467	16.033	31539	1.05360e-04	3.32285	28.2	30869	1.07640e-04	3.32266	29.1	31628	1.05010e-04	3.32129	27.9	31361	1.05900e-04	3.32109	29.4
64781.656	16.033	31540	1.05350e-04	3.32285	28.2	30943	1.07380e-04	3.32266	29.1	31666	1.04890e-04	3.32129	27.9	31361	1.05900e-04	3.32109	29.4
64782.843	16.038	31606	1.05130e-04	3.32266	28.2	30932	1.07420e-04	3.32266	29.1	31583	1.05160e-04	3.32129	27.9	31478	1.05500e-04	3.32109	29.4
64784.032	16.038	31569	1.05250e-04	3.32266	28.3	30963	1.07310e-04	3.32266	29.1	31691	1.04800e-04	3.32129	27.9	31420	1.05710e-04	3.32129	29.4
64785.220	16.061	31478	1.05550e-04	3.32266	28.3	30861	1.07660e-04	3.32246	29.1	31629	1.05010e-04	3.32129	27.9	31419	1.05700e-04	3.32109	29.4
64786.408	16.061	31568	1.05260e-04	3.32285	28.3	30947	1.07370e-04	3.32285	29.1	31666	1.04890e-04	3.32148	27.9	31390	1.05810e-04	3.32129	29.4
64787.596	16.061	31520	1.05420e-04	3.32285	28.3	30946	1.07380e-04	3.32285	29.1	31653	1.04930e-04	3.32129	27.9	31334	1.05990e-04	3.32109	29.4
64788.785	16.055	31545	1.05330e-04	3.32266	28.3	30922	1.07460e-04	3.32285	29.1	31621	1.05040e-04	3.32148	27.9	31412	1.05730e-04	3.32109	29.4
64789.973	16.055	31540	1.05350e-04	3.32266	28.3	30927	1.07440e-04	3.32285	29.1	31609	1.05070e-04	3.32129	27.9	31378	1.05840e-04	3.32109	29.4
64791.161	16.047	31581	1.05210e-04	3.32266	28.3	30947	1.07370e-04	3.32266	29.1	31650	1.04940e-04	3.32129	27.9	31416	1.05710e-04	3.32109	29.4
64792.349	16.047	31531	1.05380e-04	3.32285	28.3	30930	1.07430e-04	3.32266	29.1	31675	1.04860e-04	3.32148	27.9	31384	1.05820e-04	3.32109	29.4
64793.538	16.038	31561	1.05280e-04	3.32285	28.3	30906	1.07510e-04	3.32266	29.1	31590	1.05140e-04	3.32129	27.9	31412	1.05730e-04	3.32109	29.4
64794.726	16.038	31597	1.05160e-04	3.32266	28.3	30932	1.07420e-04	3.32266	29.1	31589	1.05140e-04	3.32129	27.9	31358	1.05900e-04	3.32090	29.4
64795.914	16.033	31526	1.05400e-04	3.32285	28.3	30929	1.07420e-04	3.32246	29.1	31608	1.05080e-04	3.32129	27.9	31364	1.05890e-04	3.32109	29.4
64797.103	16.033	31560	1.05290e-04	3.32285	28.3	30897	1.07540e-04	3.32266	29.1	31610	1.05080e-04	3.32148	27.9	31356	1.05920e-04	3.32109	29.4
64798.291	16.043	31568	1.05260e-04	3.32285	28.3	30930	1.07420e-04	3.32266	29.1	31706	1.04760e-04	3.32148	27.9	31376	1.05850e-04	3.32129	29.4
64799.479	16.043	31549	1.05320e-04	3.32285	28.3	30885	1.07580e-04	3.32266	29.1	31612	1.05070e-04	3.32148	27.9	31373	1.05860e-04	3.32109	29.4
64800.668	16.043	31537	1.05360e-04	3.32266	28.3	30930	1.07430e-04	3.32266	29.1	31648	1.04950e-04	3.32129	27.9	31421	1.05690e-04	3.32090	29.4
64801.855	16.030	31554	1.05310e-04	3.32285	28.3	30883	1.07590e-04	3.32266	29.1	31583	1.05150e-04	3.32109	27.9	31424	1.05690e-04	3.32109	29.4
64803.044	16.030	31580	1.05210e-04	3.32246	28.3	30953	1.07350e-04	3.32266	29.1	31617	1.05050e-04	3.32148	27.9	31421	1.05700e-04	3.32109	29.4
64804.232	16.032	31527	1.05400e-04	3.32285	28.3	30902	1.07530e-04	3.32285	29.1	31616	1.05060e-04	3.32148	27.9	31423	1.05700e-04	3.32129	29.4
64805.420	16.032	31607	1.05130e-04	3.32285	28.3	30876	1.07610e-04	3.32266	29.1	31651	1.04940e-04	3.32148	27.9	31397	1.05780e-04	3.32109	29.4
64806.608	16.031	31494	1.05500e-04	3.32246	28.3	30922	1.07440e-04	3.32227	29.1	31629	1.05010e-04	3.32129	27.9	31365	1.05870e-04	3.32070	29.4
64807.797	16.031	31544	1.05340e-04	3.32285	28.3	30931	1.07430e-04	3.32285	29.1	31615	1.05060e-04	3.32148	27.9	31454	1.05590e-04	3.32129	29.4
64808.985	16.040	31561	1.05280e-04	3.32285	28.3	30860	1.07670e-04	3.32266	29.1	31636	1.04990e-04	3.32148	28.0	31346	1.05950e-04	3.32109	29.4
64810.173	16.040	31519	1.05420e-04	3.32266	28.3	30939	1.07390e-04	3.32246	29.1	31704	1.04760e-04	3.32129	28.0	31421	1.05700e-04	3.32109	29.4
64811.361	16.040	31571	1.05250e-04	3.32285	28.3	30917	1.07480e-04	3.32285	29.1	31633	1.04990e-04	3.32129	28.0	31413	1.05720e-04	3.32109	29.4
64812.550	16.040	31528	1.05390e-04	3.32266	28.3	30872	1.07630e-04	3.32285	29.1	31653	1.04930e-04	3.32148	28.0	31401	1.05760e-04	3.32090	29.4
64813.738	16.040	31509	1.05460e-04	3.32285	28.3	30940	1.07400e-04	3.32285	29.1	31656	1.04920e-04	3.32129	28.0	31392	1.05800e-04	3.32129	29.4
64814.926	16.047	31536	1.05370e-04	3.32285	28.3	30898	1.07540e-04	3.32285	29.1	31645	1.04960e-04	3.32148	28.0	31379	1.05840e-04	3.32129	29.4
64816.115	16.047	31569	1.05250e-04	3.32266	28.3	30941	1.07390e-04	3.32266	29.1	31598	1.05120e-04	3.32168	28.0	31360	1.05900e-04	3.32109	29.4
64817.303	16.043	31509	1.05450e-04	3.32266	28.3	30897	1.07530e-04	3.32246	29.1	31604	1.05090e-04	3.32129	28.0	31363	1.05890e-04	3.32090	29.4
64818.491	16.043	31499	1.05500e-04	3.32305	28.3	30907	1.07500e-04	3.32266	29.2	31644	1.04960e-04	3.32129	28.0	31396	1.05790e-04	3.32129	29.4
64819.679	16.043	31549	1.05320e-04	3.32285	28.3	30920	1.07460e-04	3.32266	29.2	31664	1.04900e-04	3.32148	28.0	31389	1.05810e-04	3.32109	29.4
64820.867	16.053	31538	1.05350e-04	3.32246	28.3	30867	1.07640e-04	3.32266	29.2	31604	1.05090e-04	3.32129	28.0	31319	1.06030e-04	3.32090	29.4
64822.056	16.053	31476	1.05570e-04	3.32305	28.3	30869	1.07640e-04	3.32266	29.2	31586	1.05160e-04	3.32148	28.0	31351	1.05940e-04	3.32129	29.4
64823.244	16.059	31514	1.05440e-04	3.32285	28.3	30887	1.07580e-04	3.32285	29.2	31636	1.05000e-04	3.32168	28.0	31345	1.05960e-04	3.32129	29.4
64824.432	16.059	31560	1.05280e-04	3.32266	28.3	30973	1.07280e-04	3.32266	29.2	31598	1.05110e-04	3.32129	28.0	31410	1.05740e-04	3.32129	29.4
64825.620	16.040	31587	1.05190e-04	3.32266	28.3	30921	1.07470e-04	3.32305	29.2	31655	1.04930e-04	3.32148	28.0	31403	1.05750e-04	3.32090	29.4
64826.809	16.040	31526	1.05400e-04	3.32285	28.3	30936	1.07410e-04	3.32285	29.2	31650	1.04940e-04	3.32148	28.0	31404	1.05750e-04	3.32090	29.4
64827.997	16.030	31501	1.05480e-04	3.32285	28.3	30938	1.07400e-04	3.32285	29.2	31624	1.05030e-04	3.32148	28.0	31407	1.05750e-04	3.32129	29.4
64829.185	16.030	31559	1.05300e-04	3.32305	28.3	30897	1.07550e-04	3.32285	29.2	31595	1.05130e-04	3.32148	28.0	31385	1.05820e-04	3.32129	29.4
64830.374	16.037	31472	1.05570e-04	3.32266	28.3	30855	1.07690e-04	3.32266	29.2	31627	1.05020e-04	3.32148	28.0	31366	1.05890e-04	3.32148	29.4
64831.562	16.037	31606	1.05140e-04	3.32305	28.3	30957	1.07330e-04	3.32266	29.2	31652	1.04930e-04	3.32129	28.0	31415	1.05710e-04	3.32090	29.4
64832.750	16.037	31530	1.05390e-04	3.32285	28.3	30946	1.07380e-04	3.32285	29.2	31672	1.04870e-04	3.32148	28.0	31431	1.05660e-04	3.32109	29.4
64833.938	16.032	31577	1.05220e-04	3.32266	28.3	30942	1.07390e-04	3.32285	29.2	31612	1.05080e-04	3.32168	28.0	31347	1.05950e-04	3.32129	29.4
64835.126	16.032	31529	1.05400e-04	3.32305	28.3	30953	1.07350e-04	3.32285	29.2	31657	1.04910e-04	3.32109	28.0	31418	1.05710e-04	3.32109	29.4
64836.315	16.025	31487	1.05540e-04	3.32305	28.3	30927	1.07450e-04	3.32305	29.2	31555	1.05270e-04	3.32168	28.0	31372	1.05870e-04	3.32129	29.4
64837.503	16.025	31527	1.05390e-04	3.32266	28.3	30889	1.07570e-04	3.32285	29.2	31595	1.05130e-04	3.32148	28.0	31342	1.05970e-04	3.32129	29.4
64838.691	16.025	31565	1.05280e-04	3.32305	28.3	30946	1.07380e-04	3.32285	29.2	31604	1.05090e-04	3.32129	28.0	31384	1.05810e-04	3.32090	29.4
64839.879	16.034	31577	1.05230e-04	3.32285	28.3	30934	1.07420e-04	3.32285	29.2	31656	1.04930e-04	3.32168	28.0	31370	1.05880e-04	3.32148	29.4
64841.068	16.034	31566	1.05270e-04	3.32285	28.3	30890	1.07560e-04	3.32266	29.2	31599	1.05110e-04	3.32129	28.0	31430	1.05670e-04	3.32129	29.4
64842.256	16.034	31521	1.05420e-04	3.32305	28.3	30891	1.07560e-04	3.32266	29.2	31666	1.04890e-04	3.32148	28.0	31376	1.05850e-04	3.32109	29.4
64843.444	16.034	31607	1.05130e-04	3.32285	28.3	30902	1.07520e-04	3.32266	29.2	31568	1.05220e-04	3.32148	28.0	31370	1.05880e-04	3.32129	29.4
64844.632	16.044	31548	1.05320e-04	3.32266	28.3	30944	1.07370e-04	3.32246	29.2	31616	1.05040e-04	3.32109	28.0	31381	1.05830e-04	3.32109	29.4
64845.820	16.044	31571	1.05250e-04	3.32285	28.3	30934	1.07420e-04	3.32285	29.2	31615	1.05070e-04	3.32168	28.0	31374	1.05850e-04	3.32109	29.4
64847.008	16.037	31499	1.05490e-04	3.32285	28.3	30929	1.07430e-04	3.32285	29.2	31644	1.04970e-04	3.32148	28.0	31362	1.05900e-04	3.32129	29.4
64848.197	16.037	31509	1.05450e-04	3.32266	28.3	30882	1.07600e-04	3.32285	29.2	31551	1.05270e-04	3.32148	28.0	31347	1.05950e-04	3.32129	29.4
64849.385	16.058	31599	1.05160e-04	3.32285	28.3	30923	1.07460e-04	3.32285	29.2	31633	1.05000e-04	3.32148	28.0	31349	1.05940e-04	3.32109	29.4
64850.573	16.058	31535	1.05370e-04	3.32285	28.3	30970	1.07290e-04	3.32285	29.2	31645	1.04960e-04	3.32148	28.0	31410	1.05740e-04	3.32129	29.4
64851.761	16.058	31548	1.05330e-04	3.32285	28.3	30940	1.07390e-04	3.32266	29.2	31672	1.04870e-04	3.32148	28.0	31383	1.05830e-04	3.32129	29.4
64852.950	16.044	31561	1.05280e-04	3.32285	28.3	30922	1.07460e-04	3.32285	29.2	31590	1.05140e-04	3.32148	28.0	31389	1.05810e-04	3.32109	29.4
64854.138	16.044	31543	1.05340e-04	3.32285	28.3	30912	1.07490e-04	3.32285	29.2	31649	1.04950e-04	3.32148	28.0	31408	1.05750e-04	3.32129	29.4
64855.326	16.044	31535	1.05380e-04	3.32305	28.3	30938	1.07400e-04	3.32285	29.2	31560	1.05240e-04	3.32148	28.0	31398	1.05780e-04	3.32129	29.4
64856.515	16.044	31513	1.05440e-04	3.32266	28.3	30916	1.07470e-04	3.32266	29.2	31646	1.04950e-04	3.32129	28.0	31386	1.05820e-04	3.32129	29.4
64857.703	16.049	31546	1.05340e-04	3.32305	28.4	30886	1.07580e-04	3.32285	29.2	31666	1.04890e-04	3.32148	28.0	31368	1.05880e-04	3.32109	29.4
64858.891	16.049	31529	1.05400e-04	3.32305	28.4	30912	1.07490e-04	3.32285	29.2	31638	1.04990e-04	3.32148	28.0	31385	1.05820e-04	3.32129	29.4
64860.079	16.045	31530	1.05390e-04	3.32285	28.4	30884	1.07590e-04	3.32285	29.2	31619	1.05040e-04	3.32129	28.0	31321	1.06040e-04	3.32129	29.4
64861.268	16.045	31513	1.05450e-04	3.32305	28.4	30860	1.07680e-04	3.32305	29.2	31576	1.05200e-04	3.32168	28.0	31314	1.06060e-04	3.32109	29.4
64862.456	16.045	31551	1.05310e-04	3.32266	28.4	30857	1.07690e-04	3.32285	29.2	31583	1.05170e-04	3.32148	28.0	31366	1.05890e-04	3.32129	29.4
64863.644	16.052	31574	1.05240e-04	3.32285	28.4	30962	1.07320e-04	3.32285	29.2	31615	1.05050e-04	3.32129	28.0	31347	1.05940e-04	3.32109	29.4
64864.832	16.052	31564	1.05280e-04	3.32305	28.4	30927	1.07440e-04	3.32285	29.2	31624	1.05030e-04	3.32148	28.0	31367	1.05890e-04	3.32129	29.4
64866.021	16.048	31587	1.05200e-04	3.32285	28.4	30919	1.07470e-04	3.32285	29.2	31618	1.05050e-04	3.32148	28.0	31417	1.05720e-04	3.32148	29.4
64867.209	16.048	31571	1.05250e-04	3.32285	28.4	30856	1.07680e-04	3.32266	29.2	31647	1.04950e-04	3.32148	28.0	31428	1.05680e-04	3.32129	29.5
64868.397	16.024	31524	1.05410e-04	3.32305	28.4	30903	1.07520e-04	3.32266	29.2	31605	1.05090e-04	3.32148	28.0	31342	1.05960e-04	3.32109	29.5
64869.585	16.024	31493	1.05500e-04	3.32266	28.4	30867	1.07650e-04	3.32285	29.2	31601	1.05110e-04	3.32168	28.0	31417	1.05710e-04	3.32129	29.5
64870.774	16.024	31537	1.05370e-04	3.32305	28.4	30943	1.07380e-04	3.32285	29.2	31597	1.05120e-04	3.32148	28.0	31341	1.05970e-04	3.32109	29.5
64871.962	16.042	31481	1.05540e-04	3.32266	28.4	30853	1.07700e-04	3.32285	29.2	31647	1.04950e-04	3.32148	28.0	31390	1.05810e-04	3.32148	29.4
64873.150	16.042	31523	1.05420e-04	3.32305	28.4	30887	1.07580e-04	3.32285	29.2	31599	1.05110e-04	3.32148	28.0	31395	1.05790e-04	3.32109	29.5
64874.338	16.048	31553	1.05310e-04	3.32285	28.4	30848	1.07720e-04	3.32285	29.2	31567	1.05220e-04	3.32148	28.0	31335	1.06000e-04	3.32148	29.5
64875.527	16.048	31588	1.05180e-04	3.32246	28.4	30942	1.07380e-04	3.32246	29.2	31704	1.04750e-04	3.32090	28.0	31351	1.05930e-04	3.32109	29.5
64876.715	16.048	31540	1.05360e-04	3.32305	28.4	30906	1.07520e-04	3.32285	29.2	31659	1.04920e-04	3.32168	28.0	31395	1.05780e-04	3.32090	29.5
64877.903	16.047	31529	1.05400e-04	3.32305	28.4	30935	1.07410e-04	3.32285	29.2	31559	1.05250e-04	3.32148	28.0	31373	1.05870e-04	3.32148	29.5
64879.091	16.055	31525	1.05400e-04	3.32285	28.4	30936	1.07410e-04	3.32285	29.2	31583	1.05170e-04	3.32148	28.0	31339	1.05980e-04	3.32129	29.5
64880.280	16.055	31523	1.05410e-04	3.32285	28.4	30918	1.07470e-04	3.32266	29.2	31588	1.05160e-04	3.32168	28.0	31340	1.05970e-04	3.32109	29.5
64881.468	16.055	31626	1.05070e-04	3.32305	28.4	30948	1.07370e-04	3.32285	29.2	31604	1.05100e-04	3.32148	28.0	31352	1.05930e-04	3.32109	29.5
64882.656	16.055	31527	1.05400e-04	3.32305	28.4	30931	1.07430e-04	3.32285	29.2	31631	1.05010e-04	3.32168	28.0	31382	1.05840e-04	3.32148	29.5
64883.844	16.055	31501	1.05480e-04	3.32266	28.4	30920	1.07460e-04	3.32266	29.2	31591	1.05140e-04	3.32148	28.0	31367	1.05890e-04	3.32129	29.5
64885.033	16.058	31476	1.05570e-04	3.32305	28.4	30919	1.07480e-04	3.32305	29.2	31546	1.05280e-04	3.32129	28.0	31330	1.06000e-04	3.32109	29.5
64886.221	16.058	31574	1.05240e-04	3.32285	28.4	30885	1.07590e-04	3.32305	29.2	31541	1.05310e-04	3.32148	28.0	31362	1.05900e-04	3.32129	29.5
64887.409	16.056	31555	1.05300e-04	3.32285	28.4	30897	1.07540e-04	3.32266	29.2	31601	1.05110e-04	3.32148	28.0	31330	1.06000e-04	3.32109	29.5
64888.597	16.056	31540	1.05360e-04	3.32305	28.4	30920	1.07460e-04	3.32285	29.2	31632	1.05000e-04	3.32148	28.0	31364	1.05890e-04	3.32109	29.5
64889.785	16.056	31561	1.05280e-04	3.32266	28.4	30943	1.07390e-04	3.32285	29.2	31603	1.05100e-04	3.32148	28.0	31354	1.05930e-04	3.32129	29.5
64890.974	16.049	31624	1.05070e-04	3.32285	28.4	31008	1.07150e-04	3.32266	29.2	31638	1.04980e-04	3.32148	28.0	31357	1.05910e-04	3.32109	29.5
64892.162	16.034	31547	1.05330e-04	3.32285	28.4	30970	1.07290e-04	3.32285	29.2	31661	1.04910e-04	3.32148	28.0	31402	1.05770e-04	3.32129	29.5
64893.350	16.034	31553	1.05300e-04	3.32266	28.4	30937	1.07400e-04	3.32266	29.2	31636	1.05000e-04	3.32168	28.0	31404	1.05760e-04	3.32129	29.5
64894.538	16.034	31531	1.05400e-04	3.32324	28.4	30876	1.07620e-04	3.32285	29.2	31645	1.04960e-04	3.32148	28.0	31416	1.05710e-04	3.32109	29.5
64895.727	16.038	31544	1.05340e-04	3.32285	28.4	30930	1.07430e-04	3.32285	29.2	31632	1.05000e-04	3.32148	28.0	31428	1.05690e-04	3.32148	29.5
64896.915	16.038	31520	1.05410e-04	3.32266	28.4	30826	1.07790e-04	3.32285	29.2	31585	1.05160e-04	3.32148	28.0	31414	1.05730e-04	3.32129	29.5
64898.103	16.036	31578	1.05230e-04	3.32305	28.4	30920	1.07470e-04	3.32285	29.2	31584	1.05160e-04	3.32129	28.0	31288	1.06140e-04	3.32109	29.5
64899.291	16.036	31564	1.05280e-04	3.32305	28.4	30934	1.07420e-04	3.32285	29.2	31614	1.05070e-04	3.32148	28.0	31411	1.05730e-04	3.32129	29.5
64900.480	16.026	31567	1.05260e-04	3.32266	28.4	30935	1.07410e-04	3.32266	29.2	31627	1.05020e-04	3.32148	28.0	31386	1.05810e-04	3.32109	29.5
64901.668	16.026	31549	1.05330e-04	3.32324	28.4	30895	1.07550e-04	3.32266	29.2	31626	1.05020e-04	3.32129	28.0	31390	1.05800e-04	3.32109	29.5
64902.856	16.026	31556	1.05290e-04	3.32266	28.4	30862	1.07670e-04	3.32285	29.2	31602	1.05110e-04	3.32168	28.0	31333	1.06010e-04	3.32148	29.5
64904.044	16.026	31550	1.05330e-04	3.32305	28.4	30875	1.07620e-04	3.32285	29.2	31588	1.05150e-04	3.32148	28.0	31355	1.05920e-04	3.32129	29.5
64905.233	16.026	31594	1.05180e-04	3.32305	28.4	30901	1.07530e-04	3.32285	29.2	31587	1.05150e-04	3.32148	28.0	31354	1.05930e-04	3.32129	29.5
64906.421	16.030	31551	1.05320e-04	3.32285	28.4	30939	1.07400e-04	3.32285	29.2	31612	1.05070e-04	3.32168	28.0	31390	1.05810e-04	3.32129	29.5
64907.609	16.030	31546	1.05340e-04	3.32305	28.4	30948	1.07370e-04	3.32285	29.2	31643	1.04970e-04	3.32168	28.0	31415	1.05720e-04	3.32129	29.5
64908.797	16.024	31592	1.05190e-04	3.32305	28.4	30945	1.07380e-04	3.32305	29.2	31620	1.05040e-04	3.32148	28.0	31405	1.05760e-04	3.32129	29.5
64909.986	16.024	31581	1.05220e-04	3.32285	28.4	30913	1.07490e-04	3.32285	29.2	31614	1.05070e-04	3.32148	28.1	31379	1.05840e-04	3.32109	29.5
64911.174	16.026	31602	1.05150e-04	3.32305	28.4	30993	1.07220e-04	3.32305	29.2	31620	1.05050e-04	3.32168	28.0	31410	1.05740e-04	3.32129	29.5
64912.362	16.026	31562	1.05290e-04	3.32305	28.4	30988	1.07230e-04	3.32285	29.2	31656	1.04930e-04	3.32168	28.1	31429	1.05680e-04	3.32129	29.5
64913.550	16.026	31557	1.05300e-04	3.32285	28.4	30942	1.07380e-04	3.32266	29.2	31604	1.05100e-04	3.32168	28.0	31407	1.05750e-04	3.32129	29.5
64914.739	16.038	31594	1.05180e-04	3.32305	28.4	30928	1.07430e-04	3.32266	29.2	31545	1.05300e-04	3.32148	28.0	31390	1.05810e-04	3.32129	29.5
64915.927	16.038	31557	1.05300e-04	3.32285	28.4	30912	1.07490e-04	3.32285	29.2	31583	1.05170e-04	3.32148	28.0	31361	1.05910e-04	3.32129	29.5
64917.115	16.033	31463	1.05610e-04	3.32266	28.4	30874	1.07620e-04	3.32266	29.2	31601	1.05110e-04	3.32148	28.0	31374	1.05860e-04	3.32129	29.5
64918.303	16.033	31589	1.05200e-04	3.32324	28.4	30919	1.07470e-04	3.32285	29.2	31579	1.05180e-04	3.32148	28.0	31316	1.06050e-04	3.32109	29.5
64919.491	16.053	31537	1.05360e-04	3.32266	28.4	30876	1.07630e-04	3.32305	29.2	31632	1.05000e-04	3.32148	28.1	31353	1.05930e-04	3.32129	29.5
64920.680	16.053	31591	1.05180e-04	3.32285	28.4	30918	1.07470e-04	3.32266	29.2	31612	1.05060e-04	3.32129	28.0	31344	1.05960e-04	3.32109	29.5
64921.868	16.051	31635	1.05040e-04	3.32305	28.4	30961	1.07340e-04	3.32324	29.2	31650	1.04940e-04	3.32148	28.0	31407	1.05750e-04	3.32129	29.5
64923.057	16.051	31532	1.05380e-04	3.32285	28.4	30972	1.07280e-04	3.32285	29.2	31639	1.04980e-04	3.32148	28.0	31384	1.05830e-04	3.32129	29.5
64924.245	16.051	31570	1.05260e-04	3.32305	28.4	30924	1.07450e-04	3.32285	29.2	31594	1.05130e-04	3.32148	28.0	31372	1.05870e-04	3.32129	29.5
64925.433	16.048	31634	1.05040e-04	3.32285	28.4	31004	1.07170e-04	3.32285	29.2	31637	1.04990e-04	3.32148	28.0	31401	1.05770e-04	3.32129	29.5
64926.621	16.048	31545	1.05340e-04	3.32285	28.4	30912	1.07490e-04	3.32266	29.2	31653	1.04930e-04	3.32129	28.0	31406	1.05740e-04	3.32090	29.5
64927.809	16.056	31543	1.05340e-04	3.32285	28.4	30936	1.07410e-04	3.32285	29.2	31637	1.04990e-04	3.32168	28.0	31393	1.05800e-04	3.32148	29.5
64928.997	16.056	31612	1.05110e-04	3.32285	28.4	30940	1.07400e-04	3.32285	29.2	31686	1.04830e-04	3.32148	28.0	31417	1.05710e-04	3.32129	29.5
64930.186	16.051	31656	1.04970e-04	3.32285	28.4	30989	1.07230e-04	3.32285	29.2	31675	1.04860e-04	3.32148	28.0	31436	1.05650e-04	3.32129	29.5
64931.374	16.051	31564	1.05280e-04	3.32305	28.4	30967	1.07300e-04	3.32285	29.2	31736	1.04660e-04	3.32129	28.0	31490	1.05470e-04	3.32109	29.5
64932.562	16.051	31622	1.05080e-04	3.32285	28.4	31007	1.07170e-04	3.32285	29.2	31648	1.04950e-04	3.32148	28.1	31416	1.05720e-04	3.32129	29.5
64933.750	16.024	31551	1.05320e-04	3.32285	28.4	30959	1.07330e-04	3.32285	29.2	31690	1.04820e-04	3.32168	28.0	31425	1.05690e-04	3.32129	29.5
64934.938	16.024	31514	1.05430e-04	3.32266	28.4	30942	1.07380e-04	3.32266	29.2	31635	1.04990e-04	3.32129	28.1	31398	1.05780e-04	3.32129	29.5
64936.127	16.040	31556	1.05310e-04	3.32305	28.4	30871	1.07640e-04	3.32285	29.2	31621	1.05050e-04	3.32168	28.1	31359	1.05910e-04	3.32109	29.5
64937.315	16.040	31539	1.05360e-04	3.32285	28.4	30937	1.07410e-04	3.32285	29.2	31550	1.05280e-04	3.32168	28.1	31345	1.05950e-04	3.32109	29.5
64938.504	16.045	31556	1.05300e-04	3.32285	28.4	30973	1.07280e-04	3.32266	29.2	31622	1.05040e-04	3.32148	28.1	31344	1.05960e-04	3.32129	29.5
64939.692	16.045	31492	1.05510e-04	3.32285	28.4	30943	1.07380e-04	3.32266	29.2	31659	1.04910e-04	3.32148	28.1	31385	1.05820e-04	3.32129	29.5
64940.880	16.046	31571	1.05250e-04	3.32285	28.4	30957	1.07330e-04	3.32266	29.2	31619	1.05050e-04	3.32148	28.1	31332	1.06000e-04	3.32129	29.5
64942.068	16.046	31525	1.05400e-04	3.32285	28.4	30933	1.07420e-04	3.32266	29.2	31579	1.05180e-04	3.32129	28.1	31322	1.06030e-04	3.32109	29.5
64943.256	16.044	31512	1.05450e-04	3.32285	28.4	30908	1.07510e-04	3.32305	29.2	31615	1.05060e-04	3.32148	28.1	31361	1.05910e-04	3.32129	29.5
64944.444	16.044	31496	1.05500e-04	3.32266	28.4	30880	1.07600e-04	3.32285	29.2	31559	1.05250e-04	3.32148	28.1	31340	1.05970e-04	3.32109	29.5
64945.633	16.044	31528	1.05400e-04	3.32285	28.4	30941	1.07390e-04	3.32285	29.2	31613	1.05060e-04	3.32129	28.1	31442	1.05620e-04	3.32090	29.5
64946.821	16.035	31578	1.05230e-04	3.32285	28.4	30924	1.07450e-04	3.32285	29.3	31599	1.05110e-04	3.32148	28.1	31359	1.05920e-04	3.32148	29.5
64948.009	16.035	31562	1.05280e-04	3.32305	28.4	30925	1.07440e-04	3.32266	29.3	31624	1.05030e-04	3.32148	28.1	31407	1.05740e-04	3.32109	29.5
64949.197	16.039	31557	1.05300e-04	3.32285	28.5	30938	1.07400e-04	3.32285	29.3	31668	1.04890e-04	3.32148	28.1	31389	1.05810e-04	3.32129	29.5
64950.386	16.039	31584	1.05210e-04	3.32285	28.5	30949	1.07360e-04	3.32266	29.3	31652	1.04940e-04	3.32148	28.1	31387	1.05810e-04	3.32109	29.5
64951.574	16.033	31588	1.05190e-04	3.32285	28.4	30951	1.07350e-04	3.32266	29.3	31658	1.04920e-04	3.32148	28.1	31382	1.05830e-04	3.32129	29.5
64952.762	16.033	31500	1.05490e-04	3.32285	28.5	30877	1.07610e-04	3.32266	29.3	31581	1.05180e-04	3.32148	28.1	31408	1.05750e-04	3.32129	29.5
64953.951	16.033	31567	1.05260e-04	3.32266	28.5	30950	1.07350e-04	3.32246	29.3	31580	1.05170e-04	3.32109	28.1	31370	1.05880e-04	3.32129	29.5
64955.139	16.051	31586	1.05210e-04	3.32324	28.5	30924	1.07460e-04	3.32305	29.3	31579	1.05190e-04	3.32168	28.1	31391	1.05790e-04	3.32090	29.5
64956.327	16.051	31578	1.05230e-04	3.32285	28.4	30983	1.07250e-04	3.32285	29.3	31644	1.04960e-04	3.32148	28.1	31360	1.05910e-04	3.32129	29.5
64957.515	16.045	31527	1.05390e-04	3.32266	28.5	30956	1.07350e-04	3.32305	29.3	31661	1.04910e-04	3.32148	28.1	31446	1.05620e-04	3.32129	29.5
64958.703	16.045	31548	1.05330e-04	3.32285	28.5	30936	1.07410e-04	3.32285	29.3	31647	1.04960e-04	3.32148	28.1	31411	1.05730e-04	3.32109	29.5
64959.892	16.047	31610	1.05110e-04	3.32266	28.5	30875	1.07620e-04	3.32266	29.3	31603	1.05100e-04	3.32148	28.1	31396	1.05790e-04	3.32129	29.5
64961.080	16.047	31560	1.05290e-04	3.32285	28.5	30906	1.07510e-04	3.32285	29.3	31583	1.05170e-04	3.32148	28.1	31364	1.05890e-04	3.32109	29.5
64962.268	16.047	31551	1.05320e-04	3.32305	28.5	30894	1.07560e-04	3.32285	29.3	31568	1.05220e-04	3.32148	28.1	31358	1.05910e-04	3.32109	29.5
64963.457	16.047	31531	1.05380e-04	3.32285	28.5	30937	1.07400e-04	3.32266	29.3	31587	1.05150e-04	3.32148	28.1	31407	1.05750e-04	3.32129	29.5
64964.645	16.047	31539	1.05360e-04	3.32285	28.5	30928	1.07430e-04	3.32266	29.3	31582	1.05170e-04	3.32148	28.1	31337	1.05990e-04	3.32129	29.5
64965.833	16.052	31602	1.05150e-04	3.32285	28.5	30934	1.07410e-04	3.32266	29.3	31624	1.05020e-04	3.32129	28.1	31362	1.05900e-04	3.32109	29.5
64967.021	16.052	31572	1.05250e-04	3.32285	28.5	30942	1.07380e-04	3.32266	29.3	31622	1.05030e-04	3.32129	28.1	31356	1.05920e-04	3.32109	29.5
64968.209	16.024	31506	1.05470e-04	3.32305	28.5	30909	1.07510e-04	3.32305	29.3	31601	1.05110e-04	3.32168	28.1	31382	1.05830e-04	3.32109	29.5
64969.397	16.024	31529	1.05380e-04	3.32266	28.5	30940	1.07400e-04	3.32285	29.3	31636	1.04990e-04	3.32129	28.1	31337	1.05980e-04	3.32109	29.5
64970.586	16.027	31557	1.05300e-04	3.32285	28.5	30884	1.07590e-04	3.32285	29.3	31592	1.05140e-04	3.32148	28.1	31332	1.06000e-04	3.32109	29.5
64971.774	16.027	31522	1.05410e-04	3.32285	28.5	30924	1.07450e-04	3.32285	29.3	31598	1.05120e-04	3.32168	28.1	31375	1.05860e-04	3.32129	29.5
64972.962	16.048	31563	1.05280e-04	3.32285	28.5	30949	1.07360e-04	3.32266	29.3	31630	1.05010e-04	3.32148	28.1	31355	1.05920e-04	3.32109	29.5
64974.151	16.048	31548	1.05320e-04	3.32266	28.5	30910	1.07490e-04	3.32246	29.3	31591	1.05140e-04	3.32148	28.1	31373	1.05860e-04	3.32109	29.5
64975.339	16.048	31561	1.05280e-04	3.32285	28.5	30931	1.07430e-04	3.32285	29.3	31603	1.05100e-04	3.32148	28.1	31427	1.05670e-04	3.32090	29.5
64976.527	16.036	31550	1.05310e-04	3.32266	28.5	30904	1.07520e-04	3.32285	29.3	31588	1.05150e-04	3.32148	28.1	31379	1.05840e-04	3.32129	29.5
64977.715	16.036	31575	1.05240e-04	3.32285	28.5	30926	1.07450e-04	3.32285	29.3	31586	1.05160e-04	3.32148	28.1	31340	1.05980e-04	3.32129	29.5
64978.904	16.035	31562	1.05270e-04	3.32266	28.5	30926	1.07440e-04	3.32266	29.3	31642	1.04970e-04	3.32148	28.1	31379	1.05840e-04	3.32109	29.5
64980.092	16.035	31561	1.05280e-04	3.32285	28.5	30941	1.07390e-04	3.32285	29.3	31568	1.05210e-04	3.32129	28.1	31385	1.05810e-04	3.32090	29.5
64981.280	16.039	31562	1.05290e-04	3.32305	28.5	30952	1.07360e-04	3.32305	29.3	31674	1.04860e-04	3.32148	28.1	31367	1.05880e-04	3.32109	29.5
64982.469	16.039	31580	1.05220e-04	3.32285	28.5	30979	1.07260e-04	3.32285	29.3	31619	1.05050e-04	3.32148	28.1	31390	1.05810e-04	3.32148	29.5
64983.657	16.039	31572	1.05240e-04	3.32266	28.5	30917	1.07470e-04	3.32266	29.3	31594	1.05130e-04	3.32148	28.1	31367	1.05890e-04	3.32129	29.5
64984.845	16.050	31570	1.05260e-04	3.32305	28.5	30891	1.07560e-04	3.32266	29.3	31594	1.05130e-04	3.32148	28.1	31364	1.05880e-04	3.32090	29.5
64986.033	16.050	31552	1.05310e-04	3.32285	28.5	30892	1.07560e-04	3.32285	29.3	31553	1.05270e-04	3.32148	28.1	31373	1.05860e-04	3.32129	29.5
64987.221	16.044	31563	1.05270e-04	3.32266	28.5	30985	1.07230e-04	3.32266	29.3	31607	1.05090e-04	3.32148	28.1	31385	1.05820e-04	3.32129	29.5
64988.409	16.044	31503	1.05480e-04	3.32305	28.5	30910	1.07500e-04	3.32285	29.3	31564	1.05230e-04	3.32148	28.1	31380	1.05830e-04	3.32109	29.5
64989.598	16.038	31552	1.05310e-04	3.32285	28.5	30889	1.07580e-04	3.32285	29.3	31534	1.05330e-04	3.32148	28.1	31353	1.05940e-04	3.32148	29.5
64990.786	16.038	31543	1.05350e-04	3.32305	28.5	30904	1.07520e-04	3.32285	29.3	31565	1.05230e-04	3.32148	28.1	31316	1.06060e-04	3.32129	29.5
64991.974	16.044	31499	1.05500e-04	3.32305	28.5	30894	1.07560e-04	3.32285	29.3	31611	1.05070e-04	3.32148	28.1	31308	1.06080e-04	3.32109	29.5
64993.162	16.044	31564	1.05270e-04	3.32266	28.5	30883	1.07590e-04	3.32285	29.3	31536	1.05320e-04	3.32129	28.1	31336	1.05990e-04	3.32129	29.5
64994.351	16.042	31557	1.05300e-04	3.32305	28.5	30924	1.07460e-04	3.32305	29.3	31573	1.05200e-04	3.32148	28.1	31348	1.05940e-04	3.32109	29.5
64995.539	16.042	31493	1.05510e-04	3.32285	28.5	30889	1.07570e-04	3.32285	29.3	31583	1.05170e-04	3.32168	28.1	31382	1.05830e-04	3.32129	29.5
64996.727	16.042	31655	1.04970e-04	3.32285	28.5	30942	1.07380e-04	3.32266	29.3	31607	1.05090e-04	3.32148	28.1	31469	1.05540e-04	3.32129	29.5
64997.916	16.048	31600	1.05150e-04	3.32285	28.5	30904	1.07510e-04	3.32266	29.3	31658	1.04920e-04	3.32168	28.1	31428	1.05670e-04	3.32109	29.5
64999.104	16.048	31524	1.05410e-04	3.32285	28.5	30924	1.07450e-04	3.32285	29.3	31589	1.05150e-04	3.32148	28.1	31417	1.05720e-04	3.32129	29.5
65000.292	16.035	31530	1.05390e-04	3.32285	28.5	30887	1.07580e-04	3.32285	29.3	31569	1.05210e-04	3.32148	28.1	31393	1.05790e-04	3.32109	29.5
65001.480	16.035	31623	1.05080e-04	3.32285	28.5	30965	1.07300e-04	3.32266	29.3	31589	1.05150e-04	3.32148	28.1	31397	1.05780e-04	3.32129	29.5
65002.668	16.029	31559	1.05300e-04	3.32305	28.5	30920	1.07470e-04	3.32285	29.3	31661	1.04910e-04	3.32148	28.1	31368	1.05880e-04	3.32109	29.5
65003.856	16.029	31681	1.04890e-04	3.32285	28.5	30948	1.07370e-04	3.32285	29.3	31626	1.05020e-04	3.32148	28.1	31363	1.05900e-04	3.32129	29.5
65005.045	16.023	31550	1.05320e-04	3.32285	28.5	30962	1.07320e-04	3.32285	29.3	31668	1.04880e-04	3.32129	28.1	31355	1.05920e-04	3.32109	29.5
65006.233	16.023	31488	1.05530e-04	3.32285	28.5	30916	1.07480e-04	3.32305	29.3	31637	1.04990e-04	3.32148	28.1	31390	1.05810e-04	3.32129	29.5
65007.421	16.023	31563	1.05280e-04	3.32285	28.5	30890	1.07570e-04	3.32285	29.3	31580	1.05180e-04	3.32148	28.1	31336	1.05990e-04	3.32129	29.5
65008.610	16.033	31527	1.05400e-04	3.32305	28.5	30909	1.07500e-04	3.32266	29.3	31623	1.05030e-04	3.32148	28.1	31351	1.05930e-04	3.32109	29.5
65009.798	16.033	31531	1.05380e-04	3.32285	28.5	30913	1.07490e-04	3.32285	29.3	31581	1.05170e-04	3.32148	28.1	31405	1.05760e-04	3.32129	29.5
65010.986	16.036	31531	1.05380e-04	3.32285	28.5	30894	1.07550e-04	3.32266	29.3	31606	1.05090e-04	3.32148	28.1	31364	1.05900e-04	3.32129	29.5
65012.174	16.036	31514	1.05440e-04	3.32285	28.5	30865	1.07660e-04	3.32285	29.3	31619	1.05040e-04	3.32129	28.1	31358	1.05910e-04	3.32109	29.5
65013.363	16.032	31553	1.05310e-04	3.32285	28.5	30857	1.07690e-04	3.32285	29.3	31618	1.05050e-04	3.32148	28.1	31390	1.05810e-04	3.32148	29.5
65014.551	16.032	31543	1.05340e-04	3.32285	28.5	30899	1.07530e-04	3.32266	29.3	31579	1.05190e-04	3.32168	28.1	31394	1.05800e-04	3.32148	29.5
65015.739	16.032	31541	1.05350e-04	3.32285	28.5	30907	1.07520e-04	3.32305	29.3	31596	1.05120e-04	3.32129	28.1	31347	1.05950e-04	3.32109	29.5
65016.927	16.024	31560	1.05290e-04	3.32285	28.5	30979	1.07260e-04	3.32285	29.3	31647	1.04950e-04	3.32148	28.1	31329	1.06010e-04	3.32109	29.5
65018.116	16.024	31577	1.05230e-04	3.32285	28.5	30943	1.07380e-04	3.32266	29.3	31588	1.05150e-04	3.32148	28.1	31389	1.05810e-04	3.32129	29.5
65019.304	16.033	31642	1.05010e-04	3.32266	28.5	31031	1.07080e-04	3.32285	29.3	31699	1.04780e-04	3.32129	28.1	31397	1.05780e-04	3.32109	29.5
65020.492	16.033	31631	1.05050e-04	3.32285	28.5	30956	1.07340e-04	3.32285	29.3	31671	1.04870e-04	3.32129	28.1	31407	1.05750e-04	3.32129	29.5
65021.680	16.042	31593	1.05170e-04	3.32266	28.5	30988	1.07220e-04	3.32246	29.3	31676	1.04850e-04	3.32129	28.1	31378	1.05850e-04	3.32129	29.5
65022.868	16.042	31603	1.05150e-04	3.32305	28.5	30972	1.07280e-04	3.32285	29.3	31625	1.05020e-04	3.32129	28.1	31412	1.05720e-04	3.32090	29.5
65024.057	16.041	31565	1.05270e-04	3.32285	28.5	30957	1.07330e-04	3.32266	29.3	31628	1.05020e-04	3.32148	28.1	31370	1.05870e-04	3.32129	29.5
65025.245	16.041	31524	1.05410e-04	3.32285	28.5	30890	1.07560e-04	3.32266	29.3	31657	1.04920e-04	3.32148	28.1	31367	1.05880e-04	3.32129	29.5
65026.433	16.041	31527	1.05390e-04	3.32266	28.5	30933	1.07420e-04	3.32266	29.3	31606	1.05090e-04	3.32129	28.1	31399	1.05780e-04	3.32129	29.5
65027.622	16.032	31517	1.05430e-04	3.32285	28.5	30910	1.07500e-04	3.32285	29.3	31584	1.05170e-04	3.32168	28.1	31364	1.05890e-04	3.32109	29.5
65028.810	16.032	31500	1.05490e-04	3.32285	28.5	30880	1.07600e-04	3.32285	29.3	31623	1.05030e-04	3.32148	28.1	31360	1.05900e-04	3.32109	29.5
65029.998	16.045	31524	1.05400e-04	3.32266	28.5	30884	1.07590e-04	3.32285	29.3	31619	1.05050e-04	3.32148	28.1	31351	1.05940e-04	3.32129	29.5
65031.186	16.045	31533	1.05370e-04	3.32266	28.5	30859	1.07670e-04	3.32266	29.3	31562	1.05240e-04	3.32148	28.1	31369	1.05870e-04	3.32109	29.5
65032.374	16.037	31530	1.05390e-04	3.32305	28.5	30901	1.07530e-04	3.32266	29.3	31603	1.05100e-04	3.32148	28.1	31373	1.05860e-04	3.32109	29.5
65033.563	16.037	31500	1.05490e-04	3.32285	28.5	30899	1.07530e-04	3.32266	29.3	31646	1.04960e-04	3.32148	28.1	31359	1.05910e-04	3.32129	29.5
65034.751	16.037	31523	1.05400e-04	3.32266	28.5	30915	1.07470e-04	3.32246	29.3	31600	1.05110e-04	3.32148	28.1	31392	1.05800e-04	3.32129	29.5
65035.939	16.047	31567	1.05270e-04	3.32305	28.5	30874	1.07630e-04	3.32285	29.3	31593	1.05130e-04	3.32148	28.1	31321	1.06030e-04	3.32090	29.5
65037.127	16.047	31549	1.05320e-04	3.32285	28.5	30862	1.07660e-04	3.32266	29.3	31608	1.05080e-04	3.32148	28.1	31375	1.05860e-04	3.32129	29.5
65038.316	16.044	31527	1.05400e-04	3.32285	28.5	30931	1.07430e-04	3.32285	29.3	31546	1.05300e-04	3.32168	28.1	31365	1.05890e-04	3.32129	29.5
65039.504	16.044	31555	1.05300e-04	3.32285	28.5	30971	1.07290e-04	3.32285	29.3	31629	1.05010e-04	3.32148	28.1	31410	1.05740e-04	3.32129	29.5
65040.692	16.042	31651	1.04980e-04	3.32266	28.5	30935	1.07410e-04	3.32285	29.3	31639	1.04980e-04	3.32148	28.1	31377	1.05840e-04	3.32109	29.5
65041.880	16.042	31617	1.05090e-04	3.32266	28.5	30902	1.07520e-04	3.32266	29.3	31680	1.04850e-04	3.32148	28.1	31378	1.05840e-04	3.32109	29.5
65043.068	16.016	31539	1.05360e-04	3.32285	28.5	30931	1.07430e-04	3.32285	29.3	31617	1.05050e-04	3.32129	28.1	31375	1.05850e-04	3.32109	29.5
65044.257	16.016	31562	1.05280e-04	3.32285	28.5	30917	1.07480e-04	3.32285	29.3	31587	1.05150e-04	3.32148	28.1	31417	1.05720e-04	3.32148	29.5
65045.445	16.015	31531	1.05380e-04	3.32285	28.5	30915	1.07480e-04	3.32285	29.3	31583	1.05170e-04	3.32148	28.1	31354	1.05930e-04	3.32129	29.5
65046.634	16.015	31520	1.05420e-04	3.32285	28.5	30913	1.07480e-04	3.32266	29.3	31607	1.05090e-04	3.32148	28.1	31401	1.05760e-04	3.32109	29.5
65047.822	16.015	31535	1.05370e-04	3.32285	28.5	30906	1.07510e-04	3.32266	29.3	31579	1.05180e-04	3.32148	28.1	31410	1.05730e-04	3.32109	29.5
65049.010	16.024	31571	1.05250e-04	3.32285	28.5	30894	1.07550e-04	3.32266	29.3	31666	1.04890e-04	3.32148	28.1	31364	1.05890e-04	3.32109	29.5
65050.198	16.024	31520	1.05420e-04	3.32285	28.5	31002	1.07170e-04	3.32266	29.3	31547	1.05290e-04	3.32148	28.1	31347	1.05950e-04	3.32129	29.5
65051.386	16.022	31540	1.05350e-04	3.32285	28.5	30990	1.07220e-04	3.32285	29.3	31585	1.05160e-04	3.32148	28.1	31385	1.05820e-04	3.32109	29.5
65052.575	16.022	31519	1.05420e-04	3.32285	28.5	30880	1.07600e-04	3.32285	29.3	31577	1.05180e-04	3.32129	28.1	31360	1.05900e-04	3.32109	29.5
65053.763	16.022	31575	1.05240e-04	3.32285	28.5	30910	1.07490e-04	3.32266	29.3	31610	1.05070e-04	3.32129	28.1	31377	1.05840e-04	3.32109	29.5
65054.951	16.020	31511	1.05450e-04	3.32285	28.5	30912	1.07490e-04	3.32285	29.3	31654	1.04930e-04	3.32148	28.1	31357	1.05910e-04	3.32109	29.5
65056.139	16.047	31551	1.05320e-04	3.32285	28.5	30925	1.07440e-04	3.32266	29.3	31660	1.04910e-04	3.32148	28.1	31397	1.05780e-04	3.32109	29.5
65057.328	16.047	31641	1.05020e-04	3.32285	28.5	30917	1.07470e-04	3.32266	29.3	31640	1.04970e-04	3.32129	28.1	31367	1.05890e-04	3.32129	29.5
65058.516	16.047	31583	1.05210e-04	3.32285	28.5	30977	1.07260e-04	3.32266	29.3	31694	1.04800e-04	3.32148	28.1	31414	1.05720e-04	3.32109	29.5
65059.704	16.015	31609	1.05120e-04	3.32285	28.5	30937	1.07400e-04	3.32266	29.3	31669	1.04870e-04	3.32129	28.1	31413	1.05720e-04	3.32109	29.5
65060.892	16.015	31615	1.05100e-04	3.32266	28.5	30904	1.07510e-04	3.32266	29.3	31660	1.04910e-04	3.32148	28.1	31410	1.05730e-04	3.32109	29.5
65062.081	16.046	31552	1.05310e-04	3.32285	28.5	30965	1.07300e-04	3.32266	29.3	31664	1.04900e-04	3.32148	28.1	31396	1.05780e-04	3.32109	29.5
65063.269	16.046	31604	1.05130e-04	3.32266	28.5	30962	1.07320e-04	3.32285	29.3	31604	1.05090e-04	3.32129	28.1	31389	1.05810e-04	3.32109	29.5
65064.457	16.037	31562	1.05280e-04	3.32285	28.5	30943	1.07380e-04	3.32285	29.3	31594	1.05130e-04	3.32148	28.1	31387	1.05810e-04	3.32109	29.5
65065.645	16.037	31545	1.05330e-04	3.32266	28.5	30948	1.07370e-04	3.32285	29.3	31571	1.05210e-04	3.32148	28.1	31349	1.05940e-04	3.32109	29.5
65066.833	16.037	31537	1.05360e-04	3.32266	28.5	30879	1.07600e-04	3.32266	29.3	31572	1.05200e-04	3.32129	28.1	31346	1.05950e-04	3.32109	29.5
65068.022	16.040	31517	1.05430e-04	3.32285	28.5	30891	1.07560e-04	3.32246	29.3	31601	1.05110e-04	3.32148	28.1	31362	1.05900e-04	3.32109	29.5
65069.210	16.040	31533	1.05380e-04	3.32285	28.5	30916	1.07470e-04	3.32266	29.3	31607	1.05090e-04	3.32148	28.1	31369	1.05880e-04	3.32129	29.5
65070.398	16.042	31506	1.05460e-04	3.32266	28.5	30906	1.07510e-04	3.32266	29.3	31564	1.05220e-04	3.32129	28.1	31371	1.05870e-04	3.32129	29.5
65071.586	16.042	31587	1.05200e-04	3.32285	28.5	30920	1.07450e-04	3.32246	29.3	31603	1.05090e-04	3.32129	28.1	31369	1.05870e-04	3.32090	29.5
65072.775	16.055	31552	1.05310e-04	3.32266	28.5	30949	1.07360e-04	3.32266	29.3	31629	1.05010e-04	3.32148	28.1	31382	1.05830e-04	3.32109	29.5
65073.963	16.055	31480	1.05550e-04	3.32266	28.5	30949	1.07360e-04	3.32266	29.3	31590	1.05140e-04	3.32129	28.1	31329	1.06010e-04	3.32109	29.5
65075.151	16.038	31533	1.05380e-04	3.32305	28.5	30877	1.07610e-04	3.32266	29.3	31592	1.05140e-04	3.32148	28.1	31331	1.06000e-04	3.32109	29.5
65076.339	16.038	31499	1.05480e-04	3.32266	28.5	30874	1.07630e-04	3.32285	29.3	31556	1.05260e-04	3.32148	28.1	31343	1.05970e-04	3.32129	29.5
65077.528	16.038	31552	1.05310e-04	3.32285	28.5	30879	1.07600e-04	3.32266	29.3	31582	1.05170e-04	3.32129	28.1	31361	1.05890e-04	3.32090	29.5
65078.716	16.040	31572	1.05240e-04	3.32266	28.5	30947	1.07370e-04	3.32285	29.3	31599	1.05110e-04	3.32148	28.1	31374	1.05850e-04	3.32109	29.5
65079.904	16.040	31516	1.05430e-04	3.32285	28.5	30881	1.07590e-04	3.32266	29.3	31579	1.05180e-04	3.32129	28.1	31376	1.05850e-04	3.32109	29.5
65081.093	16.036	31549	1.05320e-04	3.32285	28.5	30892	1.07560e-04	3.32285	29.3	31600	1.05100e-04	3.32129	28.1	31349	1.05940e-04	3.32129	29.5
65082.281	16.036	31552	1.05310e-04	3.32285	28.5	30893	1.07560e-04	3.32266	29.3	31637	1.04990e-04	3.32148	28.1	31364	1.05890e-04	3.32109	29.5
65083.469	16.039	31519	1.05420e-04	3.32285	28.5	30936	1.07400e-04	3.32266	29.3	31641	1.04970e-04	3.32148	28.1	31373	1.05860e-04	3.32129	29.5
65084.657	16.039	31538	1.05360e-04	3.32285	28.5	30881	1.07600e-04	3.32285	29.3	31568	1.05210e-04	3.32129	28.1	31334	1.05980e-04	3.32090	29.5
65085.845	16.039	31550	1.05320e-04	3.32285	28.5	30925	1.07440e-04	3.32266	29.3	31628	1.05020e-04	3.32168	28.1	31353	1.05930e-04	3.32109	29.5
65087.033	16.032	31517	1.05430e-04	3.32285	28.5	30898	1.07540e-04	3.32285	29.3	31575	1.05190e-04	3.32148	28.1	31307	1.06090e-04	3.32129	29.5
65088.222	16.032	31523	1.05410e-04	3.32285	28.5	30915	1.07480e-04	3.32285	29.3	31611	1.05070e-04	3.32148	28.1	31327	1.06020e-04	3.32129	29.5
65089.410	16.040	31502	1.05480e-04	3.32266	28.5	30887	1.07580e-04	3.32285	29.3	31581	1.05180e-04	3.32148	28.1	31340	1.05970e-04	3.32109	29.5
65090.598	16.040	31512	1.05450e-04	3.32285	28.5	30889	1.07570e-04	3.32285	29.3	31572	1.05200e-04	3.32129	28.1	31331	1.06000e-04	3.32109	29.5
65091.786	16.040	31524	1.05400e-04	3.32266	28.5	30935	1.07410e-04	3.32266	29.3	31607	1.05090e-04	3.32148	28.1	31342	1.05960e-04	3.32109	29.5
65092.975	16.045	31488	1.05530e-04	3.32285	28.5	30914	1.07480e-04	3.32246	29.3	31624	1.05020e-04	3.32129	28.1	31329	1.06010e-04	3.32109	29.5
65094.163	16.034	31429	1.05720e-04	3.32285	28.5	30894	1.07550e-04	3.32266	29.3	31552	1.05270e-04	3.32148	28.1	31292	1.06140e-04	3.32129	29.5
65095.351	16.034	31541	1.05350e-04	3.32285	28.5	30834	1.07760e-04	3.32266	29.3	31586	1.05160e-04	3.32148	28.1	31311	1.06070e-04	3.32129	29.5
65096.539	16.034	31581	1.05220e-04	3.32285	28.5	30904	1.07520e-04	3.32266	29.3	31641	1.04970e-04	3.32148	28.1	31327	1.06010e-04	3.32109	29.5
65097.728	16.058	31535	1.05370e-04	3.32285	28.5	30869	1.07640e-04	3.32266	29.3	31598	1.05120e-04	3.32148	28.1	31327	1.06010e-04	3.32109	29.5
65098.916	16.058	31511	1.05450e-04	3.32285	28.5	30885	1.07590e-04	3.32285	29.3	31583	1.05170e-04	3.32148	28.1	31377	1.05850e-04	3.32129	29.5
65100.104	16.058	31567	1.05260e-04	3.32266	28.5	30907	1.07500e-04	3.32266	29.3	31630	1.05010e-04	3.32148	28.1	31327	1.06020e-04	3.32129	29.5
65101.293	16.058	31514	1.05440e-04	3.32285	28.5	30930	1.07430e-04	3.32266	29.3	31553	1.05260e-04	3.32129	28.1	31370	1.05870e-04	3.32109	29.5
65102.481	16.050	31552	1.05310e-04	3.32266	28.5	30893	1.07560e-04	3.32285	29.3	31573	1.05200e-04	3.32148	28.1	31366	1.05880e-04	3.32109	29.5
65103.669	16.050	31620	1.05090e-04	3.32285	28.5	30912	1.07490e-04	3.32285	29.3	31615	1.05050e-04	3.32129	28.1	31341	1.05970e-04	3.32109	29.5
65104.857	16.050	31591	1.05190e-04	3.32305	28.5	30906	1.07510e-04	3.32266	29.3	31639	1.04980e-04	3.32148	28.1	31373	1.05860e-04	3.32129	29.5
65106.046	16.026	31617	1.05090e-04	3.32266	28.5	30939	1.07390e-04	3.32266	29.3	31656	1.04920e-04	3.32148	28.1	31401	1.05760e-04	3.32109	29.5
65107.233	16.037	31604	1.05140e-04	3.32285	28.5	30986	1.07240e-04	3.32285	29.3	31694	1.04800e-04	3.32148	28.1	31395	1.05790e-04	3.32129	29.5
65108.422	16.037	31533	1.05380e-04	3.32285	28.5	31004	1.07170e-04	3.32266	29.3	31689	1.04820e-04	3.32148	28.1	31423	1.05690e-04	3.32109	29.5
65109.610	16.037	31610	1.05110e-04	3.32266	28.5	30943	1.07380e-04	3.32266	29.3	31638	1.04990e-04	3.32148	28.1	31416	1.05710e-04	3.32109	29.5
65110.799	16.028	31586	1.05200e-04	3.32285	28.5	30949	1.07360e-04	3.32266	29.3	31670	1.04880e-04	3.32148	28.1	31392	1.05790e-04	3.32109	29.5
65111.987	16.028	31544	1.05330e-04	3.32266	28.5	30951	1.07360e-04	3.32285	29.3	31685	1.04830e-04	3.32148	28.1	31432	1.05660e-04	3.32109	29.5
65113.175	16.041	31511	1.05450e-04	3.32285	28.5	30910	1.07490e-04	3.32266	29.3	31619	1.05040e-04	3.32129	28.1	31398	1.05770e-04	3.32109	29.5
65114.363	16.041	31498	1.05500e-04	3.32285	28.5	30922	1.07460e-04	3.32285	29.3	31526	1.05360e-04	3.32148	28.1	31325	1.06030e-04	3.32129	29.5
65115.552	16.041	31514	1.05440e-04	3.32285	28.5	30868	1.07640e-04	3.32266	29.3	31565	1.05230e-04	3.32148	28.1	31324	1.06020e-04	3.32109	29.5
65116.740	16.041	31509	1.05460e-04	3.32285	28.5	30878	1.07610e-04	3.32285	29.3	31624	1.05020e-04	3.32129	28.1	31329	1.06010e-04	3.32109	29.5
65117.928	16.041	31505	1.05470e-04	3.32285	28.5	30897	1.07540e-04	3.32266	29.3	31549	1.05280e-04	3.32129	28.1	31341	1.05970e-04	3.32129	29.5
65119.116	16.037	31494	1.05510e-04	3.32285	28.5	30899	1.07530e-04	3.32266	29.3	31627	1.05030e-04	3.32168	28.1	31372	1.05870e-04	3.32129	29.5
65120.304	16.037	31566	1.05270e-04	3.32285	28.5	30930	1.07430e-04	3.32266	29.3	31592	1.05140e-04	3.32148	28.1	31358	1.05910e-04	3.32109	29.5
65121.493	16.039	31560	1.05290e-04	3.32285	28.5	30959	1.07320e-04	3.32266	29.3	31640	1.04970e-04	3.32129	28.1	31345	1.05950e-04	3.32090	29.5
65122.681	16.039	31556	1.05300e-04	3.32305	28.5	30972	1.07280e-04	3.32285	29.3	31558	1.05260e-04	3.32168	28.1	31409	1.05740e-04	3.32109	29.5
65123.869	16.039	31551	1.05310e-04	3.32266	28.5	30920	1.07470e-04	3.32285	29.3	31617	1.05040e-04	3.32109	28.1	31363	1.05910e-04	3.32148	29.5
65125.057	16.039	31562	1.05280e-04	3.32285	28.5	30883	1.07590e-04	3.32285	29.3	31606	1.05090e-04	3.32148	28.1	31372	1.05860e-04	3.32109	29.5
65126.245	16.045	31507	1.05460e-04	3.32285	28.5	30878	1.07610e-04	3.32285	29.3	31605	1.05090e-04	3.32148	28.1	31340	1.05970e-04	3.32109	29.5
65127.434	16.045	31492	1.05510e-04	3.32285	28.5	30903	1.07520e-04	3.32285	29.3	31607	1.05090e-04	3.32148	28.1	31353	1.05920e-04	3.32109	29.5
65128.622	16.045	31505	1.05470e-04	3.32285	28.5	30796	1.07890e-04	3.32266	29.3	31598	1.05120e-04	3.32148	28.1	31285	1.06150e-04	3.32109	29.5
65129.810	16.054	31544	1.05340e-04	3.32285	28.5	30898	1.07540e-04	3.32285	29.3	31547	1.05290e-04	3.32148	28.1	31320	1.06040e-04	3.32129	29.5
65130.999	16.054	31553	1.05310e-04	3.32285	28.5	30829	1.07780e-04	3.32266	29.3	31601	1.05110e-04	3.32148	28.1	31354	1.05930e-04	3.32129	29.5
65132.187	16.041	31573	1.05240e-04	3.32266	28.5	30896	1.07540e-04	3.32266	29.3	31630	1.05010e-04	3.32148	28.1	31333	1.06000e-04	3.32129	29.5
65133.375	16.041	31617	1.05100e-04	3.32285	28.5	30949	1.07360e-04	3.32266	29.3	31609	1.05070e-04	3.32129	28.1	31384	1.05820e-04	3.32109	29.5
65134.563	16.041	31564	1.05280e-04	3.32305	28.5	30940	1.07400e-04	3.32285	29.3	31600	1.05110e-04	3.32148	28.1	31362	1.05900e-04	3.32109	29.5
65135.752	16.047	31575	1.05230e-04	3.32266	28.5	30896	1.07560e-04	3.32305	29.3	31662	1.04910e-04	3.32168	28.1	31379	1.05840e-04	3.32109	29.5
65136.940	16.035	31571	1.05250e-04	3.32285	28.5	30943	1.07390e-04	3.32285	29.3	31541	1.05310e-04	3.32148	28.1	31383	1.05830e-04	3.32129	29.5
65138.128	16.035	31520	1.05420e-04	3.32285	28.5	30912	1.07490e-04	3.32285	29.3	31601	1.05110e-04	3.32148	28.1	31389	1.05810e-04	3.32109	29.5
65139.316	16.035	31473	1.05580e-04	3.32285	28.5	30896	1.07550e-04	3.32285	29.3	31579	1.05180e-04	3.32148	28.1	31301	1.06110e-04	3.32129	29.5
65140.504	16.038	31582	1.05210e-04	3.32285	28.5	30880	1.07600e-04	3.32266	29.3	31551	1.05270e-04	3.32148	28.1	31258	1.06250e-04	3.32109	29.5
65141.693	16.038	31574	1.05240e-04	3.32285	28.5	30896	1.07540e-04	3.32266	29.3	31617	1.05050e-04	3.32148	28.1	31304	1.06100e-04	3.32129	29.5
65142.881	16.036	31596	1.05170e-04	3.32285	28.5	30991	1.07220e-04	3.32285	29.3	31651	1.04950e-04	3.32168	28.1	31426	1.05690e-04	3.32129	29.5
65144.069	16.036	31523	1.05410e-04	3.32285	28.5	30927	1.07440e-04	3.32266	29.3	31604	1.05090e-04	3.32129	28.1	31315	1.06060e-04	3.32129	29.5
65145.258	16.038	31561	1.05280e-04	3.32285	28.5	30892	1.07560e-04	3.32285	29.3	31553	1.05270e-04	3.32148	28.1	31349	1.05950e-04	3.32129	29.5
65146.446	16.038	31506	1.05460e-04	3.32266	28.5	30880	1.07610e-04	3.32285	29.3	31531	1.05340e-04	3.32148	28.1	31341	1.05970e-04	3.32109	29.5
65147.634	16.038	31555	1.05300e-04	3.32285	28.5	30931	1.07430e-04	3.32285	29.3	31567	1.05220e-04	3.32148	28.1	31340	1.05970e-04	3.32109	29.5
65148.822	16.052	31524	1.05410e-04	3.32285	28.5	30924	1.07450e-04	3.32285	29.3	31561	1.05240e-04	3.32148	28.1	31378	1.05850e-04	3.32129	29.5
65150.011	16.052	31501	1.05480e-04	3.32285	28.5	30889	1.07580e-04	3.32285	29.3	31578	1.05180e-04	3.32148	28.1	31321	1.06040e-04	3.32129	29.5
65151.199	16.040	31529	1.05390e-04	3.32285	28.5	30878	1.07610e-04	3.32266	29.3	31625	1.05020e-04	3.32129	28.1	31352	1.05940e-04	3.32129	29.5
65152.387	16.040	31542	1.05350e-04	3.32285	28.5	30927	1.07440e-04	3.32266	29.3	31597	1.05120e-04	3.32148	28.1	31394	1.05790e-04	3.32109	29.5
65153.576	16.040	31581	1.05220e-04	3.32285	28.5	30913	1.07480e-04	3.32266	29.3	31591	1.05140e-04	3.32148	28.1	31357	1.05910e-04	3.32109	29.5
65154.764	16.040	31565	1.05270e-04	3.32285	28.5	30925	1.07450e-04	3.32285	29.3	31629	1.05010e-04	3.32148	28.1	31410	1.05740e-04	3.32129	29.5
65155.952	16.029	31549	1.05320e-04	3.32285	28.5	30910	1.07490e-04	3.32266	29.3	31577	1.05190e-04	3.32148	28.1	31391	1.05800e-04	3.32129	29.5
65157.140	16.029	31548	1.05320e-04	3.32266	28.5	30927	1.07440e-04	3.32285	29.3	31624	1.05030e-04	3.32148	28.1	31387	1.05810e-04	3.32109	29.5
65158.328	16.041	31570	1.05260e-04	3.32305	28.5	30969	1.07300e-04	3.32285	29.3	31611	1.05070e-04	3.32148	28.1	31371	1.05860e-04	3.32109	29.5
65159.517	16.041	31545	1.05340e-04	3.32285	28.5	30921	1.07460e-04	3.32285	29.3	31586	1.05150e-04	3.32129	28.1	31345	1.05950e-04	3.32090	29.5
65160.705	16.041	31510	1.05450e-04	3.32285	28.5	30863	1.07660e-04	3.32285	29.3	31584	1.05160e-04	3.32129	28.1	31335	1.05990e-04	3.32109	29.5
65161.893	16.044	31498	1.05500e-04	3.32305	28.5	30862	1.07660e-04	3.32266	29.3	31559	1.05250e-04	3.32148	28.1	31309	1.06090e-04	3.32148	29.5
65163.081	16.044	31523	1.05410e-04	3.32285	28.5	30817	1.07820e-04	3.32285	29.3	31597	1.05120e-04	3.32148	28.1	31305	1.06100e-04	3.32129	29.5
65164.270	16.049	31577	1.05240e-04	3.32305	28.5	30917	1.07480e-04	3.32285	29.3	31601	1.05110e-04	3.32168	28.1	31341	1.05970e-04	3.32129	29.5
65165.458	16.049	31555	1.05300e-04	3.32266	28.5	30972	1.07280e-04	3.32285	29.3	31668	1.04890e-04	3.32148	28.1	31308	1.06080e-04	3.32129	29.5
65166.646	16.061	31508	1.05460e-04	3.32285	28.5	30874	1.07620e-04	3.32266	29.3	31539	1.05310e-04	3.32148	28.1	31330	1.06000e-04	3.32109	29.5
65167.834	16.061	31511	1.05450e-04	3.32285	28.5	30859	1.07680e-04	3.32285	29.3	31602	1.05100e-04	3.32148	28.1	31389	1.05810e-04	3.32129	29.5
65169.022	16.061	31524	1.05410e-04	3.32285	28.5	30887	1.07580e-04	3.32285	29.3	31614	1.05070e-04	3.32148	28.1	31369	1.05880e-04	3.32129	29.5
65170.211	16.056	31502	1.05490e-04	3.32305	28.5	30907	1.07520e-04	3.32305	29.3	31529	1.05350e-04	3.32168	28.1	31333	1.06000e-04	3.32129	29.5
65171.399	16.056	31528	1.05400e-04	3.32305	28.5	30883	1.07590e-04	3.32285	29.3	31507	1.05420e-04	3.32148	28.1	31337	1.05990e-04	3.32129	29.5
65172.587	16.049	31556	1.05300e-04	3.32285	28.5	30876	1.07620e-04	3.32285	29.3	31529	1.05350e-04	3.32148	28.1	31348	1.05940e-04	3.32109	29.5
65173.775	16.049	31517	1.05430e-04	3.32285	28.5	30889	1.07580e-04	3.32285	29.3	31591	1.05140e-04	3.32148	28.1	31355	1.05920e-04	3.32129	29.6
65174.964	16.054	31547	1.05330e-04	3.32285	28.5	30906	1.07510e-04	3.32285	29.3	31612	1.05070e-04	3.32148	28.1	31357	1.05920e-04	3.32129	29.5
65176.152	16.054	31508	1.05450e-04	3.32266	28.5	30881	1.07590e-04	3.32266	29.3	31558	1.05260e-04	3.32168	28.1	31335	1.05990e-04	3.32109	29.6
65177.340	16.054	31521	1.05420e-04	3.32305	28.5	30861	1.07670e-04	3.32266	29.3	31513	1.05400e-04	3.32148	28.1	31358	1.05910e-04	3.32109	29.5
65178.528	16.054	31512	1.05450e-04	3.32285	28.5	30891	1.07570e-04	3.32285	29.3	31561	1.05250e-04	3.32168	28.1	31328	1.06020e-04	3.32129	29.6
65179.717	16.054	31511	1.05450e-04	3.32285	28.5	30816	1.07820e-04	3.32266	29.3	31582	1.05160e-04	3.32129	28.1	31333	1.05990e-04	3.32090	29.6
65180.905	16.062	31491	1.05520e-04	3.32305	28.5	30904	1.07520e-04	3.32266	29.3	31548	1.05300e-04	3.32188	28.1	31342	1.05980e-04	3.32148	29.6
65182.093	16.062	31464	1.05610e-04	3.32285	28.5	30914	1.07490e-04	3.32305	29.3	31549	1.05290e-04	3.32168	28.1	31314	1.06070e-04	3.32148	29.6
65183.281	16.059	31561	1.05280e-04	3.32285	28.5	30894	1.07560e-04	3.32285	29.3	31633	1.05010e-04	3.32168	28.1	31371	1.05860e-04	3.32109	29.6
65184.470	16.059	31599	1.05160e-04	3.32305	28.5	30965	1.07310e-04	3.32285	29.3	31637	1.04990e-04	3.32148	28.1	31406	1.05750e-04	3.32129	29.6
65185.658	16.048	31557	1.05300e-04	3.32285	28.5	30922	1.07460e-04	3.32305	29.3	31641	1.04970e-04	3.32148	28.1	31376	1.05850e-04	3.32129	29.6
65186.846	16.048	31508	1.05450e-04	3.32266	28.5	30882	1.07580e-04	3.32246	29.3	31588	1.05140e-04	3.32129	28.1	31370	1.05860e-04	3.32090	29.6
65188.035	16.065	31550	1.05330e-04	3.32305	28.5	30921	1.07470e-04	3.32305	29.3	31609	1.05090e-04	3.32168	28.1	31334	1.06000e-04	3.32148	29.6
65189.223	16.065	31555	1.05310e-04	3.32305	28.5	30878	1.07610e-04	3.32266	29.3	31526	1.05360e-04	3.32148	28.1	31329	1.06010e-04	3.32109	29.6
65190.411	16.065	31475	1.05580e-04	3.32305	28.5	30894	1.07560e-04	3.32285	29.3	31636	1.05000e-04	3.32168	28.1	31308	1.06090e-04	3.32129	29.6
65191.599	16.061	31479	1.05560e-04	3.32305	28.5	30906	1.07520e-04	3.32285	29.3	31564	1.05230e-04	3.32148	28.1	31295	1.06130e-04	3.32129	29.6
65192.787	16.061	31521	1.05420e-04	3.32305	28.5	30897	1.07550e-04	3.32285	29.3	31607	1.05090e-04	3.32148	28.1	31292	1.06140e-04	3.32148	29.6
65193.976	16.036	31552	1.05310e-04	3.32285	28.5	30928	1.07440e-04	3.32285	29.3	31635	1.04990e-04	3.32148	28.1	31355	1.05920e-04	3.32109	29.6
65195.164	16.036	31526	1.05410e-04	3.32324	28.5	30906	1.07510e-04	3.32285	29.3	31630	1.05020e-04	3.32168	28.1	31403	1.05760e-04	3.32129	29.6
65196.352	16.056	31507	1.05460e-04	3.32266	28.5	30909	1.07500e-04	3.32285	29.3	31592	1.05140e-04	3.32148	28.1	31342	1.05960e-04	3.32109	29.6
65197.541	16.056	31486	1.05540e-04	3.32305	28.5	30889	1.07580e-04	3.32285	29.3	31612	1.05070e-04	3.32148	28.1	31308	1.06080e-04	3.32129	29.6
65198.729	16.056	31555	1.05300e-04	3.32285	28.5	30862	1.07670e-04	3.32305	29.3	31550	1.05280e-04	3.32168	28.1	31334	1.06000e-04	3.32148	29.6
65199.917	16.039	31547	1.05330e-04	3.32285	28.5	30910	1.07500e-04	3.32285	29.3	31590	1.05150e-04	3.32168	28.1	31322	1.06040e-04	3.32148	29.6
65201.105	16.039	31557	1.05300e-04	3.32305	28.5	30879	1.07600e-04	3.32266	29.3	31556	1.05260e-04	3.32148	28.1	31293	1.06130e-04	3.32109	29.6
65202.294	16.038	31573	1.05240e-04	3.32285	28.5	30932	1.07420e-04	3.32285	29.3	31619	1.05050e-04	3.32148	28.1	31353	1.05930e-04	3.32109	29.6
65203.482	16.038	31632	1.05050e-04	3.32285	28.5	30948	1.07360e-04	3.32266	29.3	31664	1.04900e-04	3.32168	28.1	31389	1.05810e-04	3.32129	29.6
65204.670	16.024	31627	1.05070e-04	3.32305	28.5	30997	1.07190e-04	3.32266	29.3	31658	1.04910e-04	3.32129	28.1	31492	1.05460e-04	3.32129	29.6
65205.858	16.024	31629	1.05060e-04	3.32285	28.5	31014	1.07150e-04	3.32305	29.3	31698	1.04790e-04	3.32148	28.1	31438	1.05640e-04	3.32129	29.6
65207.047	16.015	31556	1.05300e-04	3.32285	28.5	30993	1.07220e-04	3.32305	29.3	31699	1.04790e-04	3.32168	28.1	31486	1.05480e-04	3.32129	29.6
65208.235	16.015	31559	1.05300e-04	3.32305	28.5	30968	1.07300e-04	3.32285	29.3	31626	1.05020e-04	3.32129	28.1	31380	1.05830e-04	3.32109	29.6
65209.423	16.021	31580	1.05220e-04	3.32285	28.5	30909	1.07500e-04	3.32285	29.3	31652	1.04940e-04	3.32168	28.1	31368	1.05880e-04	3.32129	29.6
65210.611	16.021	31488	1.05530e-04	3.32285	28.5	30884	1.07590e-04	3.32285	29.3	31631	1.05010e-04	3.32168	28.1	31362	1.05900e-04	3.32129	29.6
65211.800	16.021	31481	1.05540e-04	3.32266	28.5	30834	1.07770e-04	3.32285	29.3	31575	1.05190e-04	3.32148	28.1	31387	1.05820e-04	3.32129	29.6
65212.988	16.038	31484	1.05550e-04	3.32305	28.5	30851	1.07690e-04	3.32246	29.3	31621	1.05040e-04	3.32148	28.1	31381	1.05830e-04	3.32109	29.6
65214.176	16.038	31482	1.05550e-04	3.32305	28.5	30878	1.07610e-04	3.32285	29.3	31601	1.05110e-04	3.32148	28.1	31306	1.06090e-04	3.32129	29.6
65215.364	16.046	31609	1.05120e-04	3.32285	28.5	30808	1.07850e-04	3.32266	29.3	31639	1.04970e-04	3.32129	28.1	31327	1.06010e-04	3.32090	29.6
65216.552	16.046	31612	1.05110e-04	3.32285	28.5	30922	1.07460e-04	3.32285	29.3	31656	1.04930e-04	3.32168	28.1	31377	1.05850e-04	3.32129	29.6
65217.741	16.017	31608	1.05130e-04	3.32305	28.5	30976	1.07270e-04	3.32285	29.3	31624	1.05030e-04	3.32148	28.1	31377	1.05850e-04	3.32129	29.6
65218.929	16.017	31558	1.05290e-04	3.32285	28.5	30930	1.07430e-04	3.32266	29.3	31688	1.04810e-04	3.32129	28.1	31364	1.05890e-04	3.32109	29.6
65220.117	16.018	31558	1.05290e-04	3.32266	28.5	30931	1.07430e-04	3.32305	29.3	31678	1.04860e-04	3.32168	28.1	31382	1.05830e-04	3.32129	29.5
65221.305	16.018	31514	1.05440e-04	3.32285	28.5	30944	1.07380e-04	3.32266	29.3	31626	1.05020e-04	3.32129	28.1	31349	1.05930e-04	3.32090	29.6
65222.493	16.018	31546	1.05340e-04	3.32305	28.5	30941	1.07390e-04	3.32285	29.3	31634	1.05000e-04	3.32148	28.1	31348	1.05950e-04	3.32129	29.6
65223.682	16.016	31581	1.05220e-04	3.32285	28.5	30927	1.07440e-04	3.32285	29.3	31647	1.04960e-04	3.32168	28.1	31436	1.05660e-04	3.32148	29.5
65224.870	16.016	31590	1.05190e-04	3.32285	28.5	30922	1.07460e-04	3.32285	29.3	31679	1.04850e-04	3.32148	28.1	31407	1.05750e-04	3.32129	29.5
65226.059	16.013	31569	1.05260e-04	3.32285	28.5	30987	1.07220e-04	3.32246	29.3	31673	1.04860e-04	3.32129	28.1	31428	1.05670e-04	3.32090	29.6
65227.247	16.013	31542	1.05350e-04	3.32305	28.5	30976	1.07270e-04	3.32285	29.3	31634	1.05000e-04	3.32168	28.1	31365	1.05890e-04	3.32129	29.5
65228.435	16.037	31594	1.05170e-04	3.32285	28.5	30928	1.07430e-04	3.32266	29.3	31613	1.05060e-04	3.32129	28.1	31366	1.05880e-04	3.32109	29.6
65229.623	16.037	31565	1.05240e-04	3.32188	28.5	30982	1.07250e-04	3.32266	29.3	31673	1.04860e-04	3.32109	28.1	31425	1.05670e-04	3.32070	29.6
65230.811	16.037	31558	1.05310e-04	3.32344	28.5	30939	1.07380e-04	3.32227	29.3	31623	1.05040e-04	3.32168	28.1	31387	1.05810e-04	3.32109	29.5
65231.999	16.041	31594	1.05180e-04	3.32305	28.4	30940	1.07400e-04	3.32305	29.3	31638	1.04980e-04	3.32148	28.1	31407	1.05750e-04	3.32129	29.5
65233.188	16.041	31501	1.05480e-04	3.32285	28.4	30916	1.07490e-04	3.32324	29.3	31615	1.05070e-04	3.32168	28.1	31345	1.05960e-04	3.32129	29.6
65234.376	16.033	31553	1.05320e-04	3.32305	28.4	30899	1.07550e-04	3.32305	29.3	31632	1.05000e-04	3.32148	28.1	31396	1.05790e-04	3.32129	29.5
65235.564	16.033	31650	1.04980e-04	3.32266	28.4	30973	1.07280e-04	3.32266	29.3	31672	1.04870e-04	3.32148	28.1	31358	1.05920e-04	3.32129	29.5
65236.753	16.009	31568	1.05270e-04	3.32305	28.4	30958	1.07330e-04	3.32266	29.3	31706	1.04760e-04	3.32148	28.1	31418	1.05710e-04	3.32109	29.5
65237.941	16.009	31546	1.05340e-04	3.32305	28.4	30899	1.07540e-04	3.32285	29.3	31652	1.04940e-04	3.32148	28.1	31434	1.05660e-04	3.32129	29.5
65239.129	16.031	31561	1.05280e-04	3.32266	28.4	30970	1.07290e-04	3.32266	29.3	31657	1.04920e-04	3.32148	28.1	31404	1.05750e-04	3.32109	29.5
65240.317	16.031	31540	1.05350e-04	3.32285	28.4	30914	1.07480e-04	3.32266	29.3	31682	1.04840e-04	3.32148	28.1	31435	1.05650e-04	3.32109	29.5
65241.505	16.031	31569	1.05250e-04	3.32266	28.4	30946	1.07380e-04	3.32285	29.3	31674	1.04870e-04	3.32148	28.1	31393	1.05800e-04	3.32129	29.5
65242.694	16.029	31529	1.05390e-04	3.32285	28.4	30877	1.07600e-04	3.32246	29.3	31656	1.04920e-04	3.32129	28.1	31336	1.05980e-04	3.32109	29.5
65243.882	16.029	31534	1.05380e-04	3.32305	28.4	30879	1.07620e-04	3.32305	29.3	31612	1.05080e-04	3.32168	28.1	31393	1.05790e-04	3.32109	29.5
65245.070	16.050	31563	1.05280e-04	3.32285	28.4	30851	1.07710e-04	3.32285	29.3	31599	1.05110e-04	3.32148	28.1	31382	1.05830e-04	3.32109	29.5
65246.259	16.050	31532	1.05370e-04	3.32266	28.4	30881	1.07600e-04	3.32285	29.3	31610	1.05080e-04	3.32148	28.1	31413	1.05720e-04	3.32109	29.5
65247.447	16.038	31556	1.05310e-04	3.32305	28.4	30937	1.07400e-04	3.32266	29.3	31665	1.04890e-04	3.32129	28.1	31400	1.05770e-04	3.32109	29.5
65248.635	16.038	31540	1.05360e-04	3.32305	28.4	30965	1.07300e-04	3.32266	29.3	31653	1.04930e-04	3.32148	28.1	31336	1.05990e-04	3.32129	29.5
65249.823	16.038	31505	1.05460e-04	3.32266	28.4	30913	1.07480e-04	3.32266	29.3	31646	1.04950e-04	3.32129	28.1	31341	1.05970e-04	3.32109	29.5
65251.012	16.054	31674	1.04910e-04	3.32285	28.4	30940	1.07400e-04	3.32285	29.3	31655	1.04930e-04	3.32148	28.1	31402	1.05760e-04	3.32109	29.5
65252.200	16.054	31562	1.05270e-04	3.32266	28.4	30984	1.07240e-04	3.32266	29.3	31689	1.04810e-04	3.32148	28.1	31400	1.05770e-04	3.32109	29.5
65253.388	16.052	31583	1.05210e-04	3.32285	28.4	30949	1.07360e-04	3.32266	29.3	31658	1.04920e-04	3.32148	28.1	31436	1.05650e-04	3.32109	29.5
65254.576	16.052	31546	1.05340e-04	3.32305	28.4	30964	1.07310e-04	3.32266	29.3	31625	1.05020e-04	3.32129	28.1	31424	1.05690e-04	3.32109	29.5
65255.764	16.035	31565	1.05270e-04	3.32285	28.4	30925	1.07450e-04	3.32285	29.3	31613	1.05060e-04	3.32129	28.1	31377	1.05850e-04	3.32109	29.5
65256.953	16.035	31482	1.05550e-04	3.32285	28.5	30913	1.07500e-04	3.32305	29.3	31622	1.05050e-04	3.32188	28.1	31343	1.05970e-04	3.32148	29.5
65258.141	16.038	31565	1.05280e-04	3.32305	28.5	30903	1.07530e-04	3.32285	29.3	31585	1.05160e-04	3.32148	28.1	31349	1.05940e-04	3.32109	29.5
65259.329	16.038	31518	1.05430e-04	3.32285	28.5	30938	1.07400e-04	3.32285	29.3	31607	1.05090e-04	3.32148	28.1	31336	1.05990e-04	3.32129	29.5
65260.518	16.032	31480	1.05550e-04	3.32285	28.5	30941	1.07380e-04	3.32246	29.3	31602	1.05100e-04	3.32129	28.1	31360	1.05900e-04	3.32109	29.5
65261.706	16.032	31597	1.05170e-04	3.32305	28.5	30895	1.07550e-04	3.32285	29.3	31572	1.05200e-04	3.32148	28.1	31322	1.06040e-04	3.32129	29.5
65262.894	16.032	31555	1.05300e-04	3.32285	28.5	30894	1.07550e-04	3.32266	29.3	31594	1.05130e-04	3.32148	28.1	31414	1.05720e-04	3.32109	29.5
65264.082	16.044	31573	1.05250e-04	3.32305	28.5	30910	1.07490e-04	3.32246	29.3	31626	1.05020e-04	3.32129	28.1	31414	1.05710e-04	3.32090	29.5
65265.270	16.044	31606	1.05140e-04	3.32305	28.5	30949	1.07370e-04	3.32305	29.3	31629	1.05020e-04	3.32168	28.1	31365	1.05890e-04	3.32129	29.5
65266.459	16.031	31593	1.05180e-04	3.32285	28.5	30961	1.07320e-04	3.32285	29.3	31700	1.04780e-04	3.32168	28.1	31371	1.05870e-04	3.32129	29.5
65267.647	16.031	31614	1.05110e-04	3.32305	28.5	30930	1.07430e-04	3.32285	29.3	31628	1.05020e-04	3.32148	28.1	31485	1.05490e-04	3.32129	29.5
65268.835	16.031	31556	1.05300e-04	3.32266	28.5	30955	1.07350e-04	3.32305	29.3	31624	1.05030e-04	3.32148	28.1	31444	1.05630e-04	3.32129	29.5
65270.023	16.025	31567	1.05260e-04	3.32285	28.5	30958	1.07330e-04	3.32266	29.3	31688	1.04810e-04	3.32129	28.1	31400	1.05770e-04	3.32109	29.5
65271.211	16.039	31561	1.05290e-04	3.32305	28.5	30895	1.07550e-04	3.32285	29.3	31620	1.05050e-04	3.32168	28.1	31377	1.05850e-04	3.32129	29.5
65272.400	16.039	31509	1.05450e-04	3.32266	28.5	30944	1.07380e-04	3.32266	29.3	31614	1.05070e-04	3.32148	28.1	31355	1.05920e-04	3.32129	29.5
65273.588	16.039	31544	1.05340e-04	3.32285	28.5	30930	1.07430e-04	3.32266	29.3	31621	1.05040e-04	3.32148	28.1	31395	1.05790e-04	3.32129	29.5
65274.776	16.027	31530	1.05390e-04	3.32305	28.5	30969	1.07300e-04	3.32285	29.3	31666	1.04890e-04	3.32148	28.1	31339	1.05980e-04	3.32129	29.5
65275.965	16.027	31517	1.05430e-04	3.32285	28.5	30910	1.07500e-04	3.32285	29.3	31633	1.05000e-04	3.32148	28.1	31381	1.05830e-04	3.32109	29.5
65277.153	16.042	31531	1.05380e-04	3.32285	28.5	30898	1.07540e-04	3.32285	29.3	31601	1.05110e-04	3.32168	28.1	31389	1.05810e-04	3.32129	29.5
65278.341	16.042	31569	1.05260e-04	3.32305	28.5	30937	1.07410e-04	3.32305	29.3	31562	1.05240e-04	3.32168	28.1	31348	1.05950e-04	3.32129	29.5
65279.529	16.042	31541	1.05350e-04	3.32285	28.5	30906	1.07510e-04	3.32266	29.3	31544	1.05290e-04	3.32129	28.1	31337	1.05990e-04	3.32129	29.5
65280.718	16.042	31576	1.05230e-04	3.32266	28.5	30901	1.07530e-04	3.32285	29.3	31622	1.05040e-04	3.32148	28.1	31381	1.05830e-04	3.32109	29.6
65281.906	16.042	31519	1.05430e-04	3.32305	28.5	30927	1.07440e-04	3.32285	29.3	31636	1.04990e-04	3.32148	28.1	31391	1.05810e-04	3.32129	29.6
65283.094	16.046	31558	1.05300e-04	3.32305	28.5	30914	1.07490e-04	3.32285	29.3	31638	1.04980e-04	3.32148	28.1	31380	1.05840e-04	3.32129	29.5
65284.282	16.046	31470	1.05590e-04	3.32305	28.5	30914	1.07490e-04	3.32305	29.3	31623	1.05050e-04	3.32188	28.1	31360	1.05910e-04	3.32129	29.5
65285.470	16.062	31555	1.05300e-04	3.32285	28.5	30896	1.07540e-04	3.32266	29.3	31579	1.05180e-04	3.32148	28.1	31358	1.05920e-04	3.32129	29.5
65286.659	16.062	31534	1.05380e-04	3.32305	28.5	30900	1.07540e-04	3.32285	29.3	31604	1.05100e-04	3.32168	28.1	31402	1.05770e-04	3.32129	29.5
65287.847	16.039	31529	1.05400e-04	3.32305	28.5	30903	1.07520e-04	3.32285	29.3	31619	1.05050e-04	3.32148	28.1	31370	1.05870e-04	3.32129	29.5
65289.035	16.039	31542	1.05350e-04	3.32285	28.5	30887	1.07580e-04	3.32285	29.3	31553	1.05270e-04	3.32148	28.1	31337	1.05980e-04	3.32109	29.6
65290.224	16.037	31553	1.05320e-04	3.32305	28.5	30925	1.07450e-04	3.32285	29.3	31575	1.05200e-04	3.32168	28.1	31346	1.05960e-04	3.32129	29.5
65291.412	16.037	31616	1.05100e-04	3.32285	28.5	30927	1.07450e-04	3.32305	29.3	31616	1.05060e-04	3.32148	28.1	31361	1.05910e-04	3.32148	29.6
65292.600	16.037	31563	1.05280e-04	3.32285	28.5	30967	1.07300e-04	3.32266	29.3	31621	1.05040e-04	3.32129	28.1	31411	1.05730e-04	3.32109	29.6
65293.788	16.024	31555	1.05300e-04	3.32285	28.5	30964	1.07320e-04	3.32305	29.3	31639	1.04990e-04	3.32168	28.1	31384	1.05830e-04	3.32129	29.6
65294.976	16.024	31559	1.05290e-04	3.32285	28.5	30908	1.07510e-04	3.32285	29.3	31564	1.05230e-04	3.32148	28.1	31405	1.05760e-04	3.32129	29.6
65296.165	16.024	31503	1.05480e-04	3.32285	28.5	30892	1.07560e-04	3.32266	29.3	31621	1.05050e-04	3.32168	28.1	31400	1.05770e-04	3.32129	29.5
65297.353	16.024	31597	1.05170e-04	3.32305	28.5	30854	1.07690e-04	3.32285	29.3	31598	1.05120e-04	3.32168	28.1	31380	1.05840e-04	3.32129	29.6
65298.541	16.019	31526	1.05400e-04	3.32285	28.5	30857	1.07690e-04	3.32285	29.3	31560	1.05240e-04	3.32148	28.1	31300	1.06110e-04	3.32129	29.6
65299.730	16.019	31528	1.05400e-04	3.32285	28.5	30846	1.07720e-04	3.32285	29.3	31598	1.05120e-04	3.32148	28.1	31355	1.05920e-04	3.32109	29.6
65300.918	16.019	31599	1.05160e-04	3.32285	28.5	30871	1.07640e-04	3.32285	29.3	31593	1.05140e-04	3.32168	28.1	31382	1.05830e-04	3.32109	29.6
65302.106	16.015	31569	1.05250e-04	3.32266	28.5	30963	1.07310e-04	3.32266	29.3	31668	1.04880e-04	3.32129	28.1	31393	1.05780e-04	3.32090	29.6
65303.294	16.015	31582	1.05220e-04	3.32305	28.5	30945	1.07380e-04	3.32305	29.3	31655	1.04930e-04	3.32148	28.1	31438	1.05650e-04	3.32148	29.6
65304.482	16.008	31623	1.05080e-04	3.32285	28.5	30887	1.07580e-04	3.32285	29.3	31690	1.04820e-04	3.32168	28.1	31418	1.05720e-04	3.32148	29.6
65305.671	16.008	31612	1.05110e-04	3.32285	28.5	30940	1.07390e-04	3.32266	29.3	31653	1.04920e-04	3.32109	28.1	31416	1.05710e-04	3.32109	29.6
65306.859	15.994	31600	1.05150e-04	3.32285	28.5	30943	1.07390e-04	3.32305	29.3	31615	1.05070e-04	3.32168	28.1	31374	1.05860e-04	3.32129	29.6
65308.047	15.994	31632	1.05050e-04	3.32285	28.5	30969	1.07300e-04	3.32285	29.3	31626	1.05020e-04	3.32148	28.1	31434	1.05660e-04	3.32129	29.6
65309.235	16.024	31551	1.05320e-04	3.32285	28.5	30925	1.07440e-04	3.32266	29.3	31586	1.05160e-04	3.32148	28.1	31386	1.05820e-04	3.32129	29.6
65310.424	16.024	31587	1.05190e-04	3.32246	28.5	30862	1.07660e-04	3.32266	29.3	31575	1.05200e-04	3.32148	28.1	31375	1.05860e-04	3.32129	29.6
65311.612	16.024	31531	1.05400e-04	3.32324	28.5	30922	1.07450e-04	3.32246	29.3	31590	1.05140e-04	3.32129	28.1	31352	1.05920e-04	3.32090	29.6
65312.800	16.023	31535	1.05370e-04	3.32285	28.5	30918	1.07470e-04	3.32285	29.3	31607	1.05090e-04	3.32148	28.1	31355	1.05920e-04	3.32109	29.5
65313.988	16.023	31532	1.05370e-04	3.32246	28.5	30927	1.07440e-04	3.32285	29.3	31661	1.04910e-04	3.32148	28.1	31336	1.05980e-04	3.32090	29.5
65315.177	16.022	31528	1.05400e-04	3.32305	28.5	30931	1.07420e-04	3.32266	29.3	31657	1.04910e-04	3.32129	28.1	31409	1.05740e-04	3.32129	29.6
65316.365	16.022	31550	1.05310e-04	3.32266	28.5	30944	1.07380e-04	3.32285	29.3	31728	1.04680e-04	3.32129	28.1	31426	1.05690e-04	3.32129	29.6
65317.553	16.032	31549	1.05320e-04	3.32285	28.5	30894	1.07550e-04	3.32266	29.3	31594	1.05120e-04	3.32129	28.1	31400	1.05770e-04	3.32109	29.6
65318.741	16.032	31520	1.05420e-04	3.32285	28.4	30928	1.07440e-04	3.32285	29.3	31609	1.05080e-04	3.32148	28.1	31383	1.05830e-04	3.32129	29.6
65319.930	16.032	31569	1.05260e-04	3.32285	28.4	30910	1.07490e-04	3.32266	29.3	31653	1.04930e-04	3.32148	28.1	31353	1.05930e-04	3.32109	29.5
65321.118	16.041	31570	1.05260e-04	3.32305	28.4	30894	1.07550e-04	3.32266	29.3	31668	1.04890e-04	3.32148	28.1	31407	1.05740e-04	3.32109	29.5
65322.306	16.041	31521	1.05420e-04	3.32285	28.4	30928	1.07430e-04	3.32266	29.3	31632	1.05000e-04	3.32148	28.1	31348	1.05950e-04	3.32129	29.6
65323.494	16.041	31570	1.05250e-04	3.32266	28.4	30911	1.07480e-04	3.32246	29.3	31632	1.05000e-04	3.32129	28.1	31409	1.05740e-04	3.32109	29.5
65324.682	16.041	31528	1.05400e-04	3.32305	28.4	30910	1.07490e-04	3.32266	29.3	31659	1.04920e-04	3.32168	28.1	31411	1.05740e-04	3.32129	29.5
65325.871	16.049	31576	1.05230e-04	3.32266	28.4	30912	1.07490e-04	3.32285	29.3	31628	1.05010e-04	3.32129	28.1	31392	1.05790e-04	3.32109	29.5
65327.059	16.049	31566	1.05270e-04	3.32285	28.4	30903	1.07530e-04	3.32285	29.3	31648	1.04950e-04	3.32129	28.1	31393	1.05790e-04	3.32109	29.5
65328.247	16.029	31572	1.05250e-04	3.32305	28.4	30911	1.07500e-04	3.32305	29.3	31635	1.05000e-04	3.32168	28.1	31427	1.05690e-04	3.32148	29.5
65329.436	16.029	31539	1.05350e-04	3.32266	28.4	30926	1.07450e-04	3.32285	29.3	31659	1.04910e-04	3.32148	28.1	31425	1.05690e-04	3.32129	29.5
65330.624	16.043	31572	1.05250e-04	3.32305	28.4	30967	1.07300e-04	3.32266	29.3	31709	1.04740e-04	3.32129	28.1	31437	1.05640e-04	3.32109	29.5
65331.812	16.043	31548	1.05330e-04	3.32285	28.4	30906	1.07520e-04	3.32285	29.3	31700	1.04780e-04	3.32148	28.1	31443	1.05630e-04	3.32129	29.5
65333.000	16.043	31558	1.05290e-04	3.32266	28.4	30916	1.07480e-04	3.32266	29.3	31647	1.04950e-04	3.32129	28.1	31388	1.05810e-04	3.32109	29.5
65334.188	16.036	31592	1.05190e-04	3.32305	28.4	30920	1.07460e-04	3.32266	29.3	31678	1.04850e-04	3.32148	28.1	31452	1.05610e-04	3.32148	29.5
65335.377	16.036	31576	1.05230e-04	3.32285	28.4	30969	1.07300e-04	3.32285	29.2	31762	1.04580e-04	3.32148	28.1	31366	1.05890e-04	3.32129	29.5
65336.565	16.028	31579	1.05220e-04	3.32266	28.4	30935	1.07410e-04	3.32266	29.2	31649	1.04940e-04	3.32129	28.1	31387	1.05810e-04	3.32109	29.5
65337.753	16.028	31613	1.05120e-04	3.32305	28.4	30952	1.07360e-04	3.32285	29.2	31628	1.05020e-04	3.32148	28.1	31397	1.05780e-04	3.32109	29.5
65338.941	16.026	31587	1.05200e-04	3.32285	28.4	30961	1.07320e-04	3.32285	29.2	31646	1.04960e-04	3.32168	28.1	31417	1.05720e-04	3.32129	29.5
65340.130	16.026	31570	1.05240e-04	3.32246	28.4	30901	1.07520e-04	3.32246	29.2	31664	1.04880e-04	3.32090	28.1	31372	1.05860e-04	3.32090	29.5
65341.318	16.032	31557	1.05300e-04	3.32305	28.4	30888	1.07580e-04	3.32305	29.2	31659	1.04920e-04	3.32168	28.1	31448	1.05620e-04	3.32148	29.5
65342.506	16.032	31533	1.05370e-04	3.32266	28.4	30873	1.07630e-04	3.32285	29.2	31605	1.05090e-04	3.32148	28.1	31362	1.05900e-04	3.32129	29.5
65343.694	16.032	31500	1.05490e-04	3.32285	28.4	30873	1.07620e-04	3.32266	29.2	31607	1.05080e-04	3.32129	28.0	31371	1.05870e-04	3.32109	29.5
65344.883	16.022	31501	1.05490e-04	3.32305	28.4	30884	1.07590e-04	3.32285	29.2	31640	1.04990e-04	3.32188	28.1	31350	1.05940e-04	3.32129	29.5
65346.071	16.022	31525	1.05400e-04	3.32266	28.4	30876	1.07620e-04	3.32285	29.2	31620	1.05040e-04	3.32148	28.0	31437	1.05640e-04	3.32109	29.5
65347.259	16.039	31596	1.05170e-04	3.32285	28.4	30910	1.07490e-04	3.32246	29.2	31694	1.04790e-04	3.32129	28.1	31416	1.05720e-04	3.32129	29.5
65348.447	16.039	31477	1.05560e-04	3.32285	28.4	30873	1.07620e-04	3.32266	29.2	31673	1.04870e-04	3.32168	28.1	31378	1.05850e-04	3.32129	29.5
65349.636	16.026	31502	1.05470e-04	3.32266	28.4	30908	1.07500e-04	3.32266	29.2	31667	1.04880e-04	3.32129	28.0	31382	1.05820e-04	3.32090	29.5
65350.824	16.026	31499	1.05490e-04	3.32285	28.4	30916	1.07480e-04	3.32285	29.2	31665	1.04890e-04	3.32148	28.0	31381	1.05840e-04	3.32129	29.5
65352.012	16.032	31511	1.05460e-04	3.32305	28.4	30901	1.07540e-04	3.32305	29.2	31647	1.04950e-04	3.32148	28.0	31404	1.05760e-04	3.32129	29.5
65353.200	16.032	31548	1.05330e-04	3.32285	28.4	30940	1.07400e-04	3.32305	29.2	31707	1.04760e-04	3.32148	28.1	31385	1.05820e-04	3.32129	29.5
65354.388	16.032	31511	1.05450e-04	3.32285	28.4	30920	1.07460e-04	3.32266	29.2	31675	1.04860e-04	3.32129	28.1	31384	1.05820e-04	3.32109	29.5
65355.577	16.030	31578	1.05230e-04	3.32285	28.4	30943	1.07390e-04	3.32285	29.2	31723	1.04700e-04	3.32148	28.1	31459	1.05570e-04	3.32129	29.5
65356.765	16.030	31544	1.05340e-04	3.32285	28.4	30922	1.07450e-04	3.32266	29.2	31668	1.04890e-04	3.32148	28.0	31358	1.05910e-04	3.32109	29.5
65357.953	16.041	31537	1.05370e-04	3.32305	28.4	30921	1.07460e-04	3.32266	29.2	31634	1.05000e-04	3.32148	28.0	31398	1.05770e-04	3.32109	29.5
65359.141	16.041	31509	1.05460e-04	3.32285	28.4	30855	1.07690e-04	3.32266	29.2	31673	1.04870e-04	3.32148	28.0	31389	1.05810e-04	3.32129	29.5
65360.330	16.040	31557	1.05300e-04	3.32285	28.4	30916	1.07480e-04	3.32266	29.2	31656	1.04920e-04	3.32148	28.0	31387	1.05820e-04	3.32129	29.5
65361.518	16.040	31573	1.05240e-04	3.32266	28.4	30898	1.07540e-04	3.32266	29.2	31711	1.04740e-04	3.32148	28.0	31382	1.05820e-04	3.32090	29.5
65362.706	16.040	31621	1.05090e-04	3.32305	28.4	30964	1.07310e-04	3.32285	29.2	31739	1.04650e-04	3.32148	28.0	31436	1.05650e-04	3.32129	29.5
65363.895	16.015	31548	1.05330e-04	3.32285	28.4	30951	1.07360e-04	3.32285	29.2	31698	1.04790e-04	3.32148	28.0	31431	1.05660e-04	3.32109	29.5
65365.083	16.015	31512	1.05450e-04	3.32285	28.4	30876	1.07610e-04	3.32266	29.2	31681	1.04840e-04	3.32148	28.0	31392	1.05790e-04	3.32109	29.5
65366.271	16.020	31561	1.05280e-04	3.32285	28.4	30910	1.07500e-04	3.32285	29.2	31677	1.04860e-04	3.32148	28.0	31390	1.05810e-04	3.32129	29.5
65367.459	16.020	31562	1.05270e-04	3.32266	28.4	30905	1.07520e-04	3.32285	29.2	31666	1.04890e-04	3.32148	28.0	31387	1.05810e-04	3.32109	29.5
65368.648	16.035	31568	1.05270e-04	3.32305	28.4	30910	1.07490e-04	3.32246	29.2	31672	1.04870e-04	3.32148	28.0	31404	1.05750e-04	3.32090	29.5
65369.836	16.035	31538	1.05360e-04	3.32285	28.4	30915	1.07480e-04	3.32266	29.2	31649	1.04950e-04	3.32148	28.0	31393	1.05800e-04	3.32129	29.5
65371.024	16.025	31524	1.05400e-04	3.32266	28.4	30903	1.07520e-04	3.32266	29.2	31700	1.04770e-04	3.32129	28.0	31359	1.05910e-04	3.32109	29.5
65372.212	16.025	31533	1.05380e-04	3.32285	28.4	30934	1.07420e-04	3.32285	29.2	31644	1.04960e-04	3.32148	28.0	31399	1.05770e-04	3.32109	29.5
65373.400	16.023	31588	1.05190e-04	3.32285	28.4	30973	1.07280e-04	3.32266	29.2	31712	1.04730e-04	3.32129	28.0	31428	1.05680e-04	3.32129	29.5
65374.589	16.023	31539	1.05360e-04	3.32285	28.3	30966	1.07300e-04	3.32266	29.2	31670	1.04870e-04	3.32129	28.0	31439	1.05630e-04	3.32090	29.5
65375.777	16.023	31618	1.05090e-04	3.32285	28.4	30936	1.07410e-04	3.32285	29.2	31714	1.04730e-04	3.32148	28.0	31428	1.05670e-04	3.32109	29.5
65376.965	16.029	31569	1.05250e-04	3.32266	28.3	30946	1.07380e-04	3.32285	29.2	31630	1.05010e-04	3.32148	28.0	31455	1.05590e-04	3.32129	29.5
65378.153	16.029	31541	1.05360e-04	3.32305	28.3	30902	1.07510e-04	3.32246	29.2	31624	1.05020e-04	3.32109	28.0	31350	1.05930e-04	3.32090	29.5
65379.341	16.040	31520	1.05420e-04	3.32285	28.3	30934	1.07420e-04	3.32285	29.2	31603	1.05110e-04	3.32168	28.0	31410	1.05740e-04	3.32129	29.5
65380.530	16.040	31549	1.05320e-04	3.32285	28.3	30919	1.07470e-04	3.32285	29.2	31659	1.04910e-04	3.32148	28.0	31421	1.05700e-04	3.32109	29.5
65381.718	16.046	31470	1.05590e-04	3.32285	28.3	30869	1.07640e-04	3.32266	29.2	31630	1.05010e-04	3.32148	28.0	31393	1.05790e-04	3.32109	29.5
65382.907	16.046	31488	1.05520e-04	3.32266	28.3	30915	1.07480e-04	3.32266	29.2	31622	1.05030e-04	3.32129	28.0	31383	1.05820e-04	3.32109	29.5
65384.095	16.046	31560	1.05290e-04	3.32285	28.3	30941	1.07390e-04	3.32285	29.2	31649	1.04940e-04	3.32129	28.0	31391	1.05800e-04	3.32129	29.5
65385.283	16.048	31555	1.05300e-04	3.32285	28.3	30942	1.07380e-04	3.32246	29.2	31705	1.04760e-04	3.32129	28.0	31350	1.05940e-04	3.32109	29.5
65386.471	16.048	31541	1.05350e-04	3.32285	28.3	30944	1.07380e-04	3.32285	29.2	31677	1.04860e-04	3.32148	28.0	31330	1.06010e-04	3.32129	29.5
65387.660	16.055	31511	1.05440e-04	3.32266	28.3	30874	1.07620e-04	3.32266	29.2	31637	1.04980e-04	3.32129	28.0	31396	1.05770e-04	3.32090	29.5
65388.848	16.055	31512	1.05450e-04	3.32285	28.3	30909	1.07500e-04	3.32285	29.2	31655	1.04930e-04	3.32148	28.0	31383	1.05830e-04	3.32129	29.5
65390.036	16.049	31554	1.05300e-04	3.32266	28.3	30899	1.07540e-04	3.32285	29.2	31670	1.04870e-04	3.32129	28.0	31411	1.05740e-04	3.32129	29.5
65391.224	16.049	31518	1.05420e-04	3.32266	28.3	30854	1.07700e-04	3.32285	29.2	31625	1.05030e-04	3.32148	28.0	31367	1.05880e-04	3.32109	29.5
65392.412	16.058	31548	1.05330e-04	3.32285	28.3	30931	1.07420e-04	3.32266	29.2	31675	1.04860e-04	3.32148	28.0	31397	1.05780e-04	3.32109	29.5
65393.601	16.058	31520	1.05420e-04	3.32285	28.3	30892	1.07560e-04	3.32266	29.2	31606	1.05090e-04	3.32148	28.0	31374	1.05860e-04	3.32109	29.5
65394.789	16.058	31544	1.05330e-04	3.32246	28.3	30849	1.07700e-04	3.32246	29.2	31594	1.05130e-04	3.32148	28.0	31373	1.05850e-04	3.32090	29.5
65395.977	16.018	31501	1.05480e-04	3.32285	28.3	30895	1.07550e-04	3.32266	29.2	31589	1.05140e-04	3.32129	28.0	31409	1.05740e-04	3.32129	29.5
65397.165	16.018	31490	1.05520e-04	3.32285	28.3	30898	1.07540e-04	3.32285	29.2	31610	1.05080e-04	3.32148	28.0	31362	1.05900e-04	3.32129	29.5
65398.353	16.016	31491	1.05520e-04	3.32285	28.3	30901	1.07530e-04	3.32285	29.2	31678	1.04850e-04	3.32148	28.0	31415	1.05720e-04	3.32109	29.5
65399.542	16.016	31549	1.05320e-04	3.32285	28.3	30912	1.07490e-04	3.32285	29.2	31600	1.05100e-04	3.32129	28.0	31356	1.05920e-04	3.32109	29.5
65400.730	16.044	31565	1.05270e-04	3.32285	28.3	30919	1.07460e-04	3.32266	29.2	31670	1.04870e-04	3.32129	28.0	31339	1.05970e-04	3.32090	29.5
65401.918	16.044	31501	1.05480e-04	3.32266	28.3	30949	1.07370e-04	3.32285	29.2	31705	1.04760e-04	3.32148	28.0	31378	1.05850e-04	3.32129	29.5
65403.106	16.050	31546	1.05330e-04	3.32266	28.3	30921	1.07460e-04	3.32266	29.2	31690	1.04800e-04	3.32129	28.0	31369	1.05870e-04	3.32109	29.5
65404.295	16.050	31529	1.05400e-04	3.32305	28.3	30885	1.07580e-04	3.32266	29.2	31691	1.04810e-04	3.32148	28.0	31412	1.05730e-04	3.32129	29.5
65405.483	16.050	31541	1.05350e-04	3.32285	28.3	30889	1.07570e-04	3.32266	29.2	31653	1.04930e-04	3.32148	28.0	31377	1.05850e-04	3.32109	29.5
65406.671	16.043	31532	1.05370e-04	3.32266	28.3	30873	1.07620e-04	3.32246	29.2	31658	1.04910e-04	3.32129	28.0	31395	1.05780e-04	3.32109	29.5
65407.859	16.043	31495	1.05510e-04	3.32305	28.3	30901	1.07530e-04	3.32285	29.2	31638	1.04980e-04	3.32129	28.0	31394	1.05790e-04	3.32129	29.5
65409.048	16.031	31491	1.05510e-04	3.32266	28.3	30844	1.07720e-04	3.32266	29.2	31604	1.05090e-04	3.32129	28.0	31358	1.05920e-04	3.32129	29.5
65410.236	16.031	31490	1.05520e-04	3.32285	28.3	30943	1.07390e-04	3.32285	29.2	31636	1.05000e-04	3.32168	28.0	31327	1.06020e-04	3.32129	29.5
65411.424	16.043	31554	1.05310e-04	3.32285	28.3	30927	1.07440e-04	3.32285	29.2	31658	1.04920e-04	3.32148	28.0	31370	1.05870e-04	3.32109	29.5
65412.613	16.043	31584	1.05200e-04	3.32266	28.3	30895	1.07550e-04	3.32266	29.2	31671	1.04870e-04	3.32129	28.0	31457	1.05570e-04	3.32090	29.5
65413.801	16.043	31633	1.05040e-04	3.32285	28.3	30952	1.07350e-04	3.32266	29.2	31771	1.04550e-04	3.32148	28.0	31456	1.05590e-04	3.32129	29.5
65414.989	16.038	31529	1.05380e-04	3.32246	28.3	30944	1.07380e-04	3.32266	29.2	31655	1.04930e-04	3.32148	28.0	31447	1.05610e-04	3.32109	29.5
65416.177	16.038	31517	1.05430e-04	3.32285	28.3	30911	1.07480e-04	3.32246	29.2	31679	1.04840e-04	3.32129	28.0	31397	1.05780e-04	3.32109	29.5
65417.365	16.032	31503	1.05480e-04	3.32285	28.3	30919	1.07460e-04	3.32266	29.2	31607	1.05090e-04	3.32148	28.0	31360	1.05900e-04	3.32109	29.5
65418.553	16.032	31545	1.05330e-04	3.32266	28.3	30911	1.07490e-04	3.32266	29.2	31615	1.05060e-04	3.32148	28.0	31313	1.06060e-04	3.32090	29.5
65419.742	16.053	31489	1.05520e-04	3.32266	28.3	30883	1.07590e-04	3.32266	29.2	31663	1.04900e-04	3.32129	28.0	31339	1.05970e-04	3.32109	29.5
65420.930	16.053	31550	1.05320e-04	3.32285	28.3	30926	1.07440e-04	3.32266	29.2	31620	1.05040e-04	3.32129	28.0	31317	1.06050e-04	3.32109	29.5
65422.119	16.046	31503	1.05470e-04	3.32266	28.3	30913	1.07490e-04	3.32285	29.2	31649	1.04950e-04	3.32148	28.0	31387	1.05810e-04	3.32109	29.5
65423.307	16.046	31467	1.05600e-04	3.32285	28.3	30934	1.07420e-04	3.32285	29.2	31634	1.04990e-04	3.32129	28.0	31338	1.05980e-04	3.32109	29.5
65424.495	16.051	31554	1.05300e-04	3.32266	28.3	30933	1.07420e-04	3.32266	29.2	31655	1.04920e-04	3.32129	28.0	31324	1.06020e-04	3.32090	29.5
65425.683	16.051	31506	1.05460e-04	3.32266	28.3	30881	1.07590e-04	3.32266	29.2	31641	1.04970e-04	3.32148	28.0	31403	1.05760e-04	3.32109	29.5
65426.871	16.051	31558	1.05290e-04	3.32266	28.3	30921	1.07450e-04	3.32246	29.2	31642	1.04970e-04	3.32129	28.0	31423	1.05690e-04	3.32090	29.5
65428.060	16.066	31557	1.05300e-04	3.32285	28.3	30879	1.07590e-04	3.32246	29.2	31653	1.04930e-04	3.32129	28.0	31349	1.05940e-04	3.32109	29.5
65429.248	16.066	31563	1.05280e-04	3.32285	28.3	30920	1.07470e-04	3.32285	29.2	31673	1.04860e-04	3.32129	28.0	31399	1.05780e-04	3.32129	29.5
65430.436	16.058	31505	1.05460e-04	3.32266	28.3	30883	1.07590e-04	3.32266	29.2	31647	1.04950e-04	3.32129	28.0	31337	1.05980e-04	3.32109	29.5
65431.625	16.058	31544	1.05330e-04	3.32266	28.3	30897	1.07540e-04	3.32266	29.2	31649	1.04940e-04	3.32129	28.0	31393	1.05780e-04	3.32090	29.5
65432.813	16.052	31513	1.05440e-04	3.32285	28.3	30891	1.07560e-04	3.32266	29.2	31634	1.04990e-04	3.32129	28.0	31372	1.05870e-04	3.32129	29.5
65434.001	16.052	31534	1.05370e-04	3.32285	28.3	30864	1.07650e-04	3.32266	29.2	31669	1.04880e-04	3.32148	28.0	31397	1.05780e-04	3.32109	29.5
65435.189	16.059	31522	1.05410e-04	3.32285	28.3	30906	1.07510e-04	3.32285	29.2	31641	1.04970e-04	3.32148	28.0	31395	1.05780e-04	3.32109	29.5
65436.377	16.059	31502	1.05470e-04	3.32266	28.3	30905	1.07520e-04	3.32285	29.2	31630	1.05010e-04	3.32148	28.0	31369	1.05870e-04	3.32109	29.5
65437.566	16.059	31538	1.05360e-04	3.32285	28.3	30919	1.07460e-04	3.32266	29.2	31687	1.04810e-04	3.32109	28.0	31348	1.05940e-04	3.32090	29.5
65438.754	16.044	31489	1.05520e-04	3.32285	28.3	30887	1.07580e-04	3.32285	29.2	31663	1.04900e-04	3.32148	28.0	31387	1.05820e-04	3.32129	29.5
65439.942	16.044	31552	1.05310e-04	3.32285	28.3	30920	1.07470e-04	3.32285	29.2	31649	1.04950e-04	3.32148	28.0	31380	1.05830e-04	3.32109	29.5
65441.131	16.023	31536	1.05370e-04	3.32285	28.3	30933	1.07420e-04	3.32266	29.2	31660	1.04910e-04	3.32148	28.0	31386	1.05810e-04	3.32109	29.5
65442.319	16.023	31502	1.05470e-04	3.32266	28.3	30925	1.07440e-04	3.32266	29.2	31690	1.04820e-04	3.32168	28.0	31423	1.05690e-04	3.32109	29.5
65443.507	16.039	31510	1.05450e-04	3.32285	28.3	30897	1.07540e-04	3.32266	29.2	31642	1.04960e-04	3.32129	28.0	31377	1.05840e-04	3.32109	29.5
65444.695	16.039	31602	1.05150e-04	3.32285	28.3	30909	1.07500e-04	3.32285	29.2	31672	1.04870e-04	3.32148	28.0	31428	1.05680e-04	3.32129	29.5
65445.883	16.039	31585	1.05200e-04	3.32266	28.3	30960	1.07330e-04	3.32285	29.2	31663	1.04900e-04	3.32148	28.0	31437	1.05650e-04	3.32129	29.5
65447.071	16.033	31534	1.05370e-04	3.32285	28.3	30931	1.07430e-04	3.32285	29.2	31664	1.04900e-04	3.32148	28.0	31397	1.05780e-04	3.32109	29.5
65448.260	16.033	31551	1.05310e-04	3.32266	28.3	30892	1.07560e-04	3.32285	29.2	31629	1.05010e-04	3.32129	28.0	31373	1.05860e-04	3.32109	29.5
65449.448	16.033	31590	1.05190e-04	3.32285	28.3	30872	1.07630e-04	3.32285	29.2	31621	1.05040e-04	3.32148	28.0	31392	1.05790e-04	3.32109	29.5
65450.636	16.033	31599	1.05160e-04	3.32305	28.4	30883	1.07590e-04	3.32266	29.2	31659	1.04910e-04	3.32129	28.0	31423	1.05700e-04	3.32129	29.5
65451.824	16.041	31526	1.05400e-04	3.32266	28.4	30941	1.07390e-04	3.32266	29.2	31683	1.04840e-04	3.32148	28.0	31371	1.05870e-04	3.32109	29.5
65453.013	16.041	31527	1.05400e-04	3.32305	28.4	30916	1.07470e-04	3.32266	29.2	31668	1.04890e-04	3.32148	28.0	31359	1.05910e-04	3.32129	29.5
65454.201	16.044	31496	1.05500e-04	3.32285	28.4	30932	1.07420e-04	3.32285	29.2	31684	1.04830e-04	3.32148	28.0	31404	1.05760e-04	3.32129	29.5
65455.389	16.044	31535	1.05370e-04	3.32285	28.4	30939	1.07390e-04	3.32266	29.2	31650	1.04940e-04	3.32148	28.0	31393	1.05800e-04	3.32129	29.5
65456.578	16.044	31531	1.05380e-04	3.32285	28.4	30903	1.07530e-04	3.32285	29.2	31592	1.05140e-04	3.32148	28.0	31373	1.05860e-04	3.32129	29.5
65457.766	16.040	31544	1.05340e-04	3.32285	28.4	30903	1.07530e-04	3.32285	29.2	31607	1.05090e-04	3.32148	28.0	31428	1.05680e-04	3.32129	29.5
65458.954	16.040	31538	1.05360e-04	3.32285	28.4	30921	1.07450e-04	3.32246	29.2	31649	1.04950e-04	3.32148	28.0	31374	1.05850e-04	3.32109	29.5
65460.142	16.042	31529	1.05380e-04	3.32246	28.4	30924	1.07460e-04	3.32305	29.2	31644	1.04960e-04	3.32129	28.0	31366	1.05890e-04	3.32129	29.5
65461.330	16.042	31501	1.05490e-04	3.32305	28.4	30876	1.07610e-04	3.32266	29.2	31625	1.05020e-04	3.32129	28.0	31410	1.05730e-04	3.32109	29.5
65462.519	16.034	31504	1.05480e-04	3.32285	28.4	30889	1.07580e-04	3.32285	29.2	31635	1.04990e-04	3.32148	28.0	31406	1.05750e-04	3.32129	29.5
65463.707	16.034	31549	1.05320e-04	3.32285	28.4	30914	1.07490e-04	3.32285	29.2	31603	1.05100e-04	3.32148	28.0	31465	1.05560e-04	3.32129	29.5
65464.895	16.034	31524	1.05400e-04	3.32266	28.4	30896	1.07540e-04	3.32246	29.2	31583	1.05160e-04	3.32129	28.0	31393	1.05790e-04	3.32109	29.5
65466.083	16.051	31534	1.05370e-04	3.32266	28.4	30939	1.07390e-04	3.32266	29.2	31621	1.05050e-04	3.32168	28.0	31396	1.05790e-04	3.32129	29.5
65467.272	16.051	31549	1.05320e-04	3.32285	28.4	30955	1.07340e-04	3.32285	29.2	31664	1.04900e-04	3.32148	28.0	31330	1.06000e-04	3.32109	29.5
65468.460	16.047	31534	1.05360e-04	3.32246	28.4	30976	1.07270e-04	3.32285	29.2	31717	1.04720e-04	3.32148	28.0	31410	1.05730e-04	3.32109	29.5
65469.648	16.047	31565	1.05270e-04	3.32285	28.4	30982	1.07250e-04	3.32285	29.2	31623	1.05030e-04	3.32129	28.0	31402	1.05760e-04	3.32109	29.5
65470.836	16.046	31542	1.05350e-04	3.32285	28.4	30934	1.07420e-04	3.32285	29.2	31674	1.04860e-04	3.32148	28.0	31417	1.05710e-04	3.32109	29.5
65472.025	16.046	31522	1.05410e-04	3.32285	28.4	30954	1.07360e-04	3.32305	29.2	31669	1.04880e-04	3.32148	28.0	31375	1.05860e-04	3.32129	29.5
65473.213	16.043	31577	1.05220e-04	3.32266	28.4	30916	1.07480e-04	3.32285	29.2	31641	1.04970e-04	3.32148	28.0	31413	1.05730e-04	3.32129	29.5
65474.401	16.043	31550	1.05330e-04	3.32305	28.4	30914	1.07480e-04	3.32266	29.2	31636	1.04990e-04	3.32129	28.0	31418	1.05710e-04	3.32109	29.5
65475.589	16.043	31521	1.05410e-04	3.32266	28.4	30893	1.07550e-04	3.32266	29.2	31588	1.05150e-04	3.32148	28.0	31416	1.05720e-04	3.32129	29.5
65476.777	16.037	31552	1.05310e-04	3.32285	28.4	30920	1.07450e-04	3.32246	29.2	31644	1.04960e-04	3.32148	28.0	31370	1.05870e-04	3.32109	29.5
65477.966	16.037	31557	1.05300e-04	3.32285	28.4	30911	1.07490e-04	3.32266	29.2	31669	1.04880e-04	3.32148	28.0	31395	1.05790e-04	3.32129	29.5
65479.154	16.043	31534	1.05370e-04	3.32266	28.4	30899	1.07530e-04	3.32266	29.2	31639	1.04980e-04	3.32148	28.0	31387	1.05810e-04	3.32109	29.5
65480.342	16.043	31574	1.05240e-04	3.32285	28.4	30925	1.07440e-04	3.32266	29.2	31636	1.04990e-04	3.32129	28.0	31369	1.05870e-04	3.32109	29.5
65481.531	16.042	31551	1.05320e-04	3.32285	28.4	30910	1.07500e-04	3.32285	29.2	31662	1.04900e-04	3.32148	28.0	31383	1.05830e-04	3.32129	29.5
65482.719	16.042	31527	1.05390e-04	3.32266	28.4	30886	1.07570e-04	3.32246	29.2	31623	1.05030e-04	3.32148	28.0	31390	1.05800e-04	3.32109	29.5
65483.907	16.042	31540	1.05360e-04	3.32305	28.4	30929	1.07430e-04	3.32285	29.2	31639	1.04970e-04	3.32129	28.0	31413	1.05730e-04	3.32129	29.5
65485.095	16.036	31625	1.05070e-04	3.32285	28.4	30959	1.07330e-04	3.32285	29.2	31664	1.04900e-04	3.32148	28.0	31403	1.05760e-04	3.32109	29.5
65486.283	16.035	31629	1.05060e-04	3.32285	28.4	30984	1.07250e-04	3.32285	29.2	31661	1.04910e-04	3.32148	28.0	31482	1.05490e-04	3.32109	29.5
65487.472	16.035	31567	1.05260e-04	3.32266	28.4	31045	1.07030e-04	3.32266	29.2	31647	1.04950e-04	3.32129	28.0	31470	1.05530e-04	3.32109	29.5
65488.660	16.035	31556	1.05300e-04	3.32285	28.4	30952	1.07340e-04	3.32246	29.2	31646	1.04950e-04	3.32129	28.0	31414	1.05720e-04	3.32109	29.5
65489.848	16.063	31587	1.05200e-04	3.32285	28.4	30917	1.07470e-04	3.32266	29.2	31606	1.05080e-04	3.32129	28.1	31383	1.05820e-04	3.32109	29.5
65491.036	16.063	31510	1.05450e-04	3.32285	28.4	30879	1.07600e-04	3.32266	29.2	31655	1.04930e-04	3.32148	28.0	31371	1.05870e-04	3.32109	29.5
65492.225	16.052	31485	1.05540e-04	3.32285	28.4	30870	1.07630e-04	3.32266	29.2	31584	1.05160e-04	3.32148	28.0	31347	1.05950e-04	3.32109	29.5
65493.413	16.052	31499	1.05480e-04	3.32266	28.4	30885	1.07580e-04	3.32266	29.2	31646	1.04960e-04	3.32148	28.0	31359	1.05910e-04	3.32109	29.5
65494.601	16.039	31551	1.05320e-04	3.32285	28.4	30883	1.07590e-04	3.32266	29.2	31547	1.05280e-04	3.32129	28.0	31330	1.06000e-04	3.32109	29.5
65495.789	16.039	31528	1.05400e-04	3.32285	28.4	30905	1.07520e-04	3.32285	29.2	31626	1.05020e-04	3.32148	28.1	31354	1.05930e-04	3.32129	29.5
65496.978	16.039	31513	1.05440e-04	3.32266	28.4	30955	1.07340e-04	3.32266	29.2	31616	1.05060e-04	3.32148	28.0	31437	1.05650e-04	3.32129	29.5
65498.166	16.052	31562	1.05290e-04	3.32305	28.4	30917	1.07470e-04	3.32266	29.2	31646	1.04950e-04	3.32129	28.0	31366	1.05880e-04	3.32109	29.5
65499.354	16.052	31527	1.05390e-04	3.32266	28.4	30906	1.07520e-04	3.32285	29.2	31612	1.05080e-04	3.32168	28.0	31363	1.05900e-04	3.32129	29.5
65500.542	16.033	31557	1.05290e-04	3.32266	28.4	30940	1.07380e-04	3.32246	29.2	31656	1.04920e-04	3.32129	28.0	31420	1.05700e-04	3.32109	29.5
65501.731	16.033	31504	1.05480e-04	3.32305	28.4	30873	1.07620e-04	3.32266	29.2	31630	1.05000e-04	3.32129	28.0	31367	1.05890e-04	3.32129	29.5
65502.919	16.039	31617	1.05100e-04	3.32285	28.4	30920	1.07460e-04	3.32266	29.2	31664	1.04900e-04	3.32148	28.0	31377	1.05850e-04	3.32109	29.5
65504.107	16.039	31533	1.05380e-04	3.32285	28.4	30899	1.07530e-04	3.32266	29.2	31663	1.04890e-04	3.32109	28.0	31367	1.05880e-04	3.32109	29.5
65505.296	16.030	31544	1.05340e-04	3.32285	28.4	30870	1.07650e-04	3.32305	29.2	31612	1.05080e-04	3.32168	28.0	31405	1.05750e-04	3.32109	29.5
65506.484	16.030	31540	1.05350e-04	3.32266	28.4	30875	1.07620e-04	3.32285	29.2	31611	1.05080e-04	3.32168	28.0	31386	1.05820e-04	3.32129	29.5
65507.672	16.030	31524	1.05410e-04	3.32305	28.4	30962	1.07320e-04	3.32285	29.2	31584	1.05160e-04	3.32129	28.0	31394	1.05790e-04	3.32109	29.5
65508.860	16.038	31544	1.05340e-04	3.32285	28.4	30991	1.07210e-04	3.32266	29.2	31682	1.04840e-04	3.32168	28.0	31446	1.05620e-04	3.32129	29.5
65510.048	16.038	31572	1.05240e-04	3.32246	28.4	30936	1.07400e-04	3.32266	29.2	31619	1.05050e-04	3.32148	28.0	31397	1.05780e-04	3.32109	29.5
65511.236	16.047	31529	1.05390e-04	3.32285	28.4	30971	1.07280e-04	3.32246	29.2	31619	1.05030e-04	3.32109	28.1	31419	1.05700e-04	3.32090	29.5
65512.425	16.047	31508	1.05470e-04	3.32305	28.4	30907	1.07520e-04	3.32305	29.2	31640	1.04980e-04	3.32148	28.1	31388	1.05820e-04	3.32148	29.5
65513.613	16.045	31509	1.05460e-04	3.32285	28.4	30963	1.07310e-04	3.32266	29.2	31632	1.05000e-04	3.32148	28.1	31374	1.05850e-04	3.32109	29.5
65514.801	16.045	31535	1.05370e-04	3.32285	28.4	30915	1.07480e-04	3.32285	29.2	31646	1.04950e-04	3.32129	28.1	31390	1.05810e-04	3.32148	29.5
65515.990	16.049	31540	1.05350e-04	3.32266	28.4	30956	1.07340e-04	3.32285	29.2	31651	1.04940e-04	3.32148	28.1	31439	1.05630e-04	3.32109	29.5
65517.178	16.049	31538	1.05350e-04	3.32266	28.4	30886	1.07580e-04	3.32266	29.2	31606	1.05080e-04	3.32129	28.0	31377	1.05850e-04	3.32109	29.5
65518.366	16.049	31487	1.05530e-04	3.32285	28.4	30919	1.07480e-04	3.32305	29.2	31612	1.05070e-04	3.32148	28.1	31384	1.05830e-04	3.32129	29.5
65519.555	16.054	31518	1.05420e-04	3.32266	28.4	30973	1.07280e-04	3.32266	29.2	31672	1.04870e-04	3.32148	28.0	31398	1.05770e-04	3.32109	29.5
65520.743	16.054	31527	1.05390e-04	3.32266	28.4	30939	1.07390e-04	3.32266	29.2	31720	1.04700e-04	3.32109	28.0	31426	1.05680e-04	3.32109	29.5
65521.931	16.039	31514	1.05440e-04	3.32285	28.4	30915	1.07480e-04	3.32285	29.2	31581	1.05170e-04	3.32148	28.0	31395	1.05790e-04	3.32129	29.5
65523.119	16.039	31561	1.05280e-04	3.32285	28.4	30914	1.07480e-04	3.32266	29.2	31606	1.05090e-04	3.32148	28.0	31352	1.05930e-04	3.32129	29.5
65524.308	16.044	31504	1.05470e-04	3.32285	28.4	30894	1.07550e-04	3.32266	29.2	31613	1.05070e-04	3.32148	28.0	31380	1.05830e-04	3.32090	29.5
65525.496	16.044	31506	1.05470e-04	3.32285	28.4	30925	1.07450e-04	3.32285	29.2	31582	1.05170e-04	3.32129	28.0	31393	1.05800e-04	3.32129	29.5
65526.684	16.044	31444	1.05670e-04	3.32285	28.4	30917	1.07480e-04	3.32285	29.2	31596	1.05130e-04	3.32168	28.0	31378	1.05850e-04	3.32129	29.5
65527.872	16.047	31512	1.05440e-04	3.32266	28.4	30884	1.07580e-04	3.32246	29.2	31610	1.05070e-04	3.32129	28.1	31339	1.05970e-04	3.32090	29.5
65529.060	16.047	31526	1.05400e-04	3.32285	28.4	30878	1.07610e-04	3.32285	29.2	31595	1.05130e-04	3.32148	28.1	31378	1.05850e-04	3.32129	29.5
65530.249	16.066	31539	1.05360e-04	3.32285	28.4	30914	1.07490e-04	3.32285	29.2	31622	1.05040e-04	3.32148	28.1	31365	1.05890e-04	3.32109	29.5
65531.437	16.066	31473	1.05580e-04	3.32285	28.4	30902	1.07520e-04	3.32266	29.2	31604	1.05090e-04	3.32129	28.1	31342	1.05960e-04	3.32109	29.5
65532.625	16.051	31550	1.05320e-04	3.32285	28.4	30861	1.07670e-04	3.32285	29.2	31639	1.04990e-04	3.32168	28.0	31353	1.05930e-04	3.32129	29.5
65533.813	16.051	31482	1.05550e-04	3.32285	28.4	30903	1.07520e-04	3.32266	29.2	31619	1.05050e-04	3.32148	28.1	31417	1.05710e-04	3.32129	29.5
65535.002	16.035	31513	1.05440e-04	3.32266	28.4	30950	1.07360e-04	3.32266	29.2	31644	1.04960e-04	3.32129	28.0	31365	1.05890e-04	3.32109	29.5
65536.190	16.035	31620	1.05090e-04	3.32285	28.4	30953	1.07340e-04	3.32266	29.2	31685	1.04830e-04	3.32148	28.0	31426	1.05680e-04	3.32109	29.5
65537.378	16.031	31557	1.05300e-04	3.32285	28.4	30906	1.07510e-04	3.32266	29.2	31637	1.04980e-04	3.32129	28.0	31389	1.05800e-04	3.32090	29.5
65538.566	16.031	31577	1.05230e-04	3.32285	28.4	30898	1.07540e-04	3.32285	29.2	31670	1.04880e-04	3.32148	28.0	31375	1.05860e-04	3.32129	29.5
65539.754	16.031	31520	1.05420e-04	3.32285	28.4	30908	1.07500e-04	3.32266	29.2	31617	1.05050e-04	3.32148	28.0	31401	1.05760e-04	3.32109	29.5
65540.943	16.057	31533	1.05370e-04	3.32266	28.4	30898	1.07540e-04	3.32266	29.2	31610	1.05070e-04	3.32129	28.0	31382	1.05820e-04	3.32090	29.5
65542.131	16.057	31526	1.05410e-04	3.32305	28.4	30887	1.07590e-04	3.32305	29.2	31693	1.04810e-04	3.32168	28.0	31381	1.05840e-04	3.32129	29.5
65543.319	16.031	31578	1.05230e-04	3.32305	28.4	30903	1.07530e-04	3.32285	29.2	31618	1.05060e-04	3.32168	28.0	31424	1.05690e-04	3.32129	29.5
65544.507	16.031	31548	1.05330e-04	3.32285	28.4	30911	1.07500e-04	3.32285	29.2	31672	1.04870e-04	3.32148	28.1	31380	1.05840e-04	3.32129	29.5
65545.696	16.046	31535	1.05370e-04	3.32285	28.4	30882	1.07600e-04	3.32285	29.2	31618	1.05050e-04	3.32148	28.1	31389	1.05810e-04	3.32109	29.5
65546.884	16.046	31492	1.05500e-04	3.32246	28.4	30852	1.07690e-04	3.32246	29.2	31597	1.05120e-04	3.32148	28.1	31375	1.05850e-04	3.32090	29.5
65548.072	16.046	31549	1.05330e-04	3.32305	28.4	30869	1.07640e-04	3.32285	29.2	31593	1.05130e-04	3.32129	28.1	31367	1.05880e-04	3.32109	29.5
65549.261	16.043	31501	1.05480e-04	3.32285	28.4	30859	1.07680e-04	3.32285	29.2	31616	1.05060e-04	3.32148	28.1	31339	1.05980e-04	3.32129	29.5
65550.449	16.043	31521	1.05410e-04	3.32266	28.4	30921	1.07450e-04	3.32246	29.2	31621	1.05040e-04	3.32148	28.1	31342	1.05960e-04	3.32109	29.5
65551.637	16.046	31474	1.05580e-04	3.32285	28.4	30892	1.07560e-04	3.32285	29.2	31627	1.05010e-04	3.32129	28.1	31357	1.05920e-04	3.32148	29.5
65552.825	16.046	31617	1.05090e-04	3.32266	28.4	30987	1.07230e-04	3.32285	29.2	31628	1.05020e-04	3.32148	28.1	31382	1.05830e-04	3.32109	29.5
65554.013	16.029	31595	1.05180e-04	3.32305	28.4	31039	1.07050e-04	3.32285	29.2	31726	1.04690e-04	3.32129	28.1	31397	1.05780e-04	3.32109	29.5
65555.202	16.029	31627	1.05070e-04	3.32305	28.4	30991	1.07230e-04	3.32305	29.2	31700	1.04780e-04	3.32148	28.1	31441	1.05640e-04	3.32129	29.5
65556.390	16.029	31553	1.05300e-04	3.32266	28.4	30920	1.07460e-04	3.32285	29.2	31708	1.04750e-04	3.32148	28.1	31421	1.05700e-04	3.32109	29.5
65557.578	16.006	31525	1.05400e-04	3.32285	28.4	30912	1.07490e-04	3.32266	29.2	31661	1.04890e-04	3.32109	28.1	31403	1.05760e-04	3.32109	29.5
65558.767	16.006	31490	1.05520e-04	3.32285	28.4	30922	1.07450e-04	3.32266	29.2	31652	1.04940e-04	3.32168	28.1	31373	1.05850e-04	3.32090	29.5
65559.954	16.020	31511	1.05450e-04	3.32285	28.4	30943	1.07390e-04	3.32285	29.2	31623	1.05030e-04	3.32148	28.0	31333	1.06000e-04	3.32129	29.5
65561.143	16.020	31553	1.05310e-04	3.32285	28.4	30923	1.07450e-04	3.32266	29.2	31634	1.05000e-04	3.32148	28.1	31381	1.05840e-04	3.32129	29.5
65562.331	16.040	31589	1.05190e-04	3.32285	28.4	30910	1.07490e-04	3.32266	29.2	31633	1.05000e-04	3.32148	28.0	31417	1.05720e-04	3.32129	29.5
65563.519	16.040	31501	1.05480e-04	3.32285	28.4	30893	1.07550e-04	3.32266	29.2	31604	1.05090e-04	3.32129	28.0	31371	1.05870e-04	3.32109	29.5
65564.707	16.047	31500	1.05490e-04	3.32285	28.4	30906	1.07510e-04	3.32285	29.2	31642	1.04960e-04	3.32129	28.1	31395	1.05790e-04	3.32129	29.5
65565.896	16.047	31570	1.05250e-04	3.32266	28.4	30947	1.07370e-04	3.32285	29.2	31630	1.05010e-04	3.32148	28.0	31366	1.05880e-04	3.32109	29.5
65567.084	16.043	31517	1.05430e-04	3.32285	28.4	30915	1.07480e-04	3.32285	29.2	31675	1.04860e-04	3.32148	28.0	31381	1.05830e-04	3.32109	29.5
65568.272	16.043	31522	1.05400e-04	3.32246	28.4	30849	1.07700e-04	3.32246	29.2	31634	1.04990e-04	3.32129	28.0	31384	1.05820e-04	3.32109	29.5
65569.461	16.043	31521	1.05420e-04	3.32305	28.4	30882	1.07600e-04	3.32285	29.2	31647	1.04940e-04	3.32109	28.0	31387	1.05810e-04	3.32109	29.5
65570.649	16.034	31531	1.05380e-04	3.32285	28.4	30969	1.07290e-04	3.32266	29.2	31629	1.05020e-04	3.32168	28.0	31379	1.05840e-04	3.32109	29.5
65571.837	16.034	31561	1.05280e-04	3.32285	28.4	30917	1.07480e-04	3.32285	29.2	31691	1.04800e-04	3.32129	28.0	31392	1.05800e-04	3.32109	29.5
65573.025	16.035	31507	1.05460e-04	3.32285	28.4	30909	1.07500e-04	3.32266	29.2	31655	1.04930e-04	3.32148	28.0	31408	1.05740e-04	3.32109	29.5
65574.214	16.035	31510	1.05450e-04	3.32285	28.4	30918	1.07470e-04	3.32266	29.2	31672	1.04870e-04	3.32148	28.0	31406	1.05750e-04	3.32109	29.5
65575.402	16.047	31545	1.05330e-04	3.32266	28.4	30936	1.07400e-04	3.32266	29.2	31603	1.05090e-04	3.32109	28.0	31374	1.05850e-04	3.32109	29.5
65576.590	16.047	31524	1.05410e-04	3.32285	28.4	30929	1.07440e-04	3.32285	29.2	31628	1.05020e-04	3.32148	28.0	31327	1.06020e-04	3.32129	29.5
65577.778	16.047	31540	1.05360e-04	3.32305	28.4	30887	1.07580e-04	3.32285	29.2	31657	1.04920e-04	3.32148	28.0	31384	1.05820e-04	3.32109	29.5
65578.967	16.058	31506	1.05470e-04	3.32285	28.4	30870	1.07640e-04	3.32285	29.2	31587	1.05150e-04	3.32148	28.0	31353	1.05930e-04	3.32129	29.5
65580.155	16.058	31483	1.05540e-04	3.32266	28.4	30917	1.07480e-04	3.32285	29.2	31641	1.04970e-04	3.32148	28.0	31356	1.05920e-04	3.32109	29.5
65581.343	16.054	31517	1.05430e-04	3.32285	28.4	30979	1.07260e-04	3.32285	29.2	31686	1.04830e-04	3.32148	28.0	31425	1.05690e-04	3.32129	29.5
65582.531	16.054	31591	1.05180e-04	3.32266	28.4	30980	1.07250e-04	3.32266	29.2	31657	1.04920e-04	3.32148	28.0	31373	1.05860e-04	3.32109	29.5
65583.719	16.031	31618	1.05090e-04	3.32285	28.4	30998	1.07180e-04	3.32246	29.2	31680	1.04840e-04	3.32129	28.0	31406	1.05740e-04	3.32090	29.5
65584.908	16.031	31557	1.05300e-04	3.32285	28.4	30987	1.07230e-04	3.32266	29.2	31685	1.04830e-04	3.32148	28.0	31454	1.05590e-04	3.32129	29.5
65586.096	16.001	31509	1.05450e-04	3.32266	28.4	30925	1.07440e-04	3.32266	29.2	31673	1.04870e-04	3.32148	28.0	31373	1.05860e-04	3.32129	29.5
65587.284	16.001	31594	1.05180e-04	3.32285	28.4	30946	1.07370e-04	3.32266	29.2	31638	1.04980e-04	3.32148	28.0	31446	1.05620e-04	3.32129	29.5
65588.473	16.022	31548	1.05320e-04	3.32266	28.4	30940	1.07390e-04	3.32266	29.2	31690	1.04800e-04	3.32129	28.0	31393	1.05790e-04	3.32109	29.5
65589.661	16.022	31501	1.05480e-04	3.32285	28.4	30904	1.07520e-04	3.32285	29.2	31664	1.04900e-04	3.32148	28.0	31368	1.05880e-04	3.32129	29.5
65590.849	16.022	31561	1.05280e-04	3.32285	28.4	30864	1.07660e-04	3.32266	29.2	31573	1.05200e-04	3.32148	28.0	31382	1.05830e-04	3.32109	29.5
65592.037	16.022	31550	1.05310e-04	3.32266	28.4	30936	1.07410e-04	3.32285	29.2	31647	1.04940e-04	3.32109	28.0	31388	1.05810e-04	3.32129	29.5
65593.225	16.022	31499	1.05490e-04	3.32285	28.4	30961	1.07320e-04	3.32266	29.2	31599	1.05110e-04	3.32148	28.0	31388	1.05810e-04	3.32129	29.5
65594.414	16.016	31577	1.05220e-04	3.32266	28.4	30938	1.07400e-04	3.32266	29.2	31610	1.05080e-04	3.32148	28.0	31370	1.05870e-04	3.32129	29.5
65595.602	16.016	31544	1.05340e-04	3.32285	28.4	30936	1.07400e-04	3.32266	29.2	31609	1.05070e-04	3.32129	28.0	31431	1.05660e-04	3.32109	29.5
65596.790	16.014	31583	1.05220e-04	3.32305	28.4	30899	1.07530e-04	3.32266	29.2	31649	1.04950e-04	3.32168	28.0	31378	1.05840e-04	3.32109	29.5
65597.979	16.014	31527	1.05390e-04	3.32266	28.4	30877	1.07600e-04	3.32246	29.2	31598	1.05110e-04	3.32129	28.0	31385	1.05810e-04	3.32090	29.5
65599.167	16.030	31549	1.05320e-04	3.32285	28.4	30874	1.07630e-04	3.32285	29.2	31675	1.04860e-04	3.32129	28.1	31382	1.05830e-04	3.32129	29.5
65600.355	16.030	31544	1.05340e-04	3.32285	28.4	30901	1.07530e-04	3.32285	29.2	31658	1.04920e-04	3.32148	28.1	31394	1.05790e-04	3.32129	29.5
65601.543	16.030	31528	1.05380e-04	3.32246	28.4	30874	1.07610e-04	3.32246	29.2	31656	1.04920e-04	3.32129	28.0	31372	1.05850e-04	3.32070	29.5
65602.731	16.046	31554	1.05320e-04	3.32324	28.4	30968	1.07310e-04	3.32305	29.2	31653	1.04930e-04	3.32129	28.0	31416	1.05730e-04	3.32148	29.5
65603.919	16.046	31501	1.05480e-04	3.32285	28.4	30921	1.07460e-04	3.32266	29.2	31678	1.04860e-04	3.32168	28.0	31404	1.05750e-04	3.32109	29.5
65605.108	16.050	31582	1.05210e-04	3.32285	28.4	30917	1.07480e-04	3.32285	29.2	31665	1.04890e-04	3.32129	28.0	31362	1.05900e-04	3.32129	29.5
65606.296	16.050	31503	1.05480e-04	3.32285	28.4	30888	1.07580e-04	3.32285	29.2	31603	1.05110e-04	3.32168	28.1	31369	1.05880e-04	3.32129	29.5
65607.484	16.053	31540	1.05350e-04	3.32285	28.4	30916	1.07480e-04	3.32266	29.2	31592	1.05130e-04	3.32129	28.1	31353	1.05930e-04	3.32109	29.5
65608.673	16.053	31504	1.05470e-04	3.32285	28.4	30869	1.07640e-04	3.32266	29.2	31593	1.05140e-04	3.32168	28.1	31351	1.05930e-04	3.32109	29.5
65609.861	16.053	31504	1.05470e-04	3.32285	28.4	30890	1.07560e-04	3.32266	29.2	31561	1.05240e-04	3.32148	28.1	31381	1.05830e-04	3.32109	29.5
65611.049	16.050	31575	1.05240e-04	3.32285	28.4	30961	1.07320e-04	3.32266	29.2	31646	1.04960e-04	3.32148	28.1	31431	1.05660e-04	3.32109	29.5
65612.238	16.050	31556	1.05300e-04	3.32285	28.4	30951	1.07360e-04	3.32285	29.2	31630	1.05010e-04	3.32148	28.1	31423	1.05700e-04	3.32129	29.5
65613.425	16.041	31580	1.05220e-04	3.32285	28.4	30920	1.07460e-04	3.32266	29.2	31620	1.05040e-04	3.32129	28.1	31374	1.05850e-04	3.32090	29.5
65614.614	16.041	31550	1.05330e-04	3.32305	28.4	30907	1.07510e-04	3.32285	29.2	31655	1.04930e-04	3.32148	28.1	31363	1.05890e-04	3.32109	29.5
65615.802	16.008	31479	1.05550e-04	3.32266	28.4	30919	1.07470e-04	3.32285	29.2	31657	1.04920e-04	3.32148	28.0	31370	1.05870e-04	3.32109	29.5
65616.990	16.008	31516	1.05430e-04	3.32285	28.4	30942	1.07390e-04	3.32285	29.2	31598	1.05120e-04	3.32148	28.0	31354	1.05920e-04	3.32109	29.5
65618.179	16.022	31604	1.05140e-04	3.32285	28.4	30994	1.07200e-04	3.32266	29.2	31569	1.05210e-04	3.32148	28.0	31387	1.05820e-04	3.32129	29.5
65619.367	16.022	31552	1.05310e-04	3.32285	28.4	30924	1.07450e-04	3.32266	29.2	31691	1.04810e-04	3.32148	28.0	31402	1.05770e-04	3.32129	29.5
65620.555	16.022	31477	1.05560e-04	3.32285	28.4	30892	1.07560e-04	3.32285	29.2	31620	1.05040e-04	3.32148	28.0	31390	1.05800e-04	3.32109	29.5
65621.743	16.017	31526	1.05390e-04	3.32246	28.4	30914	1.07480e-04	3.32246	29.2	31622	1.05040e-04	3.32148	28.0	31337	1.05980e-04	3.32109	29.5
65622.931	16.017	31555	1.05310e-04	3.32305	28.4	30938	1.07400e-04	3.32285	29.2	31634	1.04990e-04	3.32129	28.0	31404	1.05760e-04	3.32129	29.5
65624.120	16.032	31542	1.05350e-04	3.32285	28.4	30917	1.07480e-04	3.32285	29.2	31599	1.05110e-04	3.32148	28.0	31390	1.05800e-04	3.32109	29.5
65625.308	16.032	31551	1.05310e-04	3.32266	28.4	30966	1.07300e-04	3.32266	29.2	31647	1.04950e-04	3.32129	28.0	31396	1.05780e-04	3.32109	29.5
65626.496	16.026	31555	1.05310e-04	3.32305	28.4	30914	1.07490e-04	3.32305	29.2	31691	1.04810e-04	3.32148	28.0	31433	1.05660e-04	3.32109	29.5
65627.684	16.026	31577	1.05220e-04	3.32266	28.4	30921	1.07460e-04	3.32266	29.2	31669	1.04880e-04	3.32148	28.0	31385	1.05820e-04	3.32109	29.5
65628.872	16.026	31552	1.05310e-04	3.32266	28.4	30903	1.07520e-04	3.32266	29.2	31631	1.04990e-04	3.32109	28.0	31360	1.05900e-04	3.32109	29.5
65630.061	16.032	31463	1.05610e-04	3.32285	28.4	30890	1.07560e-04	3.32266	29.2	31728	1.04690e-04	3.32148	28.0	31354	1.05930e-04	3.32129	29.5
65631.249	16.032	31522	1.05410e-04	3.32266	28.4	30897	1.07530e-04	3.32246	29.2	31696	1.04790e-04	3.32148	28.0	31369	1.05870e-04	3.32109	29.5
65632.438	16.034	31488	1.05530e-04	3.32285	28.4	30927	1.07440e-04	3.32285	29.2	31664	1.04890e-04	3.32129	28.0	31408	1.05750e-04	3.32129	29.5
65633.626	16.034	31579	1.05230e-04	3.32305	28.4	30896	1.07540e-04	3.32266	29.2	31657	1.04920e-04	3.32148	28.0	31390	1.05800e-04	3.32109	29.5
65634.814	16.031	31573	1.05240e-04	3.32266	28.4	30907	1.07500e-04	3.32266	29.2	31609	1.05070e-04	3.32129	28.0	31350	1.05940e-04	3.32109	29.5
65636.002	16.031	31555	1.05300e-04	3.32285	28.4	30931	1.07410e-04	3.32246	29.2	31617	1.05050e-04	3.32129	28.0	31437	1.05650e-04	3.32129	29.5
65637.190	16.027	31520	1.05430e-04	3.32305	28.4	30937	1.07410e-04	3.32305	29.2	31722	1.04710e-04	3.32168	28.0	31361	1.05910e-04	3.32129	29.5
65638.379	16.027	31522	1.05410e-04	3.32285	28.4	30934	1.07420e-04	3.32285	29.2	31657	1.04920e-04	3.32148	28.0	31421	1.05700e-04	3.32109	29.5
65639.567	16.041	31566	1.05270e-04	3.32285	28.4	30936	1.07400e-04	3.32266	29.2	31647	1.04950e-04	3.32129	28.0	31414	1.05710e-04	3.32090	29.5
65640.755	16.041	31571	1.05250e-04	3.32285	28.4	30878	1.07610e-04	3.32266	29.2	31635	1.04990e-04	3.32148	28.0	31369	1.05870e-04	3.32109	29.5
65641.943	16.041	31483	1.05540e-04	3.32266	28.4	30910	1.07490e-04	3.32266	29.2	31614	1.05060e-04	3.32148	28.0	31401	1.05770e-04	3.32129	29.5
65643.132	16.039	31542	1.05350e-04	3.32305	28.4	30928	1.07430e-04	3.32266	29.2	31630	1.05000e-04	3.32129	28.0	31417	1.05720e-04	3.32129	29.5
65644.320	16.039	31529	1.05400e-04	3.32305	28.4	30885	1.07590e-04	3.32285	29.2	31619	1.05050e-04	3.32168	28.0	31356	1.05920e-04	3.32129	29.5
65645.508	16.038	31512	1.05450e-04	3.32285	28.4	30874	1.07630e-04	3.32285	29.2	31636	1.04990e-04	3.32148	28.1	31381	1.05830e-04	3.32109	29.5
65646.696	16.038	31514	1.05440e-04	3.32285	28.4	30915	1.07480e-04	3.32285	29.2	31602	1.05100e-04	3.32129	28.1	31355	1.05920e-04	3.32109	29.5
65647.884	16.038	31520	1.05410e-04	3.32266	28.4	30901	1.07530e-04	3.32266	29.2	31621	1.05040e-04	3.32129	28.0	31380	1.05840e-04	3.32129	29.5
65649.073	16.056	31549	1.05320e-04	3.32266	28.4	30900	1.07530e-04	3.32266	29.2	31610	1.05070e-04	3.32129	28.0	31373	1.05860e-04	3.32109	29.5
65650.261	16.055	31602	1.05150e-04	3.32285	28.4	30936	1.07400e-04	3.32266	29.2	31721	1.04710e-04	3.32148	28.0	31367	1.05890e-04	3.32129	29.5
65651.449	16.055	31503	1.05480e-04	3.32285	28.4	30920	1.07470e-04	3.32285	29.2	31606	1.05090e-04	3.32148	28.1	31399	1.05770e-04	3.32109	29.5
65652.637	16.055	31530	1.05380e-04	3.32266	28.4	30909	1.07500e-04	3.32285	29.2	31645	1.04960e-04	3.32129	28.1	31416	1.05710e-04	3.32090	29.5
65653.826	16.041	31569	1.05260e-04	3.32285	28.4	30936	1.07400e-04	3.32266	29.2	31673	1.04860e-04	3.32129	28.1	31371	1.05870e-04	3.32129	29.5
65655.014	16.041	31533	1.05380e-04	3.32285	28.4	30880	1.07600e-04	3.32266	29.2	31677	1.04860e-04	3.32148	28.1	31456	1.05590e-04	3.32129	29.5
65656.202	16.032	31518	1.05420e-04	3.32266	28.4	30928	1.07430e-04	3.32266	29.2	31636	1.04990e-04	3.32148	28.1	31392	1.05800e-04	3.32109	29.5
65657.391	16.032	31494	1.05510e-04	3.32305	28.4	30867	1.07640e-04	3.32246	29.2	31586	1.05150e-04	3.32129	28.0	31415	1.05720e-04	3.32129	29.5
65658.579	16.018	31530	1.05390e-04	3.32285	28.4	30886	1.07580e-04	3.32285	29.2	31642	1.04970e-04	3.32148	28.0	31393	1.05800e-04	3.32129	29.5
65659.767	16.018	31471	1.05580e-04	3.32266	28.4	30934	1.07420e-04	3.32285	29.2	31682	1.04840e-04	3.32148	28.0	31378	1.05840e-04	3.32109	29.5
65660.955	16.018	31492	1.05510e-04	3.32285	28.4	30914	1.07480e-04	3.32266	29.2	31649	1.04940e-04	3.32129	28.1	31362	1.05900e-04	3.32129	29.5
65662.143	16.023	31538	1.05360e-04	3.32285	28.4	30893	1.07560e-04	3.32285	29.2	31624	1.05030e-04	3.32148	28.0	31344	1.05960e-04	3.32129	29.5
65663.332	16.023	31599	1.05160e-04	3.32285	28.4	30915	1.07480e-04	3.32285	29.2	31661	1.04910e-04	3.32148	28.1	31424	1.05690e-04	3.32109	29.5
65664.520	16.037	31517	1.05430e-04	3.32285	28.4	30965	1.07310e-04	3.32285	29.2	31652	1.04940e-04	3.32148	28.0	31421	1.05700e-04	3.32109	29.5
65665.708	16.037	31567	1.05260e-04	3.32266	28.4	30941	1.07390e-04	3.32285	29.2	31704	1.04760e-04	3.32129	28.0	31421	1.05700e-04	3.32109	29.5
65666.896	16.032	31494	1.05510e-04	3.32285	28.4	30958	1.07330e-04	3.32266	29.2	31616	1.05060e-04	3.32148	28.0	31373	1.05860e-04	3.32129	29.5
65668.084	16.032	31529	1.05380e-04	3.32266	28.4	30885	1.07580e-04	3.32266	29.2	31623	1.05030e-04	3.32148	28.0	31316	1.06050e-04	3.32109	29.5
65669.273	16.040	31539	1.05360e-04	3.32285	28.4	30942	1.07380e-04	3.32266	29.2	31605	1.05090e-04	3.32148	28.1	31394	1.05790e-04	3.32109	29.5
65670.461	16.040	31531	1.05380e-04	3.32285	28.4	30829	1.07780e-04	3.32266	29.2	31689	1.04820e-04	3.32148	28.0	31363	1.05890e-04	3.32109	29.5
65671.649	16.040	31520	1.05410e-04	3.32266	28.4	30943	1.07380e-04	3.32285	29.2	31639	1.04980e-04	3.32148	28.0	31384	1.05820e-04	3.32109	29.5
65672.838	16.037	31497	1.05490e-04	3.32266	28.4	30888	1.07580e-04	3.32285	29.2	31649	1.04930e-04	3.32109	28.0	31320	1.06040e-04	3.32109	29.5
65674.026	16.037	31469	1.05590e-04	3.32285	28.4	30925	1.07440e-04	3.32266	29.2	31646	1.04960e-04	3.32148	28.0	31425	1.05690e-04	3.32129	29.5
65675.214	16.048	31506	1.05470e-04	3.32285	28.4	30907	1.07510e-04	3.32285	29.2	31592	1.05140e-04	3.32148	28.0	31325	1.06020e-04	3.32109	29.5
65676.402	16.048	31527	1.05380e-04	3.32246	28.4	30875	1.07620e-04	3.32266	29.2	31627	1.05010e-04	3.32109	28.0	31393	1.05780e-04	3.32090	29.5
65677.591	16.038	31532	1.05380e-04	3.32285	28.4	30909	1.07490e-04	3.32246	29.2	31636	1.04990e-04	3.32148	28.0	31391	1.05810e-04	3.32129	29.5
65678.779	16.038	31519	1.05420e-04	3.32266	28.4	30880	1.07600e-04	3.32266	29.2	31647	1.04960e-04	3.32148	28.0	31427	1.05680e-04	3.32109	29.5
65679.967	16.038	31522	1.05410e-04	3.32285	28.4	30911	1.07490e-04	3.32266	29.2	31636	1.04990e-04	3.32148	28.0	31374	1.05850e-04	3.32109	29.5
65681.155	16.017	31519	1.05410e-04	3.32246	28.4	30905	1.07510e-04	3.32266	29.2	31614	1.05070e-04	3.32148	28.0	31364	1.05880e-04	3.32070	29.5
65682.343	16.017	31607	1.05140e-04	3.32305	28.4	30872	1.07610e-04	3.32227	29.2	31653	1.04930e-04	3.32129	28.0	31353	1.05940e-04	3.32148	29.5
65683.532	16.027	31533	1.05380e-04	3.32285	28.4	30935	1.07420e-04	3.32305	29.2	31729	1.04680e-04	3.32148	28.0	31407	1.05740e-04	3.32109	29.5
65684.720	16.027	31529	1.05390e-04	3.32285	28.4	30983	1.07250e-04	3.32285	29.2	31687	1.04820e-04	3.32148	28.0	31406	1.05750e-04	3.32129	29.5
65685.908	16.027	31541	1.05350e-04	3.32285	28.4	30900	1.07530e-04	3.32266	29.2	31688	1.04810e-04	3.32129	28.0	31454	1.05590e-04	3.32129	29.5
65687.097	16.022	31624	1.05070e-04	3.32285	28.4	30901	1.07530e-04	3.32285	29.2	31670	1.04870e-04	3.32129	28.0	31426	1.05680e-04	3.32109	29.5
65688.285	16.020	31581	1.05210e-04	3.32266	28.4	30937	1.07400e-04	3.32266	29.2	31683	1.04830e-04	3.32129	28.0	31419	1.05700e-04	3.32109	29.5
65689.473	16.020	31522	1.05410e-04	3.32285	28.4	30962	1.07310e-04	3.32246	29.2	31628	1.05010e-04	3.32129	28.0	31356	1.05920e-04	3.32109	29.5
65690.661	16.020	31546	1.05330e-04	3.32266	28.4	30857	1.07680e-04	3.32266	29.2	31600	1.05100e-04	3.32129	28.0	31345	1.05950e-04	3.32109	29.5
65691.849	16.032	31549	1.05320e-04	3.32285	28.4	30905	1.07500e-04	3.32246	29.2	31632	1.05000e-04	3.32129	28.0	31389	1.05810e-04	3.32129	29.5
65693.038	16.032	31532	1.05380e-04	3.32285	28.4	30885	1.07580e-04	3.32266	29.2	31644	1.04970e-04	3.32148	28.0	31406	1.05750e-04	3.32129	29.5
65694.226	16.041	31505	1.05460e-04	3.32266	28.4	30874	1.07620e-04	3.32266	29.2	31649	1.04950e-04	3.32148	28.1	31377	1.05840e-04	3.32090	29.5
65695.414	16.041	31544	1.05340e-04	3.32285	28.4	30914	1.07480e-04	3.32266	29.2	31651	1.04930e-04	3.32129	28.1	31439	1.05630e-04	3.32109	29.5
65696.602	16.039	31544	1.05340e-04	3.32285	28.4	30906	1.07510e-04	3.32285	29.2	31612	1.05070e-04	3.32129	28.0	31439	1.05640e-04	3.32109	29.5
65697.791	16.039	31569	1.05260e-04	3.32285	28.4	30907	1.07510e-04	3.32285	29.2	31665	1.04890e-04	3.32129	28.1	31381	1.05840e-04	3.32129	29.5
65698.979	16.039	31559	1.05290e-04	3.32285	28.4	30926	1.07450e-04	3.32285	29.2	31606	1.05090e-04	3.32148	28.0	31435	1.05660e-04	3.32129	29.5
65700.167	16.045	31514	1.05430e-04	3.32246	28.4	30941	1.07390e-04	3.32285	29.2	31609	1.05070e-04	3.32129	28.0	31370	1.05870e-04	3.32109	29.5
65701.356	16.041	31536	1.05370e-04	3.32285	28.4	30896	1.07540e-04	3.32246	29.2	31674	1.04860e-04	3.32129	28.0	31396	1.05780e-04	3.32109	29.5
65702.543	16.041	31579	1.05220e-04	3.32285	28.4	30942	1.07390e-04	3.32285	29.2	31698	1.04790e-04	3.32148	28.0	31431	1.05660e-04	3.32109	29.5
65703.732	16.041	31528	1.05400e-04	3.32285	28.4	31000	1.07180e-04	3.32266	29.2	31661	1.04900e-04	3.32129	28.1	31385	1.05820e-04	3.32129	29.5
65704.920	16.024	31545	1.05340e-04	3.32285	28.4	30944	1.07380e-04	3.32266	29.2	31651	1.04940e-04	3.32148	28.0	31414	1.05720e-04	3.32109	29.5
65706.108	16.024	31554	1.05300e-04	3.32266	28.4	30939	1.07390e-04	3.32266	29.2	31678	1.04850e-04	3.32129	28.1	31405	1.05750e-04	3.32109	29.5
65707.296	16.011	31524	1.05410e-04	3.32285	28.4	30925	1.07450e-04	3.32285	29.2	31664	1.04900e-04	3.32148	28.1	31374	1.05850e-04	3.32109	29.5
65708.485	16.011	31540	1.05350e-04	3.32285	28.4	30870	1.07640e-04	3.32285	29.2	31651	1.04940e-04	3.32148	28.1	31353	1.05920e-04	3.32109	29.5
65709.673	16.043	31506	1.05470e-04	3.32285	28.4	30884	1.07590e-04	3.32285	29.2	31673	1.04860e-04	3.32129	28.1	31380	1.05840e-04	3.32129	29.5
65710.861	16.043	31526	1.05410e-04	3.32305	28.4	30899	1.07540e-04	3.32285	29.2	31669	1.04880e-04	3.32148	28.1	31406	1.05750e-04	3.32129	29.5
65712.049	16.043	31530	1.05380e-04	3.32266	28.4	30941	1.07390e-04	3.32285	29.2	31644	1.04960e-04	3.32148	28.1	31465	1.05560e-04	3.32129	29.5
65713.237	16.046	31552	1.05310e-04	3.32285	28.4	30913	1.07480e-04	3.32266	29.2	31634	1.04990e-04	3.32129	28.1	31384	1.05810e-04	3.32090	29.5
65714.426	16.046	31635	1.05040e-04	3.32285	28.4	30908	1.07500e-04	3.32266	29.2	31709	1.04750e-04	3.32148	28.0	31428	1.05670e-04	3.32090	29.5
65715.614	16.048	31587	1.05190e-04	3.32266	28.4	31024	1.07100e-04	3.32266	29.2	31643	1.04960e-04	3.32129	28.1	31398	1.05780e-04	3.32129	29.5
65716.802	16.048	31531	1.05380e-04	3.32285	28.4	30918	1.07470e-04	3.32266	29.2	31677	1.04860e-04	3.32148	28.1	31375	1.05860e-04	3.32148	29.5
65717.990	16.047	31535	1.05370e-04	3.32285	28.4	30955	1.07340e-04	3.32266	29.2	31633	1.05000e-04	3.32148	28.1	31389	1.05810e-04	3.32129	29.5
65719.179	16.047	31567	1.05260e-04	3.32266	28.4	30902	1.07520e-04	3.32266	29.2	31674	1.04860e-04	3.32148	28.1	31435	1.05640e-04	3.32090	29.5
65720.367	16.049	31552	1.05310e-04	3.32285	28.4	30911	1.07490e-04	3.32266	29.2	31642	1.04970e-04	3.32129	28.1	31374	1.05850e-04	3.32109	29.5
65721.556	16.049	31536	1.05370e-04	3.32285	28.4	30887	1.07580e-04	3.32285	29.2	31666	1.04890e-04	3.32148	28.1	31337	1.05980e-04	3.32109	29.5
65722.743	16.049	31516	1.05430e-04	3.32285	28.4	30892	1.07560e-04	3.32285	29.2	31664	1.04900e-04	3.32148	28.1	31423	1.05700e-04	3.32129	29.5
65723.932	16.036	31590	1.05190e-04	3.32285	28.4	30949	1.07360e-04	3.32266	29.2	31637	1.04980e-04	3.32129	28.1	31425	1.05690e-04	3.32129	29.5
65725.120	16.036	31596	1.05170e-04	3.32285	28.4	30928	1.07440e-04	3.32285	29.2	31645	1.04960e-04	3.32148	28.1	31387	1.05810e-04	3.32109	29.5
65726.308	16.023	31539	1.05350e-04	3.32266	28.4	30982	1.07240e-04	3.32266	29.2	31682	1.04830e-04	3.32129	28.1	31374	1.05850e-04	3.32090	29.5
65727.497	16.023	31567	1.05270e-04	3.32305	28.4	30921	1.07460e-04	3.32266	29.3	31664	1.04900e-04	3.32148	28.1	31393	1.05800e-04	3.32129	29.5
65728.685	16.021	31542	1.05350e-04	3.32285	28.4	30971	1.07290e-04	3.32285	29.3	31656	1.04930e-04	3.32168	28.1	31367	1.05880e-04	3.32129	29.5
65729.873	16.021	31556	1.05300e-04	3.32285	28.4	30875	1.07620e-04	3.32285	29.3	31646	1.04950e-04	3.32129	28.1	31357	1.05920e-04	3.32129	29.6
65731.061	16.040	31549	1.05320e-04	3.32285	28.4	30899	1.07540e-04	3.32285	29.3	31602	1.05100e-04	3.32148	28.1	31384	1.05820e-04	3.32109	29.5
65732.249	16.040	31532	1.05370e-04	3.32266	28.4	30931	1.07430e-04	3.32285	29.3	31618	1.05060e-04	3.32168	28.1	31422	1.05690e-04	3.32109	29.6
65733.438	16.040	31509	1.05460e-04	3.32285	28.4	30886	1.07580e-04	3.32285	29.3	31643	1.04960e-04	3.32129	28.1	31443	1.05620e-04	3.32109	29.6
65734.626	16.041	31498	1.05500e-04	3.32305	28.4	30980	1.07260e-04	3.32285	29.3	31658	1.04920e-04	3.32168	28.1	31396	1.05790e-04	3.32129	29.6
65735.814	16.041	31550	1.05310e-04	3.32266	28.4	30931	1.07430e-04	3.32305	29.3	31656	1.04920e-04	3.32148	28.1	31406	1.05750e-04	3.32109	29.6
65737.002	16.043	31593	1.05180e-04	3.32285	28.4	30891	1.07560e-04	3.32266	29.3	31634	1.04990e-04	3.32129	28.1	31379	1.05840e-04	3.32109	29.6
65738.191	16.043	31549	1.05330e-04	3.32305	28.4	30930	1.07430e-04	3.32266	29.3	31623	1.05040e-04	3.32168	28.1	31396	1.05790e-04	3.32129	29.6
65739.379	16.029	31570	1.05250e-04	3.32285	28.4	31003	1.07180e-04	3.32285	29.3	31670	1.04880e-04	3.32148	28.1	31428	1.05670e-04	3.32109	29.6
65740.567	16.029	31603	1.05150e-04	3.32305	28.4	30944	1.07380e-04	3.32266	29.3	31690	1.04810e-04	3.32148	28.1	31441	1.05630e-04	3.32129	29.6
65741.755	16.029	31566	1.05270e-04	3.32285	28.5	30911	1.07490e-04	3.32266	29.3	31708	1.04760e-04	3.32168	28.1	31373	1.05860e-04	3.32129	29.6
65742.944	16.040	31494	1.05510e-04	3.32285	28.5	30929	1.07440e-04	3.32305	29.3	31636	1.04990e-04	3.32148	28.1	31357	1.05910e-04	3.32109	29.6
65744.132	16.040	31634	1.05040e-04	3.32285	28.5	30924	1.07450e-04	3.32285	29.3	31623	1.05030e-04	3.32129	28.1	31411	1.05720e-04	3.32090	29.6
65745.320	16.042	31502	1.05480e-04	3.32285	28.5	30939	1.07390e-04	3.32266	29.3	31613	1.05070e-04	3.32168	28.1	31336	1.05990e-04	3.32129	29.6
65746.508	16.042	31532	1.05380e-04	3.32305	28.5	30883	1.07590e-04	3.32285	29.3	31579	1.05180e-04	3.32148	28.1	31373	1.05860e-04	3.32129	29.6
65747.696	16.052	31535	1.05370e-04	3.32285	28.5	30933	1.07420e-04	3.32285	29.3	31612	1.05060e-04	3.32129	28.1	31431	1.05670e-04	3.32129	29.6
65748.884	16.052	31542	1.05350e-04	3.32285	28.5	30918	1.07470e-04	3.32285	29.3	31611	1.05070e-04	3.32148	28.1	31370	1.05870e-04	3.32129	29.6
65750.073	16.039	31545	1.05340e-04	3.32305	28.5	30904	1.07520e-04	3.32285	29.3	31573	1.05200e-04	3.32148	28.1	31366	1.05890e-04	3.32129	29.6
65751.261	16.039	31580	1.05220e-04	3.32285	28.5	30911	1.07500e-04	3.32285	29.3	31634	1.05000e-04	3.32148	28.1	31366	1.05890e-04	3.32129	29.6
65752.449	16.039	31570	1.05260e-04	3.32305	28.5	30971	1.07280e-04	3.32266	29.3	31604	1.05100e-04	3.32168	28.1	31364	1.05890e-04	3.32109	29.6
65753.638	16.039	31517	1.05430e-04	3.32285	28.5	30924	1.07450e-04	3.32285	29.3	31606	1.05080e-04	3.32129	28.1	31395	1.05780e-04	3.32109	29.6
65754.826	16.039	31501	1.05480e-04	3.32266	28.5	30940	1.07400e-04	3.32285	29.3	31588	1.05150e-04	3.32148	28.1	31385	1.05820e-04	3.32129	29.6
65756.014	16.040	31563	1.05280e-04	3.32305	28.5	30909	1.07500e-04	3.32266	29.3	31609	1.05080e-04	3.32148	28.1	31380	1.05830e-04	3.32109	29.6
65757.203	16.040	31526	1.05400e-04	3.32285	28.5	30880	1.07610e-04	3.32305	29.3	31611	1.05070e-04	3.32148	28.1	31361	1.05910e-04	3.32129	29.6
65758.391	16.036	31548	1.05330e-04	3.32305	28.5	30911	1.07490e-04	3.32266	29.3	31631	1.05010e-04	3.32148	28.1	31353	1.05930e-04	3.32109	29.6
65759.579	16.036	31507	1.05460e-04	3.32285	28.5	30961	1.07320e-04	3.32285	29.3	31570	1.05220e-04	3.32168	28.1	31396	1.05790e-04	3.32129	29.6
65760.767	16.049	31510	1.05450e-04	3.32285	28.5	30878	1.07610e-04	3.32285	29.3	31584	1.05160e-04	3.32129	28.1	31384	1.05830e-04	3.32148	29.6
65761.955	16.049	31521	1.05410e-04	3.32266	28.5	30896	1.07540e-04	3.32266	29.3	31612	1.05070e-04	3.32168	28.1	31338	1.05980e-04	3.32129	29.6
65763.144	16.049	31529	1.05400e-04	3.32305	28.5	30914	1.07480e-04	3.32266	29.3	31600	1.05100e-04	3.32129	28.1	31364	1.05890e-04	3.32109	29.6
65764.332	16.045	31471	1.05590e-04	3.32305	28.5	30875	1.07620e-04	3.32285	29.3	31604	1.05100e-04	3.32168	28.1	31354	1.05930e-04	3.32129	29.6
65765.520	16.045	31483	1.05540e-04	3.32285	28.5	30856	1.07690e-04	3.32285	29.3	31583	1.05170e-04	3.32168	28.1	31301	1.06110e-04	3.32129	29.6
65766.708	16.054	31542	1.05350e-04	3.32305	28.5	30947	1.07370e-04	3.32266	29.3	31557	1.05250e-04	3.32129	28.1	31383	1.05840e-04	3.32148	29.6
65767.897	16.054	31569	1.05260e-04	3.32285	28.5	30921	1.07470e-04	3.32305	29.3	31549	1.05280e-04	3.32148	28.1	31401	1.05770e-04	3.32129	29.6
65769.085	16.047	31555	1.05300e-04	3.32285	28.5	30924	1.07450e-04	3.32285	29.3	31609	1.05090e-04	3.32168	28.1	31339	1.05980e-04	3.32129	29.6
65770.273	16.047	31548	1.05330e-04	3.32305	28.5	30936	1.07410e-04	3.32285	29.3	31593	1.05130e-04	3.32148	28.1	31390	1.05800e-04	3.32109	29.6
65771.461	16.059	31574	1.05240e-04	3.32285	28.5	30952	1.07350e-04	3.32266	29.3	31649	1.04950e-04	3.32148	28.1	31372	1.05860e-04	3.32109	29.6
65772.649	16.059	31523	1.05410e-04	3.32285	28.5	30910	1.07500e-04	3.32285	29.3	31621	1.05050e-04	3.32168	28.1	31389	1.05810e-04	3.32129	29.6
65773.838	16.059	31537	1.05360e-04	3.32266	28.5	30951	1.07360e-04	3.32285	29.3	31550	1.05280e-04	3.32148	28.1	31404	1.05760e-04	3.32129	29.6
65775.026	16.043	31577	1.05240e-04	3.32305	28.5	30945	1.07370e-04	3.32246	29.3	31656	1.04920e-04	3.32148	28.1	31378	1.05840e-04	3.32109	29.6
65776.214	16.043	31553	1.05310e-04	3.32285	28.5	30921	1.07460e-04	3.32285	29.3	31596	1.05130e-04	3.32168	28.1	31372	1.05870e-04	3.32148	29.6
65777.402	16.041	31583	1.05220e-04	3.32305	28.5	30912	1.07490e-04	3.32266	29.3	31608	1.05080e-04	3.32148	28.1	31384	1.05820e-04	3.32109	29.6
65778.591	16.041	31565	1.05270e-04	3.32285	28.5	30889	1.07570e-04	3.32285	29.3	31606	1.05100e-04	3.32168	28.1	31375	1.05860e-04	3.32129	29.6
65779.779	16.048	31569	1.05260e-04	3.32285	28.5	30962	1.07320e-04	3.32285	29.3	31582	1.05170e-04	3.32148	28.1	31379	1.05850e-04	3.32148	29.6
65780.967	16.048	31550	1.05320e-04	3.32285	28.5	30924	1.07460e-04	3.32305	29.3	31597	1.05120e-04	3.32148	28.1	31352	1.05940e-04	3.32129	29.6
65782.156	16.039	31551	1.05320e-04	3.32285	28.5	30967	1.07300e-04	3.32285	29.3	31575	1.05200e-04	3.32168	28.1	31358	1.05910e-04	3.32109	29.6
65783.344	16.039	31556	1.05300e-04	3.32285	28.5	30970	1.07290e-04	3.32285	29.3	31567	1.05220e-04	3.32148	28.1	31440	1.05630e-04	3.32109	29.6
65784.532	16.039	31520	1.05430e-04	3.32305	28.5	30949	1.07360e-04	3.32266	29.3	31640	1.04970e-04	3.32129	28.1	31397	1.05780e-04	3.32109	29.6
65785.720	16.045	31509	1.05460e-04	3.32285	28.5	30932	1.07430e-04	3.32285	29.3	31593	1.05140e-04	3.32168	28.1	31400	1.05780e-04	3.32148	29.6
65786.908	16.045	31525	1.05400e-04	3.32285	28.5	30917	1.07480e-04	3.32285	29.3	31649	1.04950e-04	3.32148	28.1	31367	1.05890e-04	3.32129	29.6
65788.097	16.054	31486	1.05540e-04	3.32305	28.5	30894	1.07550e-04	3.32266	29.3	31556	1.05260e-04	3.32148	28.1	31315	1.06060e-04	3.32129	29.6
65789.285	16.054	31492	1.05520e-04	3.32305	28.5	30889	1.07570e-04	3.32266	29.3	31568	1.05220e-04	3.32168	28.1	31362	1.05900e-04	3.32129	29.6
65790.473	16.048	31546	1.05330e-04	3.32285	28.5	30906	1.07510e-04	3.32266	29.3	31621	1.05040e-04	3.32129	28.1	31372	1.05870e-04	3.32129	29.6
65791.661	16.048	31533	1.05380e-04	3.32285	28.5	30899	1.07540e-04	3.32285	29.3	31607	1.05090e-04	3.32148	28.1	31357	1.05920e-04	3.32129	29.6
65792.849	16.048	31514	1.05440e-04	3.32285	28.5	30923	1.07460e-04	3.32285	29.3	31659	1.04910e-04	3.32148	28.1	31412	1.05730e-04	3.32129	29.6
65794.038	16.035	31541	1.05350e-04	3.32285	28.5	30889	1.07570e-04	3.32285	29.3	31628	1.05020e-04	3.32148	28.1	31366	1.05880e-04	3.32109	29.6
65795.226	16.035	31654	1.04970e-04	3.32285	28.5	30910	1.07500e-04	3.32285	29.3	31616	1.05060e-04	3.32148	28.1	31369	1.05870e-04	3.32109	29.6
65796.414	16.031	31571	1.05250e-04	3.32285	28.5	30960	1.07320e-04	3.32266	29.3	31674	1.04860e-04	3.32148	28.1	31387	1.05810e-04	3.32109	29.6
65797.603	16.031	31578	1.05230e-04	3.32285	28.5	30991	1.07210e-04	3.32266	29.3	31660	1.04900e-04	3.32129	28.1	31455	1.05590e-04	3.32129	29.6
65798.791	16.032	31535	1.05370e-04	3.32285	28.5	30930	1.07420e-04	3.32266	29.3	31657	1.04920e-04	3.32148	28.1	31410	1.05740e-04	3.32129	29.6
65799.979	16.032	31565	1.05270e-04	3.32285	28.5	30859	1.07670e-04	3.32266	29.3	31576	1.05190e-04	3.32129	28.1	31363	1.05890e-04	3.32109	29.6
65801.167	16.034	31548	1.05330e-04	3.32305	28.5	30897	1.07540e-04	3.32266	29.3	31688	1.04820e-04	3.32168	28.1	31366	1.05880e-04	3.32109	29.6
65802.356	16.034	31564	1.05270e-04	3.32266	28.5	30928	1.07440e-04	3.32285	29.3	31605	1.05090e-04	3.32148	28.1	31403	1.05760e-04	3.32109	29.6
65803.544	16.040	31558	1.05290e-04	3.32285	28.5	30895	1.07550e-04	3.32266	29.3	31631	1.05000e-04	3.32129	28.1	31357	1.05910e-04	3.32109	29.6
65804.732	16.040	31483	1.05540e-04	3.32266	28.5	30898	1.07550e-04	3.32305	29.3	31655	1.04930e-04	3.32148	28.1	31350	1.05950e-04	3.32148	29.6
65805.920	16.040	31497	1.05490e-04	3.32266	28.5	30900	1.07540e-04	3.32285	29.3	31593	1.05130e-04	3.32148	28.1	31348	1.05940e-04	3.32109	29.6
65807.109	16.057	31470	1.05600e-04	3.32305	28.5	30888	1.07570e-04	3.32266	29.3	31595	1.05120e-04	3.32129	28.1	31414	1.05710e-04	3.32090	29.6
65808.297	16.057	31553	1.05300e-04	3.32246	28.5	30910	1.07490e-04	3.32266	29.3	31629	1.05000e-04	3.32109	28.1	31384	1.05820e-04	3.32109	29.6
65809.485	16.049	31530	1.05390e-04	3.32285	28.5	30928	1.07430e-04	3.32266	29.3	31624	1.05030e-04	3.32148	28.1	31347	1.05940e-04	3.32090	29.6
65810.673	16.049	31533	1.05380e-04	3.32285	28.5	30911	1.07480e-04	3.32246	29.3	31592	1.05140e-04	3.32148	28.1	31398	1.05780e-04	3.32129	29.6
65811.862	16.052	31555	1.05300e-04	3.32285	28.5	30895	1.07550e-04	3.32266	29.3	31597	1.05120e-04	3.32148	28.1	31380	1.05840e-04	3.32129	29.6
65813.050	16.052	31525	1.05400e-04	3.32266	28.5	30904	1.07510e-04	3.32266	29.3	31621	1.05040e-04	3.32148	28.1	31331	1.06000e-04	3.32109	29.6
65814.238	16.052	31550	1.05330e-04	3.32305	28.5	30925	1.07440e-04	3.32266	29.3	31656	1.04920e-04	3.32148	28.1	31351	1.05930e-04	3.32109	29.6
65815.426	16.044	31510	1.05450e-04	3.32285	28.5	30897	1.07540e-04	3.32266	29.3	31580	1.05180e-04	3.32148	28.1	31331	1.06010e-04	3.32129	29.6
65816.614	16.044	31564	1.05270e-04	3.32285	28.5	30888	1.07580e-04	3.32285	29.3	31599	1.05110e-04	3.32148	28.1	31379	1.05840e-04	3.32129	29.6
65817.803	16.044	31561	1.05280e-04	3.32266	28.5	30949	1.07360e-04	3.32266	29.3	31604	1.05090e-04	3.32129	28.1	31366	1.05880e-04	3.32109	29.6
65818.991	16.044	31533	1.05380e-04	3.32285	28.5	30892	1.07560e-04	3.32285	29.3	31651	1.04950e-04	3.32168	28.1	31363	1.05890e-04	3.32090	29.6
65820.179	16.047	31477	1.05560e-04	3.32266	28.5	30892	1.07560e-04	3.32266	29.3	31623	1.05030e-04	3.32148	28.1	31366	1.05880e-04	3.32109	29.6
65821.368	16.047	31510	1.05450e-04	3.32285	28.5	30890	1.07560e-04	3.32246	29.3	31601	1.05090e-04	3.32109	28.1	31315	1.06050e-04	3.32090	29.6
65822.556	16.043	31569	1.05260e-04	3.32285	28.5	30944	1.07380e-04	3.32285	29.3	31601	1.05110e-04	3.32148	28.1	31341	1.05970e-04	3.32129	29.6
65823.744	16.043	31539	1.05360e-04	3.32285	28.5	30868	1.07630e-04	3.32246	29.3	31620	1.05050e-04	3.32168	28.1	31359	1.05910e-04	3.32109	29.6
65824.932	16.043	31561	1.05280e-04	3.32285	28.5	30937	1.07400e-04	3.32266	29.3	31635	1.04990e-04	3.32129	28.1	31347	1.05940e-04	3.32109	29.6
65826.120	16.043	31514	1.05440e-04	3.32285	28.5	30920	1.07470e-04	3.32285	29.3	31714	1.04730e-04	3.32148	28.1	31350	1.05940e-04	3.32129	29.6
65827.308	16.043	31518	1.05420e-04	3.32266	28.5	30916	1.07480e-04	3.32266	29.3	31640	1.04970e-04	3.32129	28.1	31427	1.05680e-04	3.32109	29.6
65828.497	16.040	31511	1.05450e-04	3.32285	28.5	30948	1.07370e-04	3.32285	29.3	31667	1.04890e-04	3.32148	28.1	31395	1.05790e-04	3.32109	29.6
65829.685	16.040	31508	1.05460e-04	3.32285	28.4	30917	1.07480e-04	3.32285	29.3	31625	1.05020e-04	3.32129	28.1	31355	1.05920e-04	3.32129	29.6
65830.873	16.046	31523	1.05410e-04	3.32285	28.4	30920	1.07460e-04	3.32266	29.3	31595	1.05120e-04	3.32129	28.1	31381	1.05830e-04	3.32109	29.6
65832.062	16.046	31611	1.05110e-04	3.32266	28.4	30918	1.07470e-04	3.32285	29.3	31626	1.05020e-04	3.32148	28.1	31331	1.05990e-04	3.32090	29.6
65833.250	16.045	31521	1.05420e-04	3.32285	28.4	30900	1.07530e-04	3.32266	29.3	31607	1.05090e-04	3.32148	28.1	31395	1.05790e-04	3.32109	29.6
65834.438	16.045	31568	1.05250e-04	3.32246	28.4	30933	1.07420e-04	3.32266	29.3	31620	1.05040e-04	3.32129	28.1	31349	1.05940e-04	3.32109	29.6
65835.626	16.045	31596	1.05170e-04	3.32305	28.4	31001	1.07170e-04	3.32227	29.3	31661	1.04900e-04	3.32129	28.1	31377	1.05850e-04	3.32109	29.6
65836.815	16.033	31620	1.05090e-04	3.32305	28.4	30978	1.07270e-04	3.32285	29.3	31670	1.04880e-04	3.32148	28.1	31380	1.05840e-04	3.32129	29.6
65838.003	16.033	31528	1.05390e-04	3.32266	28.4	30960	1.07320e-04	3.32266	29.3	31611	1.05070e-04	3.32129	28.1	31398	1.05770e-04	3.32090	29.6
65839.191	16.018	31517	1.05430e-04	3.32285	28.4	30957	1.07330e-04	3.32266	29.3	31688	1.04820e-04	3.32148	28.1	31431	1.05660e-04	3.32109	29.6
65840.379	16.018	31549	1.05320e-04	3.32285	28.4	30899	1.07540e-04	3.32285	29.3	31689	1.04820e-04	3.32148	28.1	31364	1.05890e-04	3.32109	29.6
65841.567	16.000	31578	1.05220e-04	3.32266	28.4	30936	1.07410e-04	3.32285	29.3	31682	1.04830e-04	3.32129	28.1	31383	1.05830e-04	3.32129	29.6
65842.756	16.000	31632	1.05050e-04	3.32285	28.4	30964	1.07310e-04	3.32285	29.3	31659	1.04920e-04	3.32168	28.1	31445	1.05610e-04	3.32109	29.6
65843.944	16.000	31611	1.05120e-04	3.32285	28.4	30919	1.07470e-04	3.32285	29.3	31715	1.04730e-04	3.32148	28.1	31426	1.05680e-04	3.32109	29.6
65845.132	16.017	31552	1.05310e-04	3.32285	28.4	30983	1.07240e-04	3.32266	29.3	31726	1.04690e-04	3.32148	28.1	31418	1.05700e-04	3.32090	29.6
65846.321	16.017	31614	1.05110e-04	3.32285	28.4	30947	1.07370e-04	3.32266	29.3	31659	1.04910e-04	3.32148	28.1	31465	1.05550e-04	3.32129	29.6
65847.509	16.012	31566	1.05260e-04	3.32266	28.4	30931	1.07420e-04	3.32266	29.3	31664	1.04900e-04	3.32148	28.1	31427	1.05680e-04	3.32129	29.6
65848.697	16.012	31567	1.05260e-04	3.32285	28.4	30939	1.07390e-04	3.32266	29.3	31637	1.04990e-04	3.32148	28.1	31402	1.05760e-04	3.32109	29.6
65849.885	16.021	31564	1.05270e-04	3.32285	28.4	30918	1.07470e-04	3.32266	29.3	31691	1.04810e-04	3.32148	28.1	31353	1.05920e-04	3.32109	29.6
65851.073	16.021	31516	1.05430e-04	3.32266	28.4	30866	1.07640e-04	3.32246	29.3	31610	1.05060e-04	3.32109	28.1	31340	1.05970e-04	3.32109	29.6
65852.261	16.053	31517	1.05430e-04	3.32285	28.4	30873	1.07640e-04	3.32305	29.3	31645	1.04970e-04	3.32168	28.1	31383	1.05820e-04	3.32109	29.6
65853.450	16.053	31539	1.05360e-04	3.32285	28.4	30876	1.07610e-04	3.32266	29.3	31659	1.04910e-04	3.32129	28.1	31372	1.05870e-04	3.32129	29.6
65854.638	16.051	31526	1.05400e-04	3.32285	28.4	30914	1.07480e-04	3.32246	29.3	31597	1.05110e-04	3.32109	28.1	31372	1.05860e-04	3.32090	29.6
65855.826	16.051	31577	1.05230e-04	3.32285	28.4	30868	1.07650e-04	3.32285	29.3	31621	1.05050e-04	3.32168	28.1	31392	1.05800e-04	3.32109	29.6
65857.014	16.051	31550	1.05310e-04	3.32266	28.4	30896	1.07550e-04	3.32285	29.3	31627	1.05020e-04	3.32148	28.1	31394	1.05790e-04	3.32109	29.6
65858.203	16.049	31555	1.05300e-04	3.32285	28.4	30913	1.07480e-04	3.32266	29.3	31678	1.04850e-04	3.32148	28.1	31384	1.05820e-04	3.32109	29.6
65859.391	16.049	31514	1.05440e-04	3.32285	28.4	30925	1.07440e-04	3.32266	29.2	31630	1.05010e-04	3.32148	28.1	31389	1.05810e-04	3.32129	29.6
65860.579	16.053	31533	1.05380e-04	3.32285	28.4	30957	1.07330e-04	3.32266	29.3	31628	1.05020e-04	3.32148	28.1	31339	1.05980e-04	3.32129	29.6
65861.767	16.053	31548	1.05320e-04	3.32266	28.4	30911	1.07490e-04	3.32266	29.3	31602	1.05100e-04	3.32148	28.1	31403	1.05760e-04	3.32109	29.6
65862.956	16.053	31529	1.05390e-04	3.32285	28.4	30916	1.07480e-04	3.32285	29.3	31636	1.04990e-04	3.32148	28.1	31403	1.05760e-04	3.32109	29.6
65864.144	16.039	31568	1.05250e-04	3.32266	28.4	30907	1.07510e-04	3.32285	29.2	31648	1.04940e-04	3.32129	28.1	31417	1.05710e-04	3.32109	29.6
65865.332	16.032	31594	1.05180e-04	3.32285	28.4	30901	1.07530e-04	3.32285	29.3	31691	1.04800e-04	3.32129	28.1	31381	1.05830e-04	3.32109	29.6
65866.520	16.032	31580	1.05220e-04	3.32285	28.4	30917	1.07480e-04	3.32285	29.3	31668	1.04890e-04	3.32168	28.1	31393	1.05800e-04	3.32129	29.6
65867.709	16.032	31527	1.05390e-04	3.32246	28.4	30898	1.07530e-04	3.32246	29.3	31676	1.04850e-04	3.32129	28.1	31395	1.05790e-04	3.32109	29.6
65868.897	16.032	31519	1.05420e-04	3.32285	28.4	30945	1.07370e-04	3.32266	29.3	31664	1.04900e-04	3.32148	28.1	31411	1.05720e-04	3.32090	29.6
65870.085	16.032	31528	1.05400e-04	3.32305	28.4	30920	1.07470e-04	3.32285	29.3	31739	1.04650e-04	3.32148	28.1	31384	1.05830e-04	3.32129	29.6
65871.274	16.043	31523	1.05400e-04	3.32266	28.4	30901	1.07530e-04	3.32266	29.3	31638	1.04990e-04	3.32148	28.1	31386	1.05820e-04	3.32129	29.6
65872.461	16.043	31509	1.05460e-04	3.32285	28.4	30864	1.07640e-04	3.32227	29.2	31599	1.05100e-04	3.32109	28.1	31370	1.05880e-04	3.32129	29.6
65873.650	16.029	31587	1.05200e-04	3.32305	28.4	30902	1.07530e-04	3.32285	29.2	31692	1.04810e-04	3.32168	28.1	31332	1.06000e-04	3.32109	29.6
65874.838	16.029	31586	1.05200e-04	3.32285	28.4	30889	1.07570e-04	3.32285	29.2	31644	1.04960e-04	3.32148	28.1	31420	1.05710e-04	3.32129	29.6
65876.026	16.029	31637	1.05020e-04	3.32266	28.4	30952	1.07360e-04	3.32285	29.2	31695	1.04790e-04	3.32148	28.0	31384	1.05820e-04	3.32109	29.6
65877.215	16.028	31514	1.05440e-04	3.32285	28.4	30941	1.07390e-04	3.32285	29.2	31706	1.04760e-04	3.32148	28.0	31449	1.05610e-04	3.32129	29.6
65878.403	16.028	31509	1.05460e-04	3.32285	28.4	30918	1.07470e-04	3.32266	29.2	31659	1.04910e-04	3.32129	28.1	31383	1.05830e-04	3.32129	29.6
65879.591	16.027	31530	1.05390e-04	3.32285	28.4	30904	1.07520e-04	3.32266	29.2	31689	1.04810e-04	3.32129	28.1	31448	1.05610e-04	3.32109	29.6
65880.780	16.027	31541	1.05350e-04	3.32285	28.4	30887	1.07580e-04	3.32266	29.2	31709	1.04740e-04	3.32129	28.0	31415	1.05720e-04	3.32109	29.6
65881.968	16.036	31518	1.05420e-04	3.32266	28.4	30893	1.07560e-04	3.32266	29.2	31655	1.04930e-04	3.32148	28.1	31420	1.05700e-04	3.32109	29.6
65883.156	16.036	31562	1.05290e-04	3.32305	28.4	30894	1.07550e-04	3.32266	29.2	31670	1.04870e-04	3.32129	28.0	31377	1.05850e-04	3.32109	29.6
65884.344	16.031	31493	1.05510e-04	3.32285	28.4	30949	1.07360e-04	3.32266	29.2	31684	1.04830e-04	3.32129	28.0	31429	1.05680e-04	3.32129	29.6
65885.533	16.031	31562	1.05280e-04	3.32285	28.4	30929	1.07430e-04	3.32266	29.2	31666	1.04890e-04	3.32148	28.0	31372	1.05870e-04	3.32129	29.6
65886.721	16.031	31571	1.05250e-04	3.32285	28.4	30922	1.07450e-04	3.32266	29.2	31695	1.04790e-04	3.32148	28.0	31430	1.05670e-04	3.32109	29.6
65887.909	16.031	31527	1.05390e-04	3.32266	28.4	30958	1.07330e-04	3.32266	29.2	31684	1.04830e-04	3.32129	28.0	31410	1.05730e-04	3.32090	29.6
65889.097	16.031	31539	1.05360e-04	3.32285	28.4	30907	1.07510e-04	3.32285	29.2	31725	1.04690e-04	3.32129	28.0	31430	1.05670e-04	3.32109	29.6
65890.285	16.025	31511	1.05450e-04	3.32266	28.4	30936	1.07400e-04	3.32266	29.2	31700	1.04780e-04	3.32148	28.0	31469	1.05530e-04	3.32109	29.6
65891.473	16.025	31558	1.05290e-04	3.32285	28.4	30901	1.07530e-04	3.32266	29.2	31656	1.04920e-04	3.32148	28.0	31383	1.05820e-04	3.32109	29.6
65892.662	16.042	31524	1.05410e-04	3.32285	28.4	30895	1.07550e-04	3.32266	29.2	31679	1.04850e-04	3.32148	28.0	31428	1.05680e-04	3.32129	29.5
65893.850	16.042	31568	1.05250e-04	3.32266	28.4	30900	1.07530e-04	3.32266	29.2	31695	1.04800e-04	3.32148	28.0	31431	1.05660e-04	3.32109	29.5
65895.038	16.042	31519	1.05420e-04	3.32285	28.4	30911	1.07490e-04	3.32266	29.2	31707	1.04750e-04	3.32129	28.0	31427	1.05670e-04	3.32090	29.5
65896.227	16.037	31569	1.05260e-04	3.32285	28.4	30917	1.07480e-04	3.32285	29.2	31688	1.04810e-04	3.32129	28.0	31424	1.05690e-04	3.32129	29.5
65897.415	16.037	31574	1.05230e-04	3.32266	28.4	30905	1.07510e-04	3.32266	29.2	31632	1.05000e-04	3.32148	28.0	31313	1.06070e-04	3.32129	29.5
65898.603	16.034	31526	1.05400e-04	3.32285	28.3	30904	1.07520e-04	3.32266	29.2	31699	1.04780e-04	3.32129	28.0	31369	1.05870e-04	3.32109	29.5
65899.791	16.034	31566	1.05260e-04	3.32266	28.3	30920	1.07470e-04	3.32285	29.2	31654	1.04930e-04	3.32148	28.0	31403	1.05760e-04	3.32109	29.5
65900.980	16.038	31542	1.05340e-04	3.32266	28.4	30958	1.07330e-04	3.32266	29.2	31683	1.04830e-04	3.32129	28.0	31438	1.05630e-04	3.32070	29.5
65902.168	16.038	31549	1.05320e-04	3.32285	28.3	30890	1.07580e-04	3.32305	29.2	31649	1.04950e-04	3.32148	28.0	31411	1.05740e-04	3.32148	29.5
65903.356	16.055	31501	1.05480e-04	3.32285	28.3	30923	1.07450e-04	3.32266	29.2	31625	1.05030e-04	3.32148	28.0	31380	1.05840e-04	3.32129	29.5
65904.545	16.055	31509	1.05450e-04	3.32266	28.3	30857	1.07680e-04	3.32266	29.2	31648	1.04950e-04	3.32129	28.0	31374	1.05850e-04	3.32109	29.5
65905.732	16.055	31566	1.05270e-04	3.32285	28.3	30928	1.07430e-04	3.32266	29.2	31703	1.04760e-04	3.32129	28.0	31423	1.05690e-04	3.32109	29.5
65906.921	16.028	31604	1.05130e-04	3.32266	28.3	30966	1.07290e-04	3.32246	29.2	31727	1.04680e-04	3.32129	28.0	31419	1.05700e-04	3.32090	29.5
65908.109	16.028	31526	1.05400e-04	3.32285	28.3	30943	1.07380e-04	3.32266	29.2	31721	1.04700e-04	3.32129	28.0	31489	1.05470e-04	3.32109	29.5
65909.297	16.043	31492	1.05510e-04	3.32285	28.3	30897	1.07540e-04	3.32266	29.2	31658	1.04920e-04	3.32148	28.0	31405	1.05750e-04	3.32109	29.5
65910.486	16.043	31483	1.05540e-04	3.32285	28.3	30837	1.07750e-04	3.32266	29.2	31688	1.04820e-04	3.32148	28.0	31417	1.05720e-04	3.32129	29.5
65911.674	16.042	31529	1.05380e-04	3.32266	28.3	30879	1.07600e-04	3.32266	29.2	31686	1.04820e-04	3.32129	28.0	31406	1.05740e-04	3.32090	29.5
65912.862	16.042	31518	1.05430e-04	3.32285	28.3	30882	1.07600e-04	3.32285	29.2	31669	1.04880e-04	3.32148	28.0	31418	1.05710e-04	3.32109	29.5
65914.050	16.042	31632	1.05040e-04	3.32266	28.3	30938	1.07400e-04	3.32266	29.2	31718	1.04720e-04	3.32148	28.0	31387	1.05810e-04	3.32109	29.5
65915.239	16.036	31581	1.05220e-04	3.32285	28.3	30944	1.07380e-04	3.32266	29.2	31738	1.04650e-04	3.32129	28.0	31455	1.05580e-04	3.32109	29.5
65916.427	16.027	31559	1.05290e-04	3.32285	28.3	30906	1.07510e-04	3.32266	29.2	31660	1.04910e-04	3.32148	28.0	31486	1.05480e-04	3.32129	29.5
65917.615	16.027	31567	1.05260e-04	3.32266	28.3	30992	1.07200e-04	3.32246	29.2	31745	1.04620e-04	3.32129	28.0	31453	1.05590e-04	3.32109	29.5
65918.804	16.027	31521	1.05420e-04	3.32285	28.3	30893	1.07550e-04	3.32266	29.2	31630	1.05000e-04	3.32129	28.0	31434	1.05650e-04	3.32090	29.5
65919.991	16.026	31515	1.05440e-04	3.32285	28.3	30870	1.07630e-04	3.32266	29.2	31663	1.04900e-04	3.32148	28.0	31399	1.05780e-04	3.32129	29.5
65921.180	16.026	31597	1.05160e-04	3.32266	28.3	30950	1.07350e-04	3.32246	29.2	31692	1.04800e-04	3.32129	28.0	31414	1.05720e-04	3.32109	29.5
65922.368	16.030	31556	1.05300e-04	3.32285	28.3	30903	1.07520e-04	3.32285	29.2	31720	1.04710e-04	3.32148	28.0	31385	1.05820e-04	3.32129	29.5
65923.556	16.030	31558	1.05290e-04	3.32266	28.3	30945	1.07380e-04	3.32285	29.2	31750	1.04610e-04	3.32148	28.0	31435	1.05650e-04	3.32109	29.5
65924.745	16.032	31551	1.05320e-04	3.32285	28.3	30919	1.07460e-04	3.32266	29.2	31700	1.04770e-04	3.32129	28.0	31438	1.05630e-04	3.32090	29.5
65925.933	16.032	31557	1.05300e-04	3.32285	28.3	30868	1.07650e-04	3.32285	29.2	31672	1.04870e-04	3.32129	28.0	31411	1.05740e-04	3.32129	29.5
65927.121	16.032	31564	1.05270e-04	3.32266	28.3	30920	1.07460e-04	3.32285	29.2	31658	1.04920e-04	3.32148	28.0	31349	1.05940e-04	3.32109	29.5
65928.309	16.049	31497	1.05490e-04	3.32266	28.3	30880	1.07600e-04	3.32266	29.2	31605	1.05090e-04	3.32148	28.0	31421	1.05700e-04	3.32129	29.5
65929.497	16.049	31519	1.05430e-04	3.32305	28.3	30834	1.07760e-04	3.32266	29.2	31676	1.04850e-04	3.32129	28.0	31333	1.05990e-04	3.32109	29.5
65930.686	16.046	31570	1.05250e-04	3.32266	28.3	30898	1.07540e-04	3.32266	29.2	31626	1.05020e-04	3.32148	28.0	31310	1.06070e-04	3.32109	29.5
65931.874	16.046	31551	1.05320e-04	3.32285	28.3	30929	1.07420e-04	3.32246	29.2	31646	1.04950e-04	3.32129	28.0	31390	1.05800e-04	3.32109	29.5
65933.062	16.052	31473	1.05590e-04	3.32305	28.3	30918	1.07470e-04	3.32266	29.2	31626	1.05020e-04	3.32129	28.0	31379	1.05840e-04	3.32129	29.5
65934.250	16.052	31535	1.05360e-04	3.32266	28.3	30905	1.07510e-04	3.32266	29.2	31672	1.04870e-04	3.32148	28.0	31386	1.05820e-04	3.32129	29.5
65935.438	16.052	31519	1.05420e-04	3.32266	28.3	30914	1.07480e-04	3.32266	29.2	31635	1.04980e-04	3.32109	28.0	31379	1.05840e-04	3.32109	29.5
65936.627	16.052	31499	1.05490e-04	3.32285	28.3	30903	1.07520e-04	3.32285	29.2	31640	1.04980e-04	3.32148	28.0	31394	1.05790e-04	3.32109	29.5
65937.815	16.052	31527	1.05390e-04	3.32266	28.3	30930	1.07420e-04	3.32266	29.2	31642	1.04970e-04	3.32148	28.0	31342	1.05960e-04	3.32109	29.5
65939.003	16.047	31563	1.05270e-04	3.32266	28.3	30893	1.07550e-04	3.32266	29.2	31678	1.04850e-04	3.32129	28.0	31408	1.05740e-04	3.32109	29.5
65940.191	16.047	31512	1.05450e-04	3.32285	28.3	30885	1.07580e-04	3.32266	29.2	31583	1.05160e-04	3.32129	28.0	31353	1.05920e-04	3.32109	29.5
65941.380	16.063	31544	1.05340e-04	3.32285	28.3	30905	1.07510e-04	3.32266	29.2	31618	1.05040e-04	3.32129	28.0	31369	1.05880e-04	3.32129	29.5
65942.568	16.063	31523	1.05400e-04	3.32266	28.3	30925	1.07430e-04	3.32227	29.2	31656	1.04910e-04	3.32090	28.0	31418	1.05690e-04	3.32070	29.5
65943.756	16.052	31557	1.05300e-04	3.32285	28.3	30934	1.07420e-04	3.32285	29.2	31687	1.04830e-04	3.32168	28.0	31395	1.05800e-04	3.32148	29.5
65944.945	16.052	31515	1.05430e-04	3.32266	28.3	30882	1.07600e-04	3.32285	29.2	31670	1.04880e-04	3.32148	28.0	31352	1.05940e-04	3.32129	29.5
65946.133	16.045	31487	1.05530e-04	3.32285	28.3	30902	1.07520e-04	3.32266	29.2	31621	1.05030e-04	3.32129	28.0	31377	1.05840e-04	3.32109	29.5
65947.321	16.045	31535	1.05370e-04	3.32285	28.3	30851	1.07710e-04	3.32285	29.2	31645	1.04960e-04	3.32148	28.0	31339	1.05980e-04	3.32129	29.5
65948.509	16.045	31533	1.05370e-04	3.32246	28.3	30886	1.07570e-04	3.32246	29.2	31635	1.04980e-04	3.32109	28.0	31367	1.05880e-04	3.32129	29.5
65949.698	16.041	31497	1.05500e-04	3.32305	28.3	30851	1.07710e-04	3.32285	29.2	31623	1.05030e-04	3.32148	28.0	31353	1.05910e-04	3.32070	29.5
65950.886	16.041	31520	1.05420e-04	3.32285	28.3	30858	1.07680e-04	3.32285	29.2	31662	1.04910e-04	3.32168	28.0	31369	1.05870e-04	3.32109	29.5
65952.074	16.060	31577	1.05220e-04	3.32266	28.3	30933	1.07410e-04	3.32246	29.2	31655	1.04920e-04	3.32109	28.0	31369	1.05870e-04	3.32109	29.5
65953.262	16.060	31565	1.05270e-04	3.32285	28.3	30925	1.07450e-04	3.32285	29.2	31670	1.04880e-04	3.32148	28.0	31379	1.05840e-04	3.32129	29.5
65954.451	16.074	31539	1.05350e-04	3.32266	28.3	30904	1.07520e-04	3.32266	29.2	31689	1.04810e-04	3.32148	28.0	31389	1.05810e-04	3.32109	29.5
65955.638	16.074	31517	1.05430e-04	3.32285	28.3	30908	1.07500e-04	3.32266	29.2	31689	1.04810e-04	3.32129	28.0	31322	1.06020e-04	3.32090	29.5
65956.827	16.074	31584	1.05210e-04	3.32285	28.3	30898	1.07540e-04	3.32266	29.2	31660	1.04920e-04	3.32168	28.0	31403	1.05760e-04	3.32129	29.5
65958.015	16.057	31470	1.05580e-04	3.32246	28.3	30869	1.07640e-04	3.32266	29.2	31636	1.04990e-04	3.32148	28.0	31396	1.05790e-04	3.32129	29.5
65959.203	16.057	31460	1.05620e-04	3.32285	28.3	30849	1.07710e-04	3.32266	29.2	31686	1.04810e-04	3.32109	28.0	31390	1.05800e-04	3.32109	29.5
65960.392	16.063	31477	1.05560e-04	3.32285	28.3	30906	1.07510e-04	3.32285	29.2	31654	1.04930e-04	3.32148	28.0	31373	1.05860e-04	3.32129	29.5
65961.580	16.063	31564	1.05270e-04	3.32266	28.3	30905	1.07510e-04	3.32266	29.2	31661	1.04900e-04	3.32129	28.0	31382	1.05830e-04	3.32109	29.5
65962.768	16.056	31593	1.05180e-04	3.32305	28.3	30969	1.07300e-04	3.32285	29.2	31656	1.04920e-04	3.32129	28.0	31395	1.05790e-04	3.32109	29.5
65963.956	16.056	31585	1.05200e-04	3.32266	28.3	30933	1.07410e-04	3.32266	29.2	31713	1.04730e-04	3.32129	28.0	31416	1.05710e-04	3.32109	29.5
65965.145	16.045	31548	1.05310e-04	3.32246	28.3	30907	1.07510e-04	3.32285	29.2	31674	1.04860e-04	3.32148	28.0	31455	1.05590e-04	3.32129	29.5
65966.333	16.045	31555	1.05310e-04	3.32305	28.3	30965	1.07300e-04	3.32266	29.2	31715	1.04720e-04	3.32129	28.0	31439	1.05640e-04	3.32109	29.5
65967.521	16.049	31529	1.05380e-04	3.32266	28.3	30860	1.07670e-04	3.32266	29.2	31656	1.04920e-04	3.32148	28.0	31412	1.05730e-04	3.32129	29.5
65968.709	16.049	31551	1.05320e-04	3.32285	28.3	30867	1.07650e-04	3.32266	29.2	31695	1.04780e-04	3.32109	28.0	31383	1.05820e-04	3.32090	29.5
65969.898	16.049	31517	1.05430e-04	3.32285	28.3	30859	1.07680e-04	3.32285	29.2	31717	1.04720e-04	3.32148	28.0	31414	1.05730e-04	3.32129	29.5
65971.086	16.055	31532	1.05380e-04	3.32266	28.3	30906	1.07510e-04	3.32266	29.2	31681	1.04840e-04	3.32148	28.0	31339	1.05980e-04	3.32129	29.5
65972.274	16.055	31495	1.05500e-04	3.32285	28.3	30868	1.07640e-04	3.32266	29.2	31693	1.04790e-04	3.32129	28.0	31409	1.05740e-04	3.32109	29.5
65973.462	16.059	31499	1.05490e-04	3.32285	28.3	30824	1.07800e-04	3.32285	29.2	31675	1.04860e-04	3.32148	28.0	31366	1.05880e-04	3.32109	29.5
65974.651	16.059	31495	1.05490e-04	3.32246	28.3	30902	1.07520e-04	3.32266	29.2	31603	1.05100e-04	3.32148	28.0	31374	1.05850e-04	3.32109	29.5
65975.839	16.052	31488	1.05530e-04	3.32285	28.3	30956	1.07340e-04	3.32266	29.2	31676	1.04850e-04	3.32129	28.0	31426	1.05680e-04	3.32109	29.5
65977.027	16.052	31501	1.05480e-04	3.32285	28.3	30854	1.07680e-04	3.32246	29.2	31635	1.04980e-04	3.32109	28.0	31410	1.05730e-04	3.32109	29.5
65978.215	16.052	31580	1.05220e-04	3.32285	28.3	30978	1.07270e-04	3.32285	29.2	31705	1.04770e-04	3.32168	28.0	31471	1.05540e-04	3.32129	29.5
65979.403	16.052	31603	1.05140e-04	3.32285	28.3	30956	1.07330e-04	3.32266	29.2	31737	1.04660e-04	3.32148	28.0	31449	1.05600e-04	3.32109	29.5
65980.592	16.052	31547	1.05340e-04	3.32305	28.3	30977	1.07260e-04	3.32266	29.2	31650	1.04940e-04	3.32129	28.0	31439	1.05640e-04	3.32109	29.5
65981.780	16.046	31556	1.05300e-04	3.32266	28.3	30883	1.07590e-04	3.32266	29.2	31699	1.04780e-04	3.32148	28.0	31425	1.05680e-04	3.32090	29.5
65982.968	16.046	31560	1.05290e-04	3.32305	28.3	30961	1.07320e-04	3.32285	29.2	31748	1.04620e-04	3.32148	28.0	31416	1.05720e-04	3.32148	29.5
65984.157	16.039	31599	1.05160e-04	3.32285	28.3	30994	1.07210e-04	3.32285	29.2	31790	1.04480e-04	3.32148	28.0	31525	1.05350e-04	3.32129	29.5
65985.345	16.039	31630	1.05050e-04	3.32285	28.3	30967	1.07300e-04	3.32285	29.2	31734	1.04660e-04	3.32129	28.0	31481	1.05500e-04	3.32129	29.5
65986.533	16.044	31586	1.05210e-04	3.32305	28.3	31004	1.07170e-04	3.32285	29.2	31694	1.04800e-04	3.32148	28.0	31460	1.05570e-04	3.32109	29.5
65987.721	16.044	31597	1.05160e-04	3.32266	28.3	30981	1.07240e-04	3.32246	29.2	31736	1.04660e-04	3.32129	28.0	31496	1.05450e-04	3.32109	29.5
65988.910	16.044	31555	1.05300e-04	3.32285	28.3	30904	1.07520e-04	3.32266	29.2	31693	1.04800e-04	3.32148	28.0	31471	1.05530e-04	3.32129	29.5
65990.097	16.024	31589	1.05180e-04	3.32246	28.3	30965	1.07300e-04	3.32266	29.2	31713	1.04730e-04	3.32129	28.0	31490	1.05470e-04	3.32129	29.5
65991.286	16.024	31612	1.05110e-04	3.32285	28.3	30978	1.07260e-04	3.32266	29.2	31764	1.04560e-04	3.32129	28.0	31420	1.05700e-04	3.32109	29.5
65992.474	16.024	31528	1.05390e-04	3.32285	28.3	30932	1.07420e-04	3.32285	29.2	31712	1.04730e-04	3.32129	28.0	31449	1.05600e-04	3.32109	29.5
65993.662	16.024	31527	1.05390e-04	3.32266	28.3	30889	1.07570e-04	3.32266	29.2	31689	1.04810e-04	3.32148	28.0	31409	1.05740e-04	3.32109	29.5
65994.851	16.032	31517	1.05430e-04	3.32285	28.3	30936	1.07410e-04	3.32285	29.2	31616	1.05060e-04	3.32148	28.0	31407	1.05740e-04	3.32109	29.5
65996.039	16.032	31494	1.05500e-04	3.32266	28.3	30907	1.07510e-04	3.32285	29.2	31642	1.04960e-04	3.32129	28.0	31398	1.05770e-04	3.32109	29.5
65997.227	16.043	31540	1.05350e-04	3.32266	28.3	30864	1.07650e-04	3.32266	29.2	31627	1.05010e-04	3.32109	28.0	31413	1.05720e-04	3.32109	29.5
65998.415	16.043	31510	1.05440e-04	3.32246	28.3	30904	1.07510e-04	3.32266	29.2	31657	1.04920e-04	3.32148	28.0	31366	1.05880e-04	3.32090	29.5
65999.604	16.043	31507	1.05470e-04	3.32305	28.3	30875	1.07610e-04	3.32246	29.2	31632	1.05000e-04	3.32129	28.0	31379	1.05830e-04	3.32090	29.5
66000.792	16.051	31565	1.05260e-04	3.32266	28.3	30923	1.07440e-04	3.32246	29.2	31676	1.04850e-04	3.32129	28.0	31443	1.05630e-04	3.32129	29.5
66001.980	16.051	31593	1.05180e-04	3.32285	28.3	31010	1.07150e-04	3.32285	29.2	31715	1.04730e-04	3.32148	28.0	31419	1.05700e-04	3.32109	29.5
66003.168	16.038	31523	1.05400e-04	3.32266	28.3	30952	1.07350e-04	3.32266	29.2	31621	1.05040e-04	3.32129	28.0	31370	1.05870e-04	3.32109	29.5
66004.356	16.038	31595	1.05170e-04	3.32266	28.3	30914	1.07480e-04	3.32266	29.2	31667	1.04880e-04	3.32129	28.0	31445	1.05610e-04	3.32109	29.5
66005.545	16.040	31497	1.05500e-04	3.32285	28.3	30880	1.07600e-04	3.32266	29.2	31641	1.04970e-04	3.32148	28.0	31358	1.05910e-04	3.32109	29.5
66006.733	16.040	31513	1.05440e-04	3.32285	28.3	30944	1.07380e-04	3.32266	29.2	31631	1.05000e-04	3.32129	28.0	31394	1.05790e-04	3.32109	29.5
66007.921	16.040	31518	1.05420e-04	3.32266	28.3	30950	1.07360e-04	3.32266	29.2	31650	1.04940e-04	3.32148	28.0	31425	1.05690e-04	3.32129	29.5
66009.109	16.046	31473	1.05580e-04	3.32285	28.3	30857	1.07690e-04	3.32285	29.2	31659	1.04910e-04	3.32148	28.0	31398	1.05770e-04	3.32109	29.5
66010.298	16.046	31507	1.05460e-04	3.32285	28.3	30877	1.07610e-04	3.32285	29.2	31664	1.04890e-04	3.32129	28.0	31365	1.05890e-04	3.32109	29.5
66011.486	16.056	31522	1.05410e-04	3.32266	28.2	30891	1.07560e-04	3.32246	29.2	31671	1.04870e-04	3.32148	28.0	31336	1.05980e-04	3.32090	29.5
66012.674	16.056	31518	1.05430e-04	3.32285	28.2	30916	1.07480e-04	3.32266	29.2	31686	1.04820e-04	3.32129	28.0	31393	1.05800e-04	3.32129	29.5
66013.862	16.043	31537	1.05360e-04	3.32285	28.3	30955	1.07340e-04	3.32266	29.2	31621	1.05030e-04	3.32129	28.0	31398	1.05780e-04	3.32129	29.5
66015.050	16.043	31528	1.05400e-04	3.32285	28.3	30928	1.07430e-04	3.32266	29.2	31678	1.04850e-04	3.32148	28.0	31400	1.05770e-04	3.32109	29.5
66016.239	16.041	31540	1.05350e-04	3.32266	28.3	30891	1.07560e-04	3.32246	29.2	31676	1.04850e-04	3.32129	28.0	31406	1.05750e-04	3.32109	29.5
66017.427	16.041	31577	1.05230e-04	3.32285	28.3	30914	1.07490e-04	3.32285	29.2	31736	1.04660e-04	3.32129	28.0	31363	1.05890e-04	3.32090	29.5
66018.615	16.053	31487	1.05520e-04	3.32266	28.3	30923	1.07450e-04	3.32266	29.2	31639	1.04970e-04	3.32129	28.0	31464	1.05550e-04	3.32109	29.5
66019.804	16.053	31555	1.05300e-04	3.32285	28.3	30857	1.07680e-04	3.32266	29.2	31668	1.04870e-04	3.32109	28.0	31362	1.05890e-04	3.32090	29.5
66020.992	16.053	31515	1.05430e-04	3.32266	28.3	30979	1.07260e-04	3.32285	29.2	31678	1.04850e-04	3.32148	28.0	31440	1.05630e-04	3.32109	29.5
66022.180	16.047	31546	1.05330e-04	3.32285	28.3	30937	1.07400e-04	3.32266	29.2	31713	1.04730e-04	3.32129	28.0	31431	1.05660e-04	3.32109	29.5
66023.368	16.047	31533	1.05380e-04	3.32285	28.3	30930	1.07420e-04	3.32246	29.2	31658	1.04910e-04	3.32129	28.0	31482	1.05490e-04	3.32109	29.5
66024.557	16.040	31529	1.05380e-04	3.32266	28.3	30897	1.07540e-04	3.32266	29.2	31664	1.04890e-04	3.32129	28.0	31430	1.05670e-04	3.32109	29.5
66025.745	16.040	31533	1.05380e-04	3.32285	28.3	30917	1.07470e-04	3.32266	29.2	31664	1.04890e-04	3.32129	28.0	31427	1.05680e-04	3.32129	29.5
66026.933	16.052	31515	1.05430e-04	3.32266	28.3	30945	1.07370e-04	3.32246	29.2	31652	1.04930e-04	3.32129	28.0	31432	1.05650e-04	3.32090	29.5
66028.121	16.052	31566	1.05270e-04	3.32285	28.3	30883	1.07590e-04	3.32266	29.2	31588	1.05150e-04	3.32148	28.0	31384	1.05820e-04	3.32109	29.5
66029.309	16.045	31517	1.05430e-04	3.32285	28.3	30938	1.07400e-04	3.32285	29.2	31638	1.04980e-04	3.32148	28.0	31387	1.05810e-04	3.32109	29.5
66030.498	16.045	31554	1.05300e-04	3.32266	28.3	30913	1.07480e-04	3.32266	29.2	31715	1.04720e-04	3.32129	28.0	31398	1.05770e-04	3.32090	29.5
66031.686	16.045	31583	1.05210e-04	3.32285	28.3	30920	1.07460e-04	3.32266	29.2	31689	1.04810e-04	3.32148	28.0	31441	1.05640e-04	3.32129	29.5
66032.874	16.031	31558	1.05290e-04	3.32266	28.3	30921	1.07460e-04	3.32285	29.2	31684	1.04820e-04	3.32129	28.0	31428	1.05680e-04	3.32129	29.5
66034.063	16.031	31515	1.05440e-04	3.32305	28.3	30958	1.07330e-04	3.32266	29.2	31701	1.04770e-04	3.32129	28.0	31424	1.05690e-04	3.32109	29.5
66035.251	16.040	31539	1.05360e-04	3.32285	28.3	30901	1.07530e-04	3.32285	29.2	31678	1.04850e-04	3.32148	28.0	31453	1.05600e-04	3.32129	29.5
66036.439	16.040	31578	1.05220e-04	3.32266	28.3	30917	1.07460e-04	3.32246	29.2	31644	1.04970e-04	3.32148	28.0	31353	1.05930e-04	3.32109	29.5
66037.627	16.041	31539	1.05360e-04	3.32285	28.3	30947	1.07370e-04	3.32285	29.2	31594	1.05130e-04	3.32148	28.0	31435	1.05650e-04	3.32109	29.5
66038.816	16.041	31533	1.05380e-04	3.32305	28.3	30914	1.07490e-04	3.32285	29.2	31649	1.04950e-04	3.32148	28.0	31430	1.05670e-04	3.32129	29.5
66040.004	16.041	31604	1.05140e-04	3.32285	28.3	30916	1.07480e-04	3.32266	29.2	31630	1.05010e-04	3.32148	28.0	31425	1.05680e-04	3.32109	29.5
66041.192	16.045	31563	1.05280e-04	3.32285	28.4	31016	1.07130e-04	3.32285	29.2	31653	1.04930e-04	3.32148	28.0	31465	1.05550e-04	3.32109	29.5
66042.380	16.045	31575	1.05240e-04	3.32305	28.3	30964	1.07310e-04	3.32285	29.2	31656	1.04920e-04	3.32148	28.0	31384	1.05820e-04	3.32109	29.5
66043.568	16.032	31580	1.05220e-04	3.32285	28.4	30890	1.07560e-04	3.32266	29.2	31676	1.04850e-04	3.32129	28.0	31420	1.05700e-04	3.32109	29.5
66044.757	16.032	31494	1.05500e-04	3.32266	28.4	30902	1.07520e-04	3.32266	29.2	31606	1.05090e-04	3.32148	28.0	31352	1.05930e-04	3.32129	29.5
66045.945	16.026	31527	1.05400e-04	3.32305	28.4	30901	1.07540e-04	3.32305	29.2	31641	1.04970e-04	3.32129	28.0	31436	1.05650e-04	3.32109	29.5
66047.133	16.026	31569	1.05260e-04	3.32285	28.4	30928	1.07430e-04	3.32266	29.2	31590	1.05140e-04	3.32129	28.0	31440	1.05630e-04	3.32109	29.5
66048.322	16.038	31559	1.05290e-04	3.32285	28.4	30948	1.07370e-04	3.32285	29.2	31646	1.04970e-04	3.32168	28.0	31415	1.05720e-04	3.32109	29.5
66049.510	16.038	31540	1.05350e-04	3.32266	28.4	30937	1.07390e-04	3.32246	29.2	31632	1.05000e-04	3.32148	28.0	31351	1.05940e-04	3.32129	29.5
66050.698	16.038	31596	1.05170e-04	3.32305	28.4	30984	1.07240e-04	3.32285	29.2	31636	1.04990e-04	3.32129	28.0	31427	1.05680e-04	3.32109	29.5
66051.886	16.040	31544	1.05340e-04	3.32285	28.4	30963	1.07320e-04	3.32285	29.2	31655	1.04930e-04	3.32148	28.0	31436	1.05650e-04	3.32129	29.5
66053.075	16.040	31539	1.05360e-04	3.32285	28.4	30914	1.07480e-04	3.32266	29.2	31673	1.04860e-04	3.32129	28.0	31402	1.05760e-04	3.32109	29.5
66054.263	16.043	31553	1.05310e-04	3.32285	28.4	30917	1.07480e-04	3.32285	29.2	31661	1.04910e-04	3.32148	28.0	31418	1.05710e-04	3.32109	29.5
66055.451	16.043	31488	1.05530e-04	3.32285	28.4	30908	1.07510e-04	3.32285	29.2	31669	1.04880e-04	3.32148	28.0	31380	1.05840e-04	3.32129	29.5
66056.639	16.038	31510	1.05450e-04	3.32285	28.4	30911	1.07490e-04	3.32266	29.2	31628	1.05000e-04	3.32109	28.0	31311	1.06070e-04	3.32109	29.5
66057.827	16.038	31511	1.05450e-04	3.32266	28.4	30908	1.07500e-04	3.32266	29.2	31599	1.05110e-04	3.32148	28.0	31351	1.05930e-04	3.32109	29.5
66059.015	16.038	31590	1.05190e-04	3.32305	28.4	30870	1.07640e-04	3.32285	29.2	31612	1.05070e-04	3.32148	28.0	31368	1.05880e-04	3.32109	29.5
66060.204	16.044	31606	1.05130e-04	3.32266	28.4	30947	1.07370e-04	3.32266	29.2	31645	1.04960e-04	3.32129	28.0	31418	1.05710e-04	3.32109	29.5
66061.392	16.044	31519	1.05420e-04	3.32285	28.4	30943	1.07390e-04	3.32285	29.2	31709	1.04750e-04	3.32148	28.0	31444	1.05620e-04	3.32109	29.5
66062.581	16.044	31564	1.05280e-04	3.32305	28.4	30946	1.07370e-04	3.32266	29.2	31676	1.04860e-04	3.32148	28.0	31410	1.05740e-04	3.32129	29.5
66063.768	16.044	31580	1.05210e-04	3.32266	28.4	30937	1.07400e-04	3.32266	29.2	31630	1.05000e-04	3.32129	28.0	31466	1.05550e-04	3.32109	29.5
66064.957	16.029	31593	1.05180e-04	3.32285	28.4	30937	1.07410e-04	3.32285	29.2	31696	1.04800e-04	3.32168	28.0	31402	1.05770e-04	3.32129	29.5
66066.145	16.029	31512	1.05450e-04	3.32285	28.4	30898	1.07540e-04	3.32285	29.2	31664	1.04900e-04	3.32148	28.0	31418	1.05710e-04	3.32129	29.5
66067.334	16.019	31533	1.05380e-04	3.32285	28.4	30942	1.07390e-04	3.32285	29.2	31662	1.04900e-04	3.32129	28.0	31429	1.05670e-04	3.32109	29.5
66068.521	16.019	31566	1.05270e-04	3.32285	28.4	30967	1.07300e-04	3.32285	29.2	31632	1.05000e-04	3.32148	28.0	31414	1.05720e-04	3.32109	29.5
66069.710	16.039	31522	1.05410e-04	3.32285	28.4	30893	1.07560e-04	3.32266	29.2	31622	1.05040e-04	3.32148	28.0	31402	1.05770e-04	3.32129	29.5
66070.898	16.039	31503	1.05480e-04	3.32305	28.4	30901	1.07530e-04	3.32285	29.2	31591	1.05140e-04	3.32148	28.0	31392	1.05800e-04	3.32109	29.5
66072.087	16.039	31562	1.05280e-04	3.32285	28.4	30915	1.07480e-04	3.32266	29.2	31630	1.05010e-04	3.32148	28.0	31409	1.05740e-04	3.32129	29.5
66073.274	16.044	31547	1.05330e-04	3.32285	28.4	30874	1.07620e-04	3.32266	29.2	31643	1.04960e-04	3.32129	28.0	31404	1.05750e-04	3.32109	29.5
66074.463	16.044	31544	1.05340e-04	3.32285	28.4	30863	1.07660e-04	3.32285	29.2	31695	1.04800e-04	3.32168	28.1	31377	1.05850e-04	3.32109	29.5
66075.651	16.026	31565	1.05260e-04	3.32266	28.4	30900	1.07520e-04	3.32246	29.2	31646	1.04950e-04	3.32129	28.1	31403	1.05760e-04	3.32129	29.6
66076.840	16.026	31530	1.05390e-04	3.32305	28.4	30925	1.07450e-04	3.32305	29.2	31619	1.05040e-04	3.32129	28.0	31388	1.05810e-04	3.32109	29.6
66078.027	16.046	31521	1.05420e-04	3.32285	28.4	30934	1.07420e-04	3.32305	29.2	31576	1.05200e-04	3.32168	28.1	31392	1.05810e-04	3.32148	29.5
66079.216	16.046	31570	1.05250e-04	3.32266	28.4	30919	1.07470e-04	3.32285	29.2	31693	1.04800e-04	3.32148	28.1	31367	1.05880e-04	3.32109	29.5
66080.404	16.031	31530	1.05390e-04	3.32305	28.4	30870	1.07640e-04	3.32285	29.2	31671	1.04870e-04	3.32148	28.1	31414	1.05730e-04	3.32129	29.6
66081.592	16.031	31538	1.05350e-04	3.32266	28.4	30892	1.07560e-04	3.32285	29.2	31591	1.05150e-04	3.32168	28.1	31393	1.05800e-04	3.32129	29.5
66082.780	16.031	31491	1.05520e-04	3.32305	28.4	30911	1.07480e-04	3.32246	29.2	31565	1.05230e-04	3.32148	28.1	31372	1.05870e-04	3.32129	29.6
66083.968	16.030	31515	1.05440e-04	3.32285	28.4	30891	1.07570e-04	3.32285	29.2	31614	1.05070e-04	3.32148	28.1	31347	1.05950e-04	3.32109	29.5
66085.157	16.030	31531	1.05380e-04	3.32285	28.4	30933	1.07420e-04	3.32266	29.2	31644	1.04970e-04	3.32148	28.1	31417	1.05720e-04	3.32129	29.5
66086.345	16.044	31570	1.05250e-04	3.32266	28.4	30883	1.07590e-04	3.32266	29.2	31612	1.05070e-04	3.32129	28.1	31418	1.05710e-04	3.32109	29.5
66087.534	16.044	31496	1.05510e-04	3.32305	28.4	30930	1.07440e-04	3.32305	29.2	31684	1.04830e-04	3.32148	28.1	31342	1.05970e-04	3.32129	29.5
66088.722	16.043	31527	1.05400e-04	3.32285	28.4	30952	1.07360e-04	3.32285	29.2	31674	1.04870e-04	3.32148	28.1	31419	1.05710e-04	3.32129	29.5
66089.910	16.043	31541	1.05350e-04	3.32285	28.4	30872	1.07630e-04	3.32285	29.2	31594	1.05130e-04	3.32148	28.1	31355	1.05920e-04	3.32109	29.5
66091.098	16.043	31576	1.05230e-04	3.32285	28.4	30914	1.07490e-04	3.32305	29.2	31648	1.04950e-04	3.32148	28.1	31349	1.05940e-04	3.32109	29.5
66092.286	16.047	31500	1.05490e-04	3.32285	28.4	30966	1.07310e-04	3.32285	29.2	31661	1.04910e-04	3.32168	28.1	31361	1.05910e-04	3.32129	29.5
66093.475	16.047	31590	1.05190e-04	3.32285	28.4	30905	1.07520e-04	3.32285	29.2	31573	1.05200e-04	3.32148	28.1	31408	1.05750e-04	3.32129	29.6
66094.663	16.051	31488	1.05530e-04	3.32285	28.4	30943	1.07390e-04	3.32285	29.2	31660	1.04920e-04	3.32168	28.1	31367	1.05890e-04	3.32148	29.6
66095.851	16.051	31551	1.05320e-04	3.32285	28.4	30897	1.07540e-04	3.32266	29.2	31617	1.05050e-04	3.32148	28.1	31382	1.05830e-04	3.32109	29.6
66097.039	16.044	31581	1.05220e-04	3.32305	28.4	30954	1.07350e-04	3.32285	29.2	31654	1.04930e-04	3.32129	28.1	31421	1.05700e-04	3.32109	29.6
66098.227	16.044	31564	1.05270e-04	3.32285	28.4	30958	1.07330e-04	3.32285	29.2	31657	1.04920e-04	3.32148	28.1	31471	1.05530e-04	3.32129	29.6
66099.416	16.042	31551	1.05320e-04	3.32305	28.4	30927	1.07440e-04	3.32285	29.2	31663	1.04900e-04	3.32148	28.1	31402	1.05770e-04	3.32129	29.6
66100.604	16.042	31543	1.05350e-04	3.32305	28.4	30925	1.07450e-04	3.32285	29.2	31605	1.05090e-04	3.32148	28.1	31351	1.05930e-04	3.32109	29.6
66101.793	16.042	31525	1.05400e-04	3.32285	28.4	30938	1.07400e-04	3.32285	29.2	31655	1.04930e-04	3.32168	28.1	31399	1.05780e-04	3.32129	29.6
66102.981	16.045	31570	1.05250e-04	3.32285	28.4	30990	1.07220e-04	3.32285	29.2	31665	1.04890e-04	3.32148	28.1	31446	1.05620e-04	3.32129	29.6
66104.169	16.045	31539	1.05360e-04	3.32285	28.4	30939	1.07400e-04	3.32285	29.2	31661	1.04910e-04	3.32148	28.1	31469	1.05530e-04	3.32109	29.6
66105.357	16.046	31577	1.05230e-04	3.32285	28.4	30866	1.07660e-04	3.32285	29.2	31620	1.05040e-04	3.32129	28.1	31371	1.05860e-04	3.32109	29.6
66106.545	16.046	31534	1.05380e-04	3.32305	28.4	30861	1.07670e-04	3.32285	29.2	31624	1.05030e-04	3.32148	28.1	31382	1.05830e-04	3.32129	29.6
66107.734	16.042	31548	1.05330e-04	3.32285	28.4	30897	1.07540e-04	3.32266	29.2	31612	1.05070e-04	3.32148	28.1	31351	1.05940e-04	3.32129	29.6
66108.922	16.042	31530	1.05390e-04	3.32285	28.4	30966	1.07300e-04	3.32266	29.3	31629	1.05010e-04	3.32148	28.1	31387	1.05810e-04	3.32109	29.6
66110.110	16.042	31538	1.05360e-04	3.32285	28.4	30864	1.07660e-04	3.32266	29.2	31687	1.04820e-04	3.32148	28.1	31380	1.05830e-04	3.32109	29.6
66111.298	16.029	31524	1.05400e-04	3.32266	28.4	30917	1.07470e-04	3.32266	29.2	31629	1.05010e-04	3.32148	28.1	31353	1.05930e-04	3.32109	29.5
66112.486	16.029	31533	1.05380e-04	3.32285	28.4	30931	1.07420e-04	3.32266	29.2	31632	1.05000e-04	3.32129	28.1	31393	1.05790e-04	3.32090	29.6
66113.675	16.032	31527	1.05400e-04	3.32305	28.4	30846	1.07720e-04	3.32285	29.2	31639	1.04990e-04	3.32168	28.1	31367	1.05880e-04	3.32129	29.6
66114.863	16.032	31551	1.05310e-04	3.32266	28.4	30901	1.07530e-04	3.32285	29.2	31626	1.05020e-04	3.32148	28.1	31381	1.05840e-04	3.32129	29.6
66116.051	16.029	31540	1.05360e-04	3.32305	28.4	30924	1.07450e-04	3.32285	29.2	31640	1.04980e-04	3.32148	28.1	31401	1.05760e-04	3.32109	29.6
66117.239	16.029	31566	1.05270e-04	3.32285	28.4	30906	1.07510e-04	3.32285	29.2	31653	1.04930e-04	3.32148	28.1	31390	1.05810e-04	3.32129	29.6
66118.428	16.031	31572	1.05250e-04	3.32285	28.4	30931	1.07420e-04	3.32266	29.2	31645	1.04960e-04	3.32148	28.1	31405	1.05760e-04	3.32129	29.6
66119.616	16.031	31525	1.05410e-04	3.32305	28.4	30871	1.07640e-04	3.32285	29.3	31658	1.04920e-04	3.32148	28.1	31390	1.05800e-04	3.32109	29.6
66120.804	16.037	31455	1.05640e-04	3.32285	28.4	30886	1.07580e-04	3.32266	29.3	31646	1.04950e-04	3.32129	28.1	31379	1.05840e-04	3.32109	29.6
66121.992	16.037	31570	1.05250e-04	3.32285	28.4	30901	1.07530e-04	3.32285	29.3	31625	1.05030e-04	3.32148	28.1	31365	1.05890e-04	3.32129	29.6
66123.181	16.037	31534	1.05380e-04	3.32305	28.4	30936	1.07410e-04	3.32285	29.3	31634	1.05000e-04	3.32168	28.1	31410	1.05740e-04	3.32129	29.6
66124.369	16.044	31562	1.05290e-04	3.32305	28.4	30915	1.07490e-04	3.32305	29.3	31675	1.04860e-04	3.32148	28.1	31371	1.05870e-04	3.32129	29.6
66125.557	16.044	31521	1.05420e-04	3.32305	28.4	30960	1.07330e-04	3.32285	29.3	31664	1.04900e-04	3.32148	28.1	31412	1.05730e-04	3.32129	29.6
66126.745	16.027	31534	1.05370e-04	3.32285	28.4	30915	1.07480e-04	3.32285	29.3	31648	1.04960e-04	3.32168	28.1	31365	1.05890e-04	3.32129	29.6
66127.934	16.027	31594	1.05170e-04	3.32285	28.4	30962	1.07320e-04	3.32285	29.3	31680	1.04850e-04	3.32148	28.1	31390	1.05800e-04	3.32109	29.6
66129.122	16.027	31643	1.05020e-04	3.32305	28.4	31012	1.07150e-04	3.32305	29.3	31701	1.04770e-04	3.32148	28.1	31476	1.05520e-04	3.32129	29.6
66130.310	16.034	31632	1.05050e-04	3.32305	28.4	30943	1.07380e-04	3.32266	29.3	31686	1.04820e-04	3.32148	28.1	31450	1.05610e-04	3.32129	29.6
66131.499	16.028	31593	1.05180e-04	3.32285	28.4	30974	1.07270e-04	3.32266	29.3	31731	1.04680e-04	3.32148	28.1	31504	1.05420e-04	3.32129	29.6
66132.687	16.028	31601	1.05160e-04	3.32305	28.4	30929	1.07430e-04	3.32285	29.3	31692	1.04800e-04	3.32148	28.1	31432	1.05660e-04	3.32109	29.6
66133.875	16.028	31532	1.05380e-04	3.32285	28.4	30886	1.07580e-04	3.32266	29.3	31607	1.05090e-04	3.32148	28.1	31380	1.05840e-04	3.32129	29.6
66135.063	16.029	31561	1.05280e-04	3.32266	28.4	30902	1.07520e-04	3.32266	29.3	31624	1.05020e-04	3.32129	28.1	31379	1.05840e-04	3.32109	29.6
66136.251	16.029	31494	1.05510e-04	3.32305	28.4	30858	1.07680e-04	3.32285	29.3	31612	1.05080e-04	3.32168	28.1	31382	1.05830e-04	3.32129	29.6
66137.440	16.037	31547	1.05330e-04	3.32285	28.4	30837	1.07750e-04	3.32285	29.3	31550	1.05280e-04	3.32168	28.1	31366	1.05890e-04	3.32129	29.6
66138.628	16.037	31534	1.05370e-04	3.32266	28.4	30956	1.07340e-04	3.32285	29.3	31631	1.05000e-04	3.32129	28.1	31369	1.05870e-04	3.32109	29.6
66139.816	16.043	31575	1.05240e-04	3.32285	28.4	30986	1.07240e-04	3.32285	29.3	31646	1.04970e-04	3.32168	28.1	31425	1.05690e-04	3.32129	29.6
66141.004	16.043	31461	1.05610e-04	3.32266	28.4	30923	1.07450e-04	3.32266	29.3	31641	1.04970e-04	3.32148	28.1	31430	1.05670e-04	3.32129	29.6
66142.193	16.043	31532	1.05380e-04	3.32305	28.4	30883	1.07590e-04	3.32285	29.3	31569	1.05210e-04	3.32148	28.1	31357	1.05910e-04	3.32109	29.6
66143.381	16.043	31527	1.05400e-04	3.32305	28.4	30905	1.07520e-04	3.32285	29.3	31604	1.05100e-04	3.32168	28.1	31367	1.05880e-04	3.32129	29.6
66144.569	16.043	31530	1.05380e-04	3.32266	28.4	30903	1.07520e-04	3.32266	29.3	31648	1.04950e-04	3.32129	28.1	31363	1.05890e-04	3.32109	29.6
66145.758	16.052	31510	1.05460e-04	3.32305	28.4	30886	1.07580e-04	3.32285	29.3	31651	1.04940e-04	3.32148	28.1	31306	1.06080e-04	3.32109	29.6
66146.945	16.052	31478	1.05560e-04	3.32285	28.4	30915	1.07480e-04	3.32285	29.3	31619	1.05050e-04	3.32148	28.1	31356	1.05920e-04	3.32129	29.6
66148.133	16.071	31564	1.05270e-04	3.32285	28.4	30894	1.07550e-04	3.32266	29.3	31638	1.04980e-04	3.32129	28.1	31357	1.05920e-04	3.32129	29.6
66149.322	16.071	31553	1.05320e-04	3.32305	28.4	30892	1.07560e-04	3.32285	29.3	31605	1.05100e-04	3.32168	28.1	31352	1.05940e-04	3.32129	29.6
66150.510	16.049	31511	1.05440e-04	3.32266	28.4	30843	1.07730e-04	3.32285	29.3	31664	1.04900e-04	3.32148	28.1	31358	1.05920e-04	3.32129	29.6
66151.699	16.049	31580	1.05220e-04	3.32285	28.4	30887	1.07580e-04	3.32285	29.3	31611	1.05070e-04	3.32129	28.1	31319	1.06030e-04	3.32090	29.6
66152.886	16.049	31532	1.05380e-04	3.32285	28.4	30961	1.07320e-04	3.32266	29.3	31637	1.04990e-04	3.32148	28.1	31362	1.05900e-04	3.32129	29.6
66154.075	16.038	31502	1.05480e-04	3.32285	28.4	30871	1.07640e-04	3.32285	29.3	31600	1.05110e-04	3.32148	28.1	31394	1.05790e-04	3.32129	29.6
66155.263	16.038	31565	1.05280e-04	3.32305	28.4	30899	1.07530e-04	3.32266	29.3	31644	1.04960e-04	3.32148	28.1	31326	1.06020e-04	3.32129	29.6
66156.451	16.031	31575	1.05240e-04	3.32285	28.4	30903	1.07530e-04	3.32285	29.3	31651	1.04950e-04	3.32168	28.1	31346	1.05950e-04	3.32129	29.6
66157.640	16.031	31525	1.05400e-04	3.32266	28.4	30920	1.07450e-04	3.32246	29.3	31659	1.04910e-04	3.32129	28.1	31414	1.05720e-04	3.32109	29.6
66158.828	16.029	31494	1.05510e-04	3.32305	28.4	30916	1.07480e-04	3.32285	29.3	31609	1.05080e-04	3.32148	28.1	31395	1.05780e-04	3.32109	29.6
66160.016	16.029	31534	1.05370e-04	3.32285	28.4	30897	1.07550e-04	3.32285	29.3	31649	1.04950e-04	3.32168	28.1	31393	1.05800e-04	3.32129	29.6
66161.204	16.029	31556	1.05290e-04	3.32266	28.4	30901	1.07530e-04	3.32266	29.3	31614	1.05060e-04	3.32148	28.1	31386	1.05820e-04	3.32129	29.6
66162.393	16.037	31573	1.05250e-04	3.32305	28.4	30912	1.07490e-04	3.32285	29.2	31612	1.05070e-04	3.32148	28.1	31384	1.05830e-04	3.32129	29.6
66163.581	16.037	31513	1.05440e-04	3.32285	28.4	30901	1.07530e-04	3.32285	29.3	31679	1.04850e-04	3.32148	28.1	31365	1.05890e-04	3.32129	29.6
66164.769	16.026	31590	1.05190e-04	3.32285	28.4	30896	1.07540e-04	3.32266	29.2	31630	1.05000e-04	3.32129	28.1	31379	1.05830e-04	3.32090	29.6
66165.957	16.026	31565	1.05270e-04	3.32285	28.4	30886	1.07580e-04	3.32266	29.2	31705	1.04760e-04	3.32148	28.1	31396	1.05790e-04	3.32129	29.6
66167.145	16.026	31608	1.05120e-04	3.32266	28.4	30906	1.07500e-04	3.32246	29.2	31609	1.05070e-04	3.32129	28.1	31410	1.05730e-04	3.32109	29.6
66168.334	16.045	31491	1.05510e-04	3.32266	28.4	30931	1.07420e-04	3.32266	29.2	31731	1.04680e-04	3.32148	28.1	31483	1.05500e-04	3.32148	29.6
66169.522	16.043	31528	1.05400e-04	3.32285	28.4	30894	1.07550e-04	3.32266	29.2	31671	1.04870e-04	3.32148	28.1	31424	1.05690e-04	3.32109	29.6
66170.710	16.043	31521	1.05420e-04	3.32285	28.4	30909	1.07500e-04	3.32285	29.2	31635	1.04990e-04	3.32148	28.0	31374	1.05850e-04	3.32109	29.6
66171.899	16.043	31556	1.05310e-04	3.32305	28.4	30902	1.07520e-04	3.32266	29.2	31620	1.05040e-04	3.32129	28.1	31356	1.05920e-04	3.32109	29.6
66173.087	16.048	31518	1.05430e-04	3.32285	28.4	30950	1.07360e-04	3.32285	29.2	31638	1.04990e-04	3.32168	28.1	31351	1.05930e-04	3.32109	29.6
66174.275	16.048	31528	1.05390e-04	3.32266	28.4	30953	1.07350e-04	3.32285	29.2	31701	1.04770e-04	3.32148	28.1	31380	1.05840e-04	3.32129	29.6
66175.463	16.047	31529	1.05400e-04	3.32305	28.4	30920	1.07470e-04	3.32285	29.2	31646	1.04950e-04	3.32129	28.1	31404	1.05750e-04	3.32109	29.6
66176.651	16.047	31490	1.05520e-04	3.32285	28.4	30870	1.07630e-04	3.32266	29.2	31651	1.04940e-04	3.32148	28.1	31421	1.05700e-04	3.32109	29.6
66177.840	16.039	31512	1.05450e-04	3.32285	28.4	30861	1.07670e-04	3.32266	29.2	31641	1.04970e-04	3.32148	28.1	31378	1.05840e-04	3.32109	29.6
66179.028	16.039	31530	1.05390e-04	3.32285	28.4	30920	1.07460e-04	3.32266	29.3	31654	1.04930e-04	3.32148	28.1	31385	1.05820e-04	3.32129	29.6
66180.216	16.039	31563	1.05270e-04	3.32266	28.4	30926	1.07430e-04	3.32246	29.3	31700	1.04780e-04	3.32148	28.1	31413	1.05730e-04	3.32129	29.6
66181.404	16.049	31543	1.05340e-04	3.32285	28.4	30840	1.07740e-04	3.32285	29.3	31630	1.05000e-04	3.32129	28.1	31395	1.05790e-04	3.32109	29.6
66182.592	16.055	31522	1.05420e-04	3.32305	28.4	30886	1.07580e-04	3.32285	29.3	31632	1.05000e-04	3.32148	28.1	31353	1.05930e-04	3.32109	29.6
66183.781	16.055	31533	1.05380e-04	3.32285	28.4	30868	1.07650e-04	3.32285	29.3	31603	1.05100e-04	3.32148	28.1	31412	1.05730e-04	3.32109	29.6
66184.969	16.055	31565	1.05270e-04	3.32285	28.4	30881	1.07590e-04	3.32266	29.3	31599	1.05110e-04	3.32129	28.1	31349	1.05950e-04	3.32129	29.6
66186.157	16.039	31598	1.05170e-04	3.32305	28.4	30935	1.07410e-04	3.32285	29.3	31654	1.04930e-04	3.32148	28.1	31382	1.05830e-04	3.32109	29.6
66187.346	16.039	31592	1.05170e-04	3.32266	28.4	30931	1.07430e-04	3.32285	29.3	31607	1.05090e-04	3.32148	28.1	31391	1.05800e-04	3.32129	29.6
66188.534	16.050	31531	1.05380e-04	3.32285	28.4	30859	1.07680e-04	3.32285	29.3	31642	1.04970e-04	3.32129	28.1	31337	1.05980e-04	3.32109	29.6
66189.722	16.050	31530	1.05390e-04	3.32285	28.4	30894	1.07560e-04	3.32285	29.3	31608	1.05090e-04	3.32168	28.1	31389	1.05810e-04	3.32109	29.6
66190.910	16.048	31519	1.05420e-04	3.32266	28.4	30924	1.07450e-04	3.32266	29.3	31607	1.05090e-04	3.32148	28.1	31352	1.05930e-04	3.32129	29.6
66192.099	16.048	31572	1.05250e-04	3.32305	28.4	30929	1.07430e-04	3.32285	29.3	31623	1.05030e-04	3.32129	28.1	31402	1.05760e-04	3.32109	29.6
66193.287	16.009	31557	1.05300e-04	3.32285	28.4	30942	1.07380e-04	3.32266	29.3	31602	1.05110e-04	3.32168	28.1	31398	1.05780e-04	3.32129	29.6
66194.475	16.009	31596	1.05160e-04	3.32266	28.4	30929	1.07430e-04	3.32266	29.3	31582	1.05160e-04	3.32129	28.1	31371	1.05860e-04	3.32109	29.6
66195.663	16.009	31553	1.05320e-04	3.32305	28.5	30940	1.07400e-04	3.32285	29.3	31601	1.05110e-04	3.32148	28.1	31355	1.05920e-04	3.32109	29.6
66196.852	16.012	31542	1.05350e-04	3.32305	28.5	30928	1.07440e-04	3.32285	29.3	31624	1.05030e-04	3.32148	28.1	31421	1.05700e-04	3.32129	29.6
66198.039	16.012	31619	1.05080e-04	3.32246	28.5	30929	1.07420e-04	3.32246	29.3	31664	1.04900e-04	3.32148	28.1	31387	1.05810e-04	3.32109	29.6
66199.228	16.026	31526	1.05410e-04	3.32324	28.5	30806	1.07870e-04	3.32305	29.3	31616	1.05060e-04	3.32148	28.1	31381	1.05840e-04	3.32129	29.6
66200.416	16.026	31528	1.05400e-04	3.32285	28.5	30906	1.07510e-04	3.32285	29.3	31563	1.05240e-04	3.32168	28.1	31366	1.05890e-04	3.32148	29.6
66201.605	16.046	31449	1.05660e-04	3.32305	28.5	30906	1.07510e-04	3.32285	29.3	31590	1.05140e-04	3.32129	28.1	31387	1.05810e-04	3.32109	29.6
66202.793	16.046	31525	1.05410e-04	3.32305	28.5	30879	1.07600e-04	3.32266	29.3	31552	1.05280e-04	3.32168	28.1	31323	1.06030e-04	3.32129	29.6
66203.981	16.046	31524	1.05410e-04	3.32285	28.5	30860	1.07680e-04	3.32285	29.3	31580	1.05180e-04	3.32168	28.1	31354	1.05930e-04	3.32129	29.6
66205.169	16.042	31589	1.05190e-04	3.32285	28.5	30917	1.07470e-04	3.32266	29.3	31537	1.05320e-04	3.32148	28.1	31367	1.05880e-04	3.32129	29.6
66206.357	16.042	31586	1.05210e-04	3.32305	28.5	30947	1.07380e-04	3.32305	29.3	31643	1.04970e-04	3.32148	28.1	31357	1.05920e-04	3.32129	29.6
66207.546	16.036	31535	1.05370e-04	3.32285	28.5	30895	1.07550e-04	3.32285	29.3	31604	1.05100e-04	3.32168	28.1	31380	1.05840e-04	3.32129	29.6
66208.734	16.036	31564	1.05280e-04	3.32305	28.5	30914	1.07490e-04	3.32285	29.3	31642	1.04970e-04	3.32148	28.1	31369	1.05870e-04	3.32109	29.6
66209.922	16.043	31504	1.05470e-04	3.32285	28.5	30949	1.07370e-04	3.32305	29.3	31592	1.05140e-04	3.32168	28.1	31414	1.05730e-04	3.32148	29.6
66211.111	16.043	31514	1.05430e-04	3.32266	28.5	30880	1.07610e-04	3.32285	29.3	31601	1.05110e-04	3.32148	28.1	31404	1.05760e-04	3.32129	29.6
66212.299	16.038	31498	1.05500e-04	3.32305	28.5	30845	1.07730e-04	3.32285	29.3	31653	1.04940e-04	3.32148	28.1	31346	1.05950e-04	3.32129	29.6
66213.487	16.038	31532	1.05380e-04	3.32305	28.5	30935	1.07420e-04	3.32305	29.3	31563	1.05240e-04	3.32168	28.1	31331	1.06010e-04	3.32129	29.6
66214.675	16.038	31544	1.05340e-04	3.32285	28.5	30889	1.07580e-04	3.32285	29.3	31607	1.05090e-04	3.32148	28.1	31361	1.05900e-04	3.32109	29.6
66215.863	16.044	31527	1.05400e-04	3.32305	28.5	30889	1.07570e-04	3.32285	29.3	31577	1.05190e-04	3.32148	28.1	31380	1.05840e-04	3.32129	29.6
66217.051	16.044	31565	1.05260e-04	3.32266	28.5	30927	1.07440e-04	3.32266	29.3	31629	1.05010e-04	3.32148	28.1	31362	1.05900e-04	3.32129	29.6
66218.240	16.040	31519	1.05430e-04	3.32305	28.5	30913	1.07490e-04	3.32285	29.3	31607	1.05090e-04	3.32148	28.1	31368	1.05890e-04	3.32148	29.6
66219.428	16.040	31558	1.05290e-04	3.32285	28.5	30875	1.07620e-04	3.32285	29.3	31634	1.05000e-04	3.32168	28.1	31380	1.05840e-04	3.32129	29.6
66220.616	16.046	31582	1.05210e-04	3.32285	28.5	30971	1.07290e-04	3.32305	29.3	31632	1.05010e-04	3.32168	28.1	31409	1.05740e-04	3.32129	29.6
66221.805	16.046	31532	1.05390e-04	3.32305	28.5	30940	1.07400e-04	3.32305	29.3	31596	1.05120e-04	3.32148	28.1	31414	1.05730e-04	3.32129	29.6
66222.993	16.046	31534	1.05380e-04	3.32305	28.5	30919	1.07470e-04	3.32285	29.4	31602	1.05100e-04	3.32148	28.1	31403	1.05770e-04	3.32148	29.6
66224.181	16.047	31541	1.05350e-04	3.32285	28.5	30888	1.07580e-04	3.32285	29.4	31625	1.05030e-04	3.32168	28.1	31354	1.05930e-04	3.32129	29.6
66225.369	16.047	31501	1.05490e-04	3.32305	28.5	30836	1.07760e-04	3.32285	29.4	31515	1.05400e-04	3.32148	28.1	31330	1.06010e-04	3.32129	29.6
66226.558	16.050	31566	1.05270e-04	3.32305	28.5	30875	1.07620e-04	3.32285	29.4	31607	1.05090e-04	3.32148	28.1	31369	1.05870e-04	3.32109	29.6
66227.746	16.050	31567	1.05260e-04	3.32285	28.5	30875	1.07620e-04	3.32285	29.4	31579	1.05190e-04	3.32168	28.2	31359	1.05910e-04	3.32129	29.6
66228.934	16.044	31588	1.05190e-04	3.32285	28.5	30911	1.07490e-04	3.32266	29.4	31566	1.05220e-04	3.32148	28.1	31317	1.06060e-04	3.32148	29.6
66230.122	16.044	31562	1.05290e-04	3.32305	28.5	30901	1.07530e-04	3.32266	29.4	31588	1.05150e-04	3.32148	28.2	31370	1.05880e-04	3.32129	29.6
66231.310	16.046	31604	1.05140e-04	3.32285	28.5	30970	1.07290e-04	3.32285	29.4	31549	1.05280e-04	3.32148	28.1	31412	1.05730e-04	3.32129	29.6
66232.499	16.046	31618	1.05100e-04	3.32305	28.5	30955	1.07350e-04	3.32285	29.4	31657	1.04920e-04	3.32148	28.2	31418	1.05710e-04	3.32109	29.6
66233.687	16.037	31597	1.05160e-04	3.32285	28.5	30971	1.07290e-04	3.32285	29.4	31631	1.05010e-04	3.32168	28.2	31372	1.05870e-04	3.32129	29.6
66234.875	16.037	31511	1.05460e-04	3.32305	28.6	30902	1.07530e-04	3.32305	29.4	31591	1.05140e-04	3.32148	28.2	31358	1.05920e-04	3.32148	29.6
66236.064	16.037	31551	1.05320e-04	3.32305	28.6	30936	1.07420e-04	3.32305	29.4	31625	1.05030e-04	3.32148	28.2	31351	1.05940e-04	3.32129	29.6
66237.252	16.034	31670	1.04920e-04	3.32285	28.6	30921	1.07460e-04	3.32285	29.4	31621	1.05050e-04	3.32168	28.2	31364	1.05900e-04	3.32129	29.6
66238.440	16.034	31633	1.05050e-04	3.32305	28.6	30992	1.07220e-04	3.32285	29.4	31641	1.04980e-04	3.32168	28.2	31468	1.05550e-04	3.32129	29.6
66239.628	16.016	31648	1.05000e-04	3.32305	28.6	30987	1.07230e-04	3.32285	29.4	31580	1.05180e-04	3.32148	28.2	31402	1.05760e-04	3.32109	29.6
66240.817	16.016	31573	1.05240e-04	3.32285	28.6	30938	1.07400e-04	3.32285	29.4	31611	1.05070e-04	3.32148	28.2	31379	1.05840e-04	3.32129	29.6
66242.005	16.028	31584	1.05210e-04	3.32305	28.6	30982	1.07240e-04	3.32266	29.4	31616	1.05060e-04	3.32168	28.2	31370	1.05880e-04	3.32148	29.6
66243.193	16.028	31564	1.05270e-04	3.32285	28.6	30923	1.07460e-04	3.32285	29.4	31577	1.05190e-04	3.32148	28.2	31350	1.05940e-04	3.32129	29.6
66244.381	16.035	31564	1.05280e-04	3.32305	28.6	30914	1.07480e-04	3.32266	29.4	31561	1.05240e-04	3.32148	28.2	31364	1.05890e-04	3.32109	29.6
66245.570	16.035	31488	1.05530e-04	3.32305	28.6	30930	1.07440e-04	3.32305	29.4	31564	1.05230e-04	3.32148	28.2	31352	1.05930e-04	3.32129	29.6
66246.758	16.035	31571	1.05250e-04	3.32285	28.6	30912	1.07490e-04	3.32285	29.4	31607	1.05090e-04	3.32148	28.2	31380	1.05840e-04	3.32129	29.6
66247.946	16.040	31530	1.05390e-04	3.32305	28.6	30928	1.07450e-04	3.32305	29.4	31566	1.05230e-04	3.32168	28.2	31379	1.05840e-04	3.32129	29.6
66249.134	16.040	31556	1.05300e-04	3.32305	28.6	30904	1.07530e-04	3.32305	29.4	31600	1.05100e-04	3.32129	28.2	31395	1.05790e-04	3.32129	29.6
66250.322	16.058	31568	1.05270e-04	3.32305	28.6	30917	1.07480e-04	3.32285	29.4	31573	1.05210e-04	3.32168	28.2	31349	1.05950e-04	3.32129	29.6
66251.511	16.058	31556	1.05300e-04	3.32305	28.6	30884	1.07580e-04	3.32266	29.4	31543	1.05300e-04	3.32148	28.2	31327	1.06010e-04	3.32109	29.6
66252.699	16.049	31564	1.05280e-04	3.32305	28.6	30915	1.07480e-04	3.32285	29.4	31638	1.04980e-04	3.32148	28.2	31367	1.05880e-04	3.32129	29.6
66253.887	16.049	31582	1.05210e-04	3.32285	28.6	30947	1.07380e-04	3.32305	29.4	31602	1.05100e-04	3.32148	28.2	31395	1.05790e-04	3.32129	29.6
66255.075	16.049	31642	1.05020e-04	3.32305	28.6	30927	1.07440e-04	3.32285	29.4	31594	1.05130e-04	3.32148	28.2	31476	1.05520e-04	3.32129	29.6
66256.264	16.050	31572	1.05250e-04	3.32305	28.6	30965	1.07310e-04	3.32285	29.4	31660	1.04910e-04	3.32148	28.2	31493	1.05450e-04	3.32109	29.6
66257.452	16.050	31597	1.05160e-04	3.32285	28.6	30954	1.07340e-04	3.32266	29.4	31659	1.04910e-04	3.32148	28.2	31410	1.05730e-04	3.32109	29.6
66258.640	16.017	31557	1.05300e-04	3.32305	28.6	30978	1.07270e-04	3.32305	29.4	31661	1.04910e-04	3.32148	28.2	31396	1.05790e-04	3.32129	29.6
66259.828	16.017	31548	1.05320e-04	3.32266	28.6	30897	1.07550e-04	3.32305	29.4	31583	1.05170e-04	3.32168	28.2	31380	1.05840e-04	3.32129	29.6
66261.017	16.037	31533	1.05380e-04	3.32285	28.6	30880	1.07600e-04	3.32266	29.4	31534	1.05330e-04	3.32148	28.2	31346	1.05950e-04	3.32129	29.6
66262.204	16.037	31542	1.05350e-04	3.32305	28.6	30910	1.07500e-04	3.32285	29.4	31553	1.05270e-04	3.32148	28.2	31323	1.06030e-04	3.32129	29.6
66263.393	16.043	31504	1.05480e-04	3.32285	28.6	30888	1.07580e-04	3.32285	29.4	31501	1.05440e-04	3.32148	28.2	31325	1.06020e-04	3.32109	29.6
66264.581	16.043	31543	1.05340e-04	3.32285	28.6	30874	1.07620e-04	3.32266	29.4	31631	1.05010e-04	3.32148	28.2	31387	1.05820e-04	3.32148	29.6
66265.769	16.043	31591	1.05200e-04	3.32324	28.6	30913	1.07480e-04	3.32266	29.4	31566	1.05220e-04	3.32148	28.2	31388	1.05810e-04	3.32129	29.6
66266.958	16.036	31573	1.05240e-04	3.32266	28.6	30933	1.07430e-04	3.32305	29.4	31582	1.05170e-04	3.32129	28.2	31361	1.05900e-04	3.32109	29.6
66268.146	16.036	31543	1.05350e-04	3.32305	28.6	30934	1.07410e-04	3.32266	29.4	31633	1.05010e-04	3.32188	28.2	31371	1.05880e-04	3.32148	29.6
66269.334	16.027	31584	1.05210e-04	3.32305	28.6	30882	1.07600e-04	3.32305	29.4	31595	1.05130e-04	3.32168	28.2	31400	1.05770e-04	3.32129	29.6
66270.523	16.027	31591	1.05180e-04	3.32285	28.6	30947	1.07370e-04	3.32285	29.4	31598	1.05120e-04	3.32148	28.2	31452	1.05590e-04	3.32109	29.6
66271.711	16.021	31575	1.05240e-04	3.32285	28.6	30948	1.07370e-04	3.32285	29.4	31622	1.05040e-04	3.32148	28.2	31402	1.05770e-04	3.32129	29.6
66272.899	16.021	31616	1.05100e-04	3.32285	28.6	30906	1.07510e-04	3.32285	29.4	31610	1.05080e-04	3.32148	28.2	31423	1.05700e-04	3.32148	29.6
66274.087	16.021	31591	1.05190e-04	3.32305	28.6	30930	1.07430e-04	3.32285	29.4	31636	1.05000e-04	3.32168	28.2	31385	1.05820e-04	3.32129	29.6
66275.275	16.038	31521	1.05420e-04	3.32305	28.6	30912	1.07490e-04	3.32285	29.4	31558	1.05260e-04	3.32168	28.2	31395	1.05800e-04	3.32148	29.6
66276.464	16.038	31557	1.05300e-04	3.32285	28.6	30891	1.07570e-04	3.32285	29.4	31602	1.05100e-04	3.32148	28.2	31371	1.05870e-04	3.32109	29.6
66277.652	16.022	31604	1.05140e-04	3.32285	28.6	30906	1.07510e-04	3.32285	29.4	31576	1.05200e-04	3.32168	28.2	31312	1.06080e-04	3.32148	29.6
66278.840	16.022	31582	1.05210e-04	3.32285	28.6	30939	1.07410e-04	3.32305	29.4	31661	1.04910e-04	3.32148	28.2	31365	1.05900e-04	3.32148	29.6
66280.029	16.036	31574	1.05240e-04	3.32285	28.6	30936	1.07410e-04	3.32285	29.4	31566	1.05220e-04	3.32129	28.2	31361	1.05900e-04	3.32109	29.6
66281.217	16.036	31616	1.05110e-04	3.32305	28.6	30986	1.07240e-04	3.32285	29.4	31682	1.04850e-04	3.32188	28.2	31373	1.05860e-04	3.32129	29.6
66282.405	16.039	31621	1.05090e-04	3.32305	28.6	30947	1.07380e-04	3.32305	29.4	31622	1.05040e-04	3.32148	28.2	31376	1.05850e-04	3.32129	29.6
66283.593	16.039	31582	1.05210e-04	3.32285	28.6	30933	1.07430e-04	3.32305	29.4	31586	1.05160e-04	3.32168	28.2	31370	1.05880e-04	3.32148	29.6
66284.781	16.047	31566	1.05270e-04	3.32285	28.6	30887	1.07580e-04	3.32285	29.4	31584	1.05170e-04	3.32168	28.2	31384	1.05830e-04	3.32148	29.6
66285.969	16.047	31528	1.05400e-04	3.32305	28.6	30879	1.07610e-04	3.32305	29.4	31551	1.05280e-04	3.32148	28.2	31363	1.05900e-04	3.32129	29.6
66287.158	16.047	31578	1.05230e-04	3.32285	28.6	30908	1.07500e-04	3.32266	29.4	31586	1.05160e-04	3.32148	28.2	31375	1.05860e-04	3.32129	29.6
66288.346	16.020	31566	1.05270e-04	3.32305	28.6	30904	1.07520e-04	3.32285	29.4	31542	1.05310e-04	3.32168	28.2	31328	1.06020e-04	3.32129	29.6
66289.534	16.020	31531	1.05380e-04	3.32285	28.6	30873	1.07630e-04	3.32285	29.4	31581	1.05170e-04	3.32148	28.2	31365	1.05890e-04	3.32129	29.6
66290.722	16.038	31540	1.05350e-04	3.32285	28.6	30924	1.07450e-04	3.32285	29.4	31618	1.05050e-04	3.32148	28.2	31408	1.05750e-04	3.32129	29.6
66291.910	16.038	31511	1.05460e-04	3.32305	28.6	30893	1.07560e-04	3.32305	29.4	31607	1.05090e-04	3.32148	28.2	31308	1.06090e-04	3.32129	29.6
66293.099	16.041	31527	1.05400e-04	3.32305	28.6	30900	1.07540e-04	3.32305	29.4	31591	1.05150e-04	3.32168	28.2	31339	1.05980e-04	3.32129	29.6
66294.287	16.041	31563	1.05280e-04	3.32285	28.6	30919	1.07480e-04	3.32305	29.4	31588	1.05160e-04	3.32168	28.2	31347	1.05940e-04	3.32109	29.6
66295.475	16.041	31552	1.05320e-04	3.32305	28.6	30892	1.07560e-04	3.32285	29.4	31585	1.05160e-04	3.32148	28.2	31294	1.06130e-04	3.32129	29.6
66296.663	16.038	31522	1.05410e-04	3.32285	28.6	30906	1.07520e-04	3.32285	29.4	31634	1.05000e-04	3.32148	28.2	31394	1.05790e-04	3.32129	29.6
66297.852	16.038	31573	1.05240e-04	3.32285	28.6	30911	1.07500e-04	3.32285	29.4	31637	1.04980e-04	3.32129	28.2	31385	1.05820e-04	3.32129	29.6
66299.040	16.037	31587	1.05200e-04	3.32305	28.6	30884	1.07590e-04	3.32285	29.4	31619	1.05050e-04	3.32168	28.2	31362	1.05900e-04	3.32129	29.6
66300.228	16.037	31593	1.05180e-04	3.32285	28.6	30911	1.07500e-04	3.32285	29.4	31568	1.05220e-04	3.32168	28.2	31425	1.05680e-04	3.32109	29.6
66301.416	16.037	31521	1.05420e-04	3.32305	28.6	30918	1.07470e-04	3.32266	29.4	31589	1.05150e-04	3.32148	28.2	31349	1.05950e-04	3.32129	29.6
66302.605	16.037	31551	1.05320e-04	3.32305	28.6	30894	1.07560e-04	3.32285	29.4	31595	1.05130e-04	3.32148	28.2	31391	1.05810e-04	3.32148	29.6
66303.793	16.042	31493	1.05510e-04	3.32285	28.6	30898	1.07540e-04	3.32285	29.4	31608	1.05080e-04	3.32148	28.2	31343	1.05970e-04	3.32148	29.6
66304.981	16.042	31528	1.05410e-04	3.32324	28.6	30882	1.07600e-04	3.32285	29.4	31548	1.05290e-04	3.32168	28.2	31318	1.06050e-04	3.32129	29.6
66306.170	16.042	31553	1.05320e-04	3.32305	28.6	30938	1.07410e-04	3.32305	29.4	31577	1.05190e-04	3.32148	28.2	31334	1.06000e-04	3.32129	29.6
66307.358	16.035	31528	1.05390e-04	3.32285	28.6	30907	1.07510e-04	3.32285	29.4	31575	1.05190e-04	3.32148	28.2	31359	1.05910e-04	3.32109	29.6
66308.546	16.035	31559	1.05300e-04	3.32305	28.6	30902	1.07530e-04	3.32285	29.4	31602	1.05110e-04	3.32168	28.2	31364	1.05900e-04	3.32148	29.6
66309.734	16.042	31542	1.05350e-04	3.32285	28.6	30941	1.07390e-04	3.32285	29.4	31592	1.05140e-04	3.32148	28.2	31393	1.05800e-04	3.32148	29.6
66310.922	16.042	31522	1.05420e-04	3.32305	28.6	31001	1.07180e-04	3.32285	29.4	31599	1.05120e-04	3.32168	28.2	31381	1.05840e-04	3.32129	29.6
66312.111	16.036	31548	1.05330e-04	3.32285	28.6	30908	1.07500e-04	3.32266	29.4	31590	1.05150e-04	3.32168	28.2	31350	1.05940e-04	3.32129	29.6
66313.299	16.036	31592	1.05190e-04	3.32305	28.6	30876	1.07620e-04	3.32285	29.4	31577	1.05190e-04	3.32148	28.2	31367	1.05880e-04	3.32109	29.6
66314.487	16.041	31549	1.05330e-04	3.32305	28.6	30946	1.07380e-04	3.32285	29.4	31590	1.05160e-04	3.32188	28.2	31355	1.05930e-04	3.32148	29.6
66315.676	16.041	31527	1.05400e-04	3.32305	28.6	30900	1.07540e-04	3.32305	29.4	31556	1.05260e-04	3.32148	28.2	31360	1.05920e-04	3.32148	29.6
66316.864	16.041	31524	1.05420e-04	3.32324	28.6	30901	1.07540e-04	3.32305	29.4	31549	1.05290e-04	3.32168	28.2	31328	1.06020e-04	3.32148	29.7
66318.052	16.036	31617	1.05100e-04	3.32305	28.6	30937	1.07410e-04	3.32305	29.4	31613	1.05070e-04	3.32168	28.2	31393	1.05800e-04	3.32129	29.6
66319.240	16.036	31630	1.05050e-04	3.32285	28.6	30985	1.07240e-04	3.32285	29.4	31593	1.05130e-04	3.32148	28.2	31437	1.05640e-04	3.32109	29.6
66320.428	16.035	31659	1.04960e-04	3.32305	28.6	31000	1.07190e-04	3.32305	29.4	31638	1.04990e-04	3.32188	28.2	31418	1.05720e-04	3.32148	29.7
66321.616	16.035	31580	1.05220e-04	3.32285	28.6	31046	1.07030e-04	3.32285	29.4	31646	1.04970e-04	3.32168	28.2	31401	1.05780e-04	3.32148	29.7
66322.805	16.037	31551	1.05320e-04	3.32305	28.6	30928	1.07430e-04	3.32266	29.4	31585	1.05160e-04	3.32148	28.2	31407	1.05750e-04	3.32129	29.7
66323.993	16.037	31558	1.05290e-04	3.32285	28.6	30924	1.07460e-04	3.32305	29.4	31609	1.05090e-04	3.32168	28.2	31391	1.05810e-04	3.32129	29.7
66325.181	16.037	31530	1.05390e-04	3.32305	28.6	30875	1.07620e-04	3.32285	29.4	31609	1.05090e-04	3.32168	28.2	31352	1.05930e-04	3.32129	29.6
66326.370	16.045	31553	1.05310e-04	3.32285	28.6	30914	1.07480e-04	3.32266	29.4	31604	1.05100e-04	3.32148	28.2	31305	1.06090e-04	3.32129	29.7
66327.558	16.045	31539	1.05360e-04	3.32285	28.6	30919	1.07480e-04	3.32305	29.4	31622	1.05040e-04	3.32148	28.2	31344	1.05960e-04	3.32129	29.6
66328.746	16.041	31508	1.05470e-04	3.32305	28.6	30899	1.07550e-04	3.32305	29.4	31602	1.05100e-04	3.32148	28.2	31343	1.05970e-04	3.32148	29.6
66329.934	16.041	31549	1.05320e-04	3.32285	28.6	30941	1.07400e-04	3.32305	29.4	31611	1.05070e-04	3.32148	28.2	31387	1.05820e-04	3.32129	29.7
66331.122	16.035	31541	1.05350e-04	3.32285	28.6	30929	1.07440e-04	3.32305	29.4	31588	1.05150e-04	3.32148	28.2	31368	1.05880e-04	3.32109	29.6
66332.311	16.035	31581	1.05210e-04	3.32266	28.6	30934	1.07420e-04	3.32285	29.4	31613	1.05070e-04	3.32148	28.2	31410	1.05730e-04	3.32109	29.7
66333.499	16.032	31550	1.05330e-04	3.32305	28.6	30907	1.07510e-04	3.32285	29.4	31603	1.05110e-04	3.32168	28.2	31373	1.05870e-04	3.32148	29.6
66334.687	16.032	31579	1.05230e-04	3.32305	28.6	30937	1.07410e-04	3.32305	29.4	31606	1.05100e-04	3.32168	28.2	31357	1.05920e-04	3.32148	29.6
66335.875	16.031	31581	1.05220e-04	3.32305	28.6	30910	1.07500e-04	3.32285	29.4	31698	1.04790e-04	3.32148	28.2	31406	1.05750e-04	3.32129	29.6
66337.064	16.031	31612	1.05120e-04	3.32305	28.6	30921	1.07470e-04	3.32305	29.4	31623	1.05040e-04	3.32168	28.2	31302	1.06110e-04	3.32129	29.6
66338.252	16.031	31590	1.05190e-04	3.32285	28.6	30976	1.07270e-04	3.32285	29.4	31661	1.04910e-04	3.32148	28.2	31420	1.05700e-04	3.32109	29.6
66339.440	16.045	31560	1.05300e-04	3.32324	28.6	30874	1.07630e-04	3.32285	29.4	31624	1.05030e-04	3.32148	28.2	31377	1.05860e-04	3.32148	29.6
66340.629	16.045	31555	1.05310e-04	3.32305	28.6	30909	1.07510e-04	3.32305	29.4	31632	1.05010e-04	3.32168	28.2	31380	1.05850e-04	3.32148	29.6
66341.817	16.043	31526	1.05400e-04	3.32285	28.6	30925	1.07460e-04	3.32305	29.4	31617	1.05060e-04	3.32168	28.2	31370	1.05880e-04	3.32129	29.6
66343.005	16.043	31506	1.05470e-04	3.32305	28.6	30874	1.07630e-04	3.32285	29.4	31531	1.05340e-04	3.32148	28.2	31341	1.05970e-04	3.32129	29.7
66344.193	16.043	31543	1.05350e-04	3.32305	28.6	30876	1.07620e-04	3.32305	29.4	31588	1.05160e-04	3.32168	28.2	31370	1.05870e-04	3.32129	29.7
66345.382	16.023	31566	1.05270e-04	3.32305	28.6	30899	1.07540e-04	3.32285	29.4	31578	1.05190e-04	3.32168	28.2	31367	1.05890e-04	3.32129	29.6
66346.569	16.031	31597	1.05160e-04	3.32285	28.6	30883	1.07590e-04	3.32266	29.4	31546	1.05290e-04	3.32148	28.2	31348	1.05960e-04	3.32148	29.6
66347.758	16.031	31563	1.05280e-04	3.32285	28.6	30956	1.07340e-04	3.32285	29.4	31619	1.05050e-04	3.32168	28.2	31415	1.05720e-04	3.32129	29.7
66348.946	16.031	31538	1.05360e-04	3.32285	28.6	30941	1.07390e-04	3.32266	29.4	31623	1.05040e-04	3.32168	28.2	31351	1.05930e-04	3.32109	29.7
66350.134	16.021	31575	1.05240e-04	3.32305	28.6	30933	1.07430e-04	3.32305	29.4	31576	1.05190e-04	3.32148	28.2	31369	1.05880e-04	3.32129	29.7
66351.322	16.021	31597	1.05160e-04	3.32285	28.6	30950	1.07370e-04	3.32305	29.4	31605	1.05100e-04	3.32168	28.2	31326	1.06020e-04	3.32129	29.7
66352.510	16.009	31622	1.05090e-04	3.32305	28.6	30952	1.07360e-04	3.32285	29.4	31573	1.05200e-04	3.32148	28.2	31400	1.05770e-04	3.32129	29.7
66353.699	16.009	31605	1.05140e-04	3.32305	28.6	30990	1.07230e-04	3.32305	29.4	31641	1.04980e-04	3.32168	28.2	31403	1.05770e-04	3.32148	29.7
66354.887	16.014	31564	1.05270e-04	3.32285	28.6	30909	1.07510e-04	3.32305	29.4	31615	1.05070e-04	3.32168	28.2	31362	1.05900e-04	3.32129	29.7
66356.076	16.014	31609	1.05130e-04	3.32305	28.6	30917	1.07480e-04	3.32285	29.4	31636	1.04990e-04	3.32148	28.2	31395	1.05790e-04	3.32109	29.7
66357.264	16.014	31629	1.05060e-04	3.32305	28.6	31017	1.07130e-04	3.32285	29.4	31688	1.04820e-04	3.32168	28.2	31448	1.05610e-04	3.32129	29.7
66358.452	16.023	31567	1.05270e-04	3.32305	28.6	30924	1.07450e-04	3.32285	29.4	31590	1.05150e-04	3.32168	28.2	31402	1.05770e-04	3.32129	29.7
66359.640	16.023	31639	1.05030e-04	3.32305	28.6	30975	1.07270e-04	3.32266	29.4	31630	1.05010e-04	3.32148	28.2	31389	1.05810e-04	3.32129	29.7
66360.829	16.021	31577	1.05230e-04	3.32285	28.6	30971	1.07290e-04	3.32285	29.4	31619	1.05050e-04	3.32148	28.2	31388	1.05810e-04	3.32129	29.7
66362.016	16.021	31540	1.05350e-04	3.32285	28.6	30976	1.07270e-04	3.32285	29.4	31610	1.05080e-04	3.32168	28.2	31402	1.05770e-04	3.32129	29.7
66363.205	16.024	31624	1.05080e-04	3.32305	28.6	30962	1.07320e-04	3.32285	29.4	31599	1.05110e-04	3.32148	28.2	31357	1.05920e-04	3.32129	29.7
66364.393	16.024	31604	1.05150e-04	3.32305	28.6	30999	1.07200e-04	3.32305	29.4	31675	1.04860e-04	3.32148	28.2	31444	1.05620e-04	3.32129	29.7
66365.582	16.012	31591	1.05180e-04	3.32285	28.6	30957	1.07340e-04	3.32285	29.4	31682	1.04840e-04	3.32148	28.2	31421	1.05700e-04	3.32109	29.7
66366.770	16.012	31463	1.05620e-04	3.32305	28.6	30965	1.07310e-04	3.32285	29.4	31569	1.05210e-04	3.32148	28.2	31382	1.05840e-04	3.32148	29.7
66367.958	16.012	31548	1.05330e-04	3.32285	28.6	30888	1.07580e-04	3.32305	29.4	31555	1.05270e-04	3.32168	28.2	31360	1.05910e-04	3.32129	29.7
66369.146	16.029	31551	1.05320e-04	3.32305	28.6	30906	1.07510e-04	3.32266	29.4	31561	1.05240e-04	3.32148	28.2	31359	1.05910e-04	3.32129	29.7
66370.334	16.029	31555	1.05310e-04	3.32305	28.6	30866	1.07660e-04	3.32285	29.4	31618	1.05050e-04	3.32148	28.2	31338	1.05980e-04	3.32129	29.7
66371.523	16.038	31488	1.05530e-04	3.32285	28.6	30933	1.07410e-04	3.32266	29.4	31566	1.05220e-04	3.32148	28.2	31395	1.05790e-04	3.32129	29.7
66372.711	16.038	31514	1.05450e-04	3.32305	28.6	30875	1.07620e-04	3.32266	29.4	31551	1.05270e-04	3.32148	28.2	31381	1.05840e-04	3.32148	29.7
66373.899	16.045	31501	1.05480e-04	3.32285	28.6	30881	1.07610e-04	3.32305	29.4	31560	1.05250e-04	3.32168	28.2	31372	1.05870e-04	3.32129	29.7
66375.087	16.045	31525	1.05410e-04	3.32305	28.6	30907	1.07510e-04	3.32285	29.4	31632	1.05000e-04	3.32148	28.2	31353	1.05930e-04	3.32109	29.7
66376.276	16.045	31498	1.05490e-04	3.32285	28.6	30902	1.07530e-04	3.32285	29.4	31615	1.05070e-04	3.32168	28.2	31400	1.05770e-04	3.32129	29.7
66377.464	16.036	31576	1.05230e-04	3.32285	28.6	30938	1.07420e-04	3.32324	29.4	31623	1.05040e-04	3.32168	28.2	31351	1.05940e-04	3.32148	29.7
66378.652	16.036	31506	1.05470e-04	3.32285	28.6	30905	1.07520e-04	3.32285	29.4	31611	1.05070e-04	3.32148	28.2	31399	1.05780e-04	3.32129	29.7
66379.840	16.035	31604	1.05150e-04	3.32324	28.6	30938	1.07400e-04	3.32285	29.4	31692	1.04800e-04	3.32148	28.2	31385	1.05820e-04	3.32109	29.7
66381.028	16.035	31612	1.05120e-04	3.32305	28.6	30960	1.07330e-04	3.32305	29.4	31650	1.04950e-04	3.32168	28.2	31463	1.05560e-04	3.32129	29.7
66382.217	16.014	31592	1.05190e-04	3.32305	28.6	30948	1.07370e-04	3.32285	29.4	31636	1.04990e-04	3.32148	28.2	31389	1.05810e-04	3.32129	29.7
66383.405	16.014	31595	1.05180e-04	3.32305	28.6	30941	1.07390e-04	3.32285	29.4	31643	1.04970e-04	3.32168	28.2	31382	1.05840e-04	3.32148	29.7
66384.593	16.017	31563	1.05270e-04	3.32266	28.6	30947	1.07370e-04	3.32285	29.4	31599	1.05110e-04	3.32148	28.2	31383	1.05820e-04	3.32109	29.7
66385.781	16.017	31484	1.05550e-04	3.32305	28.6	30919	1.07460e-04	3.32246	29.4	31563	1.05230e-04	3.32129	28.2	31359	1.05920e-04	3.32148	29.7
66386.970	16.017	31531	1.05390e-04	3.32305	28.6	30862	1.07680e-04	3.32324	29.4	31613	1.05070e-04	3.32168	28.2	31358	1.05920e-04	3.32129	29.7
66388.158	16.042	31539	1.05360e-04	3.32285	28.6	30861	1.07680e-04	3.32305	29.4	31600	1.05110e-04	3.32148	28.2	31332	1.06000e-04	3.32109	29.7
66389.346	16.042	31547	1.05340e-04	3.32305	28.6	30874	1.07630e-04	3.32305	29.4	31601	1.05120e-04	3.32188	28.2	31378	1.05850e-04	3.32129	29.7
66390.534	16.035	31564	1.05270e-04	3.32285	28.6	30835	1.07770e-04	3.32305	29.4	31568	1.05220e-04	3.32168	28.2	31353	1.05940e-04	3.32148	29.7
66391.723	16.035	31549	1.05330e-04	3.32305	28.6	30909	1.07500e-04	3.32285	29.4	31576	1.05190e-04	3.32148	28.2	31337	1.05980e-04	3.32109	29.7
66392.911	16.046	31551	1.05320e-04	3.32305	28.6	30891	1.07570e-04	3.32285	29.4	31624	1.05040e-04	3.32188	28.2	31357	1.05920e-04	3.32129	29.7
66394.099	16.046	31494	1.05500e-04	3.32246	28.6	30845	1.07730e-04	3.32305	29.4	31582	1.05170e-04	3.32148	28.2	31341	1.05970e-04	3.32129	29.7
66395.287	16.046	31552	1.05330e-04	3.32324	28.6	30903	1.07510e-04	3.32246	29.4	31613	1.05070e-04	3.32148	28.2	31371	1.05870e-04	3.32129	29.7
66396.475	16.038	31554	1.05310e-04	3.32305	28.6	30907	1.07520e-04	3.32305	29.4	31588	1.05160e-04	3.32168	28.2	31311	1.06080e-04	3.32148	29.7
66397.664	16.053	31495	1.05500e-04	3.32285	28.6	30926	1.07450e-04	3.32305	29.4	31588	1.05160e-04	3.32168	28.2	31292	1.06140e-04	3.32129	29.7
66398.852	16.053	31509	1.05460e-04	3.32305	28.6	30879	1.07610e-04	3.32305	29.4	31566	1.05230e-04	3.32168	28.2	31305	1.06090e-04	3.32129	29.7
66400.040	16.053	31546	1.05330e-04	3.32285	28.6	30884	1.07600e-04	3.32305	29.4	31569	1.05210e-04	3.32148	28.2	31369	1.05880e-04	3.32129	29.7
66401.229	16.040	31508	1.05460e-04	3.32285	28.6	30850	1.07710e-04	3.32305	29.4	31592	1.05140e-04	3.32168	28.2	31389	1.05810e-04	3.32129	29.7
66402.417	16.040	31552	1.05320e-04	3.32305	28.6	30906	1.07510e-04	3.32285	29.4	31604	1.05100e-04	3.32148	28.2	31357	1.05920e-04	3.32129	29.7
66403.605	16.050	31478	1.05560e-04	3.32285	28.6	30903	1.07520e-04	3.32285	29.4	31614	1.05060e-04	3.32148	28.2	31374	1.05870e-04	3.32148	29.7
66404.793	16.050	31575	1.05240e-04	3.32305	28.6	30947	1.07370e-04	3.32285	29.4	31600	1.05120e-04	3.32168	28.2	31344	1.05960e-04	3.32129	29.7
66405.981	16.052	31498	1.05500e-04	3.32305	28.6	30892	1.07560e-04	3.32285	29.4	31604	1.05100e-04	3.32168	28.2	31408	1.05750e-04	3.32129	29.7
66407.169	16.052	31557	1.05300e-04	3.32285	28.6	30892	1.07570e-04	3.32305	29.4	31591	1.05140e-04	3.32148	28.2	31370	1.05870e-04	3.32129	29.7
66408.358	16.061	31501	1.05480e-04	3.32285	28.6	30959	1.07320e-04	3.32266	29.4	31580	1.05180e-04	3.32148	28.2	31367	1.05880e-04	3.32129	29.7
66409.546	16.061	31559	1.05300e-04	3.32305	28.6	30858	1.07690e-04	3.32305	29.4	31546	1.05300e-04	3.32168	28.2	31349	1.05950e-04	3.32148	29.7
66410.734	16.061	31521	1.05420e-04	3.32285	28.6	30881	1.07610e-04	3.32305	29.4	31551	1.05270e-04	3.32148	28.2	31310	1.06080e-04	3.32129	29.7
66411.923	16.050	31499	1.05500e-04	3.32305	28.6	30891	1.07570e-04	3.32285	29.4	31597	1.05130e-04	3.32168	28.2	31303	1.06100e-04	3.32109	29.7
66413.111	16.050	31504	1.05480e-04	3.32305	28.6	30898	1.07550e-04	3.32305	29.4	31513	1.05400e-04	3.32148	28.2	31295	1.06130e-04	3.32129	29.7
66414.299	16.045	31514	1.05430e-04	3.32266	28.6	30877	1.07620e-04	3.32285	29.4	31578	1.05180e-04	3.32129	28.2	31384	1.05820e-04	3.32109	29.7
66415.487	16.045	31556	1.05310e-04	3.32305	28.6	30882	1.07600e-04	3.32285	29.4	31591	1.05150e-04	3.32188	28.2	31350	1.05950e-04	3.32148	29.7
66416.675	16.051	31555	1.05300e-04	3.32285	28.6	30872	1.07630e-04	3.32285	29.4	31553	1.05270e-04	3.32148	28.2	31372	1.05860e-04	3.32109	29.7
66417.864	16.051	31494	1.05510e-04	3.32305	28.6	30912	1.07490e-04	3.32266	29.4	31620	1.05040e-04	3.32148	28.2	31342	1.05970e-04	3.32129	29.7
66419.052	16.051	31509	1.05470e-04	3.32324	28.6	30892	1.07560e-04	3.32285	29.4	31550	1.05280e-04	3.32168	28.2	31292	1.06140e-04	3.32129	29.7
66420.241	16.045	31536	1.05350e-04	3.32246	28.6	30874	1.07630e-04	3.32285	29.4	31552	1.05280e-04	3.32168	28.2	31370	1.05870e-04	3.32129	29.7
66421.428	16.045	31528	1.05410e-04	3.32324	28.6	30872	1.07630e-04	3.32266	29.4	31536	1.05320e-04	3.32148	28.2	31349	1.05950e-04	3.32129	29.7
66422.617	16.052	31499	1.05500e-04	3.32305	28.6	30928	1.07450e-04	3.32305	29.4	31616	1.05070e-04	3.32188	28.2	31400	1.05780e-04	3.32148	29.7
66423.805	16.052	31592	1.05180e-04	3.32285	28.6	30899	1.07540e-04	3.32285	29.4	31558	1.05240e-04	3.32129	28.2	31375	1.05850e-04	3.32109	29.7
66424.994	16.037	31569	1.05270e-04	3.32324	28.6	30939	1.07410e-04	3.32305	29.4	31648	1.04960e-04	3.32188	28.2	31366	1.05890e-04	3.32148	29.7
66426.182	16.037	31629	1.05060e-04	3.32285	28.6	30890	1.07580e-04	3.32305	29.4	31618	1.05060e-04	3.32168	28.2	31269	1.06220e-04	3.32148	29.7
66427.369	16.031	31475	1.05570e-04	3.32266	28.6	30942	1.07390e-04	3.32285	29.4	31650	1.04940e-04	3.32148	28.2	31332	1.06010e-04	3.32148	29.7
66428.558	16.031	31581	1.05220e-04	3.32305	28.6	30890	1.07560e-04	3.32266	29.4	31609	1.05090e-04	3.32168	28.2	31328	1.06020e-04	3.32129	29.7
66429.746	16.031	31547	1.05330e-04	3.32285	28.6	30938	1.07410e-04	3.32305	29.4	31579	1.05190e-04	3.32168	28.2	31318	1.06050e-04	3.32129	29.7
66430.935	16.034	31570	1.05260e-04	3.32305	28.6	30905	1.07520e-04	3.32285	29.4	31589	1.05150e-04	3.32148	28.2	31376	1.05850e-04	3.32129	29.7
66432.123	16.034	31479	1.05560e-04	3.32305	28.6	30943	1.07380e-04	3.32285	29.4	31566	1.05230e-04	3.32168	28.2	31315	1.06060e-04	3.32129	29.7
66433.311	16.048	31490	1.05520e-04	3.32285	28.6	30962	1.07320e-04	3.32285	29.4	31560	1.05240e-04	3.32148	28.2	31327	1.06020e-04	3.32129	29.7
66434.499	16.048	31516	1.05430e-04	3.32285	28.6	30908	1.07510e-04	3.32305	29.4	31642	1.04970e-04	3.32148	28.2	31365	1.05890e-04	3.32129	29.7
66435.687	16.040	31523	1.05420e-04	3.32305	28.6	30880	1.07600e-04	3.32285	29.4	31570	1.05210e-04	3.32148	28.2	31315	1.06050e-04	3.32109	29.7
66436.876	16.040	31596	1.05170e-04	3.32305	28.6	30884	1.07600e-04	3.32305	29.4	31599	1.05120e-04	3.32168	28.2	31341	1.05970e-04	3.32129	29.7
66438.064	16.040	31560	1.05290e-04	3.32285	28.6	30904	1.07530e-04	3.32305	29.4	31619	1.05050e-04	3.32148	28.2	31390	1.05800e-04	3.32109	29.7
66439.252	16.054	31559	1.05300e-04	3.32305	28.6	30884	1.07590e-04	3.32285	29.4	31634	1.05000e-04	3.32148	28.2	31359	1.05920e-04	3.32148	29.7
66440.440	16.054	31501	1.05480e-04	3.32285	28.6	30880	1.07610e-04	3.32305	29.4	31574	1.05200e-04	3.32168	28.2	31333	1.06010e-04	3.32148	29.7
66441.629	16.052	31521	1.05420e-04	3.32285	28.6	30944	1.07380e-04	3.32266	29.4	31635	1.04990e-04	3.32148	28.2	31383	1.05820e-04	3.32109	29.7
66442.817	16.052	31535	1.05380e-04	3.32305	28.6	30837	1.07750e-04	3.32285	29.4	31618	1.05060e-04	3.32168	28.2	31390	1.05810e-04	3.32148	29.7
66444.005	16.031	31541	1.05350e-04	3.32285	28.6	30948	1.07370e-04	3.32285	29.4	31606	1.05090e-04	3.32168	28.2	31337	1.05990e-04	3.32129	29.7
66445.193	16.031	31593	1.05180e-04	3.32285	28.6	30951	1.07360e-04	3.32285	29.4	31564	1.05230e-04	3.32148	28.2	31359	1.05910e-04	3.32129	29.7
66446.382	16.036	31552	1.05310e-04	3.32285	28.6	30929	1.07440e-04	3.32305	29.4	31604	1.05100e-04	3.32168	28.2	31351	1.05950e-04	3.32148	29.7
66447.570	16.036	31531	1.05380e-04	3.32285	28.6	30941	1.07390e-04	3.32285	29.4	31624	1.05030e-04	3.32148	28.2	31300	1.06110e-04	3.32129	29.7
66448.758	16.046	31503	1.05490e-04	3.32324	28.6	30894	1.07560e-04	3.32285	29.4	31617	1.05060e-04	3.32168	28.2	31332	1.06000e-04	3.32129	29.7
66449.946	16.046	31477	1.05570e-04	3.32285	28.6	30959	1.07330e-04	3.32285	29.4	31612	1.05080e-04	3.32168	28.2	31346	1.05960e-04	3.32129	29.7
66451.135	16.046	31458	1.05630e-04	3.32285	28.6	30898	1.07540e-04	3.32285	29.4	31648	1.04950e-04	3.32148	28.2	31303	1.06100e-04	3.32109	29.7
66452.323	16.050	31510	1.05450e-04	3.32285	28.6	30869	1.07640e-04	3.32285	29.4	31590	1.05140e-04	3.32148	28.2	31370	1.05890e-04	3.32168	29.7
66453.511	16.050	31599	1.05160e-04	3.32285	28.6	30930	1.07430e-04	3.32285	29.5	31563	1.05240e-04	3.32168	28.2	31339	1.05980e-04	3.32129	29.7
66454.699	16.057	31457	1.05640e-04	3.32305	28.6	30928	1.07430e-04	3.32266	29.5	31562	1.05240e-04	3.32148	28.2	31363	1.05890e-04	3.32109	29.7
66455.887	16.057	31545	1.05340e-04	3.32305	28.6	30908	1.07510e-04	3.32285	29.5	31575	1.05200e-04	3.32168	28.2	31315	1.06070e-04	3.32148	29.7
66457.076	16.059	31529	1.05380e-04	3.32266	28.6	30903	1.07530e-04	3.32305	29.5	31630	1.05010e-04	3.32148	28.2	31318	1.06050e-04	3.32129	29.7
66458.264	16.059	31555	1.05310e-04	3.32324	28.6	30930	1.07430e-04	3.32285	29.5	31581	1.05170e-04	3.32148	28.2	31372	1.05870e-04	3.32129	29.7
66459.452	16.066	31566	1.05270e-04	3.32305	28.6	30915	1.07490e-04	3.32305	29.4	31613	1.05080e-04	3.32188	28.2	31353	1.05940e-04	3.32148	29.7
66460.640	16.066	31483	1.05550e-04	3.32305	28.6	30874	1.07630e-04	3.32305	29.5	31522	1.05370e-04	3.32148	28.2	31334	1.05990e-04	3.32109	29.7
66461.829	16.066	31513	1.05450e-04	3.32305	28.6	30899	1.07530e-04	3.32266	29.5	31565	1.05220e-04	3.32129	28.2	31296	1.06120e-04	3.32129	29.7
66463.017	16.060	31514	1.05450e-04	3.32305	28.6	30886	1.07600e-04	3.32324	29.5	31629	1.05020e-04	3.32168	28.2	31379	1.05840e-04	3.32129	29.7
66464.205	16.060	31515	1.05430e-04	3.32266	28.6	30867	1.07650e-04	3.32285	29.5	31622	1.05040e-04	3.32148	28.3	31352	1.05940e-04	3.32129	29.7
66465.393	16.045	31569	1.05270e-04	3.32324	28.6	30899	1.07530e-04	3.32266	29.5	31529	1.05350e-04	3.32148	28.2	31348	1.05960e-04	3.32148	29.7
66466.581	16.045	31505	1.05480e-04	3.32305	28.6	30936	1.07410e-04	3.32285	29.5	31605	1.05100e-04	3.32188	28.3	31379	1.05840e-04	3.32129	29.7
66467.770	16.055	31576	1.05240e-04	3.32305	28.6	30925	1.07450e-04	3.32285	29.5	31579	1.05190e-04	3.32168	28.3	31361	1.05910e-04	3.32129	29.7
66468.958	16.055	31554	1.05310e-04	3.32305	28.6	30912	1.07490e-04	3.32285	29.5	31598	1.05120e-04	3.32168	28.3	31440	1.05650e-04	3.32148	29.7
66470.146	16.055	31577	1.05230e-04	3.32285	28.6	30952	1.07360e-04	3.32285	29.5	31643	1.04970e-04	3.32168	28.3	31345	1.05970e-04	3.32148	29.7
66471.335	16.060	31535	1.05380e-04	3.32305	28.6	30918	1.07470e-04	3.32285	29.5	31641	1.04970e-04	3.32148	28.3	31373	1.05860e-04	3.32129	29.7
66472.523	16.060	31560	1.05290e-04	3.32305	28.6	30937	1.07410e-04	3.32305	29.5	31574	1.05200e-04	3.32168	28.3	31356	1.05920e-04	3.32129	29.7
66473.711	16.055	31552	1.05310e-04	3.32285	28.6	30858	1.07680e-04	3.32285	29.5	31606	1.05090e-04	3.32168	28.3	31287	1.06160e-04	3.32129	29.7
66474.899	16.055	31519	1.05430e-04	3.32305	28.6	30974	1.07280e-04	3.32285	29.5	31561	1.05230e-04	3.32129	28.3	31318	1.06050e-04	3.32129	29.7
66476.087	16.055	31547	1.05330e-04	3.32285	28.6	30893	1.07560e-04	3.32305	29.5	31536	1.05330e-04	3.32168	28.3	31325	1.06030e-04	3.32148	29.7
66477.276	16.053	31535	1.05370e-04	3.32285	28.6	30866	1.07660e-04	3.32285	29.5	31567	1.05230e-04	3.32168	28.3	31396	1.05790e-04	3.32129	29.7
66478.464	16.056	31554	1.05310e-04	3.32305	28.6	30872	1.07630e-04	3.32285	29.5	31543	1.05300e-04	3.32148	28.3	31317	1.06050e-04	3.32129	29.7
66479.653	16.056	31472	1.05580e-04	3.32285	28.7	30915	1.07480e-04	3.32285	29.5	31547	1.05290e-04	3.32168	28.3	31349	1.05950e-04	3.32129	29.7
66480.841	16.056	31458	1.05630e-04	3.32285	28.7	30913	1.07480e-04	3.32266	29.5	31578	1.05180e-04	3.32129	28.3	31386	1.05810e-04	3.32109	29.7
66482.029	16.054	31621	1.05100e-04	3.32324	28.7	30873	1.07640e-04	3.32305	29.5	31583	1.05170e-04	3.32168	28.3	31384	1.05830e-04	3.32148	29.7
66483.217	16.054	31562	1.05280e-04	3.32285	28.7	30892	1.07580e-04	3.32324	29.5	31593	1.05140e-04	3.32168	28.3	31367	1.05890e-04	3.32148	29.7
66484.405	16.063	31514	1.05450e-04	3.32324	28.6	30895	1.07550e-04	3.32285	29.5	31538	1.05310e-04	3.32129	28.3	31300	1.06110e-04	3.32129	29.7
66485.594	16.063	31469	1.05600e-04	3.32305	28.7	30850	1.07720e-04	3.32305	29.5	31510	1.05420e-04	3.32168	28.3	31357	1.05920e-04	3.32129	29.7
66486.782	16.056	31573	1.05240e-04	3.32285	28.7	30919	1.07480e-04	3.32305	29.5	31571	1.05210e-04	3.32168	28.3	31354	1.05930e-04	3.32129	29.7
66487.970	16.056	31531	1.05390e-04	3.32305	28.7	30903	1.07520e-04	3.32285	29.5	31562	1.05240e-04	3.32148	28.3	31366	1.05890e-04	3.32148	29.7
66489.158	16.056	31510	1.05450e-04	3.32285	28.7	30857	1.07690e-04	3.32305	29.5	31541	1.05310e-04	3.32168	28.3	31338	1.05980e-04	3.32129	29.7
66490.346	16.061	31552	1.05310e-04	3.32285	28.7	30888	1.07580e-04	3.32285	29.5	31550	1.05280e-04	3.32148	28.3	31318	1.06050e-04	3.32129	29.7
66491.535	16.061	31572	1.05250e-04	3.32305	28.7	30941	1.07390e-04	3.32285	29.5	31615	1.05060e-04	3.32148	28.3	31357	1.05920e-04	3.32129	29.7
66492.723	16.045	31599	1.05160e-04	3.32305	28.7	30976	1.07270e-04	3.32285	29.5	31601	1.05110e-04	3.32168	28.3	31339	1.05980e-04	3.32129	29.7
66493.911	16.045	31661	1.04950e-04	3.32285	28.7	30923	1.07450e-04	3.32266	29.5	31586	1.05160e-04	3.32148	28.3	31354	1.05930e-04	3.32129	29.7
66495.099	16.050	31584	1.05210e-04	3.32305	28.7	30970	1.07300e-04	3.32324	29.5	31533	1.05340e-04	3.32168	28.3	31393	1.05800e-04	3.32148	29.7
66496.288	16.050	31536	1.05370e-04	3.32285	28.7	30968	1.07310e-04	3.32305	29.5	31639	1.04990e-04	3.32168	28.3	31371	1.05870e-04	3.32129	29.7
66497.476	16.030	31597	1.05170e-04	3.32305	28.7	30945	1.07380e-04	3.32285	29.5	31581	1.05180e-04	3.32148	28.3	31398	1.05780e-04	3.32129	29.7
66498.664	16.030	31642	1.05020e-04	3.32305	28.7	30925	1.07450e-04	3.32305	29.5	31633	1.05010e-04	3.32168	28.3	31382	1.05830e-04	3.32129	29.7
66499.852	16.037	31560	1.05290e-04	3.32285	28.7	30971	1.07290e-04	3.32285	29.5	31589	1.05150e-04	3.32148	28.3	31389	1.05810e-04	3.32129	29.7
66501.041	16.037	31588	1.05200e-04	3.32324	28.7	30922	1.07460e-04	3.32285	29.5	31583	1.05170e-04	3.32148	28.3	31297	1.06130e-04	3.32168	29.7
66502.229	16.037	31540	1.05360e-04	3.32305	28.7	30917	1.07480e-04	3.32305	29.5	31599	1.05120e-04	3.32168	28.3	31377	1.05860e-04	3.32148	29.7
66503.417	16.035	31616	1.05100e-04	3.32285	28.7	30929	1.07440e-04	3.32285	29.5	31649	1.04950e-04	3.32168	28.3	31376	1.05850e-04	3.32129	29.7
66504.605	16.035	31616	1.05110e-04	3.32324	28.7	30957	1.07340e-04	3.32305	29.5	31599	1.05110e-04	3.32148	28.3	31309	1.06080e-04	3.32129	29.7
66505.793	16.025	31726	1.04740e-04	3.32305	28.7	31019	1.07130e-04	3.32305	29.5	31642	1.04970e-04	3.32148	28.3	31491	1.05480e-04	3.32148	29.7
66506.982	16.025	31628	1.05070e-04	3.32305	28.7	31002	1.07180e-04	3.32285	29.5	31712	1.04740e-04	3.32148	28.3	31412	1.05730e-04	3.32129	29.7
66508.170	16.003	31508	1.05470e-04	3.32305	28.7	30874	1.07630e-04	3.32305	29.5	31581	1.05180e-04	3.32168	28.3	31332	1.06010e-04	3.32148	29.7
66509.358	16.003	31564	1.05270e-04	3.32285	28.7	30916	1.07490e-04	3.32305	29.5	31550	1.05280e-04	3.32168	28.3	31349	1.05940e-04	3.32129	29.7
66510.547	16.003	31595	1.05180e-04	3.32305	28.7	30893	1.07550e-04	3.32266	29.5	31582	1.05170e-04	3.32148	28.3	31341	1.05970e-04	3.32129	29.7
66511.735	16.003	31578	1.05230e-04	3.32305	28.7	30928	1.07450e-04	3.32305	29.5	31572	1.05210e-04	3.32168	28.3	31331	1.06010e-04	3.32148	29.7
66512.923	16.003	31561	1.05280e-04	3.32285	28.7	30850	1.07710e-04	3.32285	29.5	31563	1.05230e-04	3.32148	28.3	31347	1.05950e-04	3.32129	29.7
66514.111	16.042	31532	1.05390e-04	3.32324	28.7	30907	1.07510e-04	3.32285	29.5	31636	1.04990e-04	3.32148	28.3	31401	1.05780e-04	3.32148	29.7
66515.300	16.042	31580	1.05230e-04	3.32324	28.7	30957	1.07350e-04	3.32305	29.5	31587	1.05160e-04	3.32168	28.3	31399	1.05780e-04	3.32148	29.7
66516.488	16.053	31572	1.05250e-04	3.32285	28.7	30921	1.07460e-04	3.32285	29.5	31576	1.05200e-04	3.32168	28.3	31383	1.05820e-04	3.32109	29.7
66517.676	16.053	31481	1.05560e-04	3.32305	28.7	30892	1.07570e-04	3.32305	29.5	31576	1.05200e-04	3.32168	28.3	31343	1.05970e-04	3.32148	29.7
66518.864	16.057	31522	1.05420e-04	3.32305	28.7	30877	1.07620e-04	3.32305	29.5	31598	1.05120e-04	3.32168	28.3	31342	1.05980e-04	3.32148	29.7
66520.052	16.057	31513	1.05450e-04	3.32305	28.7	30830	1.07780e-04	3.32285	29.5	31568	1.05220e-04	3.32168	28.3	31331	1.06010e-04	3.32129	29.7
66521.241	16.057	31592	1.05190e-04	3.32324	28.7	30880	1.07620e-04	3.32324	29.5	31556	1.05260e-04	3.32168	28.3	31327	1.06030e-04	3.32148	29.7
66522.429	16.052	31532	1.05380e-04	3.32285	28.7	30871	1.07640e-04	3.32305	29.5	31520	1.05380e-04	3.32168	28.3	31361	1.05910e-04	3.32129	29.7
66523.617	16.052	31506	1.05480e-04	3.32324	28.7	30878	1.07610e-04	3.32285	29.5	31591	1.05150e-04	3.32168	28.3	31291	1.06150e-04	3.32148	29.7
66524.805	16.053	31517	1.05440e-04	3.32305	28.7	30895	1.07560e-04	3.32305	29.5	31606	1.05090e-04	3.32168	28.3	31358	1.05920e-04	3.32148	29.7
66525.994	16.053	31555	1.05300e-04	3.32285	28.7	30879	1.07610e-04	3.32285	29.5	31646	1.04970e-04	3.32168	28.3	31370	1.05870e-04	3.32129	29.7
66527.182	16.050	31486	1.05550e-04	3.32324	28.7	30898	1.07540e-04	3.32285	29.5	31561	1.05250e-04	3.32168	28.3	31309	1.06090e-04	3.32148	29.7
66528.370	16.050	31587	1.05200e-04	3.32305	28.7	30847	1.07720e-04	3.32285	29.5	31555	1.05260e-04	3.32148	28.3	31314	1.06060e-04	3.32129	29.7
66529.558	16.050	31487	1.05520e-04	3.32266	28.7	30881	1.07610e-04	3.32305	29.5	31522	1.05380e-04	3.32168	28.3	31345	1.05960e-04	3.32129	29.7
66530.747	16.050	31518	1.05440e-04	3.32324	28.7	30850	1.07710e-04	3.32285	29.5	31539	1.05310e-04	3.32148	28.3	31344	1.05960e-04	3.32129	29.7
66531.935	16.050	31532	1.05390e-04	3.32305	28.7	30931	1.07440e-04	3.32324	29.5	31550	1.05280e-04	3.32168	28.3	31360	1.05920e-04	3.32148	29.7
66533.123	16.059	31557	1.05300e-04	3.32305	28.7	30906	1.07520e-04	3.32305	29.5	31585	1.05170e-04	3.32168	28.3	31355	1.05920e-04	3.32129	29.7
66534.311	16.059	31554	1.05310e-04	3.32305	28.7	30958	1.07340e-04	3.32305	29.5	31592	1.05150e-04	3.32188	28.3	31308	1.06090e-04	3.32129	29.7
66535.500	16.053	31513	1.05450e-04	3.32305	28.7	30932	1.07420e-04	3.32285	29.5	31566	1.05230e-04	3.32168	28.3	31369	1.05880e-04	3.32129	29.7
66536.688	16.053	31576	1.05230e-04	3.32285	28.7	30898	1.07540e-04	3.32266	29.5	31591	1.05150e-04	3.32168	28.3	31335	1.05990e-04	3.32129	29.7
66537.876	16.052	31541	1.05360e-04	3.32324	28.7	30955	1.07350e-04	3.32285	29.5	31582	1.05180e-04	3.32168	28.3	31306	1.06100e-04	3.32168	29.7
66539.064	16.052	31517	1.05440e-04	3.32324	28.7	30922	1.07460e-04	3.32285	29.5	31550	1.05280e-04	3.32168	28.3	31301	1.06120e-04	3.32148	29.7
66540.253	16.052	31559	1.05300e-04	3.32305	28.7	30923	1.07460e-04	3.32305	29.5	31580	1.05190e-04	3.32188	28.3	31340	1.05980e-04	3.32148	29.7
66541.441	16.059	31589	1.05200e-04	3.32305	28.7	30887	1.07590e-04	3.32305	29.5	31578	1.05180e-04	3.32148	28.3	31305	1.06090e-04	3.32129	29.7
66542.629	16.059	31585	1.05200e-04	3.32285	28.7	30898	1.07540e-04	3.32285	29.5	31534	1.05330e-04	3.32148	28.3	31328	1.06020e-04	3.32129	29.7
66543.817	16.052	31529	1.05400e-04	3.32324	28.7	30903	1.07540e-04	3.32324	29.5	31537	1.05330e-04	3.32188	28.3	31335	1.06010e-04	3.32168	29.7
66545.005	16.052	31520	1.05430e-04	3.32324	28.7	30896	1.07560e-04	3.32305	29.5	31582	1.05180e-04	3.32168	28.3	31389	1.05820e-04	3.32148	29.7
66546.194	16.051	31580	1.05220e-04	3.32285	28.7	30891	1.07570e-04	3.32285	29.5	31598	1.05120e-04	3.32148	28.3	31377	1.05850e-04	3.32129	29.7
66547.382	16.051	31563	1.05280e-04	3.32305	28.7	30895	1.07560e-04	3.32305	29.5	31575	1.05210e-04	3.32188	28.3	31335	1.06000e-04	3.32148	29.7
66548.570	16.038	31639	1.05030e-04	3.32305	28.7	30927	1.07450e-04	3.32305	29.5	31628	1.05020e-04	3.32168	28.3	31328	1.06020e-04	3.32129	29.7
66549.758	16.038	31552	1.05310e-04	3.32285	28.7	30861	1.07670e-04	3.32285	29.5	31553	1.05270e-04	3.32148	28.3	31327	1.06020e-04	3.32148	29.7
66550.946	16.043	31592	1.05190e-04	3.32324	28.7	30927	1.07440e-04	3.32285	29.5	31529	1.05360e-04	3.32188	28.3	31406	1.05760e-04	3.32148	29.7
66552.135	16.043	31556	1.05310e-04	3.32305	28.7	30933	1.07430e-04	3.32305	29.5	31608	1.05090e-04	3.32168	28.3	31384	1.05830e-04	3.32129	29.7
66553.323	16.043	31566	1.05270e-04	3.32305	28.7	30884	1.07600e-04	3.32324	29.5	31579	1.05190e-04	3.32168	28.3	31307	1.06090e-04	3.32129	29.7
66554.511	16.048	31583	1.05220e-04	3.32305	28.7	30934	1.07420e-04	3.32305	29.5	31580	1.05180e-04	3.32148	28.3	31372	1.05870e-04	3.32129	29.7
66555.699	16.048	31549	1.05330e-04	3.32305	28.7	30949	1.07370e-04	3.32305	29.5	31564	1.05230e-04	3.32148	28.3	31405	1.05760e-04	3.32148	29.7
66556.888	16.039	31599	1.05160e-04	3.32305	28.7	30933	1.07420e-04	3.32285	29.5	31617	1.05060e-04	3.32168	28.3	31374	1.05860e-04	3.32129	29.7
66558.076	16.039	31584	1.05210e-04	3.32305	28.7	30940	1.07400e-04	3.32285	29.5	31711	1.04750e-04	3.32168	28.3	31435	1.05660e-04	3.32148	29.7
66559.264	16.023	31548	1.05330e-04	3.32305	28.7	30916	1.07480e-04	3.32305	29.5	31639	1.04990e-04	3.32168	28.3	31387	1.05820e-04	3.32148	29.7
66560.453	16.023	31559	1.05300e-04	3.32305	28.7	30925	1.07450e-04	3.32285	29.5	31640	1.04980e-04	3.32168	28.3	31362	1.05900e-04	3.32129	29.7
66561.641	16.014	31560	1.05290e-04	3.32285	28.7	30898	1.07540e-04	3.32266	29.5	31604	1.05090e-04	3.32129	28.3	31339	1.05980e-04	3.32129	29.7
66562.829	16.014	31530	1.05390e-04	3.32305	28.7	30936	1.07420e-04	3.32305	29.5	31609	1.05090e-04	3.32188	28.3	31354	1.05930e-04	3.32148	29.7
66564.017	16.014	31598	1.05170e-04	3.32305	28.7	30923	1.07460e-04	3.32285	29.5	31617	1.05070e-04	3.32188	28.3	31305	1.06100e-04	3.32129	29.7
66565.206	16.029	31579	1.05240e-04	3.32324	28.7	30916	1.07480e-04	3.32285	29.5	31518	1.05380e-04	3.32148	28.3	31340	1.05980e-04	3.32129	29.7
66566.394	16.029	31599	1.05160e-04	3.32285	28.7	30939	1.07410e-04	3.32324	29.5	31637	1.04990e-04	3.32168	28.3	31371	1.05880e-04	3.32148	29.7
66567.582	16.033	31554	1.05310e-04	3.32305	28.7	30973	1.07290e-04	3.32305	29.5	31622	1.05040e-04	3.32168	28.3	31357	1.05920e-04	3.32129	29.7
66568.770	16.033	31593	1.05190e-04	3.32324	28.7	30974	1.07280e-04	3.32285	29.5	31643	1.04970e-04	3.32148	28.3	31346	1.05970e-04	3.32168	29.7
66569.959	16.033	31565	1.05270e-04	3.32285	28.7	30934	1.07420e-04	3.32305	29.5	31637	1.04990e-04	3.32168	28.3	31363	1.05910e-04	3.32148	29.7
66571.147	16.033	31548	1.05330e-04	3.32305	28.7	30928	1.07430e-04	3.32266	29.5	31594	1.05130e-04	3.32148	28.3	31358	1.05920e-04	3.32129	29.7
66572.335	16.033	31570	1.05260e-04	3.32305	28.7	30902	1.07540e-04	3.32305	29.5	31596	1.05130e-04	3.32168	28.3	31322	1.06040e-04	3.32148	29.7
66573.523	16.037	31665	1.04920e-04	3.32246	28.7	30895	1.07550e-04	3.32266	29.5	31601	1.05110e-04	3.32148	28.3	31434	1.05650e-04	3.32090	29.7
66574.712	16.037	31611	1.05140e-04	3.32344	28.7	31005	1.07170e-04	3.32285	29.5	31668	1.04890e-04	3.32148	28.3	31394	1.05810e-04	3.32168	29.7
66575.899	16.036	31506	1.05480e-04	3.32324	28.7	30916	1.07490e-04	3.32305	29.5	31632	1.05020e-04	3.32188	28.3	31377	1.05860e-04	3.32148	29.7
66577.088	16.036	31535	1.05370e-04	3.32285	28.7	30882	1.07600e-04	3.32285	29.5	31574	1.05200e-04	3.32168	28.3	31357	1.05920e-04	3.32129	29.7
66578.276	16.046	31526	1.05410e-04	3.32324	28.7	30940	1.07400e-04	3.32305	29.5	31551	1.05280e-04	3.32168	28.3	31398	1.05790e-04	3.32148	29.7
66579.464	16.046	31549	1.05330e-04	3.32305	28.7	30895	1.07560e-04	3.32305	29.5	31609	1.05090e-04	3.32168	28.3	31308	1.06090e-04	3.32148	29.7
66580.653	16.047	31530	1.05390e-04	3.32305	28.7	30920	1.07470e-04	3.32285	29.5	31569	1.05210e-04	3.32148	28.3	31320	1.06040e-04	3.32129	29.7
66581.841	16.047	31595	1.05180e-04	3.32324	28.7	30955	1.07350e-04	3.32305	29.5	31606	1.05100e-04	3.32168	28.3	31326	1.06020e-04	3.32129	29.7
66583.029	16.047	31617	1.05100e-04	3.32305	28.7	30870	1.07640e-04	3.32285	29.5	31573	1.05210e-04	3.32168	28.3	31300	1.06110e-04	3.32129	29.7
66584.217	16.037	31580	1.05230e-04	3.32305	28.7	30908	1.07500e-04	3.32266	29.5	31589	1.05150e-04	3.32148	28.3	31380	1.05840e-04	3.32129	29.7
66585.405	16.037	31601	1.05160e-04	3.32305	28.7	30894	1.07560e-04	3.32305	29.5	31609	1.05090e-04	3.32168	28.3	31414	1.05730e-04	3.32148	29.7
66586.594	16.037	31561	1.05280e-04	3.32285	28.7	30910	1.07500e-04	3.32285	29.5	31635	1.05000e-04	3.32168	28.3	31376	1.05850e-04	3.32109	29.7
66587.782	16.037	31588	1.05210e-04	3.32324	28.7	30930	1.07430e-04	3.32285	29.5	31561	1.05240e-04	3.32148	28.3	31338	1.05990e-04	3.32148	29.7
66588.970	16.042	31548	1.05330e-04	3.32305	28.7	30921	1.07470e-04	3.32305	29.5	31600	1.05120e-04	3.32168	28.3	31346	1.05960e-04	3.32129	29.7
66590.159	16.042	31539	1.05360e-04	3.32285	28.7	30898	1.07540e-04	3.32285	29.5	31583	1.05170e-04	3.32168	28.3	31394	1.05790e-04	3.32129	29.7
66591.347	16.042	31565	1.05280e-04	3.32305	28.7	30915	1.07490e-04	3.32305	29.5	31556	1.05260e-04	3.32148	28.3	31390	1.05810e-04	3.32129	29.7
66592.535	16.038	31572	1.05250e-04	3.32305	28.7	30930	1.07430e-04	3.32285	29.5	31591	1.05130e-04	3.32129	28.3	31397	1.05780e-04	3.32129	29.7
66593.723	16.038	31612	1.05120e-04	3.32305	28.7	30936	1.07410e-04	3.32285	29.5	31669	1.04890e-04	3.32168	28.3	31450	1.05610e-04	3.32129	29.7
66594.911	16.025	31525	1.05400e-04	3.32285	28.7	30932	1.07410e-04	3.32246	29.5	31676	1.04860e-04	3.32148	28.3	31345	1.05950e-04	3.32109	29.7
66596.100	16.025	31543	1.05350e-04	3.32305	28.7	30863	1.07670e-04	3.32305	29.5	31567	1.05220e-04	3.32148	28.3	31345	1.05960e-04	3.32148	29.7
66597.288	16.051	31541	1.05350e-04	3.32285	28.7	30871	1.07640e-04	3.32285	29.5	31566	1.05230e-04	3.32168	28.3	31323	1.06030e-04	3.32129	29.7
66598.476	16.051	31564	1.05280e-04	3.32305	28.7	30857	1.07680e-04	3.32266	29.5	31579	1.05180e-04	3.32148	28.3	31318	1.06050e-04	3.32129	29.7
66599.664	16.048	31524	1.05410e-04	3.32305	28.7	30888	1.07580e-04	3.32305	29.5	31580	1.05180e-04	3.32168	28.3	31314	1.06070e-04	3.32148	29.7
66600.852	16.048	31568	1.05260e-04	3.32285	28.7	30898	1.07540e-04	3.32285	29.5	31621	1.05050e-04	3.32168	28.3	31373	1.05860e-04	3.32129	29.7
66602.041	16.044	31474	1.05580e-04	3.32305	28.7	30901	1.07540e-04	3.32305	29.5	31588	1.05160e-04	3.32168	28.3	31368	1.05880e-04	3.32129	29.7
66603.229	16.044	31529	1.05400e-04	3.32305	28.7	30872	1.07640e-04	3.32305	29.5	31549	1.05280e-04	3.32148	28.3	31342	1.05970e-04	3.32129	29.7
66604.418	16.044	31564	1.05280e-04	3.32305	28.7	30856	1.07690e-04	3.32305	29.5	31647	1.04960e-04	3.32168	28.3	31340	1.05980e-04	3.32129	29.7
66605.606	16.046	31555	1.05310e-04	3.32305	28.7	30886	1.07580e-04	3.32285	29.5	31632	1.05010e-04	3.32168	28.3	31361	1.05910e-04	3.32148	29.7
66606.794	16.046	31545	1.05340e-04	3.32305	28.7	30938	1.07400e-04	3.32285	29.5	31616	1.05060e-04	3.32148	28.3	31362	1.05900e-04	3.32129	29.7
66607.982	16.042	31561	1.05290e-04	3.32305	28.7	30893	1.07560e-04	3.32285	29.5	31575	1.05200e-04	3.32148	28.3	31341	1.05970e-04	3.32109	29.7
66609.170	16.042	31526	1.05410e-04	3.32305	28.7	30886	1.07590e-04	3.32305	29.5	31573	1.05210e-04	3.32168	28.3	31369	1.05890e-04	3.32148	29.7
66610.358	16.042	31606	1.05140e-04	3.32305	28.7	30904	1.07520e-04	3.32285	29.5	31597	1.05120e-04	3.32148	28.3	31321	1.06040e-04	3.32129	29.7
66611.547	16.055	31508	1.05460e-04	3.32285	28.7	30891	1.07570e-04	3.32285	29.5	31621	1.05050e-04	3.32168	28.3	31303	1.06100e-04	3.32129	29.7
66612.735	16.040	31537	1.05370e-04	3.32305	28.7	30883	1.07600e-04	3.32305	29.5	31586	1.05160e-04	3.32148	28.3	31338	1.05990e-04	3.32148	29.7
66613.923	16.040	31526	1.05400e-04	3.32285	28.7	30841	1.07750e-04	3.32305	29.5	31570	1.05220e-04	3.32168	28.3	31393	1.05800e-04	3.32129	29.7
66615.111	16.040	31589	1.05200e-04	3.32305	28.7	30887	1.07580e-04	3.32285	29.5	31655	1.04930e-04	3.32148	28.3	31331	1.06010e-04	3.32129	29.7
66616.300	16.040	31511	1.05460e-04	3.32305	28.7	30886	1.07590e-04	3.32305	29.5	31578	1.05190e-04	3.32168	28.3	31362	1.05900e-04	3.32129	29.7
66617.488	16.040	31566	1.05270e-04	3.32305	28.7	30919	1.07480e-04	3.32305	29.5	31577	1.05200e-04	3.32188	28.3	31333	1.06010e-04	3.32148	29.7
66618.676	16.046	31568	1.05270e-04	3.32305	28.7	30906	1.07520e-04	3.32285	29.5	31608	1.05080e-04	3.32148	28.3	31324	1.06030e-04	3.32129	29.7
66619.865	16.046	31508	1.05460e-04	3.32285	28.7	30893	1.07560e-04	3.32285	29.5	31561	1.05240e-04	3.32148	28.3	31379	1.05840e-04	3.32109	29.7
66621.053	16.056	31545	1.05340e-04	3.32305	28.7	30891	1.07570e-04	3.32285	29.5	31613	1.05080e-04	3.32188	28.3	31358	1.05920e-04	3.32129	29.7
66622.241	16.056	31554	1.05310e-04	3.32305	28.7	30909	1.07500e-04	3.32285	29.5	31575	1.05190e-04	3.32148	28.3	31361	1.05910e-04	3.32148	29.7
66623.429	16.050	31511	1.05460e-04	3.32305	28.7	30865	1.07670e-04	3.32305	29.5	31568	1.05230e-04	3.32188	28.3	31356	1.05930e-04	3.32148	29.7
66624.618	16.050	31608	1.05130e-04	3.32285	28.7	30889	1.07570e-04	3.32285	29.5	31561	1.05250e-04	3.32168	28.3	31433	1.05660e-04	3.32129	29.7
66625.805	16.050	31538	1.05370e-04	3.32305	28.7	30939	1.07410e-04	3.32305	29.5	31552	1.05280e-04	3.32168	28.3	31361	1.05910e-04	3.32148	29.7
66626.994	16.049	31524	1.05410e-04	3.32305	28.7	30911	1.07500e-04	3.32305	29.5	31589	1.05150e-04	3.32168	28.3	31339	1.05980e-04	3.32129	29.7
66628.182	16.049	31658	1.04970e-04	3.32305	28.7	30938	1.07410e-04	3.32305	29.5	31609	1.05090e-04	3.32168	28.3	31297	1.06130e-04	3.32148	29.7
66629.371	16.058	31537	1.05370e-04	3.32305	28.7	30925	1.07460e-04	3.32305	29.5	31579	1.05180e-04	3.32148	28.3	31355	1.05930e-04	3.32148	29.7
66630.559	16.058	31500	1.05490e-04	3.32305	28.7	30898	1.07550e-04	3.32305	29.5	31546	1.05300e-04	3.32168	28.3	31328	1.06020e-04	3.32129	29.7
66631.747	16.049	31442	1.05690e-04	3.32305	28.7	30892	1.07560e-04	3.32285	29.5	31605	1.05100e-04	3.32168	28.3	31293	1.06130e-04	3.32129	29.7
66632.935	16.049	31576	1.05230e-04	3.32266	28.7	30888	1.07570e-04	3.32266	29.5	31591	1.05140e-04	3.32148	28.3	31344	1.05960e-04	3.32109	29.7
66634.123	16.049	31572	1.05260e-04	3.32324	28.7	30901	1.07530e-04	3.32285	29.5	31614	1.05070e-04	3.32148	28.3	31382	1.05840e-04	3.32148	29.7
66635.311	16.052	31520	1.05430e-04	3.32305	28.7	30888	1.07580e-04	3.32305	29.5	31589	1.05150e-04	3.32168	28.3	31400	1.05780e-04	3.32148	29.7
66636.500	16.052	31559	1.05290e-04	3.32285	28.7	30903	1.07530e-04	3.32285	29.5	31626	1.05020e-04	3.32148	28.3	31375	1.05860e-04	3.32129	29.7
66637.688	16.064	31584	1.05220e-04	3.32324	28.7	30941	1.07410e-04	3.32324	29.5	31596	1.05130e-04	3.32168	28.3	31400	1.05780e-04	3.32148	29.7
66638.876	16.064	31622	1.05090e-04	3.32305	28.7	30921	1.07470e-04	3.32305	29.5	31693	1.04810e-04	3.32168	28.3	31415	1.05720e-04	3.32129	29.7
66640.065	16.052	31610	1.05120e-04	3.32285	28.7	30909	1.07500e-04	3.32285	29.5	31590	1.05140e-04	3.32148	28.3	31352	1.05940e-04	3.32129	29.7
66641.253	16.052	31552	1.05330e-04	3.32324	28.7	30911	1.07500e-04	3.32305	29.5	31599	1.05120e-04	3.32188	28.3	31321	1.06040e-04	3.32129	29.8
66642.441	16.051	31539	1.05360e-04	3.32285	28.7	30856	1.07690e-04	3.32305	29.5	31571	1.05210e-04	3.32168	28.3	31344	1.05960e-04	3.32129	29.8
66643.629	16.051	31628	1.05070e-04	3.32305	28.7	30924	1.07450e-04	3.32285	29.5	31587	1.05150e-04	3.32148	28.3	31338	1.05990e-04	3.32148	29.8
66644.817	16.051	31562	1.05290e-04	3.32324	28.7	30947	1.07370e-04	3.32285	29.5	31599	1.05130e-04	3.32188	28.3	31335	1.05990e-04	3.32129	29.8
66646.006	16.058	31568	1.05270e-04	3.32305	28.7	30927	1.07440e-04	3.32285	29.5	31598	1.05120e-04	3.32168	28.3	31318	1.06060e-04	3.32148	29.8
66647.194	16.058	31503	1.05480e-04	3.32305	28.7	30849	1.07720e-04	3.32305	29.5	31581	1.05180e-04	3.32168	28.3	31322	1.06040e-04	3.32148	29.8
66648.382	16.078	31581	1.05220e-04	3.32305	28.7	30877	1.07620e-04	3.32285	29.5	31566	1.05220e-04	3.32148	28.3	31331	1.06010e-04	3.32129	29.8
66649.570	16.078	31483	1.05550e-04	3.32305	28.7	30874	1.07630e-04	3.32305	29.6	31535	1.05330e-04	3.32168	28.3	31374	1.05870e-04	3.32148	29.8
66650.758	16.059	31506	1.05470e-04	3.32305	28.7	30886	1.07590e-04	3.32305	29.6	31557	1.05250e-04	3.32148	28.3	31304	1.06100e-04	3.32129	29.8
66651.947	16.059	31554	1.05310e-04	3.32305	28.7	30888	1.07580e-04	3.32305	29.6	31571	1.05210e-04	3.32168	28.3	31333	1.06000e-04	3.32129	29.8
66653.135	16.059	31528	1.05390e-04	3.32285	28.7	30871	1.07640e-04	3.32285	29.6	31597	1.05120e-04	3.32148	28.3	31382	1.05830e-04	3.32109	29.8
66654.324	16.054	31524	1.05410e-04	3.32305	28.7	30930	1.07440e-04	3.32305	29.6	31565	1.05230e-04	3.32168	28.3	31349	1.05950e-04	3.32148	29.8
66655.512	16.054	31527	1.05400e-04	3.32305	28.7	30881	1.07600e-04	3.32285	29.6	31584	1.05170e-04	3.32168	28.3	31371	1.05880e-04	3.32148	29.8
66656.700	16.056	31543	1.05340e-04	3.32285	28.7	30889	1.07570e-04	3.32285	29.6	31567	1.05220e-04	3.32148	28.3	31305	1.06090e-04	3.32129	29.8
66657.888	16.056	31557	1.05300e-04	3.32285	28.7	30911	1.07490e-04	3.32266	29.6	31578	1.05180e-04	3.32148	28.3	31358	1.05910e-04	3.32109	29.8
66659.077	16.050	31553	1.05320e-04	3.32305	28.7	30863	1.07670e-04	3.32285	29.6	31589	1.05150e-04	3.32168	28.3	31368	1.05890e-04	3.32148	29.8
66660.264	16.050	31589	1.05190e-04	3.32285	28.7	30888	1.07580e-04	3.32285	29.6	31545	1.05290e-04	3.32148	28.3	31333	1.05990e-04	3.32109	29.8
66661.453	16.044	31582	1.05220e-04	3.32305	28.7	30878	1.07620e-04	3.32305	29.6	31597	1.05120e-04	3.32148	28.3	31368	1.05890e-04	3.32148	29.8
66662.641	16.044	31593	1.05180e-04	3.32305	28.7	30885	1.07590e-04	3.32305	29.6	31590	1.05150e-04	3.32168	28.3	31362	1.05900e-04	3.32129	29.8
66663.829	16.023	31589	1.05200e-04	3.32305	28.7	30935	1.07420e-04	3.32305	29.6	31573	1.05210e-04	3.32168	28.3	31382	1.05830e-04	3.32129	29.8
66665.018	16.023	31579	1.05230e-04	3.32305	28.7	30944	1.07390e-04	3.32305	29.6	31614	1.05070e-04	3.32168	28.3	31309	1.06090e-04	3.32148	29.8
66666.206	16.023	31564	1.05270e-04	3.32285	28.7	30887	1.07580e-04	3.32285	29.6	31575	1.05190e-04	3.32148	28.3	31347	1.05950e-04	3.32129	29.8
66667.394	16.052	31560	1.05290e-04	3.32305	28.7	30952	1.07360e-04	3.32305	29.6	31594	1.05140e-04	3.32168	28.3	31373	1.05870e-04	3.32148	29.8
66668.583	16.052	31582	1.05220e-04	3.32305	28.7	30914	1.07490e-04	3.32305	29.6	31543	1.05300e-04	3.32168	28.3	31305	1.06100e-04	3.32129	29.8
66669.771	16.042	31567	1.05270e-04	3.32305	28.7	30866	1.07650e-04	3.32285	29.6	31592	1.05140e-04	3.32168	28.4	31313	1.06070e-04	3.32129	29.8
66670.959	16.042	31589	1.05200e-04	3.32305	28.7	30863	1.07660e-04	3.32285	29.6	31569	1.05210e-04	3.32148	28.4	31315	1.06060e-04	3.32129	29.8
66672.147	16.044	31549	1.05330e-04	3.32324	28.7	30907	1.07520e-04	3.32305	29.6	31549	1.05290e-04	3.32168	28.4	31356	1.05920e-04	3.32129	29.8
66673.335	16.044	31549	1.05320e-04	3.32285	28.7	30904	1.07530e-04	3.32305	29.6	31566	1.05220e-04	3.32148	28.4	31347	1.05950e-04	3.32129	29.8
66674.523	16.040	31541	1.05350e-04	3.32285	28.8	30911	1.07500e-04	3.32305	29.6	31594	1.05130e-04	3.32148	28.4	31349	1.05950e-04	3.32148	29.8
66675.712	16.040	31524	1.05410e-04	3.32305	28.8	30903	1.07530e-04	3.32305	29.6	31559	1.05250e-04	3.32168	28.4	31391	1.05810e-04	3.32129	29.8
66676.900	16.040	31591	1.05190e-04	3.32305	28.8	30933	1.07430e-04	3.32305	29.6	31559	1.05250e-04	3.32148	28.4	31347	1.05950e-04	3.32129	29.8
66678.088	16.053	31517	1.05440e-04	3.32305	28.8	30886	1.07580e-04	3.32285	29.6	31600	1.05120e-04	3.32168	28.4	31315	1.06060e-04	3.32129	29.8
66679.276	16.053	31540	1.05360e-04	3.32305	28.8	30932	1.07430e-04	3.32305	29.6	31578	1.05190e-04	3.32168	28.4	31367	1.05880e-04	3.32129	29.8
66680.465	16.050	31567	1.05270e-04	3.32305	28.8	30942	1.07400e-04	3.32305	29.6	31588	1.05150e-04	3.32148	28.4	31373	1.05870e-04	3.32148	29.8
66681.653	16.050	31555	1.05300e-04	3.32285	28.8	30930	1.07430e-04	3.32266	29.6	31594	1.05130e-04	3.32148	28.4	31340	1.05980e-04	3.32148	29.8
66682.841	16.041	31548	1.05330e-04	3.32305	28.8	30925	1.07460e-04	3.32305	29.6	31602	1.05110e-04	3.32168	28.4	31316	1.06050e-04	3.32109	29.8
66684.029	16.041	31530	1.05390e-04	3.32305	28.8	30906	1.07520e-04	3.32285	29.6	31589	1.05150e-04	3.32168	28.4	31344	1.05960e-04	3.32129	29.8
66685.218	16.041	31590	1.05190e-04	3.32305	28.8	30938	1.07400e-04	3.32285	29.6	31594	1.05140e-04	3.32168	28.4	31360	1.05920e-04	3.32148	29.8
66686.406	16.035	31548	1.05330e-04	3.32305	28.8	30908	1.07510e-04	3.32285	29.6	31556	1.05260e-04	3.32148	28.4	31351	1.05940e-04	3.32129	29.8
66687.594	16.035	31536	1.05370e-04	3.32285	28.8	30915	1.07490e-04	3.32305	29.6	31552	1.05280e-04	3.32168	28.4	31378	1.05850e-04	3.32148	29.8
66688.782	16.046	31551	1.05320e-04	3.32305	28.8	30861	1.07670e-04	3.32285	29.6	31538	1.05320e-04	3.32148	28.4	31334	1.06000e-04	3.32129	29.8
66689.971	16.046	31515	1.05440e-04	3.32305	28.8	30892	1.07560e-04	3.32285	29.6	31526	1.05360e-04	3.32168	28.4	31303	1.06100e-04	3.32129	29.8
66691.159	16.041	31554	1.05310e-04	3.32305	28.8	30927	1.07430e-04	3.32246	29.6	31535	1.05330e-04	3.32168	28.4	31329	1.06010e-04	3.32129	29.8
66692.347	16.041	31544	1.05350e-04	3.32305	28.8	30906	1.07520e-04	3.32285	29.6	31558	1.05250e-04	3.32148	28.4	31357	1.05920e-04	3.32129	29.8
66693.536	16.023	31629	1.05060e-04	3.32305	28.8	30929	1.07440e-04	3.32305	29.6	31662	1.04910e-04	3.32168	28.4	31408	1.05750e-04	3.32148	29.8
66694.724	16.023	31527	1.05410e-04	3.32324	28.8	30916	1.07480e-04	3.32285	29.6	31588	1.05160e-04	3.32168	28.4	31426	1.05690e-04	3.32129	29.8
66695.912	16.023	31514	1.05440e-04	3.32285	28.8	30936	1.07410e-04	3.32285	29.6	31573	1.05210e-04	3.32168	28.4	31330	1.06010e-04	3.32129	29.8
66697.100	16.027	31549	1.05320e-04	3.32285	28.8	30910	1.07500e-04	3.32285	29.6	31547	1.05290e-04	3.32148	28.4	31313	1.06070e-04	3.32148	29.8
66698.288	16.027	31569	1.05260e-04	3.32285	28.8	30942	1.07390e-04	3.32285	29.6	31576	1.05180e-04	3.32129	28.4	31344	1.05960e-04	3.32129	29.8
66699.477	16.042	31503	1.05480e-04	3.32285	28.7	30911	1.07500e-04	3.32285	29.6	31604	1.05100e-04	3.32168	28.4	31322	1.06040e-04	3.32129	29.8
66700.665	16.042	31527	1.05410e-04	3.32324	28.7	30880	1.07610e-04	3.32305	29.6	31558	1.05260e-04	3.32168	28.4	31282	1.06170e-04	3.32129	29.8
66701.853	16.039	31542	1.05350e-04	3.32305	28.7	30856	1.07690e-04	3.32305	29.6	31583	1.05180e-04	3.32188	28.4	31338	1.05980e-04	3.32129	29.8
66703.041	16.039	31502	1.05480e-04	3.32285	28.8	30902	1.07520e-04	3.32266	29.6	31620	1.05040e-04	3.32148	28.4	31339	1.05980e-04	3.32129	29.8
66704.230	16.039	31549	1.05330e-04	3.32305	28.7	30917	1.07480e-04	3.32285	29.6	31590	1.05150e-04	3.32168	28.4	31357	1.05920e-04	3.32129	29.8
66705.418	16.039	31597	1.05160e-04	3.32285	28.7	30943	1.07380e-04	3.32266	29.6	31593	1.05140e-04	3.32168	28.4	31318	1.06060e-04	3.32148	29.8
66706.606	16.039	31649	1.05000e-04	3.32305	28.7	30893	1.07560e-04	3.32285	29.6	31662	1.04900e-04	3.32129	28.4	31327	1.06020e-04	3.32109	29.8
66707.794	16.035	31571	1.05260e-04	3.32305	28.7	30966	1.07310e-04	3.32305	29.6	31671	1.04880e-04	3.32168	28.4	31423	1.05700e-04	3.32129	29.8
66708.982	16.035	31556	1.05300e-04	3.32266	28.7	30967	1.07300e-04	3.32285	29.6	31619	1.05050e-04	3.32148	28.4	31422	1.05700e-04	3.32129	29.8
66710.171	16.031	31470	1.05590e-04	3.32305	28.7	30874	1.07630e-04	3.32305	29.6	31594	1.05130e-04	3.32148	28.4	31420	1.05710e-04	3.32129	29.8
66711.359	16.031	31545	1.05340e-04	3.32305	28.7	30858	1.07690e-04	3.32305	29.6	31634	1.05000e-04	3.32168	28.4	31325	1.06030e-04	3.32148	29.8
66712.547	16.044	31608	1.05120e-04	3.32266	28.7	30916	1.07480e-04	3.32285	29.6	31569	1.05210e-04	3.32148	28.4	31344	1.05960e-04	3.32129	29.8
66713.735	16.044	31555	1.05310e-04	3.32305	28.8	30885	1.07590e-04	3.32305	29.6	31616	1.05060e-04	3.32148	28.4	31331	1.06010e-04	3.32129	29.8
66714.923	16.049	31599	1.05160e-04	3.32285	28.7	30976	1.07270e-04	3.32285	29.6	31648	1.04960e-04	3.32168	28.4	31358	1.05920e-04	3.32129	29.8
66716.112	16.049	31574	1.05240e-04	3.32285	28.7	30948	1.07360e-04	3.32266	29.6	31692	1.04800e-04	3.32148	28.4	31396	1.05790e-04	3.32129	29.8
66717.300	16.049	31582	1.05220e-04	3.32305	28.7	30929	1.07440e-04	3.32285	29.6	31645	1.04960e-04	3.32148	28.4	31362	1.05900e-04	3.32129	29.8
66718.488	16.045	31521	1.05420e-04	3.32305	28.7	30865	1.07660e-04	3.32285	29.6	31611	1.05070e-04	3.32148	28.4	31371	1.05880e-04	3.32148	29.8
66719.677	16.045	31506	1.05460e-04	3.32266	28.7	30902	1.07520e-04	3.32266	29.6	31556	1.05260e-04	3.32168	28.3	31321	1.06040e-04	3.32129	29.8
66720.865	16.046	31655	1.04980e-04	3.32324	28.7	30932	1.07440e-04	3.32324	29.6	31587	1.05150e-04	3.32129	28.4	31378	1.05840e-04	3.32109	29.8
66722.053	16.046	31555	1.05310e-04	3.32305	28.7	30945	1.07380e-04	3.32305	29.6	31640	1.04990e-04	3.32188	28.4	31390	1.05810e-04	3.32148	29.8
66723.241	16.035	31525	1.05400e-04	3.32285	28.7	30892	1.07560e-04	3.32285	29.6	31631	1.05010e-04	3.32148	28.4	31386	1.05820e-04	3.32129	29.8
66724.430	16.035	31559	1.05300e-04	3.32305	28.7	30908	1.07510e-04	3.32285	29.6	31608	1.05090e-04	3.32168	28.4	31374	1.05860e-04	3.32129	29.8
66725.618	16.051	31564	1.05270e-04	3.32285	28.7	30905	1.07520e-04	3.32285	29.6	31582	1.05180e-04	3.32168	28.4	31358	1.05910e-04	3.32109	29.8
66726.806	16.051	31517	1.05440e-04	3.32305	28.7	30911	1.07500e-04	3.32305	29.6	31596	1.05120e-04	3.32148	28.4	31363	1.05900e-04	3.32129	29.8
66727.994	16.051	31542	1.05350e-04	3.32305	28.7	30905	1.07520e-04	3.32285	29.6	31506	1.05420e-04	3.32148	28.4	31306	1.06090e-04	3.32129	29.8
66729.183	16.054	31514	1.05450e-04	3.32305	28.7	30880	1.07610e-04	3.32285	29.6	31620	1.05050e-04	3.32168	28.4	31363	1.05910e-04	3.32148	29.8
66730.371	16.054	31551	1.05320e-04	3.32285	28.7	30882	1.07600e-04	3.32285	29.6	31592	1.05140e-04	3.32148	28.4	31327	1.06020e-04	3.32148	29.8
66731.559	16.058	31547	1.05340e-04	3.32305	28.7	30907	1.07520e-04	3.32305	29.6	31584	1.05170e-04	3.32168	28.4	31333	1.05990e-04	3.32109	29.8
66732.747	16.058	31513	1.05450e-04	3.32305	28.8	30870	1.07650e-04	3.32305	29.6	31568	1.05220e-04	3.32168	28.4	31310	1.06080e-04	3.32129	29.8
66733.936	16.063	31564	1.05280e-04	3.32305	28.8	30907	1.07520e-04	3.32305	29.6	31584	1.05170e-04	3.32168	28.4	31338	1.05990e-04	3.32148	29.8
66735.124	16.063	31588	1.05200e-04	3.32305	28.8	30890	1.07580e-04	3.32305	29.6	31596	1.05130e-04	3.32168	28.4	31378	1.05850e-04	3.32129	29.8
66736.312	16.063	31541	1.05350e-04	3.32285	28.8	30882	1.07600e-04	3.32285	29.6	31569	1.05220e-04	3.32168	28.4	31366	1.05900e-04	3.32148	29.8
66737.500	16.037	31544	1.05340e-04	3.32285	28.8	30888	1.07580e-04	3.32285	29.6	31565	1.05220e-04	3.32129	28.4	31330	1.06010e-04	3.32129	29.8
66738.689	16.037	31584	1.05210e-04	3.32305	28.7	30972	1.07280e-04	3.32285	29.6	31672	1.04880e-04	3.32188	28.4	31360	1.05900e-04	3.32109	29.8
66739.877	16.043	31588	1.05190e-04	3.32266	28.7	30937	1.07400e-04	3.32266	29.6	31607	1.05090e-04	3.32148	28.4	31406	1.05750e-04	3.32129	29.8
66741.065	16.043	31584	1.05210e-04	3.32305	28.7	30918	1.07470e-04	3.32285	29.6	31600	1.05100e-04	3.32129	28.4	31400	1.05770e-04	3.32129	29.8
66742.253	16.026	31593	1.05180e-04	3.32305	28.7	30853	1.07700e-04	3.32305	29.6	31627	1.05030e-04	3.32168	28.4	31367	1.05890e-04	3.32148	29.8
66743.441	16.026	31598	1.05160e-04	3.32285	28.7	30906	1.07510e-04	3.32266	29.6	31594	1.05130e-04	3.32148	28.4	31345	1.05960e-04	3.32129	29.8
66744.630	16.042	31561	1.05290e-04	3.32305	28.7	30836	1.07770e-04	3.32305	29.6	31588	1.05150e-04	3.32148	28.3	31336	1.05990e-04	3.32129	29.8
66745.818	16.042	31552	1.05310e-04	3.32285	28.7	30916	1.07480e-04	3.32305	29.6	31617	1.05060e-04	3.32168	28.3	31300	1.06110e-04	3.32129	29.8
66747.006	16.042	31630	1.05050e-04	3.32285	28.7	30956	1.07330e-04	3.32266	29.6	31701	1.04770e-04	3.32129	28.3	31384	1.05830e-04	3.32129	29.8
66748.194	16.034	31564	1.05280e-04	3.32305	28.7	30932	1.07430e-04	3.32305	29.6	31665	1.04890e-04	3.32148	28.3	31410	1.05740e-04	3.32129	29.8
66749.382	16.034	31592	1.05180e-04	3.32266	28.7	30929	1.07430e-04	3.32266	29.6	31632	1.05000e-04	3.32148	28.3	31407	1.05750e-04	3.32129	29.8
66750.571	16.038	31572	1.05250e-04	3.32305	28.7	30892	1.07560e-04	3.32285	29.6	31569	1.05220e-04	3.32168	28.3	31369	1.05870e-04	3.32109	29.8
66751.759	16.038	31530	1.05390e-04	3.32305	28.7	30868	1.07640e-04	3.32266	29.6	31583	1.05170e-04	3.32148	28.3	31326	1.06020e-04	3.32129	29.8
66752.947	16.055	31558	1.05290e-04	3.32285	28.7	30920	1.07460e-04	3.32266	29.6	31693	1.04810e-04	3.32168	28.3	31320	1.06050e-04	3.32148	29.8
66754.136	16.055	31539	1.05360e-04	3.32305	28.7	30958	1.07330e-04	3.32285	29.6	31591	1.05130e-04	3.32129	28.3	31391	1.05810e-04	3.32129	29.8
66755.324	16.055	31563	1.05280e-04	3.32285	28.7	30905	1.07520e-04	3.32285	29.6	31578	1.05200e-04	3.32188	28.3	31350	1.05940e-04	3.32129	29.8
66756.512	16.041	31524	1.05410e-04	3.32285	28.7	30872	1.07630e-04	3.32285	29.5	31603	1.05100e-04	3.32148	28.3	31374	1.05860e-04	3.32129	29.8
66757.700	16.041	31527	1.05400e-04	3.32285	28.7	30924	1.07450e-04	3.32285	29.5	31637	1.04980e-04	3.32129	28.3	31375	1.05860e-04	3.32129	29.8
66758.888	16.058	31625	1.05070e-04	3.32285	28.7	30904	1.07530e-04	3.32305	29.5	31589	1.05150e-04	3.32168	28.3	31357	1.05910e-04	3.32109	29.8
66760.077	16.058	31590	1.05190e-04	3.32305	28.7	30891	1.07570e-04	3.32285	29.5	31628	1.05020e-04	3.32148	28.3	31395	1.05800e-04	3.32148	29.8
66761.265	16.041	31556	1.05310e-04	3.32305	28.7	30902	1.07520e-04	3.32266	29.5	31636	1.04990e-04	3.32148	28.3	31370	1.05870e-04	3.32129	29.8
66762.453	16.041	31546	1.05340e-04	3.32305	28.7	30894	1.07560e-04	3.32285	29.5	31637	1.04990e-04	3.32168	28.3	31372	1.05870e-04	3.32129	29.8
66763.642	16.037	31547	1.05330e-04	3.32285	28.7	30896	1.07550e-04	3.32285	29.5	31624	1.05030e-04	3.32148	28.3	31385	1.05820e-04	3.32129	29.8
66764.830	16.037	31566	1.05270e-04	3.32285	28.7	30898	1.07540e-04	3.32285	29.5	31553	1.05270e-04	3.32148	28.3	31420	1.05700e-04	3.32109	29.8
66766.018	16.054	31517	1.05440e-04	3.32305	28.7	30936	1.07410e-04	3.32285	29.5	31626	1.05030e-04	3.32168	28.3	31353	1.05930e-04	3.32129	29.8
66767.206	16.054	31599	1.05160e-04	3.32285	28.7	30923	1.07450e-04	3.32266	29.5	31581	1.05170e-04	3.32148	28.3	31361	1.05910e-04	3.32129	29.8
66768.394	16.054	31511	1.05460e-04	3.32305	28.7	30884	1.07600e-04	3.32305	29.5	31612	1.05070e-04	3.32168	28.3	31331	1.06000e-04	3.32109	29.8
66769.583	16.052	31539	1.05360e-04	3.32285	28.7	30869	1.07640e-04	3.32285	29.5	31558	1.05250e-04	3.32148	28.3	31346	1.05950e-04	3.32109	29.8
66770.771	16.052	31516	1.05430e-04	3.32285	28.7	30876	1.07620e-04	3.32285	29.5	31607	1.05080e-04	3.32129	28.3	31366	1.05880e-04	3.32109	29.8
66771.959	16.055	31531	1.05390e-04	3.32305	28.7	30887	1.07590e-04	3.32305	29.5	31634	1.05000e-04	3.32168	28.3	31363	1.05900e-04	3.32129	29.8
66773.148	16.055	31564	1.05280e-04	3.32305	28.7	30884	1.07590e-04	3.32285	29.5	31593	1.05140e-04	3.32168	28.3	31340	1.05980e-04	3.32129	29.8
66774.335	16.058	31559	1.05300e-04	3.32305	28.7	30880	1.07600e-04	3.32266	29.5	31649	1.04950e-04	3.32148	28.3	31328	1.06020e-04	3.32129	29.8
66775.524	16.058	31560	1.05290e-04	3.32285	28.7	30859	1.07670e-04	3.32266	29.5	31587	1.05150e-04	3.32148	28.3	31324	1.06020e-04	3.32109	29.8
66776.712	16.055	31589	1.05200e-04	3.32305	28.7	30912	1.07490e-04	3.32285	29.5	31618	1.05050e-04	3.32148	28.3	31355	1.05920e-04	3.32129	29.8
66777.900	16.055	31573	1.05240e-04	3.32285	28.7	30897	1.07550e-04	3.32285	29.5	31686	1.04820e-04	3.32148	28.3	31396	1.05790e-04	3.32129	29.8
66779.089	16.055	31599	1.05160e-04	3.32285	28.7	30952	1.07360e-04	3.32285	29.5	31651	1.04950e-04	3.32168	28.3	31351	1.05930e-04	3.32109	29.8
66780.277	16.052	31593	1.05180e-04	3.32305	28.7	30955	1.07350e-04	3.32305	29.5	31644	1.04960e-04	3.32148	28.3	31372	1.05870e-04	3.32129	29.8
66781.465	16.052	31582	1.05210e-04	3.32285	28.7	30918	1.07470e-04	3.32285	29.5	31666	1.04890e-04	3.32148	28.3	31357	1.05920e-04	3.32129	29.8
66782.654	16.061	31522	1.05420e-04	3.32305	28.7	30902	1.07540e-04	3.32305	29.5	31631	1.05010e-04	3.32168	28.3	31385	1.05820e-04	3.32109	29.8
66783.842	16.061	31507	1.05470e-04	3.32305	28.7	30943	1.07380e-04	3.32285	29.5	31637	1.04990e-04	3.32148	28.3	31421	1.05710e-04	3.32148	29.8
66785.030	16.060	31586	1.05210e-04	3.32305	28.7	30898	1.07540e-04	3.32285	29.5	31611	1.05070e-04	3.32148	28.3	31348	1.05950e-04	3.32148	29.8
66786.218	16.060	31548	1.05330e-04	3.32285	28.7	30888	1.07570e-04	3.32266	29.5	31604	1.05100e-04	3.32168	28.3	31339	1.05980e-04	3.32129	29.8
66787.407	16.060	31540	1.05360e-04	3.32305	28.7	30902	1.07520e-04	3.32266	29.5	31636	1.04990e-04	3.32148	28.3	31391	1.05810e-04	3.32129	29.8
66788.594	16.059	31548	1.05330e-04	3.32305	28.7	30871	1.07640e-04	3.32285	29.5	31535	1.05330e-04	3.32168	28.3	31369	1.05880e-04	3.32129	29.8
66789.783	16.059	31573	1.05240e-04	3.32285	28.7	30898	1.07540e-04	3.32285	29.5	31638	1.04980e-04	3.32148	28.3	31357	1.05920e-04	3.32129	29.8
66790.971	16.039	31581	1.05220e-04	3.32305	28.7	30934	1.07420e-04	3.32285	29.6	31616	1.05060e-04	3.32148	28.3	31344	1.05970e-04	3.32148	29.8
66792.159	16.039	31582	1.05220e-04	3.32305	28.7	30952	1.07360e-04	3.32305	29.5	31653	1.04940e-04	3.32168	28.3	31400	1.05770e-04	3.32129	29.8
66793.348	16.032	31514	1.05440e-04	3.32285	28.7	30845	1.07730e-04	3.32285	29.5	31628	1.05020e-04	3.32148	28.3	31363	1.05890e-04	3.32109	29.8
66794.536	16.032	31638	1.05030e-04	3.32305	28.7	30962	1.07320e-04	3.32285	29.6	31654	1.04930e-04	3.32148	28.3	31328	1.06010e-04	3.32109	29.8
66795.724	16.040	31578	1.05230e-04	3.32285	28.7	30932	1.07430e-04	3.32305	29.6	31638	1.04990e-04	3.32168	28.3	31401	1.05770e-04	3.32129	29.8
66796.912	16.040	31553	1.05310e-04	3.32285	28.7	30881	1.07600e-04	3.32285	29.6	31606	1.05090e-04	3.32148	28.3	31357	1.05920e-04	3.32129	29.8
66798.101	16.040	31629	1.05070e-04	3.32324	28.7	30941	1.07390e-04	3.32285	29.6	31618	1.05060e-04	3.32168	28.3	31389	1.05810e-04	3.32129	29.8
66799.289	16.038	31488	1.05530e-04	3.32285	28.7	30931	1.07430e-04	3.32285	29.6	31620	1.05050e-04	3.32168	28.3	31364	1.05900e-04	3.32148	29.8
66800.477	16.038	31536	1.05370e-04	3.32305	28.7	30887	1.07580e-04	3.32285	29.6	31616	1.05060e-04	3.32148	28.4	31308	1.06090e-04	3.32129	29.8
66801.665	16.037	31542	1.05350e-04	3.32305	28.7	30899	1.07540e-04	3.32285	29.6	31546	1.05300e-04	3.32168	28.3	31324	1.06030e-04	3.32129	29.8
66802.854	16.037	31498	1.05490e-04	3.32285	28.7	30889	1.07580e-04	3.32285	29.6	31549	1.05290e-04	3.32168	28.4	31332	1.06010e-04	3.32148	29.8
66804.042	16.057	31638	1.05030e-04	3.32305	28.7	30946	1.07380e-04	3.32305	29.6	31605	1.05090e-04	3.32148	28.4	31377	1.05850e-04	3.32129	29.8
66805.230	16.057	31562	1.05280e-04	3.32285	28.7	30893	1.07570e-04	3.32305	29.6	31651	1.04940e-04	3.32129	28.4	31344	1.05960e-04	3.32129	29.8
66806.418	16.057	31472	1.05580e-04	3.32266	28.7	30895	1.07550e-04	3.32266	29.6	31554	1.05270e-04	3.32168	28.4	31362	1.05900e-04	3.32129	29.8
66807.606	16.053	31496	1.05510e-04	3.32324	28.7	30916	1.07490e-04	3.32324	29.6	31562	1.05240e-04	3.32148	28.4	31315	1.06050e-04	3.32109	29.8
66808.795	16.053	31535	1.05380e-04	3.32305	28.7	30882	1.07600e-04	3.32305	29.6	31579	1.05190e-04	3.32168	28.4	31351	1.05950e-04	3.32148	29.8
66809.983	16.049	31507	1.05460e-04	3.32266	28.7	30864	1.07650e-04	3.32266	29.6	31575	1.05190e-04	3.32148	28.4	31351	1.05940e-04	3.32148	29.8
66811.171	16.049	31628	1.05070e-04	3.32324	28.7	30942	1.07390e-04	3.32285	29.6	31579	1.05190e-04	3.32168	28.3	31297	1.06120e-04	3.32129	29.8
66812.360	16.069	31590	1.05190e-04	3.32285	28.7	30910	1.07500e-04	3.32285	29.6	31682	1.04840e-04	3.32168	28.4	31393	1.05800e-04	3.32129	29.8
66813.547	16.069	31509	1.05460e-04	3.32285	28.7	30882	1.07600e-04	3.32285	29.6	31607	1.05090e-04	3.32148	28.4	31358	1.05910e-04	3.32109	29.8
66814.736	16.061	31545	1.05340e-04	3.32305	28.7	30894	1.07560e-04	3.32285	29.6	31553	1.05270e-04	3.32148	28.4	31362	1.05900e-04	3.32129	29.8
66815.924	16.061	31561	1.05280e-04	3.32285	28.7	30887	1.07580e-04	3.32285	29.6	31601	1.05110e-04	3.32168	28.4	31308	1.06080e-04	3.32129	29.8
66817.112	16.039	31540	1.05360e-04	3.32305	28.7	30855	1.07700e-04	3.32305	29.6	31543	1.05300e-04	3.32148	28.4	31351	1.05940e-04	3.32129	29.8
66818.301	16.039	31525	1.05410e-04	3.32305	28.7	30855	1.07700e-04	3.32305	29.6	31547	1.05290e-04	3.32168	28.4	31339	1.05990e-04	3.32148	29.8
66819.489	16.039	31554	1.05310e-04	3.32285	28.7	30858	1.07690e-04	3.32305	29.6	31530	1.05350e-04	3.32168	28.4	31334	1.06000e-04	3.32129	29.8
66820.677	16.044	31581	1.05230e-04	3.32324	28.7	30858	1.07680e-04	3.32285	29.6	31550	1.05280e-04	3.32148	28.4	31302	1.06110e-04	3.32129	29.8
66821.865	16.044	31495	1.05510e-04	3.32305	28.7	30915	1.07490e-04	3.32305	29.6	31580	1.05180e-04	3.32168	28.4	31323	1.06050e-04	3.32168	29.8
66823.053	16.043	31537	1.05360e-04	3.32285	28.7	30869	1.07650e-04	3.32305	29.6	31597	1.05120e-04	3.32148	28.4	31330	1.06020e-04	3.32148	29.8
66824.242	16.043	31566	1.05280e-04	3.32324	28.7	30850	1.07700e-04	3.32266	29.6	31556	1.05260e-04	3.32148	28.4	31362	1.05900e-04	3.32129	29.8
66825.430	16.043	31591	1.05180e-04	3.32285	28.7	30898	1.07550e-04	3.32305	29.6	31590	1.05150e-04	3.32168	28.4	31320	1.06040e-04	3.32129	29.8
66826.618	16.045	31567	1.05270e-04	3.32305	28.7	30901	1.07530e-04	3.32285	29.6	31662	1.04900e-04	3.32148	28.4	31391	1.05810e-04	3.32129	29.8
66827.807	16.051	31578	1.05240e-04	3.32324	28.7	30950	1.07370e-04	3.32305	29.6	31588	1.05160e-04	3.32168	28.4	31374	1.05870e-04	3.32148	29.8
66828.995	16.051	31534	1.05370e-04	3.32285	28.7	30947	1.07380e-04	3.32305	29.6	31567	1.05230e-04	3.32168	28.4	31340	1.05980e-04	3.32148	29.8
66830.183	16.051	31556	1.05310e-04	3.32305	28.7	30865	1.07660e-04	3.32285	29.6	31578	1.05180e-04	3.32148	28.4	31390	1.05800e-04	3.32109	29.8
66831.371	16.049	31491	1.05520e-04	3.32305	28.7	30832	1.07770e-04	3.32285	29.6	31554	1.05270e-04	3.32168	28.4	31343	1.05970e-04	3.32148	29.8
66832.560	16.049	31513	1.05440e-04	3.32285	28.7	30882	1.07600e-04	3.32285	29.6	31578	1.05190e-04	3.32168	28.4	31334	1.06000e-04	3.32148	29.8
66833.748	16.044	31519	1.05440e-04	3.32324	28.7	30859	1.07670e-04	3.32266	29.6	31547	1.05290e-04	3.32148	28.4	31285	1.06160e-04	3.32129	29.8
66834.936	16.044	31628	1.05070e-04	3.32305	28.8	30893	1.07560e-04	3.32305	29.6	31634	1.05000e-04	3.32168	28.4	31345	1.05970e-04	3.32148	29.8
66836.124	16.034	31574	1.05240e-04	3.32285	28.8	30872	1.07630e-04	3.32285	29.6	31607	1.05090e-04	3.32148	28.4	31341	1.05970e-04	3.32129	29.8
66837.312	16.034	31502	1.05490e-04	3.32305	28.8	30887	1.07580e-04	3.32285	29.6	31636	1.05000e-04	3.32168	28.4	31369	1.05870e-04	3.32109	29.8
66838.501	16.039	31597	1.05170e-04	3.32305	28.8	30914	1.07490e-04	3.32305	29.6	31594	1.05130e-04	3.32148	28.4	31352	1.05940e-04	3.32129	29.8
66839.689	16.039	31590	1.05190e-04	3.32285	28.7	30870	1.07640e-04	3.32285	29.6	31597	1.05130e-04	3.32168	28.4	31348	1.05950e-04	3.32129	29.8
66840.877	16.039	31541	1.05360e-04	3.32305	28.8	30887	1.07580e-04	3.32285	29.6	31561	1.05240e-04	3.32148	28.4	31368	1.05890e-04	3.32148	29.8
66842.065	16.038	31585	1.05200e-04	3.32285	28.7	30895	1.07560e-04	3.32305	29.6	31596	1.05130e-04	3.32168	28.4	31349	1.05940e-04	3.32129	29.8
66843.254	16.038	31559	1.05300e-04	3.32305	28.7	30916	1.07480e-04	3.32285	29.6	31611	1.05080e-04	3.32168	28.4	31280	1.06170e-04	3.32109	29.8
66844.442	16.040	31564	1.05290e-04	3.32324	28.7	30905	1.07520e-04	3.32285	29.6	31623	1.05040e-04	3.32168	28.4	31337	1.05990e-04	3.32148	29.8
66845.630	16.040	31600	1.05150e-04	3.32285	28.7	30883	1.07590e-04	3.32285	29.6	31561	1.05250e-04	3.32168	28.4	31367	1.05880e-04	3.32129	29.8
66846.819	16.041	31572	1.05250e-04	3.32305	28.7	30911	1.07490e-04	3.32266	29.6	31579	1.05190e-04	3.32168	28.4	31340	1.05980e-04	3.32148	29.8
66848.006	16.041	31579	1.05230e-04	3.32305	28.7	30913	1.07500e-04	3.32305	29.6	31596	1.05120e-04	3.32148	28.4	31316	1.06060e-04	3.32148	29.8
66849.195	16.041	31599	1.05160e-04	3.32285	28.7	30912	1.07490e-04	3.32285	29.6	31576	1.05190e-04	3.32148	28.3	31363	1.05890e-04	3.32109	29.8
66850.383	16.018	31579	1.05230e-04	3.32305	28.7	30913	1.07490e-04	3.32285	29.6	31595	1.05130e-04	3.32168	28.3	31362	1.05900e-04	3.32129	29.8
66851.571	16.018	31634	1.05050e-04	3.32305	28.7	30944	1.07390e-04	3.32305	29.6	31705	1.04770e-04	3.32168	28.3	31393	1.05800e-04	3.32148	29.8
66852.760	16.023	31621	1.05080e-04	3.32285	28.7	30916	1.07480e-04	3.32285	29.6	31624	1.05030e-04	3.32148	28.3	31382	1.05840e-04	3.32148	29.8
66853.948	16.023	31657	1.04970e-04	3.32305	28.7	30978	1.07270e-04	3.32305	29.6	31627	1.05020e-04	3.32148	28.4	31396	1.05790e-04	3.32148	29.8
66855.136	16.037	31533	1.05380e-04	3.32285	28.7	30927	1.07440e-04	3.32285	29.6	31595	1.05130e-04	3.32148	28.4	31365	1.05890e-04	3.32129	29.8
66856.324	16.037	31530	1.05390e-04	3.32305	28.7	30890	1.07560e-04	3.32266	29.6	31591	1.05150e-04	3.32168	28.4	31369	1.05870e-04	3.32109	29.8
66857.513	16.035	31476	1.05580e-04	3.32305	28.7	30891	1.07570e-04	3.32305	29.6	31609	1.05090e-04	3.32168	28.3	31319	1.06050e-04	3.32148	29.8
66858.701	16.035	31571	1.05240e-04	3.32266	28.7	30878	1.07610e-04	3.32285	29.6	31566	1.05220e-04	3.32148	28.3	31342	1.05980e-04	3.32148	29.8
66859.889	16.035	31570	1.05260e-04	3.32305	28.7	30917	1.07480e-04	3.32285	29.6	31699	1.04780e-04	3.32148	28.4	31409	1.05750e-04	3.32148	29.8
66861.077	16.035	31576	1.05240e-04	3.32305	28.7	30951	1.07370e-04	3.32305	29.6	31652	1.04940e-04	3.32148	28.3	31417	1.05710e-04	3.32129	29.8
66862.266	16.035	31571	1.05250e-04	3.32285	28.7	30925	1.07450e-04	3.32285	29.6	31561	1.05240e-04	3.32148	28.3	31363	1.05890e-04	3.32109	29.8
66863.454	16.018	31592	1.05190e-04	3.32324	28.7	30942	1.07400e-04	3.32305	29.6	31609	1.05090e-04	3.32168	28.4	31311	1.06070e-04	3.32129	29.8
66864.642	16.018	31555	1.05300e-04	3.32285	28.7	30888	1.07580e-04	3.32305	29.6	31631	1.05010e-04	3.32168	28.3	31363	1.05900e-04	3.32129	29.8
66865.830	16.045	31486	1.05540e-04	3.32305	28.7	30956	1.07340e-04	3.32285	29.6	31578	1.05180e-04	3.32148	28.3	31374	1.05870e-04	3.32148	29.8
66867.019	16.045	31555	1.05310e-04	3.32305	28.7	30849	1.07720e-04	3.32305	29.6	31566	1.05230e-04	3.32168	28.3	31292	1.06140e-04	3.32129	29.8
66868.207	16.045	31573	1.05250e-04	3.32305	28.7	30893	1.07570e-04	3.32305	29.6	31612	1.05070e-04	3.32148	28.3	31406	1.05750e-04	3.32129	29.8
66869.395	16.026	31502	1.05480e-04	3.32285	28.7	30895	1.07550e-04	3.32266	29.6	31553	1.05270e-04	3.32148	28.3	31338	1.05980e-04	3.32109	29.8
66870.583	16.026	31551	1.05320e-04	3.32305	28.7	30820	1.07810e-04	3.32285	29.6	31571	1.05210e-04	3.32168	28.3	31321	1.06040e-04	3.32129	29.8
66871.772	16.040	31552	1.05310e-04	3.32285	28.7	30875	1.07620e-04	3.32285	29.6	31591	1.05140e-04	3.32148	28.3	31371	1.05880e-04	3.32148	29.8
66872.960	16.040	31654	1.04980e-04	3.32305	28.7	30897	1.07550e-04	3.32285	29.6	31631	1.05010e-04	3.32168	28.3	31354	1.05930e-04	3.32129	29.8
66874.148	16.049	31602	1.05150e-04	3.32305	28.7	30933	1.07430e-04	3.32305	29.6	31626	1.05030e-04	3.32168	28.3	31421	1.05700e-04	3.32129	29.8
66875.336	16.049	31595	1.05180e-04	3.32305	28.7	30898	1.07540e-04	3.32285	29.6	31642	1.04970e-04	3.32148	28.3	31417	1.05710e-04	3.32129	29.8
66876.525	16.043	31563	1.05280e-04	3.32305	28.7	30910	1.07500e-04	3.32285	29.6	31598	1.05120e-04	3.32168	28.3	31321	1.06040e-04	3.32129	29.8
66877.712	16.043	31597	1.05160e-04	3.32285	28.7	30936	1.07410e-04	3.32285	29.6	31596	1.05130e-04	3.32168	28.3	31347	1.05960e-04	3.32148	29.8
66878.901	16.040	31529	1.05400e-04	3.32305	28.7	30901	1.07530e-04	3.32285	29.6	31585	1.05160e-04	3.32148	28.3	31319	1.06040e-04	3.32109	29.8
66880.089	16.040	31510	1.05460e-04	3.32305	28.7	30858	1.07690e-04	3.32305	29.6	31629	1.05020e-04	3.32168	28.3	31321	1.06050e-04	3.32148	29.8
66881.277	16.040	31524	1.05410e-04	3.32305	28.7	30868	1.07650e-04	3.32285	29.6	31541	1.05310e-04	3.32148	28.3	31341	1.05970e-04	3.32129	29.8
66882.466	16.050	31560	1.05290e-04	3.32305	28.7	30873	1.07620e-04	3.32266	29.6	31565	1.05230e-04	3.32168	28.3	31341	1.05970e-04	3.32129	29.8
66883.654	16.050	31570	1.05260e-04	3.32305	28.7	30827	1.07790e-04	3.32285	29.6	31578	1.05190e-04	3.32168	28.3	31356	1.05930e-04	3.32148	29.8
66884.842	16.051	31538	1.05370e-04	3.32305	28.7	30892	1.07560e-04	3.32285	29.6	31616	1.05060e-04	3.32148	28.3	31343	1.05970e-04	3.32148	29.8
66886.030	16.051	31585	1.05200e-04	3.32285	28.7	30912	1.07490e-04	3.32285	29.6	31608	1.05090e-04	3.32168	28.3	31387	1.05820e-04	3.32129	29.8
66887.218	16.053	31581	1.05220e-04	3.32305	28.7	30897	1.07550e-04	3.32285	29.6	31655	1.04930e-04	3.32168	28.3	31354	1.05930e-04	3.32129	29.8
66888.407	16.053	31572	1.05250e-04	3.32305	28.7	30888	1.07580e-04	3.32305	29.6	31654	1.04940e-04	3.32168	28.3	31301	1.06120e-04	3.32148	29.8
66889.595	16.035	31496	1.05500e-04	3.32285	28.7	30898	1.07550e-04	3.32305	29.6	31644	1.04970e-04	3.32168	28.3	31369	1.05890e-04	3.32148	29.8
66890.783	16.035	31570	1.05250e-04	3.32285	28.7	30893	1.07560e-04	3.32285	29.6	31525	1.05370e-04	3.32168	28.3	31352	1.05940e-04	3.32148	29.8
66891.971	16.035	31531	1.05390e-04	3.32305	28.7	30882	1.07600e-04	3.32285	29.6	31604	1.05090e-04	3.32129	28.3	31350	1.05940e-04	3.32109	29.8
66893.160	16.043	31593	1.05190e-04	3.32324	28.7	30896	1.07550e-04	3.32285	29.6	31647	1.04970e-04	3.32188	28.3	31349	1.05940e-04	3.32129	29.8
66894.348	16.043	31497	1.05500e-04	3.32305	28.7	30914	1.07490e-04	3.32305	29.6	31651	1.04940e-04	3.32148	28.4	31358	1.05920e-04	3.32129	29.8
66895.536	16.039	31562	1.05290e-04	3.32305	28.7	30897	1.07540e-04	3.32266	29.6	31579	1.05190e-04	3.32168	28.4	31375	1.05860e-04	3.32129	29.8
66896.724	16.039	31583	1.05200e-04	3.32266	28.7	30920	1.07470e-04	3.32305	29.6	31629	1.05030e-04	3.32188	28.4	31341	1.05990e-04	3.32168	29.8
66897.913	16.047	31568	1.05270e-04	3.32324	28.7	30924	1.07450e-04	3.32285	29.6	31581	1.05170e-04	3.32129	28.4	31371	1.05870e-04	3.32129	29.8
66899.101	16.047	31562	1.05290e-04	3.32305	28.7	30932	1.07440e-04	3.32324	29.6	31567	1.05230e-04	3.32188	28.4	31476	1.05520e-04	3.32148	29.8
66900.289	16.047	31603	1.05140e-04	3.32285	28.7	30891	1.07580e-04	3.32324	29.6	31563	1.05250e-04	3.32188	28.4	31380	1.05840e-04	3.32129	29.8
66901.478	16.030	31508	1.05470e-04	3.32305	28.7	30927	1.07440e-04	3.32285	29.6	31569	1.05210e-04	3.32129	28.4	31340	1.05970e-04	3.32109	29.8
66902.666	16.030	31566	1.05270e-04	3.32305	28.7	30887	1.07590e-04	3.32324	29.6	31598	1.05120e-04	3.32168	28.4	31417	1.05730e-04	3.32168	29.8
66903.854	16.048	31501	1.05480e-04	3.32285	28.7	30943	1.07390e-04	3.32305	29.6	31634	1.05000e-04	3.32168	28.4	31339	1.05990e-04	3.32148	29.8
66905.042	16.048	31499	1.05500e-04	3.32305	28.8	30894	1.07560e-04	3.32285	29.6	31554	1.05270e-04	3.32168	28.4	31311	1.06070e-04	3.32129	29.8
66906.231	16.049	31551	1.05320e-04	3.32305	28.8	30853	1.07700e-04	3.32305	29.6	31590	1.05150e-04	3.32168	28.4	31377	1.05860e-04	3.32148	29.8
66907.419	16.049	31542	1.05350e-04	3.32305	28.8	30892	1.07560e-04	3.32285	29.6	31590	1.05140e-04	3.32148	28.4	31387	1.05820e-04	3.32129	29.8
66908.607	16.032	31555	1.05310e-04	3.32305	28.8	30924	1.07450e-04	3.32266	29.6	31623	1.05040e-04	3.32168	28.4	31383	1.05840e-04	3.32148	29.8
66909.795	16.032	31592	1.05190e-04	3.32305	28.8	30855	1.07700e-04	3.32305	29.6	31554	1.05270e-04	3.32168	28.4	31343	1.05970e-04	3.32148	29.8
66910.983	16.032	31531	1.05390e-04	3.32305	28.8	30856	1.07690e-04	3.32285	29.6	31584	1.05160e-04	3.32148	28.4	31325	1.06030e-04	3.32129	29.8
66912.172	16.043	31579	1.05220e-04	3.32285	28.8	30913	1.07500e-04	3.32305	29.6	31572	1.05210e-04	3.32168	28.4	31410	1.05750e-04	3.32148	29.8
66913.360	16.043	31567	1.05270e-04	3.32305	28.8	30847	1.07720e-04	3.32285	29.6	31589	1.05150e-04	3.32148	28.4	31342	1.05970e-04	3.32129	29.8
66914.548	16.041	31574	1.05250e-04	3.32305	28.8	30942	1.07400e-04	3.32305	29.6	31580	1.05180e-04	3.32148	28.4	31382	1.05830e-04	3.32129	29.8
66915.736	16.041	31578	1.05230e-04	3.32285	28.8	30896	1.07560e-04	3.32324	29.6	31605	1.05100e-04	3.32168	28.4	31380	1.05850e-04	3.32168	29.8
66916.925	16.052	31535	1.05380e-04	3.32324	28.8	30912	1.07490e-04	3.32285	29.6	31575	1.05200e-04	3.32168	28.4	31357	1.05920e-04	3.32129	29.8
66918.113	16.052	31578	1.05230e-04	3.32305	28.8	30926	1.07450e-04	3.32285	29.6	31649	1.04950e-04	3.32168	28.4	31305	1.06090e-04	3.32129	29.8
66919.301	16.052	31565	1.05280e-04	3.32305	28.8	30893	1.07570e-04	3.32305	29.6	31611	1.05080e-04	3.32168	28.4	31366	1.05890e-04	3.32148	29.8
66920.489	16.021	31604	1.05150e-04	3.32305	28.8	30938	1.07400e-04	3.32285	29.6	31619	1.05050e-04	3.32168	28.4	31397	1.05790e-04	3.32148	29.8
66921.678	16.021	31563	1.05280e-04	3.32305	28.8	30961	1.07320e-04	3.32285	29.6	31625	1.05030e-04	3.32168	28.4	31325	1.06030e-04	3.32148	29.8
66922.866	16.031	31556	1.05310e-04	3.32305	28.8	30931	1.07430e-04	3.32305	29.6	31607	1.05090e-04	3.32168	28.4	31364	1.05900e-04	3.32148	29.8
66924.054	16.031	31573	1.05240e-04	3.32285	28.8	30848	1.07720e-04	3.32305	29.6	31581	1.05170e-04	3.32148	28.4	31366	1.05880e-04	3.32109	29.8
66925.242	16.047	31556	1.05310e-04	3.32324	28.8	30935	1.07410e-04	3.32285	29.6	31647	1.04960e-04	3.32168	28.4	31345	1.05970e-04	3.32148	29.8
66926.431	16.047	31585	1.05210e-04	3.32305	28.8	30920	1.07480e-04	3.32324	29.6	31609	1.05090e-04	3.32168	28.4	31335	1.06000e-04	3.32148	29.8
66927.619	16.028	31634	1.05050e-04	3.32305	28.8	30914	1.07490e-04	3.32305	29.6	31580	1.05180e-04	3.32148	28.4	31343	1.05970e-04	3.32148	29.8
66928.807	16.028	31538	1.05370e-04	3.32324	28.8	30933	1.07420e-04	3.32285	29.6	31633	1.05000e-04	3.32148	28.4	31396	1.05790e-04	3.32148	29.8
66929.995	16.032	31493	1.05510e-04	3.32285	28.8	30904	1.07530e-04	3.32305	29.6	31566	1.05230e-04	3.32168	28.4	31326	1.06030e-04	3.32148	29.8
66931.183	16.032	31513	1.05450e-04	3.32305	28.8	30901	1.07530e-04	3.32285	29.6	31581	1.05170e-04	3.32148	28.4	31332	1.06000e-04	3.32129	29.8
66932.372	16.032	31526	1.05400e-04	3.32285	28.8	30909	1.07500e-04	3.32285	29.6	31644	1.04970e-04	3.32168	28.4	31335	1.06000e-04	3.32148	29.8
66933.560	16.018	31550	1.05330e-04	3.32305	28.8	30916	1.07480e-04	3.32285	29.6	31617	1.05060e-04	3.32168	28.4	31354	1.05930e-04	3.32148	29.8
66934.748	16.018	31573	1.05250e-04	3.32305	28.8	30939	1.07400e-04	3.32285	29.6	31560	1.05240e-04	3.32148	28.4	31389	1.05810e-04	3.32129	29.8
66935.937	16.031	31578	1.05230e-04	3.32285	28.8	30930	1.07440e-04	3.32305	29.6	31556	1.05270e-04	3.32188	28.4	31404	1.05760e-04	3.32129	29.8
66937.125	16.031	31577	1.05240e-04	3.32324	28.8	30920	1.07470e-04	3.32285	29.6	31614	1.05070e-04	3.32168	28.4	31328	1.06020e-04	3.32129	29.8
66938.313	16.029	31562	1.05290e-04	3.32305	28.8	30895	1.07560e-04	3.32305	29.6	31607	1.05090e-04	3.32168	28.4	31388	1.05820e-04	3.32148	29.8
66939.501	16.029	31519	1.05430e-04	3.32305	28.8	30868	1.07650e-04	3.32305	29.6	31570	1.05220e-04	3.32168	28.4	31378	1.05850e-04	3.32148	29.8
66940.690	16.039	31554	1.05320e-04	3.32324	28.8	30907	1.07520e-04	3.32305	29.6	31557	1.05260e-04	3.32168	28.4	31354	1.05930e-04	3.32148	29.8
66941.877	16.039	31544	1.05350e-04	3.32305	28.8	30903	1.07530e-04	3.32285	29.6	31598	1.05120e-04	3.32168	28.4	31355	1.05920e-04	3.32129	29.8
66943.066	16.039	31588	1.05200e-04	3.32305	28.8	30909	1.07510e-04	3.32305	29.6	31615	1.05070e-04	3.32168	28.4	31386	1.05820e-04	3.32129	29.8
66944.254	16.026	31578	1.05240e-04	3.32324	28.8	30931	1.07430e-04	3.32285	29.6	31609	1.05090e-04	3.32168	28.4	31388	1.05820e-04	3.32148	29.8
66945.443	16.026	31598	1.05170e-04	3.32305	28.8	30948	1.07380e-04	3.32305	29.6	31574	1.05200e-04	3.32168	28.4	31394	1.05800e-04	3.32148	29.8
66946.631	16.023	31558	1.05300e-04	3.32324	28.8	30933	1.07430e-04	3.32305	29.6	31623	1.05040e-04	3.32168	28.4	31435	1.05660e-04	3.32148	29.8
66947.819	16.023	31542	1.05360e-04	3.32324	28.8	30935	1.07420e-04	3.32305	29.6	31638	1.04990e-04	3.32168	28.4	31393	1.05800e-04	3.32148	29.8
66949.007	16.034	31546	1.05340e-04	3.32305	28.8	30921	1.07470e-04	3.32305	29.6	31579	1.05190e-04	3.32168	28.4	31398	1.05780e-04	3.32129	29.8
66950.195	16.034	31553	1.05320e-04	3.32324	28.8	30897	1.07560e-04	3.32324	29.6	31555	1.05260e-04	3.32148	28.4	31385	1.05820e-04	3.32129	29.8
66951.384	16.034	31564	1.05280e-04	3.32305	28.8	30951	1.07360e-04	3.32285	29.6	31588	1.05160e-04	3.32168	28.4	31339	1.05990e-04	3.32148	29.8
66952.572	16.032	31588	1.05200e-04	3.32324	28.8	30910	1.07510e-04	3.32305	29.6	31597	1.05130e-04	3.32168	28.4	31359	1.05920e-04	3.32148	29.8
66953.760	16.032	31562	1.05280e-04	3.32305	28.8	30917	1.07480e-04	3.32285	29.6	31618	1.05060e-04	3.32168	28.4	31337	1.05990e-04	3.32148	29.8
66954.949	16.032	31559	1.05300e-04	3.32305	28.8	30880	1.07600e-04	3.32285	29.6	31564	1.05230e-04	3.32148	28.4	31354	1.05930e-04	3.32129	29.8
66956.137	16.032	31526	1.05410e-04	3.32305	28.8	30879	1.07620e-04	3.32305	29.6	31579	1.05190e-04	3.32168	28.4	31430	1.05670e-04	3.32129	29.8
66957.325	16.032	31527	1.05400e-04	3.32305	28.8	30892	1.07570e-04	3.32305	29.6	31645	1.04970e-04	3.32168	28.4	31340	1.05980e-04	3.32129	29.8
66958.513	16.032	31584	1.05210e-04	3.32305	28.8	30920	1.07470e-04	3.32285	29.6	31548	1.05290e-04	3.32168	28.4	31334	1.06000e-04	3.32148	29.8
66959.701	16.035	31566	1.05270e-04	3.32305	28.8	30898	1.07550e-04	3.32305	29.6	31558	1.05260e-04	3.32168	28.4	31389	1.05820e-04	3.32148	29.8
66960.889	16.035	31594	1.05190e-04	3.32324	28.8	30907	1.07520e-04	3.32305	29.6	31596	1.05130e-04	3.32168	28.4	31322	1.06040e-04	3.32129	29.8
66962.078	16.035	31555	1.05300e-04	3.32285	28.8	31002	1.07190e-04	3.32305	29.6	31635	1.05000e-04	3.32168	28.4	31344	1.05960e-04	3.32129	29.8
66963.266	16.045	31570	1.05260e-04	3.32305	28.8	30899	1.07550e-04	3.32305	29.6	31580	1.05180e-04	3.32168	28.4	31384	1.05830e-04	3.32148	29.8
66964.454	16.045	31550	1.05330e-04	3.32324	28.8	30911	1.07500e-04	3.32285	29.6	31575	1.05200e-04	3.32148	28.4	31331	1.06010e-04	3.32129	29.8
66965.643	16.037	31605	1.05140e-04	3.32305	28.8	30989	1.07230e-04	3.32305	29.6	31543	1.05310e-04	3.32168	28.4	31376	1.05870e-04	3.32168	29.8
66966.831	16.037	31570	1.05260e-04	3.32305	28.8	30915	1.07480e-04	3.32285	29.6	31594	1.05140e-04	3.32168	28.4	31395	1.05790e-04	3.32129	29.8
66968.019	16.006	31689	1.04870e-04	3.32324	28.8	30903	1.07520e-04	3.32285	29.6	31673	1.04870e-04	3.32168	28.4	31351	1.05940e-04	3.32129	29.8
66969.208	16.006	31586	1.05210e-04	3.32305	28.8	30953	1.07360e-04	3.32305	29.6	31664	1.04900e-04	3.32168	28.4	31414	1.05730e-04	3.32148	29.8
66970.396	16.006	31595	1.05180e-04	3.32305	28.8	30935	1.07410e-04	3.32266	29.6	31611	1.05070e-04	3.32148	28.4	31370	1.05870e-04	3.32109	29.8
66971.584	16.010	31587	1.05210e-04	3.32324	28.8	30952	1.07370e-04	3.32324	29.6	31564	1.05240e-04	3.32188	28.4	31337	1.06000e-04	3.32168	29.8
66972.772	16.010	31577	1.05230e-04	3.32285	28.8	30989	1.07240e-04	3.32324	29.6	31608	1.05090e-04	3.32168	28.4	31374	1.05870e-04	3.32148	29.8
66973.960	16.017	31583	1.05220e-04	3.32324	28.8	30957	1.07340e-04	3.32285	29.6	31636	1.05000e-04	3.32168	28.4	31382	1.05830e-04	3.32109	29.8
66975.148	16.017	31527	1.05400e-04	3.32305	28.8	30880	1.07620e-04	3.32324	29.6	31636	1.05000e-04	3.32188	28.4	31392	1.05810e-04	3.32168	29.8
66976.337	16.022	31563	1.05280e-04	3.32305	28.8	30909	1.07510e-04	3.32305	29.6	31598	1.05120e-04	3.32168	28.4	31349	1.05960e-04	3.32168	29.8
66977.525	16.022	31549	1.05340e-04	3.32324	28.8	30898	1.07540e-04	3.32285	29.6	31576	1.05200e-04	3.32168	28.4	31328	1.06020e-04	3.32148	29.8
66978.713	16.030	31589	1.05200e-04	3.32305	28.8	30873	1.07640e-04	3.32305	29.6	31648	1.04960e-04	3.32168	28.4	31374	1.05870e-04	3.32148	29.8
66979.901	16.030	31531	1.05390e-04	3.32305	28.8	30937	1.07410e-04	3.32305	29.6	31614	1.05060e-04	3.32148	28.4	31360	1.05910e-04	3.32129	29.8
66981.090	16.037	31567	1.05280e-04	3.32324	28.8	30905	1.07520e-04	3.32305	29.6	31565	1.05240e-04	3.32188	28.4	31295	1.06130e-04	3.32129	29.8
66982.278	16.037	31537	1.05370e-04	3.32305	28.8	30876	1.07630e-04	3.32324	29.6	31593	1.05140e-04	3.32168	28.4	31314	1.06070e-04	3.32148	29.8
66983.466	16.037	31555	1.05310e-04	3.32305	28.8	30935	1.07420e-04	3.32305	29.6	31568	1.05220e-04	3.32148	28.4	31351	1.05940e-04	3.32148	29.8
66984.654	16.041	31610	1.05130e-04	3.32305	28.8	30938	1.07410e-04	3.32305	29.6	31661	1.04920e-04	3.32188	28.4	31393	1.05800e-04	3.32129	29.8
66985.843	16.041	31539	1.05360e-04	3.32285	28.8	30979	1.07270e-04	3.32305	29.6	31615	1.05070e-04	3.32168	28.4	31427	1.05690e-04	3.32148	29.8
66987.031	16.052	31573	1.05260e-04	3.32324	28.8	30898	1.07540e-04	3.32285	29.6	31608	1.05080e-04	3.32148	28.4	31359	1.05910e-04	3.32129	29.8
66988.219	16.052	31564	1.05280e-04	3.32305	28.8	30946	1.07380e-04	3.32305	29.6	31580	1.05180e-04	3.32168	28.4	31361	1.05920e-04	3.32168	29.8
66989.408	16.040	31560	1.05290e-04	3.32285	28.8	30874	1.07630e-04	3.32285	29.6	31598	1.05120e-04	3.32168	28.4	31352	1.05940e-04	3.32148	29.8
66990.595	16.040	31541	1.05360e-04	3.32324	28.8	30920	1.07470e-04	3.32285	29.6	31566	1.05230e-04	3.32168	28.4	31363	1.05900e-04	3.32129	29.8
66991.784	16.040	31562	1.05290e-04	3.32305	28.8	30883	1.07600e-04	3.32305	29.6	31566	1.05230e-04	3.32168	28.4	31320	1.06050e-04	3.32148	29.8
66992.972	16.014	31578	1.05230e-04	3.32305	28.8	30922	1.07460e-04	3.32285	29.6	31654	1.04940e-04	3.32168	28.4	31428	1.05680e-04	3.32129	29.8
66994.160	16.014	31599	1.05170e-04	3.32324	28.8	30935	1.07420e-04	3.32305	29.6	31594	1.05140e-04	3.32188	28.4	31392	1.05800e-04	3.32129	29.8
66995.348	16.034	31553	1.05320e-04	3.32305	28.8	30926	1.07460e-04	3.32324	29.6	31654	1.04940e-04	3.32168	28.4	31324	1.06040e-04	3.32148	29.8
66996.537	16.034	31549	1.05320e-04	3.32285	28.8	30946	1.07380e-04	3.32285	29.6	31618	1.05050e-04	3.32148	28.4	31391	1.05800e-04	3.32129	29.8
66997.725	16.038	31576	1.05240e-04	3.32305	28.8	30940	1.07400e-04	3.32285	29.6	31606	1.05100e-04	3.32168	28.4	31395	1.05790e-04	3.32129	29.8
66998.913	16.038	31588	1.05200e-04	3.32305	28.8	30968	1.07310e-04	3.32305	29.6	31633	1.05010e-04	3.32168	28.4	31385	1.05830e-04	3.32148	29.8
67000.101	16.043	31581	1.05230e-04	3.32324	28.8	30957	1.07340e-04	3.32285	29.6	31648	1.04950e-04	3.32148	28.4	31412	1.05730e-04	3.32129	29.8
67001.290	16.043	31562	1.05290e-04	3.32305	28.8	30936	1.07420e-04	3.32305	29.6	31717	1.04730e-04	3.32168	28.4	31367	1.05890e-04	3.32148	29.8
67002.478	16.043	31493	1.05510e-04	3.32285	28.8	30917	1.07480e-04	3.32285	29.6	31668	1.04890e-04	3.32168	28.4	31423	1.05700e-04	3.32148	29.8
67003.666	16.038	31532	1.05390e-04	3.32324	28.8	30927	1.07440e-04	3.32266	29.6	31602	1.05110e-04	3.32168	28.4	31419	1.05710e-04	3.32129	29.8
67004.855	16.038	31622	1.05090e-04	3.32305	28.8	30929	1.07440e-04	3.32305	29.6	31625	1.05030e-04	3.32168	28.4	31397	1.05780e-04	3.32129	29.8
67006.042	16.040	31583	1.05220e-04	3.32324	28.8	30963	1.07320e-04	3.32305	29.6	31606	1.05090e-04	3.32168	28.4	31329	1.06020e-04	3.32148	29.8
67007.231	16.040	31512	1.05450e-04	3.32305	28.8	30869	1.07650e-04	3.32305	29.6	31576	1.05200e-04	3.32168	28.4	31364	1.05900e-04	3.32148	29.8
67008.419	16.041	31579	1.05230e-04	3.32305	28.8	30898	1.07540e-04	3.32285	29.6	31551	1.05280e-04	3.32168	28.4	31370	1.05870e-04	3.32129	29.8
67009.607	16.041	31554	1.05310e-04	3.32305	28.8	30909	1.07510e-04	3.32305	29.6	31602	1.05110e-04	3.32168	28.4	31304	1.06100e-04	3.32148	29.8
67010.796	16.042	31570	1.05260e-04	3.32305	28.8	30886	1.07590e-04	3.32305	29.6	31645	1.04970e-04	3.32168	28.4	31419	1.05710e-04	3.32129	29.8
67011.984	16.042	31520	1.05430e-04	3.32324	28.8	30948	1.07370e-04	3.32285	29.6	31586	1.05160e-04	3.32168	28.4	31381	1.05840e-04	3.32129	29.8
67013.172	16.042	31590	1.05200e-04	3.32324	28.8	30938	1.07410e-04	3.32305	29.6	31554	1.05270e-04	3.32168	28.4	31297	1.06130e-04	3.32148	29.8
67014.361	16.037	31598	1.05170e-04	3.32305	28.8	30961	1.07320e-04	3.32285	29.6	31616	1.05060e-04	3.32168	28.4	31353	1.05940e-04	3.32148	29.8
67015.548	16.037	31579	1.05230e-04	3.32305	28.8	30925	1.07450e-04	3.32285	29.6	31557	1.05260e-04	3.32168	28.4	31323	1.06030e-04	3.32129	29.8
67016.737	16.028	31558	1.05300e-04	3.32324	28.8	30885	1.07590e-04	3.32305	29.6	31573	1.05210e-04	3.32168	28.4	31371	1.05880e-04	3.32148	29.8
67017.925	16.028	31575	1.05240e-04	3.32305	28.8	30923	1.07460e-04	3.32285	29.6	31597	1.05120e-04	3.32148	28.4	31402	1.05760e-04	3.32109	29.8
67019.113	16.018	31564	1.05280e-04	3.32305	28.8	30906	1.07530e-04	3.32324	29.6	31581	1.05180e-04	3.32168	28.4	31298	1.06120e-04	3.32148	29.8
67020.301	16.018	31587	1.05200e-04	3.32285	28.8	30877	1.07620e-04	3.32285	29.6	31569	1.05210e-04	3.32148	28.4	31385	1.05820e-04	3.32129	29.8
67021.490	16.018	31661	1.04960e-04	3.32324	28.8	30962	1.07320e-04	3.32285	29.7	31620	1.05050e-04	3.32168	28.4	31367	1.05880e-04	3.32129	29.8
67022.678	16.031	31568	1.05270e-04	3.32305	28.8	30975	1.07290e-04	3.32324	29.7	31597	1.05130e-04	3.32168	28.4	31371	1.05880e-04	3.32148	29.8
67023.866	16.031	31584	1.05210e-04	3.32285	28.8	30955	1.07350e-04	3.32285	29.7	31588	1.05150e-04	3.32148	28.4	31385	1.05820e-04	3.32129	29.8
67025.055	16.023	31571	1.05260e-04	3.32324	28.8	30889	1.07570e-04	3.32285	29.6	31609	1.05090e-04	3.32168	28.4	31353	1.05940e-04	3.32148	29.8
67026.243	16.023	31607	1.05140e-04	3.32324	28.8	30871	1.07650e-04	3.32324	29.7	31603	1.05110e-04	3.32188	28.4	31391	1.05810e-04	3.32168	29.8
67027.431	16.026	31641	1.05020e-04	3.32305	28.8	30988	1.07240e-04	3.32305	29.7	31649	1.04950e-04	3.32168	28.4	31389	1.05820e-04	3.32148	29.8
67028.619	16.026	31615	1.05110e-04	3.32305	28.8	31006	1.07170e-04	3.32305	29.7	31635	1.05000e-04	3.32168	28.4	31366	1.05890e-04	3.32129	29.8
67029.808	16.016	31628	1.05070e-04	3.32305	28.8	31031	1.07090e-04	3.32305	29.7	31647	1.04960e-04	3.32148	28.4	31402	1.05770e-04	3.32129	29.8
67030.996	16.016	31613	1.05120e-04	3.32324	28.8	30920	1.07470e-04	3.32285	29.7	31587	1.05160e-04	3.32168	28.4	31391	1.05800e-04	3.32129	29.8
67032.184	16.027	31532	1.05390e-04	3.32324	28.8	30867	1.07670e-04	3.32344	29.7	31575	1.05200e-04	3.32188	28.4	31334	1.06010e-04	3.32168	29.8
67033.372	16.027	31528	1.05400e-04	3.32305	28.8	30888	1.07590e-04	3.32324	29.7	31589	1.05150e-04	3.32168	28.4	31370	1.05890e-04	3.32168	29.8
67034.561	16.027	31569	1.05260e-04	3.32305	28.8	30889	1.07580e-04	3.32285	29.7	31571	1.05210e-04	3.32168	28.5	31330	1.06020e-04	3.32148	29.8
67035.749	16.035	31590	1.05200e-04	3.32324	28.9	30892	1.07570e-04	3.32305	29.7	31576	1.05200e-04	3.32168	28.5	31384	1.05830e-04	3.32148	29.8
67036.937	16.035	31613	1.05120e-04	3.32305	28.9	30924	1.07450e-04	3.32285	29.7	31618	1.05060e-04	3.32168	28.5	31327	1.06020e-04	3.32129	29.8
67038.125	16.035	31621	1.05100e-04	3.32324	28.9	30984	1.07240e-04	3.32285	29.7	31639	1.04990e-04	3.32168	28.5	31348	1.05960e-04	3.32148	29.8
67039.313	16.035	31660	1.04960e-04	3.32305	28.9	30941	1.07400e-04	3.32305	29.7	31610	1.05080e-04	3.32168	28.5	31364	1.05900e-04	3.32148	29.8
67040.502	16.035	31570	1.05260e-04	3.32305	28.9	30958	1.07330e-04	3.32285	29.7	31618	1.05060e-04	3.32168	28.5	31364	1.05900e-04	3.32129	29.8
67041.690	16.037	31655	1.04980e-04	3.32324	28.9	30944	1.07390e-04	3.32305	29.7	31633	1.05010e-04	3.32188	28.5	31393	1.05800e-04	3.32129	29.8
67042.878	16.030	31570	1.05260e-04	3.32305	28.9	30977	1.07280e-04	3.32305	29.7	31646	1.04970e-04	3.32168	28.5	31430	1.05670e-04	3.32129	29.8
67044.067	16.030	31580	1.05230e-04	3.32324	28.9	30960	1.07330e-04	3.32305	29.7	31620	1.05060e-04	3.32188	28.5	31383	1.05840e-04	3.32148	29.8
67045.255	16.030	31563	1.05280e-04	3.32305	28.9	30898	1.07550e-04	3.32305	29.7	31567	1.05230e-04	3.32188	28.5	31369	1.05890e-04	3.32148	29.8
67046.443	16.032	31493	1.05520e-04	3.32305	28.9	30830	1.07790e-04	3.32305	29.7	31579	1.05190e-04	3.32168	28.5	31350	1.05950e-04	3.32148	29.8
67047.631	16.032	31527	1.05410e-04	3.32324	28.9	30873	1.07640e-04	3.32305	29.7	31538	1.05320e-04	3.32168	28.5	31304	1.06100e-04	3.32129	29.8
67048.819	16.034	31583	1.05220e-04	3.32305	28.9	30905	1.07520e-04	3.32285	29.7	31544	1.05310e-04	3.32188	28.5	31334	1.06000e-04	3.32148	29.8
67050.008	16.034	31568	1.05270e-04	3.32305	28.9	30895	1.07550e-04	3.32285	29.7	31563	1.05240e-04	3.32168	28.5	31312	1.06080e-04	3.32148	29.8
67051.196	16.025	31506	1.05470e-04	3.32305	28.9	30872	1.07640e-04	3.32305	29.7	31550	1.05280e-04	3.32168	28.5	31261	1.06250e-04	3.32129	29.8
67052.384	16.025	31514	1.05450e-04	3.32305	28.9	30901	1.07550e-04	3.32324	29.7	31500	1.05450e-04	3.32168	28.5	31251	1.06290e-04	3.32168	29.8
67053.572	16.049	31562	1.05290e-04	3.32305	28.9	30872	1.07640e-04	3.32305	29.7	31567	1.05220e-04	3.32148	28.5	31308	1.06080e-04	3.32129	29.8
67054.761	16.049	31523	1.05420e-04	3.32324	28.9	30924	1.07460e-04	3.32305	29.7	31612	1.05080e-04	3.32188	28.5	31296	1.06120e-04	3.32129	29.8
67055.949	16.049	31547	1.05340e-04	3.32305	28.9	30902	1.07540e-04	3.32305	29.7	31541	1.05310e-04	3.32168	28.5	31349	1.05950e-04	3.32148	29.8
67057.137	16.038	31584	1.05210e-04	3.32305	28.9	30919	1.07480e-04	3.32305	29.7	31588	1.05160e-04	3.32168	28.5	31353	1.05940e-04	3.32148	29.8
67058.325	16.038	31567	1.05270e-04	3.32305	28.9	30873	1.07640e-04	3.32324	29.7	31591	1.05150e-04	3.32188	28.5	31312	1.06080e-04	3.32168	29.8
67059.513	16.062	31544	1.05350e-04	3.32305	28.9	30894	1.07560e-04	3.32285	29.7	31555	1.05270e-04	3.32168	28.5	31332	1.06000e-04	3.32129	29.9
67060.702	16.062	31540	1.05370e-04	3.32324	28.9	30915	1.07480e-04	3.32285	29.7	31532	1.05340e-04	3.32168	28.5	31360	1.05920e-04	3.32148	29.9
67061.890	16.050	31589	1.05200e-04	3.32305	28.9	30832	1.07780e-04	3.32305	29.7	31524	1.05380e-04	3.32188	28.5	31342	1.05980e-04	3.32148	29.9
67063.078	16.050	31592	1.05190e-04	3.32305	28.9	30880	1.07610e-04	3.32305	29.7	31613	1.05070e-04	3.32148	28.5	31357	1.05920e-04	3.32148	29.9
67064.266	16.050	31622	1.05090e-04	3.32324	28.9	30891	1.07570e-04	3.32305	29.7	31596	1.05130e-04	3.32168	28.5	31355	1.05930e-04	3.32148	29.9
67065.454	16.046	31531	1.05380e-04	3.32285	28.9	30877	1.07620e-04	3.32305	29.7	31530	1.05350e-04	3.32168	28.5	31297	1.06130e-04	3.32148	29.9
67066.643	16.046	31553	1.05320e-04	3.32324	28.9	30901	1.07540e-04	3.32305	29.7	31584	1.05160e-04	3.32148	28.5	31309	1.06070e-04	3.32109	29.9
67067.831	16.050	31524	1.05410e-04	3.32305	28.9	30903	1.07540e-04	3.32324	29.7	31524	1.05380e-04	3.32188	28.5	31323	1.06040e-04	3.32148	29.9
67069.019	16.050	31527	1.05400e-04	3.32305	28.9	30862	1.07680e-04	3.32305	29.7	31526	1.05360e-04	3.32168	28.5	31312	1.06080e-04	3.32148	29.9
67070.207	16.061	31546	1.05340e-04	3.32305	28.9	30844	1.07730e-04	3.32285	29.7	31555	1.05260e-04	3.32148	28.5	31331	1.06010e-04	3.32129	29.9
67071.396	16.061	31509	1.05470e-04	3.32324	28.9	30868	1.07650e-04	3.32305	29.7	31582	1.05180e-04	3.32168	28.5	31335	1.06000e-04	3.32148	29.9
67072.584	16.031	31542	1.05350e-04	3.32305	28.9	30863	1.07670e-04	3.32285	29.7	31542	1.05300e-04	3.32148	28.5	31314	1.06060e-04	3.32129	29.9
67073.772	16.031	31570	1.05270e-04	3.32324	28.9	30878	1.07610e-04	3.32285	29.7	31526	1.05360e-04	3.32168	28.5	31329	1.06020e-04	3.32148	29.9
67074.961	16.031	31564	1.05280e-04	3.32305	28.9	30920	1.07470e-04	3.32305	29.7	31532	1.05350e-04	3.32188	28.5	31304	1.06110e-04	3.32168	29.9
67076.149	16.040	31577	1.05240e-04	3.32305	28.9	30912	1.07500e-04	3.32305	29.7	31496	1.05460e-04	3.32168	28.5	31352	1.05940e-04	3.32148	29.9
67077.337	16.040	31562	1.05290e-04	3.32324	28.9	30909	1.07510e-04	3.32305	29.7	31593	1.05140e-04	3.32168	28.5	31338	1.05990e-04	3.32148	29.9
67078.525	16.038	31593	1.05180e-04	3.32305	28.9	30911	1.07510e-04	3.32324	29.7	31582	1.05180e-04	3.32168	28.5	31325	1.06030e-04	3.32148	29.9
67079.713	16.038	31638	1.05030e-04	3.32305	28.9	30916	1.07480e-04	3.32305	29.7	31660	1.04920e-04	3.32168	28.5	31443	1.05630e-04	3.32148	29.9
67080.901	16.026	31556	1.05310e-04	3.32324	28.9	30931	1.07430e-04	3.32285	29.7	31575	1.05200e-04	3.32148	28.5	31396	1.05790e-04	3.32129	29.9
67082.090	16.026	31616	1.05110e-04	3.32305	28.9	30908	1.07510e-04	3.32305	29.7	31615	1.05070e-04	3.32188	28.5	31340	1.05990e-04	3.32168	29.9
67083.278	16.026	31502	1.05490e-04	3.32324	28.9	30893	1.07570e-04	3.32305	29.7	31519	1.05390e-04	3.32168	28.5	31320	1.06050e-04	3.32148	29.9
67084.466	16.032	31591	1.05200e-04	3.32324	28.9	30858	1.07690e-04	3.32305	29.7	31541	1.05320e-04	3.32188	28.5	31349	1.05950e-04	3.32129	29.9
67085.655	16.032	31581	1.05220e-04	3.32305	28.9	30931	1.07430e-04	3.32285	29.7	31517	1.05390e-04	3.32168	28.5	31388	1.05810e-04	3.32129	29.9
67086.843	16.002	31576	1.05240e-04	3.32305	28.9	30924	1.07450e-04	3.32285	29.7	31558	1.05260e-04	3.32168	28.5	31339	1.05990e-04	3.32148	29.9
67088.031	16.002	31593	1.05180e-04	3.32305	28.9	30884	1.07600e-04	3.32305	29.7	31598	1.05130e-04	3.32188	28.5	31336	1.06000e-04	3.32168	29.9
67089.219	15.998	31582	1.05220e-04	3.32305	28.9	30930	1.07440e-04	3.32305	29.7	31617	1.05060e-04	3.32168	28.5	31400	1.05780e-04	3.32148	29.9
67090.408	15.998	31552	1.05330e-04	3.32324	28.9	30920	1.07470e-04	3.32305	29.7	31636	1.04990e-04	3.32148	28.5	31369	1.05880e-04	3.32148	29.9
67091.596	16.005	31611	1.05130e-04	3.32324	28.9	30970	1.07300e-04	3.32324	29.7	31597	1.05130e-04	3.32188	28.5	31392	1.05810e-04	3.32148	29.9
67092.784	16.005	31579	1.05230e-04	3.32305	28.9	30910	1.07510e-04	3.32305	29.7	31585	1.05170e-04	3.32168	28.5	31351	1.05950e-04	3.32148	29.9
67093.972	16.020	31598	1.05170e-04	3.32324	28.9	30943	1.07380e-04	3.32285	29.7	31550	1.05280e-04	3.32148	28.5	31316	1.06060e-04	3.32148	29.9
67095.161	16.020	31611	1.05120e-04	3.32305	28.9	30916	1.07490e-04	3.32305	29.7	31630	1.05020e-04	3.32188	28.5	31307	1.06090e-04	3.32148	29.9
67096.349	16.020	31550	1.05330e-04	3.32305	28.9	30922	1.07470e-04	3.32305	29.7	31612	1.05070e-04	3.32168	28.5	31325	1.06030e-04	3.32148	29.9
67097.537	16.018	31582	1.05230e-04	3.32324	28.9	30881	1.07600e-04	3.32285	29.7	31519	1.05390e-04	3.32168	28.5	31349	1.05940e-04	3.32129	29.9
67098.725	16.018	31587	1.05200e-04	3.32305	28.9	30892	1.07570e-04	3.32305	29.7	31567	1.05230e-04	3.32188	28.5	31357	1.05920e-04	3.32129	29.9
67099.914	16.009	31585	1.05210e-04	3.32305	28.9	30898	1.07540e-04	3.32285	29.7	31527	1.05350e-04	3.32129	28.5	31433	1.05660e-04	3.32129	29.9
67101.102	16.009	31574	1.05250e-04	3.32305	28.9	30974	1.07290e-04	3.32324	29.7	31572	1.05220e-04	3.32188	28.5	31418	1.05720e-04	3.32148	29.9
67102.290	16.002	31603	1.05150e-04	3.32305	28.9	30973	1.07290e-04	3.32305	29.7	31581	1.05190e-04	3.32188	28.5	31356	1.05930e-04	3.32148	29.9
67103.478	16.002	31580	1.05230e-04	3.32305	28.9	30907	1.07520e-04	3.32305	29.7	31575	1.05190e-04	3.32148	28.5	31296	1.06120e-04	3.32109	29.9
67104.666	16.019	31557	1.05300e-04	3.32305	28.9	30939	1.07410e-04	3.32305	29.7	31585	1.05170e-04	3.32188	28.5	31324	1.06040e-04	3.32148	29.9
67105.855	16.019	31577	1.05240e-04	3.32305	28.9	30932	1.07430e-04	3.32305	29.7	31612	1.05080e-04	3.32168	28.5	31345	1.05970e-04	3.32168	29.9
67107.043	16.019	31559	1.05300e-04	3.32324	28.9	30909	1.07500e-04	3.32285	29.7	31598	1.05120e-04	3.32168	28.5	31374	1.05870e-04	3.32148	29.9
67108.231	16.019	31595	1.05180e-04	3.32305	28.9	30967	1.07300e-04	3.32285	29.7	31559	1.05250e-04	3.32168	28.5	31356	1.05930e-04	3.32148	29.9
67109.420	16.019	31619	1.05090e-04	3.32285	28.9	30941	1.07390e-04	3.32285	29.7	31632	1.05000e-04	3.32148	28.5	31407	1.05750e-04	3.32129	29.9
67110.608	16.024	31661	1.04960e-04	3.32324	28.9	30951	1.07370e-04	3.32305	29.7	31617	1.05060e-04	3.32168	28.5	31422	1.05710e-04	3.32148	29.9
67111.796	16.024	31651	1.04990e-04	3.32305	28.9	31005	1.07180e-04	3.32305	29.7	31689	1.04830e-04	3.32188	28.5	31453	1.05610e-04	3.32168	29.9
67112.984	16.016	31598	1.05170e-04	3.32324	28.9	30936	1.07420e-04	3.32305	29.7	31600	1.05120e-04	3.32168	28.5	31418	1.05720e-04	3.32148	29.9
67114.172	16.016	31562	1.05290e-04	3.32305	28.9	30947	1.07380e-04	3.32305	29.7	31599	1.05110e-04	3.32148	28.5	31343	1.05970e-04	3.32129	29.9
67115.360	16.016	31564	1.05280e-04	3.32324	28.9	30905	1.07520e-04	3.32305	29.7	31589	1.05160e-04	3.32188	28.5	31360	1.05910e-04	3.32129	29.9
67116.549	16.027	31539	1.05360e-04	3.32305	28.9	30955	1.07350e-04	3.32305	29.7	31645	1.04970e-04	3.32188	28.5	31374	1.05870e-04	3.32148	29.9
67117.737	16.027	31604	1.05140e-04	3.32285	28.9	30887	1.07580e-04	3.32285	29.7	31593	1.05140e-04	3.32168	28.5	31322	1.06040e-04	3.32148	29.9
67118.925	16.032	31569	1.05270e-04	3.32324	28.9	30907	1.07520e-04	3.32305	29.7	31557	1.05270e-04	3.32188	28.5	31353	1.05940e-04	3.32168	29.9
67120.113	16.032	31571	1.05260e-04	3.32324	28.9	30935	1.07420e-04	3.32305	29.7	31589	1.05150e-04	3.32168	28.5	31347	1.05960e-04	3.32148	29.9
67121.302	16.040	31589	1.05200e-04	3.32305	28.9	30890	1.07570e-04	3.32285	29.7	31558	1.05260e-04	3.32168	28.5	31323	1.06030e-04	3.32129	29.9
67122.490	16.040	31551	1.05320e-04	3.32305	28.9	30851	1.07720e-04	3.32324	29.7	31610	1.05090e-04	3.32188	28.5	31377	1.05860e-04	3.32148	29.9
67123.678	16.037	31558	1.05300e-04	3.32305	28.9	30909	1.07510e-04	3.32305	29.7	31617	1.05060e-04	3.32168	28.5	31367	1.05890e-04	3.32148	29.9
67124.866	16.037	31598	1.05170e-04	3.32324	28.9	30913	1.07500e-04	3.32305	29.7	31577	1.05190e-04	3.32168	28.5	31390	1.05810e-04	3.32129	29.9
67126.055	16.037	31545	1.05350e-04	3.32324	28.9	30937	1.07420e-04	3.32324	29.7	31567	1.05230e-04	3.32188	28.5	31366	1.05900e-04	3.32148	29.9
67127.243	16.047	31554	1.05310e-04	3.32305	28.9	30904	1.07530e-04	3.32305	29.7	31562	1.05240e-04	3.32168	28.5	31338	1.05990e-04	3.32148	29.9
67128.431	16.047	31553	1.05320e-04	3.32324	28.9	30888	1.07580e-04	3.32305	29.7	31580	1.05180e-04	3.32168	28.5	31331	1.06010e-04	3.32129	29.9
67129.620	16.053	31556	1.05310e-04	3.32324	28.9	30890	1.07580e-04	3.32305	29.7	31542	1.05310e-04	3.32188	28.5	31363	1.05910e-04	3.32168	29.9
67130.808	16.053	31543	1.05350e-04	3.32305	28.9	30915	1.07480e-04	3.32285	29.7	31596	1.05130e-04	3.32168	28.5	31298	1.06120e-04	3.32148	29.9
67131.996	16.045	31560	1.05300e-04	3.32324	28.9	30861	1.07670e-04	3.32285	29.8	31515	1.05400e-04	3.32168	28.5	31300	1.06110e-04	3.32129	29.9
67133.184	16.045	31552	1.05320e-04	3.32305	28.9	30916	1.07480e-04	3.32305	29.7	31608	1.05090e-04	3.32188	28.5	31326	1.06030e-04	3.32148	29.9
67134.372	16.045	31536	1.05370e-04	3.32305	28.9	30893	1.07560e-04	3.32285	29.7	31582	1.05180e-04	3.32168	28.5	31410	1.05740e-04	3.32129	29.9
67135.560	16.055	31533	1.05380e-04	3.32305	28.9	30906	1.07520e-04	3.32305	29.7	31587	1.05170e-04	3.32188	28.5	31327	1.06030e-04	3.32148	29.9
67136.749	16.055	31526	1.05410e-04	3.32324	28.9	30865	1.07660e-04	3.32305	29.7	31506	1.05430e-04	3.32168	28.5	31324	1.06040e-04	3.32148	29.9
67137.937	16.037	31525	1.05410e-04	3.32305	28.9	30868	1.07650e-04	3.32305	29.7	31565	1.05230e-04	3.32168	28.5	31353	1.05940e-04	3.32148	29.9
67139.125	16.037	31577	1.05240e-04	3.32324	28.9	30907	1.07520e-04	3.32305	29.7	31572	1.05220e-04	3.32188	28.5	31366	1.05890e-04	3.32148	29.9
67140.313	16.030	31607	1.05130e-04	3.32285	28.9	30959	1.07340e-04	3.32305	29.7	31574	1.05200e-04	3.32168	28.5	31379	1.05850e-04	3.32148	29.9
67141.502	16.030	31620	1.05100e-04	3.32324	28.9	30969	1.07300e-04	3.32285	29.7	31599	1.05110e-04	3.32148	28.5	31380	1.05840e-04	3.32129	29.9
67142.690	16.036	31570	1.05260e-04	3.32305	28.9	30891	1.07570e-04	3.32305	29.7	31605	1.05100e-04	3.32188	28.5	31326	1.06030e-04	3.32168	29.9
67143.878	16.036	31560	1.05290e-04	3.32305	28.9	30894	1.07550e-04	3.32266	29.7	31588	1.05150e-04	3.32148	28.5	31346	1.05960e-04	3.32129	29.9
67145.067	16.035	31621	1.05090e-04	3.32324	28.9	30959	1.07340e-04	3.32305	29.7	31609	1.05090e-04	3.32168	28.5	31389	1.05820e-04	3.32148	29.9
67146.254	16.035	31544	1.05350e-04	3.32324	28.9	30922	1.07460e-04	3.32305	29.7	31588	1.05160e-04	3.32188	28.5	31354	1.05940e-04	3.32168	29.9
67147.443	16.035	31605	1.05140e-04	3.32305	28.9	30892	1.07560e-04	3.32285	29.7	31597	1.05120e-04	3.32148	28.5	31295	1.06130e-04	3.32129	29.9
67148.631	16.043	31581	1.05230e-04	3.32324	28.9	30934	1.07430e-04	3.32324	29.7	31613	1.05080e-04	3.32188	28.5	31365	1.05910e-04	3.32168	29.9
67149.819	16.043	31619	1.05100e-04	3.32305	28.9	30938	1.07420e-04	3.32324	29.7	31579	1.05190e-04	3.32168	28.5	31360	1.05920e-04	3.32168	29.9
67151.007	16.029	31627	1.05080e-04	3.32324	28.9	30893	1.07560e-04	3.32305	29.7	31530	1.05340e-04	3.32148	28.5	31319	1.06050e-04	3.32129	29.9
67152.196	16.029	31547	1.05340e-04	3.32305	28.9	30952	1.07360e-04	3.32305	29.7	31587	1.05170e-04	3.32188	28.5	31323	1.06040e-04	3.32148	29.9
67153.384	16.007	31593	1.05190e-04	3.32324	28.9	30881	1.07610e-04	3.32305	29.7	31492	1.05480e-04	3.32168	28.5	31316	1.06060e-04	3.32148	29.9
67154.572	16.007	31649	1.04990e-04	3.32285	28.9	30970	1.07290e-04	3.32285	29.7	31662	1.04910e-04	3.32168	28.5	31390	1.05810e-04	3.32148	29.9
67155.761	15.991	31604	1.05150e-04	3.32324	28.9	30971	1.07290e-04	3.32285	29.7	31637	1.04990e-04	3.32168	28.5	31422	1.05710e-04	3.32148	29.9
67156.949	15.991	31624	1.05090e-04	3.32324	28.9	31014	1.07150e-04	3.32305	29.7	31637	1.04990e-04	3.32168	28.5	31374	1.05870e-04	3.32148	29.9
67158.137	15.991	31649	1.04990e-04	3.32285	28.9	30947	1.07370e-04	3.32285	29.7	31653	1.04950e-04	3.32188	28.5	31398	1.05780e-04	3.32129	29.9
67159.325	15.989	31505	1.05480e-04	3.32324	28.9	30937	1.07410e-04	3.32305	29.7	31554	1.05270e-04	3.32168	28.5	31364	1.05900e-04	3.32129	29.9
67160.514	15.989	31605	1.05140e-04	3.32305	28.9	30905	1.07520e-04	3.32305	29.7	31633	1.05010e-04	3.32168	28.5	31330	1.06020e-04	3.32148	29.9
67161.702	16.016	31607	1.05130e-04	3.32285	28.9	30904	1.07530e-04	3.32305	29.7	31601	1.05110e-04	3.32168	28.5	31311	1.06080e-04	3.32148	29.9
67162.890	16.016	31627	1.05070e-04	3.32324	28.9	30956	1.07350e-04	3.32305	29.7	31648	1.04960e-04	3.32168	28.5	31405	1.05760e-04	3.32148	29.9
67164.078	16.029	31620	1.05090e-04	3.32305	28.9	30964	1.07320e-04	3.32305	29.7	31688	1.04830e-04	3.32168	28.5	31395	1.05790e-04	3.32129	29.9
67165.266	16.029	31603	1.05140e-04	3.32266	28.9	30920	1.07470e-04	3.32285	29.7	31604	1.05100e-04	3.32148	28.5	31339	1.05980e-04	3.32129	29.9
67166.455	16.029	31542	1.05370e-04	3.32344	28.9	30957	1.07350e-04	3.32305	29.7	31633	1.05010e-04	3.32168	28.5	31314	1.06070e-04	3.32148	29.9
67167.643	16.041	31580	1.05220e-04	3.32285	28.9	30899	1.07550e-04	3.32305	29.7	31621	1.05050e-04	3.32188	28.5	31348	1.05960e-04	3.32168	29.9
67168.831	16.041	31569	1.05260e-04	3.32305	28.9	30890	1.07570e-04	3.32285	29.7	31533	1.05340e-04	3.32168	28.5	31337	1.05990e-04	3.32129	29.9
67170.019	16.032	31536	1.05380e-04	3.32324	28.9	30895	1.07560e-04	3.32305	29.7	31550	1.05290e-04	3.32188	28.5	31287	1.06160e-04	3.32148	29.9
67171.207	16.032	31536	1.05370e-04	3.32305	28.9	30924	1.07450e-04	3.32285	29.7	31630	1.05020e-04	3.32168	28.5	31334	1.06000e-04	3.32148	29.9
67172.396	16.024	31547	1.05340e-04	3.32305	28.9	30878	1.07610e-04	3.32285	29.7	31593	1.05130e-04	3.32148	28.5	31343	1.05970e-04	3.32129	29.9
67173.584	16.024	31574	1.05250e-04	3.32324	28.9	30927	1.07450e-04	3.32324	29.7	31578	1.05200e-04	3.32188	28.5	31304	1.06110e-04	3.32168	29.9
67174.772	16.038	31629	1.05070e-04	3.32324	28.9	31009	1.07170e-04	3.32305	29.7	31632	1.05010e-04	3.32168	28.5	31371	1.05880e-04	3.32148	29.9
67175.960	16.038	31579	1.05220e-04	3.32266	28.9	30976	1.07280e-04	3.32305	29.7	31658	1.04930e-04	3.32188	28.5	31408	1.05750e-04	3.32129	29.9
67177.149	16.038	31569	1.05270e-04	3.32324	28.9	30936	1.07410e-04	3.32285	29.7	31630	1.05010e-04	3.32148	28.5	31391	1.05800e-04	3.32109	29.9
67178.337	16.041	31540	1.05360e-04	3.32305	28.9	30966	1.07310e-04	3.32305	29.7	31678	1.04870e-04	3.32188	28.5	31391	1.05810e-04	3.32148	29.9
67179.525	16.041	31561	1.05290e-04	3.32305	28.9	30877	1.07610e-04	3.32285	29.7	31609	1.05090e-04	3.32168	28.5	31381	1.05840e-04	3.32129	29.9
67180.714	16.054	31557	1.05310e-04	3.32324	28.9	30853	1.07700e-04	3.32305	29.7	31612	1.05070e-04	3.32168	28.5	31319	1.06050e-04	3.32148	29.9
67181.902	16.054	31573	1.05250e-04	3.32305	28.9	30929	1.07440e-04	3.32285	29.7	31658	1.04920e-04	3.32168	28.5	31356	1.05930e-04	3.32148	29.9
67183.090	16.021	31570	1.05260e-04	3.32305	28.9	30922	1.07460e-04	3.32285	29.7	31637	1.04990e-04	3.32148	28.5	31369	1.05870e-04	3.32109	29.9
67184.278	16.021	31512	1.05450e-04	3.32305	28.9	30894	1.07560e-04	3.32305	29.7	31665	1.04900e-04	3.32168	28.5	31348	1.05960e-04	3.32148	29.9
67185.466	16.021	31592	1.05180e-04	3.32285	28.9	30896	1.07560e-04	3.32305	29.7	31588	1.05160e-04	3.32168	28.5	31352	1.05940e-04	3.32129	29.9
67186.654	16.033	31596	1.05180e-04	3.32324	28.9	30903	1.07530e-04	3.32305	29.7	31654	1.04930e-04	3.32148	28.5	31330	1.06010e-04	3.32129	29.9
67187.843	16.033	31519	1.05430e-04	3.32305	28.9	30914	1.07490e-04	3.32305	29.7	31589	1.05150e-04	3.32168	28.5	31353	1.05930e-04	3.32129	29.9
67189.031	16.034	31574	1.05250e-04	3.32305	28.9	30917	1.07480e-04	3.32285	29.7	31604	1.05100e-04	3.32168	28.5	31323	1.06030e-04	3.32129	29.9
67190.219	16.034	31546	1.05340e-04	3.32305	28.9	30892	1.07560e-04	3.32285	29.7	31639	1.04990e-04	3.32168	28.5	31336	1.05990e-04	3.32129	29.9
67191.408	16.042	31574	1.05240e-04	3.32285	28.9	30886	1.07580e-04	3.32285	29.7	31634	1.05000e-04	3.32148	28.5	31314	1.06070e-04	3.32148	29.9
67192.596	16.042	31505	1.05480e-04	3.32305	28.9	30918	1.07470e-04	3.32285	29.7	31545	1.05290e-04	3.32148	28.5	31374	1.05860e-04	3.32129	29.9
67193.784	16.035	31565	1.05270e-04	3.32285	28.9	30891	1.07570e-04	3.32285	29.7	31601	1.05110e-04	3.32168	28.5	31319	1.06050e-04	3.32129	29.9
67194.972	16.035	31521	1.05420e-04	3.32285	28.9	30864	1.07660e-04	3.32285	29.7	31584	1.05160e-04	3.32148	28.5	31332	1.06000e-04	3.32109	29.9
67196.160	16.046	31542	1.05350e-04	3.32305	28.9	30902	1.07530e-04	3.32285	29.7	31554	1.05270e-04	3.32168	28.5	31365	1.05890e-04	3.32129	29.9
67197.349	16.046	31554	1.05310e-04	3.32305	28.9	30909	1.07510e-04	3.32305	29.7	31578	1.05180e-04	3.32148	28.5	31357	1.05920e-04	3.32129	29.9
67198.537	16.046	31615	1.05100e-04	3.32285	28.9	30904	1.07530e-04	3.32305	29.7	31564	1.05230e-04	3.32148	28.5	31346	1.05960e-04	3.32148	29.9
67199.725	16.047	31622	1.05090e-04	3.32305	28.9	31009	1.07160e-04	3.32285	29.7	31672	1.04880e-04	3.32168	28.5	31399	1.05780e-04	3.32129	29.9
67200.914	16.047	31565	1.05270e-04	3.32285	28.9	30974	1.07280e-04	3.32285	29.7	31639	1.04980e-04	3.32148	28.5	31389	1.05810e-04	3.32129	29.9
67202.102	16.042	31554	1.05310e-04	3.32305	28.9	30896	1.07550e-04	3.32285	29.7	31564	1.05240e-04	3.32168	28.5	31315	1.06060e-04	3.32129	29.9
67203.290	16.042	31550	1.05330e-04	3.32305	28.9	30884	1.07590e-04	3.32285	29.7	31571	1.05210e-04	3.32168	28.5	31391	1.05800e-04	3.32129	29.9
67204.478	16.042	31545	1.05340e-04	3.32305	28.9	30885	1.07590e-04	3.32285	29.7	31561	1.05240e-04	3.32148	28.5	31338	1.05990e-04	3.32148	29.9
67205.666	16.056	31556	1.05300e-04	3.32305	28.9	30890	1.07570e-04	3.32285	29.7	31596	1.05130e-04	3.32168	28.5	31368	1.05880e-04	3.32129	29.9
67206.855	16.049	31516	1.05440e-04	3.32305	28.9	30896	1.07550e-04	3.32285	29.7	31566	1.05230e-04	3.32168	28.5	31361	1.05910e-04	3.32129	29.9
67208.043	16.049	31544	1.05340e-04	3.32285	28.9	30901	1.07530e-04	3.32285	29.7	31576	1.05200e-04	3.32168	28.5	31323	1.06030e-04	3.32129	29.9
67209.231	16.049	31572	1.05250e-04	3.32305	28.9	30895	1.07550e-04	3.32285	29.7	31615	1.05070e-04	3.32168	28.5	31313	1.06070e-04	3.32129	29.9
67210.419	16.042	31544	1.05350e-04	3.32324	28.9	30884	1.07600e-04	3.32305	29.7	31582	1.05180e-04	3.32168	28.5	31382	1.05840e-04	3.32148	29.9
67211.608	16.042	31586	1.05200e-04	3.32266	28.8	30884	1.07600e-04	3.32305	29.7	31608	1.05090e-04	3.32168	28.5	31386	1.05830e-04	3.32148	29.9
67212.796	16.020	31586	1.05200e-04	3.32285	28.9	30915	1.07480e-04	3.32285	29.7	31613	1.05070e-04	3.32148	28.5	31372	1.05870e-04	3.32129	29.9
67213.984	16.020	31582	1.05230e-04	3.32324	28.9	30944	1.07380e-04	3.32285	29.7	31602	1.05100e-04	3.32148	28.5	31362	1.05900e-04	3.32129	29.9
67215.172	16.017	31526	1.05400e-04	3.32285	28.9	30883	1.07590e-04	3.32285	29.7	31604	1.05100e-04	3.32168	28.5	31330	1.06010e-04	3.32129	29.9
67216.360	16.017	31574	1.05250e-04	3.32324	28.9	30902	1.07520e-04	3.32266	29.7	31651	1.04950e-04	3.32168	28.5	31357	1.05920e-04	3.32129	29.9
67217.549	16.017	31592	1.05190e-04	3.32305	28.9	30911	1.07510e-04	3.32324	29.7	31660	1.04920e-04	3.32168	28.5	31397	1.05790e-04	3.32148	29.9
67218.737	16.014	31569	1.05260e-04	3.32285	28.9	30918	1.07470e-04	3.32266	29.7	31651	1.04950e-04	3.32168	28.5	31387	1.05810e-04	3.32109	29.9
67219.925	16.014	31604	1.05150e-04	3.32324	28.9	30913	1.07500e-04	3.32305	29.7	31608	1.05090e-04	3.32168	28.5	31371	1.05870e-04	3.32129	29.9
67221.113	16.029	31556	1.05310e-04	3.32305	28.9	30890	1.07580e-04	3.32305	29.7	31613	1.05070e-04	3.32168	28.5	31373	1.05870e-04	3.32148	29.9
67222.302	16.029	31540	1.05360e-04	3.32305	28.9	30907	1.07510e-04	3.32285	29.7	31637	1.04990e-04	3.32148	28.5	31326	1.06020e-04	3.32129	29.9
67223.490	16.050	31562	1.05290e-04	3.32305	28.9	30927	1.07450e-04	3.32305	29.7	31578	1.05200e-04	3.32188	28.5	31362	1.05910e-04	3.32148	29.9
67224.678	16.050	31549	1.05320e-04	3.32285	28.9	30869	1.07650e-04	3.32305	29.7	31632	1.05010e-04	3.32168	28.5	31332	1.06010e-04	3.32148	29.9
67225.867	16.043	31569	1.05260e-04	3.32305	28.9	30895	1.07550e-04	3.32285	29.7	31586	1.05160e-04	3.32168	28.5	31310	1.06080e-04	3.32129	29.9
67227.054	16.043	31558	1.05300e-04	3.32305	28.9	30931	1.07430e-04	3.32305	29.7	31601	1.05110e-04	3.32168	28.5	31330	1.06020e-04	3.32148	29.9
67228.243	16.043	31589	1.05190e-04	3.32285	28.9	30937	1.07400e-04	3.32266	29.7	31643	1.04960e-04	3.32129	28.5	31355	1.05920e-04	3.32129	29.9
67229.431	16.041	31562	1.05290e-04	3.32324	28.9	30915	1.07490e-04	3.32305	29.7	31602	1.05110e-04	3.32168	28.5	31393	1.05800e-04	3.32148	29.9
67230.620	16.041	31573	1.05250e-04	3.32305	28.9	30932	1.07430e-04	3.32305	29.7	31569	1.05220e-04	3.32168	28.5	31369	1.05890e-04	3.32148	29.9
67231.808	16.046	31581	1.05220e-04	3.32285	28.9	30901	1.07530e-04	3.32285	29.7	31601	1.05110e-04	3.32168	28.5	31308	1.06090e-04	3.32129	29.9
67232.996	16.046	31531	1.05400e-04	3.32324	28.9	30942	1.07400e-04	3.32305	29.7	31609	1.05090e-04	3.32168	28.5	31340	1.05980e-04	3.32129	29.9
67234.184	16.033	31626	1.05070e-04	3.32305	28.9	30916	1.07480e-04	3.32305	29.7	31671	1.04870e-04	3.32148	28.5	31375	1.05860e-04	3.32148	29.9
67235.373	16.033	31618	1.05100e-04	3.32305	28.9	30886	1.07580e-04	3.32285	29.7	31597	1.05120e-04	3.32148	28.5	31333	1.06000e-04	3.32129	29.9
67236.560	16.033	31596	1.05180e-04	3.32324	28.9	30935	1.07420e-04	3.32305	29.7	31564	1.05240e-04	3.32188	28.5	31311	1.06080e-04	3.32148	29.9
67237.749	16.021	31596	1.05170e-04	3.32285	28.9	30971	1.07290e-04	3.32285	29.7	31645	1.04960e-04	3.32148	28.5	31351	1.05930e-04	3.32109	29.9
67238.937	16.021	31599	1.05170e-04	3.32324	28.9	30954	1.07360e-04	3.32305	29.7	31604	1.05100e-04	3.32148	28.5	31422	1.05710e-04	3.32148	29.9
67240.126	16.017	31536	1.05370e-04	3.32305	28.9	30900	1.07540e-04	3.32285	29.7	31590	1.05150e-04	3.32168	28.5	31352	1.05940e-04	3.32148	29.9
67241.314	16.017	31541	1.05360e-04	3.32305	28.9	30896	1.07550e-04	3.32285	29.7	31530	1.05340e-04	3.32148	28.5	31290	1.06150e-04	3.32148	29.9
67242.502	16.021	31516	1.05430e-04	3.32285	28.9	30943	1.07380e-04	3.32285	29.7	31618	1.05050e-04	3.32148	28.5	31370	1.05880e-04	3.32129	29.9
67243.690	16.021	31520	1.05430e-04	3.32324	28.9	30898	1.07550e-04	3.32305	29.7	31600	1.05120e-04	3.32168	28.5	31343	1.05970e-04	3.32148	29.9
67244.878	16.023	31575	1.05240e-04	3.32285	28.9	30921	1.07470e-04	3.32305	29.7	31574	1.05200e-04	3.32168	28.5	31372	1.05870e-04	3.32129	29.9
67246.067	16.023	31518	1.05430e-04	3.32305	28.9	30857	1.07680e-04	3.32266	29.7	31638	1.04980e-04	3.32148	28.5	31365	1.05890e-04	3.32109	29.9
67247.255	16.023	31588	1.05210e-04	3.32324	28.8	30930	1.07440e-04	3.32324	29.7	31618	1.05060e-04	3.32168	28.5	31354	1.05930e-04	3.32129	29.9
67248.443	16.035	31542	1.05350e-04	3.32285	28.8	30921	1.07460e-04	3.32285	29.7	31667	1.04890e-04	3.32168	28.5	31392	1.05810e-04	3.32148	29.9
67249.631	16.035	31557	1.05310e-04	3.32324	28.8	30903	1.07530e-04	3.32305	29.7	31613	1.05070e-04	3.32168	28.5	31306	1.06090e-04	3.32129	29.9
67250.820	16.024	31541	1.05350e-04	3.32285	28.8	30886	1.07580e-04	3.32285	29.7	31634	1.05000e-04	3.32168	28.5	31364	1.05900e-04	3.32129	29.9
67252.007	16.024	31568	1.05270e-04	3.32305	28.8	30893	1.07550e-04	3.32266	29.7	31591	1.05130e-04	3.32129	28.5	31364	1.05900e-04	3.32129	29.9
67253.196	16.037	31561	1.05290e-04	3.32305	28.8	30912	1.07490e-04	3.32285	29.7	31625	1.05040e-04	3.32188	28.5	31367	1.05890e-04	3.32148	29.9
67254.384	16.037	31514	1.05440e-04	3.32285	28.8	30887	1.07580e-04	3.32285	29.7	31619	1.05050e-04	3.32168	28.5	31367	1.05890e-04	3.32148	29.9
67255.572	16.037	31595	1.05180e-04	3.32305	28.8	30955	1.07340e-04	3.32285	29.7	31580	1.05180e-04	3.32148	28.5	31384	1.05820e-04	3.32109	29.9
67256.761	16.041	31556	1.05310e-04	3.32305	28.8	30878	1.07620e-04	3.32305	29.7	31656	1.04930e-04	3.32168	28.5	31376	1.05850e-04	3.32129	29.9
67257.949	16.039	31514	1.05440e-04	3.32285	28.8	30902	1.07530e-04	3.32305	29.7	31640	1.04980e-04	3.32148	28.5	31401	1.05760e-04	3.32109	29.9
67259.137	16.039	31510	1.05460e-04	3.32305	28.8	30836	1.07760e-04	3.32285	29.7	31534	1.05330e-04	3.32148	28.5	31313	1.06070e-04	3.32129	29.9
67260.325	16.039	31547	1.05340e-04	3.32305	28.8	30923	1.07460e-04	3.32285	29.7	31667	1.04890e-04	3.32168	28.5	31352	1.05940e-04	3.32148	29.9
67261.513	16.039	31545	1.05330e-04	3.32266	28.8	30905	1.07520e-04	3.32285	29.7	31584	1.05160e-04	3.32129	28.5	31270	1.06210e-04	3.32109	29.9
67262.702	16.039	31551	1.05330e-04	3.32324	28.8	30850	1.07710e-04	3.32305	29.7	31629	1.05020e-04	3.32168	28.5	31387	1.05820e-04	3.32129	29.9
67263.890	16.035	31616	1.05110e-04	3.32305	28.8	30920	1.07470e-04	3.32285	29.7	31638	1.04990e-04	3.32148	28.5	31371	1.05870e-04	3.32129	29.9
67265.078	16.035	31552	1.05310e-04	3.32285	28.8	30954	1.07350e-04	3.32285	29.7	31617	1.05050e-04	3.32129	28.5	31349	1.05940e-04	3.32129	29.9
67266.267	16.041	31494	1.05510e-04	3.32305	28.8	30916	1.07490e-04	3.32305	29.7	31695	1.04810e-04	3.32188	28.4	31392	1.05810e-04	3.32148	29.9
67267.455	16.041	31521	1.05420e-04	3.32285	28.8	30857	1.07690e-04	3.32285	29.7	31602	1.05110e-04	3.32168	28.4	31358	1.05920e-04	3.32129	29.9
67268.643	16.046	31536	1.05370e-04	3.32305	28.8	30879	1.07620e-04	3.32305	29.7	31634	1.04990e-04	3.32129	28.4	31360	1.05910e-04	3.32129	29.9
67269.831	16.046	31513	1.05450e-04	3.32305	28.8	30933	1.07430e-04	3.32305	29.7	31586	1.05160e-04	3.32168	28.4	31356	1.05920e-04	3.32129	29.9
67271.019	16.046	31581	1.05210e-04	3.32266	28.8	30947	1.07370e-04	3.32266	29.7	31636	1.04990e-04	3.32148	28.4	31370	1.05860e-04	3.32090	29.9
67272.208	16.026	31584	1.05210e-04	3.32305	28.8	30872	1.07640e-04	3.32305	29.7	31600	1.05110e-04	3.32148	28.4	31322	1.06050e-04	3.32168	29.9
67273.396	16.026	31524	1.05410e-04	3.32285	28.8	30905	1.07520e-04	3.32285	29.7	31613	1.05080e-04	3.32188	28.4	31351	1.05950e-04	3.32148	29.9
67274.584	16.038	31560	1.05290e-04	3.32285	28.8	30886	1.07580e-04	3.32266	29.7	31591	1.05130e-04	3.32129	28.4	31404	1.05750e-04	3.32109	29.9
67275.772	16.038	31520	1.05430e-04	3.32324	28.8	30901	1.07530e-04	3.32285	29.7	31631	1.05010e-04	3.32168	28.4	31341	1.05970e-04	3.32129	29.9
67276.960	16.063	31529	1.05400e-04	3.32305	28.8	30881	1.07600e-04	3.32285	29.7	31639	1.04990e-04	3.32168	28.4	31378	1.05850e-04	3.32129	29.9
67278.149	16.063	31545	1.05340e-04	3.32285	28.8	30881	1.07590e-04	3.32266	29.7	31587	1.05160e-04	3.32168	28.4	31391	1.05810e-04	3.32148	29.9
67279.337	16.063	31558	1.05300e-04	3.32324	28.8	30945	1.07380e-04	3.32305	29.7	31647	1.04960e-04	3.32148	28.4	31403	1.05770e-04	3.32148	29.9
67280.525	16.055	31608	1.05130e-04	3.32285	28.8	30948	1.07370e-04	3.32285	29.7	31649	1.04950e-04	3.32148	28.4	31370	1.05880e-04	3.32129	29.9
67281.713	16.055	31544	1.05340e-04	3.32285	28.8	30959	1.07340e-04	3.32305	29.7	31645	1.04960e-04	3.32129	28.4	31358	1.05910e-04	3.32109	29.9
67282.902	16.059	31517	1.05440e-04	3.32305	28.8	30898	1.07550e-04	3.32305	29.7	31582	1.05180e-04	3.32168	28.4	31332	1.06000e-04	3.32129	29.9
67284.090	16.059	31519	1.05410e-04	3.32246	28.8	30899	1.07530e-04	3.32266	29.7	31613	1.05070e-04	3.32168	28.4	31366	1.05890e-04	3.32129	29.9
67285.278	16.034	31596	1.05170e-04	3.32305	28.8	30967	1.07300e-04	3.32285	29.7	31663	1.04900e-04	3.32129	28.4	31378	1.05850e-04	3.32129	29.9
67286.466	16.034	31534	1.05380e-04	3.32305	28.8	30915	1.07480e-04	3.32285	29.7	31626	1.05030e-04	3.32168	28.4	31372	1.05870e-04	3.32129	29.9
67287.655	16.044	31505	1.05470e-04	3.32285	28.8	30846	1.07720e-04	3.32285	29.7	31555	1.05260e-04	3.32148	28.4	31374	1.05860e-04	3.32129	29.9
67288.843	16.044	31551	1.05330e-04	3.32324	28.8	30975	1.07280e-04	3.32285	29.7	31638	1.04990e-04	3.32148	28.4	31366	1.05880e-04	3.32109	29.9
67290.031	16.044	31569	1.05260e-04	3.32285	28.8	30965	1.07310e-04	3.32285	29.7	31635	1.05000e-04	3.32168	28.4	31452	1.05600e-04	3.32129	29.9
67291.220	16.051	31538	1.05360e-04	3.32285	28.8	30948	1.07370e-04	3.32285	29.7	31640	1.04980e-04	3.32148	28.4	31391	1.05800e-04	3.32109	29.9
67292.408	16.051	31551	1.05320e-04	3.32305	28.8	30925	1.07450e-04	3.32305	29.7	31622	1.05040e-04	3.32148	28.4	31427	1.05690e-04	3.32148	29.9
67293.596	16.059	31596	1.05170e-04	3.32285	28.8	30900	1.07540e-04	3.32305	29.7	31614	1.05060e-04	3.32148	28.4	31380	1.05830e-04	3.32109	29.9
67294.784	16.059	31529	1.05400e-04	3.32305	28.8	30906	1.07510e-04	3.32285	29.7	31625	1.05030e-04	3.32148	28.4	31320	1.06040e-04	3.32109	29.9
67295.972	16.051	31508	1.05470e-04	3.32305	28.8	30924	1.07460e-04	3.32305	29.7	31604	1.05100e-04	3.32168	28.4	31361	1.05910e-04	3.32148	29.9
67297.160	16.051	31538	1.05360e-04	3.32285	28.8	30856	1.07680e-04	3.32266	29.7	31589	1.05150e-04	3.32148	28.4	31362	1.05900e-04	3.32109	29.9
67298.348	16.051	31526	1.05410e-04	3.32305	28.8	30899	1.07540e-04	3.32285	29.7	31576	1.05190e-04	3.32129	28.4	31320	1.06050e-04	3.32148	29.9
67299.537	16.051	31540	1.05360e-04	3.32305	28.8	30857	1.07690e-04	3.32285	29.7	31533	1.05330e-04	3.32148	28.4	31331	1.06010e-04	3.32129	29.9
67300.725	16.051	31556	1.05300e-04	3.32305	28.8	30887	1.07580e-04	3.32285	29.7	31568	1.05220e-04	3.32168	28.4	31333	1.06000e-04	3.32129	29.9
67301.913	16.050	31523	1.05420e-04	3.32305	28.8	30910	1.07500e-04	3.32285	29.7	31620	1.05040e-04	3.32148	28.4	31332	1.06000e-04	3.32129	29.9
67303.102	16.050	31599	1.05160e-04	3.32305	28.8	30931	1.07430e-04	3.32285	29.7	31647	1.04950e-04	3.32148	28.4	31323	1.06030e-04	3.32129	29.9
67304.290	16.039	31524	1.05410e-04	3.32305	28.8	30905	1.07530e-04	3.32305	29.7	31613	1.05070e-04	3.32168	28.4	31338	1.05990e-04	3.32148	29.9
67305.478	16.039	31500	1.05490e-04	3.32285	28.8	30898	1.07540e-04	3.32285	29.7	31617	1.05050e-04	3.32148	28.4	31368	1.05880e-04	3.32109	29.9
67306.666	16.046	31459	1.05640e-04	3.32324	28.8	30835	1.07770e-04	3.32305	29.7	31577	1.05190e-04	3.32148	28.4	31357	1.05920e-04	3.32129	29.9
67307.854	16.046	31531	1.05380e-04	3.32285	28.8	30830	1.07780e-04	3.32285	29.7	31582	1.05180e-04	3.32168	28.4	31296	1.06120e-04	3.32129	29.9
67309.043	16.041	31516	1.05430e-04	3.32285	28.8	30862	1.07660e-04	3.32266	29.7	31596	1.05120e-04	3.32129	28.4	31381	1.05840e-04	3.32129	29.9
67310.231	16.041	31533	1.05380e-04	3.32305	28.8	30858	1.07690e-04	3.32305	29.7	31562	1.05250e-04	3.32188	28.4	31358	1.05920e-04	3.32148	29.9
67311.419	16.041	31539	1.05360e-04	3.32285	28.8	30889	1.07580e-04	3.32285	29.7	31582	1.05180e-04	3.32168	28.4	31338	1.05990e-04	3.32148	29.9
67312.607	16.043	31609	1.05130e-04	3.32305	28.8	30955	1.07340e-04	3.32285	29.7	31619	1.05050e-04	3.32148	28.4	31370	1.05870e-04	3.32109	29.9
67313.796	16.043	31467	1.05610e-04	3.32305	28.8	30884	1.07600e-04	3.32305	29.7	31613	1.05080e-04	3.32188	28.5	31396	1.05790e-04	3.32129	29.9
67314.984	16.030	31526	1.05400e-04	3.32285	28.8	30929	1.07440e-04	3.32305	29.7	31630	1.05020e-04	3.32168	28.5	31364	1.05900e-04	3.32148	29.9
67316.172	16.030	31557	1.05300e-04	3.32285	28.8	30915	1.07480e-04	3.32285	29.7	31635	1.04990e-04	3.32148	28.5	31344	1.05960e-04	3.32129	29.9
67317.360	16.044	31487	1.05540e-04	3.32305	28.8	30850	1.07720e-04	3.32324	29.7	31639	1.04980e-04	3.32148	28.5	31324	1.06030e-04	3.32129	29.9
67318.549	16.044	31517	1.05440e-04	3.32305	28.8	30838	1.07760e-04	3.32305	29.7	31554	1.05270e-04	3.32168	28.5	31364	1.05900e-04	3.32129	29.9
67319.737	16.053	31526	1.05400e-04	3.32285	28.8	30874	1.07630e-04	3.32285	29.7	31617	1.05050e-04	3.32148	28.5	31386	1.05810e-04	3.32109	29.9
67320.925	16.053	31582	1.05220e-04	3.32305	28.8	30896	1.07550e-04	3.32285	29.7	31576	1.05200e-04	3.32168	28.5	31303	1.06100e-04	3.32129	29.9
67322.113	16.053	31557	1.05300e-04	3.32305	28.8	30870	1.07650e-04	3.32305	29.7	31600	1.05120e-04	3.32168	28.5	31378	1.05850e-04	3.32148	29.9
67323.302	16.055	31500	1.05490e-04	3.32305	28.8	30880	1.07600e-04	3.32266	29.7	31543	1.05300e-04	3.32148	28.5	31307	1.06090e-04	3.32129	29.9
67324.490	16.055	31550	1.05330e-04	3.32305	28.8	30897	1.07550e-04	3.32305	29.7	31602	1.05120e-04	3.32188	28.5	31341	1.05980e-04	3.32148	29.9
67325.678	16.066	31538	1.05370e-04	3.32305	28.8	30868	1.07650e-04	3.32285	29.7	31578	1.05190e-04	3.32168	28.5	31320	1.06040e-04	3.32129	29.9
67326.866	16.066	31505	1.05480e-04	3.32305	28.8	30879	1.07610e-04	3.32305	29.7	31529	1.05350e-04	3.32148	28.5	31340	1.05980e-04	3.32129	29.9
67328.054	16.048	31485	1.05540e-04	3.32305	28.8	30895	1.07560e-04	3.32305	29.7	31520	1.05380e-04	3.32168	28.5	31317	1.06060e-04	3.32148	29.9
67329.243	16.048	31579	1.05230e-04	3.32305	28.8	30848	1.07720e-04	3.32285	29.7	31599	1.05110e-04	3.32148	28.5	31277	1.06190e-04	3.32129	29.9
67330.431	16.048	31585	1.05210e-04	3.32305	28.8	30885	1.07590e-04	3.32305	29.7	31578	1.05190e-04	3.32168	28.5	31349	1.05950e-04	3.32148	29.9
67331.619	16.044	31584	1.05210e-04	3.32305	28.8	30879	1.07610e-04	3.32305	29.7	31599	1.05120e-04	3.32168	28.5	31337	1.05990e-04	3.32129	29.9
67332.808	16.044	31534	1.05370e-04	3.32285	28.8	30883	1.07590e-04	3.32285	29.7	31628	1.05020e-04	3.32168	28.5	31366	1.05880e-04	3.32109	29.9
67333.995	16.023	31591	1.05190e-04	3.32305	28.8	30880	1.07610e-04	3.32305	29.7	31634	1.05000e-04	3.32168	28.5	31375	1.05860e-04	3.32148	29.9
67335.184	16.023	31532	1.05380e-04	3.32285	28.8	30899	1.07530e-04	3.32266	29.7	31591	1.05140e-04	3.32148	28.5	31358	1.05920e-04	3.32129	29.9
67336.372	16.034	31572	1.05250e-04	3.32305	28.8	30899	1.07530e-04	3.32266	29.7	31617	1.05050e-04	3.32148	28.5	31358	1.05920e-04	3.32148	29.9
67337.560	16.034	31513	1.05460e-04	3.32324	28.8	30916	1.07490e-04	3.32305	29.7	31648	1.04960e-04	3.32188	28.5	31378	1.05850e-04	3.32129	29.9
67338.749	16.033	31572	1.05250e-04	3.32305	28.8	30919	1.07480e-04	3.32305	29.7	31610	1.05080e-04	3.32168	28.5	31363	1.05910e-04	3.32148	29.9
67339.937	16.033	31554	1.05310e-04	3.32285	28.8	30940	1.07390e-04	3.32266	29.7	31613	1.05070e-04	3.32148	28.5	31381	1.05840e-04	3.32129	29.9
67341.125	16.033	31528	1.05410e-04	3.32324	28.8	30936	1.07420e-04	3.32324	29.7	31608	1.05090e-04	3.32168	28.5	31378	1.05850e-04	3.32148	29.9
67342.314	16.034	31601	1.05160e-04	3.32305	28.8	30965	1.07310e-04	3.32285	29.7	31630	1.05010e-04	3.32148	28.5	31378	1.05850e-04	3.32129	29.9
67343.502	16.034	31597	1.05160e-04	3.32285	28.8	30938	1.07400e-04	3.32285	29.7	31656	1.04930e-04	3.32168	28.5	31425	1.05690e-04	3.32129	29.9
67344.690	16.019	31614	1.05110e-04	3.32305	28.8	30867	1.07660e-04	3.32305	29.7	31654	1.04940e-04	3.32188	28.5	31393	1.05800e-04	3.32148	29.9
67345.878	16.019	31558	1.05300e-04	3.32305	28.8	30936	1.07410e-04	3.32285	29.7	31643	1.04970e-04	3.32148	28.5	31370	1.05880e-04	3.32148	29.9
67347.066	16.038	31516	1.05430e-04	3.32285	28.8	30886	1.07580e-04	3.32285	29.7	31627	1.05030e-04	3.32168	28.5	31360	1.05920e-04	3.32148	29.9
67348.255	16.038	31522	1.05410e-04	3.32285	28.8	30867	1.07640e-04	3.32266	29.7	31619	1.05050e-04	3.32148	28.5	31384	1.05830e-04	3.32129	29.9
67349.443	16.038	31532	1.05380e-04	3.32305	28.8	30890	1.07570e-04	3.32285	29.7	31595	1.05130e-04	3.32148	28.5	31322	1.06040e-04	3.32129	29.9
67350.631	16.027	31540	1.05360e-04	3.32305	28.8	30884	1.07590e-04	3.32285	29.7	31626	1.05040e-04	3.32188	28.5	31338	1.05990e-04	3.32148	29.9
67351.819	16.027	31570	1.05260e-04	3.32305	28.8	30853	1.07700e-04	3.32305	29.7	31607	1.05090e-04	3.32148	28.5	31291	1.06150e-04	3.32148	29.9
67353.007	16.023	31566	1.05270e-04	3.32305	28.8	30915	1.07490e-04	3.32305	29.7	31568	1.05220e-04	3.32168	28.5	31302	1.06110e-04	3.32148	29.9
67354.196	16.023	31511	1.05450e-04	3.32285	28.8	30882	1.07600e-04	3.32285	29.7	31596	1.05130e-04	3.32168	28.5	31360	1.05920e-04	3.32148	29.9
67355.384	16.033	31570	1.05270e-04	3.32344	28.8	30893	1.07570e-04	3.32324	29.7	31586	1.05160e-04	3.32148	28.5	31347	1.05950e-04	3.32129	29.9
67356.572	16.033	31588	1.05190e-04	3.32285	28.8	30896	1.07540e-04	3.32266	29.7	31602	1.05120e-04	3.32188	28.5	31393	1.05790e-04	3.32109	29.9
67357.760	16.050	31547	1.05330e-04	3.32285	28.8	30884	1.07590e-04	3.32285	29.7	31671	1.04870e-04	3.32148	28.5	31400	1.05780e-04	3.32148	29.9
67358.948	16.050	31497	1.05510e-04	3.32324	28.8	30928	1.07450e-04	3.32305	29.7	31563	1.05240e-04	3.32168	28.5	31322	1.06050e-04	3.32168	29.9
67360.137	16.054	31548	1.05330e-04	3.32305	28.8	30934	1.07420e-04	3.32285	29.7	31604	1.05100e-04	3.32168	28.5	31327	1.06030e-04	3.32148	29.9
67361.325	16.054	31505	1.05480e-04	3.32305	28.8	30866	1.07660e-04	3.32285	29.7	31576	1.05200e-04	3.32168	28.5	31326	1.06020e-04	3.32129	29.9
67362.513	16.054	31562	1.05290e-04	3.32324	28.8	30893	1.07560e-04	3.32305	29.7	31590	1.05150e-04	3.32168	28.5	31311	1.06080e-04	3.32148	29.9
67363.702	16.068	31502	1.05480e-04	3.32285	28.8	30884	1.07600e-04	3.32305	29.7	31547	1.05290e-04	3.32168	28.5	31315	1.06060e-04	3.32129	29.9
67364.889	16.068	31532	1.05390e-04	3.32305	28.8	30849	1.07720e-04	3.32305	29.7	31575	1.05190e-04	3.32148	28.5	31316	1.06060e-04	3.32148	29.9
67366.078	16.064	31514	1.05450e-04	3.32324	28.8	30867	1.07660e-04	3.32324	29.7	31576	1.05200e-04	3.32168	28.5	31343	1.05980e-04	3.32168	29.9
67367.266	16.064	31503	1.05480e-04	3.32285	28.8	30845	1.07730e-04	3.32285	29.7	31549	1.05290e-04	3.32168	28.5	31342	1.05970e-04	3.32129	29.9
67368.455	16.061	31475	1.05580e-04	3.32324	28.8	30895	1.07560e-04	3.32305	29.7	31505	1.05430e-04	3.32168	28.5	31328	1.06020e-04	3.32129	29.9
67369.643	16.061	31494	1.05510e-04	3.32305	28.8	30881	1.07610e-04	3.32305	29.7	31549	1.05290e-04	3.32168	28.5	31298	1.06120e-04	3.32148	29.9
67370.831	16.067	31574	1.05250e-04	3.32305	28.8	30863	1.07660e-04	3.32285	29.7	31544	1.05300e-04	3.32148	28.5	31350	1.05940e-04	3.32129	29.9
67372.019	16.067	31512	1.05460e-04	3.32324	28.8	30926	1.07450e-04	3.32305	29.7	31566	1.05230e-04	3.32168	28.5	31334	1.06000e-04	3.32148	29.9
67373.207	16.067	31519	1.05430e-04	3.32305	28.8	30996	1.07210e-04	3.32305	29.7	31662	1.04910e-04	3.32168	28.5	31389	1.05810e-04	3.32129	29.9
67374.395	16.070	31535	1.05380e-04	3.32305	28.8	30873	1.07640e-04	3.32305	29.7	31590	1.05150e-04	3.32168	28.5	31339	1.05980e-04	3.32129	29.9
67375.584	16.070	31565	1.05280e-04	3.32324	28.8	30887	1.07590e-04	3.32324	29.7	31567	1.05220e-04	3.32148	28.5	31330	1.06020e-04	3.32148	29.9
67376.772	16.053	31519	1.05430e-04	3.32305	28.9	30887	1.07590e-04	3.32305	29.7	31542	1.05310e-04	3.32168	28.5	31361	1.05910e-04	3.32148	29.9
67377.960	16.053	31511	1.05460e-04	3.32305	28.8	30909	1.07510e-04	3.32305	29.7	31558	1.05250e-04	3.32148	28.5	31364	1.05900e-04	3.32148	29.9
67379.149	16.043	31540	1.05370e-04	3.32324	28.8	30919	1.07480e-04	3.32305	29.7	31611	1.05090e-04	3.32188	28.5	31348	1.05950e-04	3.32148	29.9
67380.337	16.043	31526	1.05400e-04	3.32285	28.8	30887	1.07580e-04	3.32266	29.7	31543	1.05300e-04	3.32168	28.5	31379	1.05840e-04	3.32109	29.9
67381.525	16.043	31590	1.05200e-04	3.32324	28.8	30921	1.07470e-04	3.32305	29.7	31642	1.04970e-04	3.32148	28.5	31349	1.05940e-04	3.32129	29.9
67382.713	16.054	31567	1.05270e-04	3.32305	28.8	30902	1.07540e-04	3.32305	29.7	31539	1.05320e-04	3.32168	28.5	31333	1.06010e-04	3.32148	29.9
67383.901	16.054	31513	1.05450e-04	3.32305	28.8	30955	1.07340e-04	3.32285	29.7	31609	1.05090e-04	3.32168	28.5	31333	1.06000e-04	3.32129	29.9
67385.090	16.045	31533	1.05390e-04	3.32324	28.8	30873	1.07640e-04	3.32305	29.7	31612	1.05080e-04	3.32168	28.5	31327	1.06020e-04	3.32148	29.9
67386.278	16.045	31591	1.05190e-04	3.32305	28.8	30915	1.07480e-04	3.32285	29.7	31609	1.05090e-04	3.32168	28.5	31400	1.05770e-04	3.32129	29.9
67387.466	16.048	31598	1.05170e-04	3.32305	28.8	30895	1.07560e-04	3.32305	29.7	31637	1.04990e-04	3.32168	28.5	31361	1.05910e-04	3.32129	29.9
67388.655	16.048	31527	1.05410e-04	3.32324	28.8	30878	1.07620e-04	3.32305	29.7	31584	1.05170e-04	3.32168	28.5	31361	1.05910e-04	3.32148	29.9
67389.843	16.051	31546	1.05340e-04	3.32305	28.8	30954	1.07360e-04	3.32305	29.7	31594	1.05130e-04	3.32148	28.5	31323	1.06030e-04	3.32129	29.9
67391.031	16.051	31560	1.05290e-04	3.32305	28.8	30948	1.07370e-04	3.32285	29.7	31624	1.05040e-04	3.32168	28.5	31344	1.05960e-04	3.32129	29.9
67392.219	16.051	31493	1.05520e-04	3.32324	28.8	30863	1.07660e-04	3.32285	29.7	31653	1.04940e-04	3.32168	28.5	31280	1.06180e-04	3.32148	29.9
67393.407	16.049	31509	1.05460e-04	3.32285	28.8	30819	1.07820e-04	3.32285	29.7	31548	1.05280e-04	3.32148	28.5	31318	1.06050e-04	3.32129	29.9
67394.595	16.049	31523	1.05420e-04	3.32305	28.8	30831	1.07780e-04	3.32285	29.7	31575	1.05200e-04	3.32168	28.5	31316	1.06060e-04	3.32129	29.9
67395.784	16.056	31505	1.05480e-04	3.32305	28.8	30850	1.07710e-04	3.32285	29.7	31534	1.05330e-04	3.32148	28.4	31343	1.05970e-04	3.32148	29.9
67396.972	16.056	31512	1.05450e-04	3.32305	28.8	30898	1.07550e-04	3.32305	29.7	31579	1.05190e-04	3.32168	28.4	31319	1.06050e-04	3.32148	29.9
67398.160	16.049	31519	1.05430e-04	3.32305	28.8	30888	1.07580e-04	3.32305	29.7	31589	1.05160e-04	3.32188	28.5	31318	1.06050e-04	3.32129	29.9
67399.348	16.049	31556	1.05310e-04	3.32305	28.8	30884	1.07590e-04	3.32285	29.7	31561	1.05240e-04	3.32148	28.5	31297	1.06120e-04	3.32129	29.9
67400.537	16.049	31586	1.05200e-04	3.32285	28.8	30909	1.07500e-04	3.32285	29.7	31626	1.05030e-04	3.32168	28.4	31374	1.05860e-04	3.32129	29.9
67401.725	16.041	31533	1.05390e-04	3.32324	28.8	30919	1.07480e-04	3.32305	29.7	31626	1.05030e-04	3.32168	28.4	31348	1.05960e-04	3.32148	29.9
67402.913	16.041	31623	1.05080e-04	3.32305	28.8	30926	1.07450e-04	3.32285	29.7	31665	1.04900e-04	3.32168	28.4	31423	1.05700e-04	3.32148	29.9
67404.101	16.046	31576	1.05240e-04	3.32305	28.8	30926	1.07450e-04	3.32285	29.7	31695	1.04800e-04	3.32168	28.4	31405	1.05760e-04	3.32129	29.9
67405.290	16.046	31587	1.05200e-04	3.32305	28.8	30965	1.07310e-04	3.32285	29.7	31619	1.05050e-04	3.32168	28.4	31422	1.05710e-04	3.32148	29.9
67406.478	16.035	31522	1.05410e-04	3.32285	28.8	30967	1.07300e-04	3.32285	29.7	31670	1.04880e-04	3.32148	28.4	31354	1.05930e-04	3.32129	29.9
67407.666	16.035	31564	1.05280e-04	3.32305	28.8	30967	1.07300e-04	3.32285	29.7	31711	1.04750e-04	3.32168	28.4	31377	1.05860e-04	3.32148	29.9
67408.854	16.039	31547	1.05340e-04	3.32305	28.8	30913	1.07490e-04	3.32285	29.7	31698	1.04790e-04	3.32168	28.4	31351	1.05940e-04	3.32129	29.9
67410.042	16.039	31595	1.05180e-04	3.32305	28.8	30931	1.07430e-04	3.32285	29.7	31643	1.04970e-04	3.32168	28.4	31371	1.05880e-04	3.32148	29.9
67411.231	16.056	31587	1.05200e-04	3.32305	28.8	30936	1.07420e-04	3.32305	29.7	31637	1.04990e-04	3.32168	28.4	31397	1.05790e-04	3.32148	29.9
67412.419	16.056	31560	1.05290e-04	3.32305	28.8	30922	1.07470e-04	3.32305	29.7	31647	1.04960e-04	3.32168	28.4	31392	1.05800e-04	3.32129	29.9
67413.607	16.056	31494	1.05510e-04	3.32285	28.8	30893	1.07560e-04	3.32305	29.7	31662	1.04910e-04	3.32168	28.4	31391	1.05800e-04	3.32129	29.9
67414.795	16.056	31513	1.05460e-04	3.32324	28.8	30942	1.07400e-04	3.32305	29.7	31621	1.05050e-04	3.32168	28.4	31376	1.05870e-04	3.32168	29.9
67415.984	16.056	31548	1.05330e-04	3.32305	28.8	30850	1.07720e-04	3.32324	29.7	31622	1.05040e-04	3.32168	28.4	31327	1.06020e-04	3.32148	29.9
67417.172	16.047	31465	1.05610e-04	3.32305	28.8	30895	1.07560e-04	3.32305	29.7	31597	1.05120e-04	3.32148	28.4	31354	1.05930e-04	3.32129	29.9
67418.360	16.047	31556	1.05310e-04	3.32324	28.8	30877	1.07620e-04	3.32285	29.7	31573	1.05210e-04	3.32188	28.4	31374	1.05870e-04	3.32148	29.9
67419.548	16.047	31566	1.05270e-04	3.32285	28.8	30854	1.07700e-04	3.32305	29.7	31638	1.04990e-04	3.32168	28.5	31369	1.05880e-04	3.32129	29.9
67420.737	16.051	31616	1.05110e-04	3.32324	28.8	30885	1.07590e-04	3.32285	29.7	31632	1.05000e-04	3.32148	28.5	31413	1.05730e-04	3.32148	29.9
67421.925	16.040	31540	1.05370e-04	3.32324	28.8	30929	1.07440e-04	3.32305	29.7	31681	1.04850e-04	3.32188	28.4	31403	1.05770e-04	3.32148	29.9
67423.113	16.040	31543	1.05350e-04	3.32305	28.8	30899	1.07550e-04	3.32305	29.7	31609	1.05090e-04	3.32168	28.5	31383	1.05830e-04	3.32129	29.9
67424.301	16.040	31520	1.05410e-04	3.32266	28.8	30900	1.07540e-04	3.32305	29.7	31628	1.05010e-04	3.32129	28.5	31348	1.05940e-04	3.32090	29.9
67425.490	16.046	31573	1.05260e-04	3.32344	28.8	30887	1.07580e-04	3.32266	29.7	31619	1.05060e-04	3.32188	28.5	31425	1.05700e-04	3.32148	29.9
67426.678	16.046	31539	1.05370e-04	3.32324	28.8	30908	1.07520e-04	3.32324	29.7	31600	1.05120e-04	3.32188	28.5	31378	1.05860e-04	3.32168	29.9
67427.866	16.046	31460	1.05630e-04	3.32305	28.8	30898	1.07550e-04	3.32305	29.7	31580	1.05180e-04	3.32168	28.5	31370	1.05880e-04	3.32148	29.9
67429.054	16.046	31536	1.05380e-04	3.32324	28.8	30912	1.07490e-04	3.32285	29.7	31601	1.05110e-04	3.32168	28.5	31322	1.06040e-04	3.32148	29.9
67430.243	16.027	31549	1.05330e-04	3.32305	28.8	30864	1.07670e-04	3.32305	29.7	31588	1.05160e-04	3.32168	28.5	31370	1.05870e-04	3.32129	29.9
67431.431	16.027	31540	1.05360e-04	3.32305	28.8	30833	1.07780e-04	3.32305	29.7	31584	1.05170e-04	3.32168	28.5	31355	1.05920e-04	3.32129	29.9
67432.619	16.025	31492	1.05530e-04	3.32324	28.8	30872	1.07630e-04	3.32285	29.7	31555	1.05260e-04	3.32148	28.5	31284	1.06170e-04	3.32148	29.9
67433.807	16.025	31517	1.05430e-04	3.32285	28.8	30860	1.07680e-04	3.32285	29.7	31566	1.05230e-04	3.32168	28.5	31323	1.06030e-04	3.32129	29.9
67434.995	16.025	31539	1.05370e-04	3.32324	28.8	30879	1.07610e-04	3.32285	29.7	31577	1.05190e-04	3.32168	28.5	31344	1.05960e-04	3.32129	29.9
67436.184	16.024	31502	1.05490e-04	3.32305	28.8	30865	1.07670e-04	3.32324	29.7	31608	1.05090e-04	3.32188	28.5	31370	1.05880e-04	3.32148	29.9
67437.372	16.024	31611	1.05120e-04	3.32285	28.8	30902	1.07530e-04	3.32305	29.7	31602	1.05100e-04	3.32148	28.5	31324	1.06020e-04	3.32109	29.9
67438.560	16.013	31611	1.05130e-04	3.32344	28.8	30900	1.07540e-04	3.32285	29.7	31578	1.05200e-04	3.32188	28.5	31395	1.05800e-04	3.32168	29.9
67439.748	16.013	31537	1.05370e-04	3.32305	28.8	30913	1.07500e-04	3.32305	29.7	31589	1.05150e-04	3.32168	28.5	31373	1.05870e-04	3.32148	29.9
67440.937	16.023	31594	1.05180e-04	3.32305	28.8	30906	1.07510e-04	3.32285	29.7	31594	1.05130e-04	3.32148	28.5	31329	1.06010e-04	3.32129	29.9
67442.125	16.023	31551	1.05330e-04	3.32324	28.8	30853	1.07710e-04	3.32305	29.7	31584	1.05180e-04	3.32188	28.5	31309	1.06090e-04	3.32148	29.9
67443.313	16.023	31522	1.05410e-04	3.32285	28.8	30914	1.07490e-04	3.32305	29.7	31582	1.05180e-04	3.32168	28.5	31333	1.06000e-04	3.32129	29.9
67444.502	16.041	31546	1.05350e-04	3.32344	28.8	30889	1.07570e-04	3.32266	29.7	31588	1.05160e-04	3.32168	28.5	31298	1.06120e-04	3.32148	29.9
67445.690	16.041	31518	1.05440e-04	3.32324	28.8	30922	1.07470e-04	3.32324	29.7	31596	1.05140e-04	3.32188	28.5	31363	1.05910e-04	3.32168	29.9
67446.878	16.053	31574	1.05240e-04	3.32285	28.8	30945	1.07380e-04	3.32305	29.7	31682	1.04840e-04	3.32148	28.5	31301	1.06110e-04	3.32129	29.9
67448.066	16.053	31539	1.05370e-04	3.32324	28.8	30942	1.07390e-04	3.32285	29.7	31594	1.05140e-04	3.32188	28.5	31343	1.05970e-04	3.32148	29.9
67449.255	16.066	31558	1.05300e-04	3.32305	28.8	30869	1.07660e-04	3.32324	29.7	31615	1.05070e-04	3.32168	28.5	31353	1.05930e-04	3.32129	29.9
67450.443	16.066	31534	1.05380e-04	3.32305	28.8	30935	1.07420e-04	3.32305	29.7	31607	1.05090e-04	3.32148	28.5	31379	1.05850e-04	3.32148	29.9
67451.631	16.066	31537	1.05380e-04	3.32324	28.8	30952	1.07360e-04	3.32305	29.7	31622	1.05050e-04	3.32188	28.5	31337	1.06000e-04	3.32168	29.9
67452.819	16.030	31572	1.05250e-04	3.32285	28.8	30868	1.07650e-04	3.32285	29.7	31650	1.04950e-04	3.32168	28.5	31327	1.06030e-04	3.32148	29.9
67454.007	16.030	31523	1.05420e-04	3.32324	28.8	30867	1.07650e-04	3.32285	29.7	31630	1.05020e-04	3.32168	28.5	31383	1.05840e-04	3.32148	29.9
67455.195	16.051	31571	1.05260e-04	3.32324	28.8	30871	1.07650e-04	3.32324	29.7	31646	1.04970e-04	3.32188	28.5	31286	1.06160e-04	3.32148	29.9
67456.383	16.051	31499	1.05500e-04	3.32305	28.8	30910	1.07500e-04	3.32285	29.7	31605	1.05100e-04	3.32168	28.5	31339	1.05980e-04	3.32129	29.9
67457.572	16.044	31531	1.05400e-04	3.32324	28.8	30915	1.07480e-04	3.32285	29.7	31622	1.05040e-04	3.32168	28.5	31316	1.06070e-04	3.32168	29.9
67458.760	16.044	31564	1.05280e-04	3.32305	28.8	30895	1.07560e-04	3.32305	29.7	31591	1.05150e-04	3.32188	28.5	31379	1.05850e-04	3.32148	29.9
67459.948	16.040	31589	1.05200e-04	3.32305	28.8	30888	1.07580e-04	3.32305	29.7	31571	1.05210e-04	3.32168	28.5	31308	1.06080e-04	3.32129	29.9
67461.137	16.040	31556	1.05310e-04	3.32324	28.8	30962	1.07330e-04	3.32305	29.7	31633	1.05010e-04	3.32168	28.5	31301	1.06120e-04	3.32148	29.9
67462.325	16.040	31579	1.05230e-04	3.32305	28.8	30891	1.07580e-04	3.32324	29.7	31583	1.05170e-04	3.32168	28.5	31368	1.05880e-04	3.32109	29.9
67463.513	16.022	31556	1.05300e-04	3.32305	28.8	30884	1.07590e-04	3.32285	29.7	31649	1.04950e-04	3.32148	28.5	31309	1.06090e-04	3.32168	29.9
67464.702	16.022	31558	1.05300e-04	3.32324	28.8	30938	1.07410e-04	3.32305	29.7	31620	1.05060e-04	3.32207	28.5	31380	1.05850e-04	3.32168	29.9
67465.890	16.029	31570	1.05260e-04	3.32305	28.8	30875	1.07630e-04	3.32305	29.7	31585	1.05170e-04	3.32168	28.5	31326	1.06020e-04	3.32129	29.9
67467.078	16.029	31587	1.05200e-04	3.32305	28.8	30899	1.07540e-04	3.32285	29.7	31602	1.05110e-04	3.32168	28.5	31394	1.05800e-04	3.32148	29.9
67468.266	16.014	31601	1.05160e-04	3.32305	28.8	30934	1.07420e-04	3.32305	29.7	31647	1.04970e-04	3.32188	28.5	31404	1.05770e-04	3.32148	29.9
67469.454	16.014	31591	1.05180e-04	3.32285	28.9	30921	1.07460e-04	3.32285	29.7	31592	1.05140e-04	3.32168	28.5	31377	1.05850e-04	3.32129	29.9
67470.643	16.040	31550	1.05320e-04	3.32285	28.9	30934	1.07420e-04	3.32285	29.7	31615	1.05070e-04	3.32168	28.5	31333	1.06010e-04	3.32168	29.9
67471.831	16.040	31601	1.05170e-04	3.32344	28.9	30928	1.07440e-04	3.32305	29.7	31592	1.05140e-04	3.32168	28.5	31353	1.05940e-04	3.32148	29.9
67473.019	16.048	31572	1.05250e-04	3.32285	28.9	30908	1.07520e-04	3.32324	29.7	31597	1.05130e-04	3.32168	28.5	31353	1.05920e-04	3.32090	29.9
67474.207	16.048	31532	1.05400e-04	3.32344	28.9	30901	1.07530e-04	3.32285	29.7	31577	1.05190e-04	3.32168	28.5	31319	1.06060e-04	3.32168	29.9
67475.395	16.048	31539	1.05370e-04	3.32324	28.9	30841	1.07760e-04	3.32324	29.7	31564	1.05240e-04	3.32188	28.5	31327	1.06020e-04	3.32148	29.9
67476.584	16.041	31568	1.05270e-04	3.32305	28.9	30844	1.07740e-04	3.32305	29.7	31572	1.05220e-04	3.32188	28.5	31326	1.06040e-04	3.32168	29.9
67477.772	16.041	31562	1.05290e-04	3.32305	28.9	30871	1.07640e-04	3.32305	29.7	31545	1.05300e-04	3.32168	28.5	31340	1.05980e-04	3.32148	29.9
67478.960	16.040	31584	1.05220e-04	3.32324	28.9	30898	1.07540e-04	3.32285	29.7	31591	1.05150e-04	3.32188	28.5	31355	1.05920e-04	3.32129	29.9
67480.148	16.040	31633	1.05050e-04	3.32305	28.9	30907	1.07520e-04	3.32305	29.7	31627	1.05020e-04	3.32148	28.5	31382	1.05830e-04	3.32129	29.9
67481.336	16.037	31561	1.05290e-04	3.32305	28.9	30894	1.07560e-04	3.32285	29.7	31559	1.05250e-04	3.32148	28.5	31350	1.05940e-04	3.32129	29.9
67482.525	16.037	31543	1.05360e-04	3.32324	28.9	30872	1.07640e-04	3.32305	29.7	31566	1.05240e-04	3.32188	28.5	31296	1.06140e-04	3.32168	29.9
67483.713	16.044	31534	1.05380e-04	3.32305	28.9	30914	1.07490e-04	3.32305	29.7	31579	1.05180e-04	3.32148	28.5	31344	1.05960e-04	3.32129	29.9
67484.901	16.044	31580	1.05230e-04	3.32324	28.9	30890	1.07570e-04	3.32285	29.7	31554	1.05270e-04	3.32168	28.5	31342	1.05980e-04	3.32148	29.9
67486.089	16.044	31560	1.05290e-04	3.32305	28.9	30930	1.07440e-04	3.32324	29.7	31610	1.05080e-04	3.32168	28.5	31303	1.06100e-04	3.32129	29.9
67487.278	16.034	31578	1.05230e-04	3.32305	28.9	30929	1.07440e-04	3.32305	29.7	31575	1.05200e-04	3.32168	28.5	31297	1.06120e-04	3.32129	29.9
67488.466	16.034	31569	1.05270e-04	3.32324	28.9	30884	1.07600e-04	3.32305	29.7	31539	1.05320e-04	3.32168	28.5	31367	1.05890e-04	3.32148	29.9
67489.654	16.044	31522	1.05430e-04	3.32324	28.9	30876	1.07620e-04	3.32305	29.7	31648	1.04960e-04	3.32188	28.5	31303	1.06110e-04	3.32148	29.9
67490.842	16.044	31477	1.05560e-04	3.32285	28.9	30963	1.07320e-04	3.32285	29.7	31621	1.05050e-04	3.32168	28.5	31354	1.05930e-04	3.32129	29.9
67492.031	16.056	31522	1.05430e-04	3.32324	28.9	30884	1.07590e-04	3.32285	29.7	31558	1.05260e-04	3.32168	28.5	31321	1.06050e-04	3.32148	29.9
67493.219	16.056	31514	1.05450e-04	3.32305	28.9	30922	1.07470e-04	3.32324	29.7	31596	1.05130e-04	3.32168	28.5	31349	1.05940e-04	3.32129	29.9
67494.407	16.056	31529	1.05400e-04	3.32324	28.9	30968	1.07310e-04	3.32305	29.7	31613	1.05080e-04	3.32188	28.5	31384	1.05830e-04	3.32148	29.9
67495.596	16.050	31487	1.05540e-04	3.32324	28.9	30893	1.07570e-04	3.32324	29.7	31620	1.05060e-04	3.32188	28.5	31322	1.06050e-04	3.32168	29.9
67496.784	16.050	31506	1.05470e-04	3.32285	28.9	30914	1.07490e-04	3.32305	29.7	31551	1.05280e-04	3.32148	28.5	31328	1.06020e-04	3.32129	29.9
67497.972	16.056	31602	1.05160e-04	3.32324	28.9	30889	1.07580e-04	3.32305	29.7	31586	1.05160e-04	3.32168	28.5	31377	1.05860e-04	3.32148	29.9
67499.160	16.056	31580	1.05230e-04	3.32324	28.9	30906	1.07530e-04	3.32324	29.7	31611	1.05090e-04	3.32188	28.5	31377	1.05860e-04	3.32148	29.9
67500.348	16.056	31643	1.05010e-04	3.32285	28.9	30908	1.07510e-04	3.32305	29.7	31619	1.05060e-04	3.32188	28.5	31358	1.05920e-04	3.32129	29.9
67501.537	16.015	31579	1.05230e-04	3.32305	28.9	30938	1.07400e-04	3.32285	29.7	31567	1.05230e-04	3.32168	28.5	31365	1.05900e-04	3.32168	29.9
67502.725	16.028	31528	1.05400e-04	3.32324	28.9	30917	1.07480e-04	3.32285	29.7	31615	1.05070e-04	3.32168	28.5	31320	1.06040e-04	3.32129	29.9
67503.913	16.028	31539	1.05370e-04	3.32324	28.9	30958	1.07350e-04	3.32324	29.7	31582	1.05180e-04	3.32168	28.5	31335	1.06000e-04	3.32148	29.9
67505.101	16.028	31567	1.05270e-04	3.32305	28.9	30905	1.07530e-04	3.32305	29.7	31552	1.05280e-04	3.32168	28.5	31370	1.05880e-04	3.32129	29.9
67506.289	16.033	31509	1.05470e-04	3.32324	28.9	30927	1.07450e-04	3.32305	29.7	31578	1.05190e-04	3.32168	28.5	31380	1.05850e-04	3.32168	29.9
67507.478	16.033	31596	1.05170e-04	3.32305	28.9	30867	1.07660e-04	3.32305	29.7	31548	1.05290e-04	3.32168	28.5	31371	1.05880e-04	3.32148	29.9
67508.666	16.038	31554	1.05310e-04	3.32305	28.9	30945	1.07380e-04	3.32305	29.7	31613	1.05070e-04	3.32168	28.5	31344	1.05960e-04	3.32129	29.9
67509.854	16.038	31569	1.05270e-04	3.32324	28.9	30923	1.07460e-04	3.32305	29.7	31548	1.05300e-04	3.32188	28.5	31371	1.05880e-04	3.32148	29.9
67511.043	16.022	31613	1.05120e-04	3.32324	28.9	30902	1.07530e-04	3.32305	29.7	31619	1.05050e-04	3.32168	28.5	31400	1.05780e-04	3.32148	29.9
67512.231	16.022	31591	1.05190e-04	3.32305	28.9	30903	1.07530e-04	3.32305	29.7	31628	1.05030e-04	3.32188	28.5	31392	1.05810e-04	3.32148	29.9
67513.419	16.022	31546	1.05340e-04	3.32305	28.9	30902	1.07530e-04	3.32305	29.7	31611	1.05080e-04	3.32168	28.5	31379	1.05850e-04	3.32148	29.9
67514.607	16.035	31527	1.05400e-04	3.32305	28.9	30884	1.07600e-04	3.32305	29.7	31584	1.05170e-04	3.32168	28.5	31375	1.05860e-04	3.32148	29.9
67515.795	16.035	31588	1.05200e-04	3.32324	28.9	30932	1.07430e-04	3.32305	29.7	31651	1.04950e-04	3.32188	28.5	31392	1.05810e-04	3.32148	30.0
67516.984	16.039	31555	1.05310e-04	3.32305	28.9	30929	1.07440e-04	3.32285	29.7	31613	1.05070e-04	3.32168	28.5	31391	1.05800e-04	3.32129	30.0
67518.172	16.039	31527	1.05410e-04	3.32324	28.9	30906	1.07520e-04	3.32305	29.7	31566	1.05230e-04	3.32168	28.5	31262	1.06250e-04	3.32148	30.0
67519.360	16.035	31499	1.05500e-04	3.32305	28.9	30877	1.07620e-04	3.32305	29.7	31595	1.05140e-04	3.32188	28.5	31350	1.05950e-04	3.32148	30.0
67520.548	16.035	31578	1.05230e-04	3.32305	28.9	30870	1.07650e-04	3.32324	29.7	31603	1.05110e-04	3.32168	28.5	31427	1.05690e-04	3.32148	30.0
67521.737	16.035	31608	1.05140e-04	3.32324	28.9	30911	1.07500e-04	3.32305	29.7	31633	1.05010e-04	3.32168	28.5	31371	1.05880e-04	3.32148	30.0
67522.925	16.035	31607	1.05140e-04	3.32305	28.9	30939	1.07410e-04	3.32305	29.7	31643	1.04970e-04	3.32168	28.5	31378	1.05850e-04	3.32129	30.0
67524.113	16.027	31491	1.05520e-04	3.32305	28.9	30889	1.07580e-04	3.32305	29.7	31613	1.05070e-04	3.32168	28.5	31294	1.06140e-04	3.32148	30.0
67525.301	16.027	31530	1.05400e-04	3.32324	28.9	30828	1.07790e-04	3.32305	29.7	31549	1.05290e-04	3.32168	28.5	31343	1.05970e-04	3.32148	30.0
67526.489	16.027	31534	1.05380e-04	3.32305	28.9	30882	1.07600e-04	3.32285	29.7	31561	1.05250e-04	3.32168	28.5	31360	1.05920e-04	3.32148	30.0
67527.678	16.029	31536	1.05380e-04	3.32324	28.9	30860	1.07680e-04	3.32285	29.7	31565	1.05230e-04	3.32148	28.5	31253	1.06280e-04	3.32148	30.0
67528.866	16.029	31528	1.05410e-04	3.32324	28.9	30906	1.07520e-04	3.32285	29.7	31614	1.05070e-04	3.32168	28.5	31359	1.05910e-04	3.32129	30.0
67530.054	16.046	31566	1.05270e-04	3.32285	28.9	30951	1.07370e-04	3.32305	29.7	31583	1.05170e-04	3.32148	28.5	31396	1.05790e-04	3.32129	30.0
67531.242	16.046	31589	1.05200e-04	3.32305	28.9	30868	1.07650e-04	3.32305	29.7	31666	1.04900e-04	3.32188	28.5	31357	1.05920e-04	3.32148	30.0
67532.431	16.050	31544	1.05350e-04	3.32324	28.9	30937	1.07410e-04	3.32305	29.7	31624	1.05040e-04	3.32188	28.5	31401	1.05780e-04	3.32168	30.0
67533.619	16.050	31554	1.05310e-04	3.32305	28.9	30953	1.07370e-04	3.32324	29.7	31657	1.04930e-04	3.32168	28.5	31372	1.05870e-04	3.32148	30.0
67534.807	16.047	31533	1.05390e-04	3.32324	28.9	30882	1.07600e-04	3.32305	29.7	31558	1.05260e-04	3.32168	28.5	31337	1.05990e-04	3.32129	30.0
67535.996	16.047	31544	1.05350e-04	3.32305	28.9	30875	1.07630e-04	3.32305	29.7	31556	1.05260e-04	3.32168	28.5	31334	1.06000e-04	3.32148	30.0
67537.184	16.047	31517	1.05440e-04	3.32305	28.9	30860	1.07680e-04	3.32305	29.8	31595	1.05130e-04	3.32168	28.5	31323	1.06040e-04	3.32148	30.0
67538.372	16.042	31548	1.05330e-04	3.32305	28.9	30840	1.07750e-04	3.32285	29.7	31581	1.05170e-04	3.32148	28.5	31298	1.06120e-04	3.32148	30.0
67539.560	16.042	31577	1.05240e-04	3.32305	28.9	30867	1.07650e-04	3.32285	29.7	31584	1.05170e-04	3.32168	28.5	31354	1.05930e-04	3.32148	30.0
67540.748	16.042	31542	1.05350e-04	3.32305	28.9	30920	1.07470e-04	3.32305	29.7	31584	1.05170e-04	3.32168	28.5	31305	1.06090e-04	3.32129	30.0
67541.937	16.042	31538	1.05360e-04	3.32285	28.9	30908	1.07510e-04	3.32305	29.8	31604	1.05100e-04	3.32168	28.5	31334	1.05990e-04	3.32109	30.0
67543.125	16.050	31546	1.05340e-04	3.32305	28.9	30934	1.07420e-04	3.32305	29.8	31571	1.05210e-04	3.32168	28.5	31350	1.05950e-04	3.32148	30.0
67544.313	16.050	31506	1.05480e-04	3.32324	28.9	30902	1.07540e-04	3.32324	29.8	31558	1.05260e-04	3.32168	28.5	31338	1.05990e-04	3.32148	30.0
67545.502	16.050	31523	1.05420e-04	3.32305	28.9	30886	1.07590e-04	3.32305	29.8	31592	1.05140e-04	3.32168	28.5	31333	1.06000e-04	3.32129	30.0
67546.690	16.024	31550	1.05330e-04	3.32305	28.9	30913	1.07490e-04	3.32285	29.8	31603	1.05110e-04	3.32168	28.5	31304	1.06100e-04	3.32148	30.0
67547.878	16.024	31567	1.05270e-04	3.32305	28.9	30867	1.07660e-04	3.32305	29.8	31524	1.05370e-04	3.32168	28.5	31353	1.05930e-04	3.32109	30.0
67549.066	16.036	31552	1.05330e-04	3.32324	28.9	30868	1.07650e-04	3.32285	29.8	31574	1.05200e-04	3.32168	28.5	31321	1.06040e-04	3.32129	30.0
67550.254	16.036	31563	1.05280e-04	3.32305	28.9	30889	1.07580e-04	3.32285	29.8	31582	1.05180e-04	3.32168	28.5	31350	1.05950e-04	3.32168	30.0
67551.443	16.045	31525	1.05410e-04	3.32305	28.9	30895	1.07560e-04	3.32305	29.8	31546	1.05300e-04	3.32168	28.5	31379	1.05850e-04	3.32148	30.0
67552.631	16.045	31563	1.05290e-04	3.32324	28.9	30963	1.07320e-04	3.32285	29.8	31630	1.05020e-04	3.32168	28.5	31382	1.05840e-04	3.32148	30.0
67553.819	16.039	31528	1.05400e-04	3.32305	28.9	30934	1.07420e-04	3.32285	29.8	31528	1.05360e-04	3.32168	28.5	31336	1.05990e-04	3.32129	30.0
67555.007	16.039	31577	1.05230e-04	3.32285	28.9	30872	1.07640e-04	3.32305	29.8	31574	1.05190e-04	3.32129	28.5	31379	1.05840e-04	3.32109	30.0
67556.196	16.039	31562	1.05290e-04	3.32305	28.9	30900	1.07540e-04	3.32285	29.8	31627	1.05040e-04	3.32207	28.5	31310	1.06090e-04	3.32168	30.0
67557.383	16.044	31567	1.05270e-04	3.32305	28.9	30910	1.07510e-04	3.32324	29.8	31568	1.05220e-04	3.32168	28.5	31331	1.06020e-04	3.32168	30.0
67558.572	16.044	31539	1.05370e-04	3.32324	28.9	30907	1.07520e-04	3.32305	29.8	31610	1.05080e-04	3.32148	28.5	31331	1.06010e-04	3.32129	30.0
67559.760	16.048	31519	1.05430e-04	3.32305	28.9	30901	1.07540e-04	3.32305	29.8	31529	1.05350e-04	3.32168	28.5	31318	1.06050e-04	3.32129	30.0
67560.949	16.048	31550	1.05320e-04	3.32285	28.9	30858	1.07690e-04	3.32305	29.8	31541	1.05310e-04	3.32168	28.5	31341	1.05970e-04	3.32129	30.0
67562.137	16.046	31607	1.05140e-04	3.32324	28.9	30924	1.07450e-04	3.32266	29.8	31562	1.05240e-04	3.32168	28.5	31311	1.06080e-04	3.32148	30.0
67563.325	16.046	31595	1.05180e-04	3.32305	28.9	30969	1.07310e-04	3.32324	29.8	31599	1.05120e-04	3.32168	28.5	31320	1.06050e-04	3.32148	30.0
67564.513	16.046	31523	1.05420e-04	3.32324	28.9	30914	1.07490e-04	3.32305	29.8	31603	1.05110e-04	3.32168	28.5	31374	1.05870e-04	3.32148	30.0
67565.701	16.034	31529	1.05400e-04	3.32305	28.9	30896	1.07550e-04	3.32285	29.8	31565	1.05230e-04	3.32168	28.5	31332	1.06000e-04	3.32109	30.0
67566.889	16.034	31497	1.05500e-04	3.32305	28.9	30907	1.07520e-04	3.32305	29.8	31593	1.05150e-04	3.32188	28.5	31375	1.05860e-04	3.32148	30.0
67568.078	16.029	31572	1.05260e-04	3.32324	28.9	30898	1.07550e-04	3.32305	29.8	31571	1.05210e-04	3.32168	28.5	31337	1.05990e-04	3.32148	30.0
67569.266	16.029	31535	1.05370e-04	3.32285	28.9	30884	1.07600e-04	3.32305	29.8	31593	1.05130e-04	3.32148	28.5	31362	1.05910e-04	3.32148	30.0
67570.455	16.029	31547	1.05340e-04	3.32324	28.9	30875	1.07630e-04	3.32305	29.8	31585	1.05170e-04	3.32188	28.5	31324	1.06040e-04	3.32168	30.0
67571.643	16.029	31569	1.05260e-04	3.32305	28.9	30860	1.07680e-04	3.32305	29.8	31541	1.05310e-04	3.32168	28.5	31279	1.06180e-04	3.32129	30.0
67572.831	16.039	31568	1.05270e-04	3.32305	28.9	30901	1.07530e-04	3.32285	29.8	31551	1.05280e-04	3.32168	28.5	31341	1.05970e-04	3.32129	30.0
67574.019	16.039	31569	1.05270e-04	3.32324	28.9	30959	1.07340e-04	3.32305	29.8	31583	1.05180e-04	3.32188	28.5	31369	1.05890e-04	3.32148	30.0
67575.208	16.025	31611	1.05120e-04	3.32305	28.9	30913	1.07500e-04	3.32305	29.8	31591	1.05140e-04	3.32148	28.5	31395	1.05790e-04	3.32129	30.0
67576.395	16.025	31546	1.05340e-04	3.32305	28.9	30933	1.07420e-04	3.32285	29.8	31628	1.05020e-04	3.32168	28.5	31353	1.05940e-04	3.32168	30.0
67577.584	16.025	31531	1.05390e-04	3.32305	28.9	30881	1.07610e-04	3.32305	29.8	31605	1.05100e-04	3.32168	28.5	31378	1.05850e-04	3.32129	30.0
67578.772	16.035	31595	1.05180e-04	3.32305	28.9	30896	1.07550e-04	3.32285	29.8	31565	1.05230e-04	3.32168	28.5	31335	1.05990e-04	3.32129	30.0
67579.960	16.035	31618	1.05090e-04	3.32285	28.9	30882	1.07600e-04	3.32305	29.8	31634	1.05000e-04	3.32168	28.5	31366	1.05880e-04	3.32109	30.0
67581.149	16.026	31626	1.05070e-04	3.32305	28.9	30927	1.07450e-04	3.32305	29.8	31610	1.05080e-04	3.32148	28.5	31402	1.05770e-04	3.32148	30.0
67582.337	16.026	31603	1.05150e-04	3.32305	28.9	30884	1.07600e-04	3.32305	29.8	31616	1.05060e-04	3.32148	28.5	31386	1.05820e-04	3.32129	30.0
67583.525	16.026	31598	1.05170e-04	3.32305	28.9	30899	1.07540e-04	3.32285	29.8	31578	1.05190e-04	3.32168	28.5	31313	1.06070e-04	3.32129	30.0
67584.713	16.035	31614	1.05110e-04	3.32305	28.9	30881	1.07610e-04	3.32305	29.7	31628	1.05020e-04	3.32168	28.5	31367	1.05890e-04	3.32129	30.0
67585.901	16.035	31586	1.05210e-04	3.32305	28.9	30925	1.07450e-04	3.32285	29.7	31620	1.05050e-04	3.32168	28.5	31344	1.05970e-04	3.32148	30.0
67587.089	16.035	31539	1.05360e-04	3.32305	28.9	30913	1.07500e-04	3.32305	29.7	31589	1.05150e-04	3.32168	28.5	31334	1.06000e-04	3.32148	30.0
67588.278	16.035	31555	1.05320e-04	3.32324	28.9	30889	1.07580e-04	3.32285	29.7	31628	1.05020e-04	3.32148	28.5	31327	1.06020e-04	3.32148	30.0
67589.466	16.037	31582	1.05220e-04	3.32305	28.9	30901	1.07540e-04	3.32305	29.7	31629	1.05020e-04	3.32168	28.5	31348	1.05960e-04	3.32148	30.0
67590.654	16.037	31495	1.05510e-04	3.32305	28.9	30840	1.07750e-04	3.32305	29.7	31560	1.05250e-04	3.32168	28.5	31309	1.06080e-04	3.32129	30.0
67591.843	16.035	31505	1.05480e-04	3.32305	28.9	30903	1.07530e-04	3.32285	29.7	31627	1.05010e-04	3.32129	28.5	31320	1.06040e-04	3.32129	30.0
67593.031	16.035	31548	1.05330e-04	3.32305	28.9	30919	1.07480e-04	3.32305	29.7	31616	1.05070e-04	3.32188	28.5	31352	1.05930e-04	3.32129	30.0
67594.219	16.040	31508	1.05470e-04	3.32305	28.9	30884	1.07600e-04	3.32305	29.7	31600	1.05120e-04	3.32168	28.5	31372	1.05870e-04	3.32148	30.0
67595.408	16.040	31557	1.05310e-04	3.32324	28.9	30905	1.07520e-04	3.32285	29.7	31632	1.05000e-04	3.32148	28.5	31372	1.05870e-04	3.32148	30.0
67596.596	16.040	31529	1.05400e-04	3.32305	28.9	30844	1.07740e-04	3.32305	29.7	31561	1.05250e-04	3.32188	28.5	31398	1.05790e-04	3.32148	30.0
67597.784	16.034	31542	1.05350e-04	3.32305	28.9	30867	1.07650e-04	3.32285	29.7	31568	1.05220e-04	3.32168	28.5	31332	1.06000e-04	3.32129	30.0
67598.972	16.034	31557	1.05300e-04	3.32285	28.9	30874	1.07630e-04	3.32285	29.7	31604	1.05100e-04	3.32168	28.5	31323	1.06030e-04	3.32129	30.0
67600.161	16.040	31541	1.05360e-04	3.32305	28.9	30875	1.07620e-04	3.32266	29.7	31589	1.05150e-04	3.32148	28.5	31306	1.06080e-04	3.32109	30.0
67601.349	16.040	31587	1.05210e-04	3.32324	28.9	30928	1.07450e-04	3.32305	29.7	31645	1.04970e-04	3.32168	28.5	31318	1.06060e-04	3.32148	30.0
67602.537	16.033	31587	1.05200e-04	3.32285	28.9	30991	1.07220e-04	3.32285	29.7	31689	1.04820e-04	3.32168	28.5	31391	1.05810e-04	3.32148	30.0
67603.725	16.033	31566	1.05270e-04	3.32305	28.9	30936	1.07410e-04	3.32285	29.7	31598	1.05120e-04	3.32168	28.5	31352	1.05930e-04	3.32129	30.0
67604.913	16.044	31545	1.05340e-04	3.32305	28.9	30905	1.07520e-04	3.32305	29.7	31576	1.05190e-04	3.32148	28.5	31353	1.05930e-04	3.32129	30.0
67606.102	16.044	31509	1.05460e-04	3.32285	28.9	30880	1.07610e-04	3.32305	29.7	31594	1.05130e-04	3.32148	28.5	31334	1.06000e-04	3.32129	30.0
67607.290	16.044	31507	1.05470e-04	3.32305	28.9	30878	1.07610e-04	3.32285	29.7	31583	1.05170e-04	3.32168	28.5	31336	1.05990e-04	3.32129	30.0
67608.478	16.057	31543	1.05340e-04	3.32285	28.9	30897	1.07550e-04	3.32285	29.7	31591	1.05140e-04	3.32148	28.5	31313	1.06070e-04	3.32148	30.0
67609.666	16.057	31532	1.05380e-04	3.32285	28.9	30850	1.07700e-04	3.32266	29.7	31554	1.05260e-04	3.32148	28.5	31298	1.06120e-04	3.32129	30.0
67610.854	16.053	31418	1.05770e-04	3.32305	28.9	30846	1.07730e-04	3.32305	29.7	31575	1.05200e-04	3.32168	28.5	31339	1.05980e-04	3.32129	30.0
67612.042	16.053	31455	1.05650e-04	3.32305	28.9	30918	1.07470e-04	3.32285	29.7	31584	1.05160e-04	3.32148	28.5	31338	1.05990e-04	3.32148	30.0
67613.231	16.041	31575	1.05240e-04	3.32285	28.9	30929	1.07440e-04	3.32285	29.7	31558	1.05250e-04	3.32148	28.5	31350	1.05950e-04	3.32148	30.0
67614.419	16.041	31539	1.05370e-04	3.32324	28.9	30895	1.07560e-04	3.32305	29.7	31619	1.05050e-04	3.32168	28.5	31334	1.06000e-04	3.32148	30.0
67615.607	16.041	31481	1.05550e-04	3.32285	28.9	30867	1.07660e-04	3.32305	29.7	31571	1.05210e-04	3.32148	28.5	31378	1.05850e-04	3.32129	30.0
67616.795	16.054	31547	1.05340e-04	3.32305	28.9	30884	1.07590e-04	3.32285	29.7	31568	1.05220e-04	3.32168	28.5	31353	1.05920e-04	3.32109	30.0
67617.984	16.054	31537	1.05380e-04	3.32324	28.9	30941	1.07400e-04	3.32305	29.7	31593	1.05140e-04	3.32168	28.5	31345	1.05960e-04	3.32148	30.0
67619.172	16.045	31544	1.05340e-04	3.32285	28.9	30916	1.07480e-04	3.32285	29.7	31591	1.05150e-04	3.32168	28.5	31344	1.05970e-04	3.32148	30.0
67620.360	16.045	31530	1.05390e-04	3.32285	28.9	30865	1.07660e-04	3.32305	29.7	31611	1.05080e-04	3.32168	28.5	31340	1.05980e-04	3.32129	30.0
67621.548	16.059	31534	1.05380e-04	3.32305	28.9	30835	1.07760e-04	3.32285	29.7	31595	1.05130e-04	3.32148	28.5	31334	1.06000e-04	3.32129	30.0
67622.736	16.059	31553	1.05310e-04	3.32285	28.9	30895	1.07550e-04	3.32285	29.7	31608	1.05090e-04	3.32168	28.5	31333	1.06000e-04	3.32129	30.0
67623.925	16.057	31565	1.05280e-04	3.32305	28.9	30884	1.07590e-04	3.32285	29.7	31590	1.05150e-04	3.32168	28.5	31314	1.06070e-04	3.32148	30.0
67625.113	16.057	31554	1.05320e-04	3.32324	28.9	30907	1.07520e-04	3.32305	29.7	31615	1.05070e-04	3.32168	28.5	31348	1.05960e-04	3.32148	30.0
67626.301	16.057	31573	1.05240e-04	3.32285	28.9	30877	1.07610e-04	3.32285	29.7	31581	1.05180e-04	3.32148	28.5	31369	1.05880e-04	3.32148	30.0
67627.490	16.051	31562	1.05280e-04	3.32305	28.9	30904	1.07530e-04	3.32324	29.7	31548	1.05290e-04	3.32168	28.5	31365	1.05890e-04	3.32129	30.0
67628.678	16.051	31540	1.05350e-04	3.32285	28.9	30873	1.07640e-04	3.32305	29.7	31627	1.05020e-04	3.32148	28.5	31328	1.06020e-04	3.32129	30.0
67629.866	16.047	31551	1.05320e-04	3.32305	28.9	30908	1.07510e-04	3.32305	29.8	31610	1.05090e-04	3.32188	28.5	31347	1.05940e-04	3.32109	30.0
67631.054	16.047	31564	1.05290e-04	3.32324	28.9	30882	1.07600e-04	3.32305	29.8	31629	1.05020e-04	3.32168	28.5	31355	1.05930e-04	3.32148	30.0
67632.243	16.035	31496	1.05510e-04	3.32305	28.9	30932	1.07420e-04	3.32285	29.8	31647	1.04950e-04	3.32148	28.5	31330	1.06010e-04	3.32129	30.0
67633.431	16.035	31542	1.05350e-04	3.32305	28.9	30872	1.07640e-04	3.32305	29.8	31595	1.05140e-04	3.32188	28.5	31352	1.05940e-04	3.32148	30.0
67634.619	16.035	31511	1.05460e-04	3.32305	28.9	30852	1.07710e-04	3.32305	29.8	31571	1.05210e-04	3.32148	28.5	31325	1.06030e-04	3.32148	30.0
67635.807	16.045	31554	1.05310e-04	3.32305	28.9	30920	1.07470e-04	3.32285	29.8	31609	1.05080e-04	3.32148	28.5	31326	1.06020e-04	3.32129	30.0
67636.996	16.049	31549	1.05330e-04	3.32305	28.9	30849	1.07720e-04	3.32305	29.8	31617	1.05070e-04	3.32188	28.5	31354	1.05930e-04	3.32129	30.0
67638.184	16.049	31554	1.05310e-04	3.32305	28.9	30929	1.07430e-04	3.32285	29.8	31628	1.05020e-04	3.32168	28.5	31362	1.05910e-04	3.32148	30.0
67639.372	16.049	31553	1.05320e-04	3.32305	28.9	30840	1.07750e-04	3.32305	29.8	31632	1.05000e-04	3.32148	28.5	31398	1.05790e-04	3.32148	30.0
67640.560	16.052	31519	1.05430e-04	3.32305	28.9	30862	1.07670e-04	3.32305	29.8	31625	1.05030e-04	3.32168	28.5	31334	1.06000e-04	3.32148	30.0
67641.748	16.052	31587	1.05200e-04	3.32305	28.9	30926	1.07450e-04	3.32305	29.8	31560	1.05250e-04	3.32168	28.5	31348	1.05950e-04	3.32129	30.0
67642.936	16.054	31537	1.05370e-04	3.32305	28.9	30896	1.07560e-04	3.32305	29.8	31597	1.05130e-04	3.32168	28.5	31336	1.05990e-04	3.32129	30.0
67644.125	16.054	31488	1.05530e-04	3.32305	28.9	30854	1.07700e-04	3.32305	29.8	31522	1.05380e-04	3.32168	28.5	31294	1.06130e-04	3.32129	30.0
67645.313	16.060	31534	1.05380e-04	3.32305	28.9	30872	1.07630e-04	3.32285	29.8	31557	1.05260e-04	3.32168	28.5	31276	1.06200e-04	3.32148	30.0
67646.501	16.060	31549	1.05320e-04	3.32285	28.9	30918	1.07470e-04	3.32285	29.7	31523	1.05370e-04	3.32148	28.5	31268	1.06220e-04	3.32129	30.0
67647.690	16.053	31483	1.05550e-04	3.32305	28.9	30871	1.07630e-04	3.32266	29.7	31617	1.05050e-04	3.32129	28.5	31281	1.06170e-04	3.32109	30.0
67648.878	16.053	31617	1.05100e-04	3.32305	28.9	30904	1.07530e-04	3.32305	29.7	31594	1.05140e-04	3.32168	28.5	31360	1.05920e-04	3.32148	30.0
67650.066	16.053	31569	1.05260e-04	3.32285	28.9	31000	1.07190e-04	3.32285	29.7	31688	1.04820e-04	3.32168	28.5	31393	1.05800e-04	3.32148	30.0
67651.254	16.053	31623	1.05080e-04	3.32305	28.9	30919	1.07480e-04	3.32305	29.7	31634	1.05000e-04	3.32168	28.5	31386	1.05820e-04	3.32129	30.0
67652.443	16.052	31521	1.05420e-04	3.32285	28.9	30861	1.07680e-04	3.32305	29.7	31610	1.05080e-04	3.32148	28.5	31357	1.05920e-04	3.32148	30.0
67653.631	16.050	31534	1.05380e-04	3.32305	28.9	30848	1.07720e-04	3.32285	29.7	31554	1.05270e-04	3.32168	28.5	31324	1.06020e-04	3.32109	30.0
67654.819	16.050	31517	1.05440e-04	3.32324	28.9	30929	1.07440e-04	3.32305	29.7	31543	1.05300e-04	3.32168	28.5	31278	1.06190e-04	3.32148	30.0
67656.007	16.050	31548	1.05330e-04	3.32285	28.9	30894	1.07560e-04	3.32285	29.7	31550	1.05280e-04	3.32168	28.5	31345	1.05960e-04	3.32148	30.0
67657.196	16.059	31552	1.05320e-04	3.32324	28.9	30880	1.07610e-04	3.32285	29.7	31609	1.05090e-04	3.32168	28.5	31285	1.06160e-04	3.32129	30.0
67658.384	16.059	31499	1.05500e-04	3.32305	28.9	30907	1.07520e-04	3.32305	29.7	31596	1.05130e-04	3.32168	28.5	31306	1.06100e-04	3.32148	30.0
67659.572	16.047	31484	1.05540e-04	3.32285	28.9	30898	1.07540e-04	3.32285	29.7	31621	1.05050e-04	3.32168	28.5	31371	1.05870e-04	3.32129	30.0
67660.761	16.047	31523	1.05420e-04	3.32324	28.9	30821	1.07820e-04	3.32305	29.7	31576	1.05200e-04	3.32168	28.5	31307	1.06080e-04	3.32109	30.0
67661.948	16.044	31496	1.05500e-04	3.32285	28.8	30917	1.07480e-04	3.32285	29.7	31584	1.05170e-04	3.32168	28.5	31345	1.05960e-04	3.32148	30.0
67663.137	16.044	31501	1.05490e-04	3.32305	28.8	30877	1.07610e-04	3.32285	29.7	31556	1.05260e-04	3.32148	28.5	31209	1.06420e-04	3.32129	30.0
67664.325	16.030	31471	1.05590e-04	3.32305	28.8	30876	1.07630e-04	3.32305	29.7	31555	1.05270e-04	3.32168	28.5	31356	1.05930e-04	3.32148	30.0
67665.514	16.030	31571	1.05240e-04	3.32266	28.8	30936	1.07410e-04	3.32285	29.7	31614	1.05060e-04	3.32129	28.5	31344	1.05960e-04	3.32129	30.0
67666.702	16.025	31610	1.05120e-04	3.32285	28.8	30938	1.07400e-04	3.32285	29.7	31648	1.04960e-04	3.32168	28.5	31355	1.05920e-04	3.32109	29.9
67667.890	16.025	31562	1.05290e-04	3.32324	28.8	30920	1.07470e-04	3.32285	29.7	31677	1.04860e-04	3.32148	28.5	31386	1.05820e-04	3.32129	29.9
67669.078	16.025	31528	1.05400e-04	3.32305	28.8	30909	1.07500e-04	3.32285	29.7	31639	1.04990e-04	3.32168	28.5	31397	1.05790e-04	3.32148	29.9
67670.266	16.030	31590	1.05190e-04	3.32285	28.8	30871	1.07640e-04	3.32285	29.7	31544	1.05300e-04	3.32168	28.5	31353	1.05930e-04	3.32129	29.9
67671.455	16.030	31599	1.05160e-04	3.32285	28.8	30850	1.07710e-04	3.32285	29.7	31611	1.05070e-04	3.32148	28.5	31341	1.05980e-04	3.32148	29.9
67672.642	16.045	31510	1.05460e-04	3.32305	28.8	30858	1.07680e-04	3.32285	29.7	31569	1.05210e-04	3.32148	28.4	31366	1.05880e-04	3.32109	29.9
67673.831	16.045	31592	1.05190e-04	3.32305	28.8	30877	1.07610e-04	3.32285	29.7	31597	1.05120e-04	3.32148	28.4	31334	1.05990e-04	3.32109	29.9
67675.019	16.026	31487	1.05540e-04	3.32305	28.7	30918	1.07480e-04	3.32305	29.7	31596	1.05130e-04	3.32168	28.4	31335	1.06000e-04	3.32148	29.9
67676.207	16.026	31506	1.05460e-04	3.32266	28.7	30849	1.07710e-04	3.32285	29.7	31618	1.05050e-04	3.32148	28.4	31313	1.06070e-04	3.32129	29.9
